211	sp|Q47718|INSO2_ECOLI	50.000	166	83	0	2	167	10	175	1.45e-51	170
211	sp|P16940|YIS2_SHISO	34.962	266	156	5	3	264	20	272	5.78e-40	142
211	sp|P0CF85|INSF_ECO11	35.968	253	150	3	9	258	42	285	1.35e-37	137
211	sp|P0CF84|INSF6_ECOLI	35.968	253	150	3	9	258	42	285	1.35e-37	137
211	sp|P0CF83|INSF5_ECOLI	35.968	253	150	3	9	258	42	285	1.35e-37	137
211	sp|P0CF82|INSF4_ECOLI	35.968	253	150	3	9	258	42	285	1.35e-37	137
211	sp|P0CF81|INSF3_ECOLI	35.968	253	150	3	9	258	42	285	1.35e-37	137
211	sp|P0CF80|INSF2_ECOLI	35.968	253	150	3	9	258	42	285	1.35e-37	137
211	sp|P0CF79|INSF1_ECOLI	35.968	253	150	3	9	258	42	285	1.35e-37	137
211	sp|Q9JMT3|INSF7_ECOLI	36.220	254	144	4	9	256	42	283	1.47e-36	134
211	sp|P35878|T904_LACLA	32.231	242	161	3	18	257	10	250	3.70e-29	114
211	sp|O05086|Y1721_HAEIN	34.483	174	108	4	82	253	39	208	1.47e-22	95.5
211	sp|P75680|INSO1_ECOLI	41.026	117	69	0	4	120	13	129	6.23e-20	86.7
211	sp|Q9JMS8|YUAL_ECOLI	55.224	67	30	0	164	230	1	67	1.24e-17	78.2
212	sp|P39213|INSN_SHIDY	46.392	97	51	1	7	103	17	112	3.81e-27	99.0
212	sp|P75679|INSN1_ECOLI	47.059	85	44	1	7	91	17	100	4.78e-22	86.7
212	sp|P39212|INSN2_ECOLI	40.964	83	48	1	7	89	5	86	1.05e-18	76.6
213	sp|P39315|QOR2_ECOLI	55.705	149	66	0	3	151	132	280	3.55e-48	160
218	sp|Q51487|OPRM_PSEAE	47.186	462	237	5	17	473	7	466	2.51e-130	390
218	sp|Q88N32|TTGC_PSEPK	44.770	478	256	6	17	488	7	482	1.23e-125	378
218	sp|P0C071|MEPC_PSEPU	44.770	478	256	6	17	488	7	482	1.23e-125	378
218	sp|Q9WWZ8|TTGC_PSEPT	44.770	478	256	6	17	488	7	482	2.69e-125	377
218	sp|Q9KJC1|ARPC_PSEPU	44.561	478	257	6	17	488	7	482	7.20e-125	375
218	sp|Q93PU3|TTGI_PSEPT	44.111	467	252	6	13	473	1	464	1.98e-119	361
218	sp|O31101|SRPC_PSEPU	44.111	467	252	6	13	473	1	464	1.98e-119	361
218	sp|Q9KWV3|TTGF_PSEPT	44.842	475	242	7	11	473	1	467	1.72e-116	354
218	sp|Q849R1|SEPC_PSEP1	44.842	475	242	7	11	473	1	467	1.72e-116	354
218	sp|Q51397|OPRJ_PSEAE	43.133	466	258	4	13	473	1	464	3.06e-108	333
218	sp|Q8CWA4|CUSC_ECOL6	37.716	464	259	11	22	473	12	457	9.33e-95	298
218	sp|Q8XBY3|CUSC_ECO57	37.284	464	261	11	22	473	12	457	1.10e-93	295
218	sp|P77211|CUSC_ECOLI	37.069	464	262	11	22	473	12	457	7.13e-93	293
218	sp|Q9ZHD2|SILC_SALTM	36.752	468	280	5	11	473	2	458	1.11e-90	287
218	sp|P15727|NODT_RHILV	31.385	462	280	11	26	473	16	454	3.88e-44	165
218	sp|Q88F87|OPMQ_PSEPK	34.590	451	275	7	33	473	22	462	7.04e-44	164
218	sp|Q9I189|OPMQ_PSEAE	34.130	460	291	9	20	473	9	462	4.72e-42	159
219	sp|P37626|YHII_ECOLI	55.460	348	144	1	23	359	8	355	4.11e-121	356
220	sp|P37624|RBBA_ECOLI	65.727	922	303	4	1	921	1	910	0.0	1212
220	sp|P0A9U2|YBHF_SHIFL	42.014	288	158	4	228	509	281	565	9.20e-59	214
220	sp|P0A9U2|YBHF_SHIFL	34.351	262	160	6	3	258	319	574	1.02e-41	165
220	sp|P0A9U2|YBHF_SHIFL	37.872	235	136	4	24	258	19	243	7.36e-37	150
220	sp|P0A9U2|YBHF_SHIFL	33.476	233	152	2	274	504	2	233	8.36e-30	129
220	sp|P0A9U1|YBHF_ECOLI	42.014	288	158	4	228	509	281	565	9.20e-59	214
220	sp|P0A9U1|YBHF_ECOLI	34.351	262	160	6	3	258	319	574	1.02e-41	165
220	sp|P0A9U1|YBHF_ECOLI	37.872	235	136	4	24	258	19	243	7.36e-37	150
220	sp|P0A9U1|YBHF_ECOLI	33.476	233	152	2	274	504	2	233	8.36e-30	129
220	sp|P42332|BCRA_BACLI	36.245	229	141	3	278	505	5	229	5.10e-43	162
220	sp|Q55EH8|ABCGN_DICDI	30.579	242	159	5	12	251	6	240	1.53e-26	120
220	sp|P0AFQ2|YBHS_ECOLI	31.268	339	228	4	550	886	6	341	9.84e-43	163
220	sp|P0AFQ3|YBHS_ECOL6	31.268	339	228	4	550	886	6	341	9.84e-43	163
220	sp|P0AFQ4|YBHS_ECO57	31.268	339	228	4	550	886	6	341	9.84e-43	163
220	sp|Q8XXY9|NODI_RALN1	37.143	245	147	4	10	253	14	252	2.33e-42	160
220	sp|Q8XXY9|NODI_RALN1	36.638	232	144	3	266	496	6	235	2.30e-38	149
220	sp|Q1LKJ2|NODI_CUPMC	35.417	240	148	4	10	248	2	235	1.37e-39	152
220	sp|Q1LKJ2|NODI_CUPMC	36.792	212	132	2	287	497	14	224	1.80e-35	140
220	sp|Q39GT7|NODI_BURL3	39.367	221	132	2	278	497	6	225	1.85e-39	152
220	sp|Q39GT7|NODI_BURL3	37.069	232	137	5	9	238	2	226	1.07e-38	149
220	sp|Q1BWI2|NODI_BURO1	38.222	225	130	5	16	238	9	226	2.64e-39	151
220	sp|Q1BWI2|NODI_BURO1	38.914	221	133	2	278	497	6	225	4.89e-39	150
220	sp|P50332|NODI_NEOGA	39.474	228	136	2	271	497	42	268	3.32e-39	152
220	sp|P50332|NODI_NEOGA	35.169	236	144	5	4	237	40	268	1.40e-29	124
220	sp|P72335|NODI_RHIS3	36.864	236	147	2	276	510	4	238	6.83e-39	150
220	sp|P72335|NODI_RHIS3	35.043	234	141	5	18	248	11	236	1.93e-33	134
220	sp|Q1M7W6|NODI_RHIJ3	36.638	232	145	2	269	499	4	234	1.53e-38	149
220	sp|Q1M7W6|NODI_RHIJ3	33.755	237	149	5	2	237	3	232	1.74e-26	114
220	sp|P08720|NODI_RHILV	36.638	232	145	2	269	499	4	234	1.56e-38	149
220	sp|P08720|NODI_RHILV	33.755	237	149	5	2	237	3	232	1.25e-26	114
220	sp|Q8GNH6|NODI_RHIML	37.931	232	141	3	276	505	35	265	3.40e-38	149
220	sp|Q8GNH6|NODI_RHIML	35.345	232	143	4	7	237	31	256	1.80e-30	126
220	sp|P26050|NODI_BRADU	37.238	239	148	2	275	512	5	242	3.56e-38	148
220	sp|P26050|NODI_BRADU	35.193	233	142	5	18	248	13	238	9.64e-31	126
220	sp|Q2SVP3|NODI_BURTA	38.009	221	135	2	278	497	6	225	3.73e-38	148
220	sp|Q2SVP3|NODI_BURTA	36.607	224	135	4	16	238	9	226	3.00e-37	145
220	sp|P55476|NODI_SINFN	36.145	249	143	4	275	519	42	278	5.50e-38	149
220	sp|P55476|NODI_SINFN	37.327	217	129	4	22	237	54	264	7.84e-33	134
220	sp|P94440|LNRL_BACSU	30.544	239	164	2	278	515	2	239	1.27e-37	147
220	sp|P94440|LNRL_BACSU	33.036	224	137	5	16	235	5	219	8.83e-34	135
220	sp|Q63TX3|NODI_BURPS	38.009	221	135	2	278	497	6	225	2.23e-37	145
220	sp|Q63TX3|NODI_BURPS	37.946	224	130	5	16	237	9	225	2.34e-37	145
220	sp|Q3JSQ0|NODI_BURP1	38.009	221	135	2	278	497	6	225	2.25e-37	145
220	sp|Q3JSQ0|NODI_BURP1	37.946	224	130	5	16	237	9	225	2.46e-37	145
220	sp|Q62K72|NODI_BURMA	38.009	221	135	2	278	497	6	225	2.25e-37	145
220	sp|Q62K72|NODI_BURMA	37.946	224	130	5	16	237	9	225	2.46e-37	145
220	sp|O52618|NODI_RHIME	37.069	232	143	3	276	505	35	265	3.17e-37	146
220	sp|O52618|NODI_RHIME	36.207	232	141	4	7	237	31	256	2.92e-31	129
220	sp|Q8KLG1|NODI_RHIEC	34.529	223	144	2	277	498	17	238	2.66e-36	143
220	sp|Q8KLG1|NODI_RHIEC	35.000	220	130	6	22	237	27	237	3.79e-29	122
220	sp|Q9Z3I3|NODI_BRASS	38.197	233	140	4	275	505	5	235	3.14e-36	142
220	sp|Q9Z3I3|NODI_BRASS	33.906	233	144	5	18	248	13	237	1.59e-28	120
220	sp|P54592|YHCH_BACSU	35.377	212	133	2	278	488	5	213	4.15e-36	142
220	sp|P54592|YHCH_BACSU	32.020	203	125	6	28	227	20	212	2.80e-22	102
220	sp|P23703|NODI_RHILO	34.599	237	152	3	271	505	35	270	4.39e-36	143
220	sp|P23703|NODI_RHILO	36.937	222	123	7	22	237	51	261	8.07e-30	125
220	sp|P0DXU7|DRRA3_STRC4	37.383	214	132	2	275	487	3	215	1.04e-35	141
220	sp|P0DXU7|DRRA3_STRC4	36.017	236	144	4	11	245	4	233	1.07e-31	129
220	sp|P0DXG8|DRRA1_STRC4	36.929	241	137	5	6	241	2	232	3.09e-35	140
220	sp|P0DXG8|DRRA1_STRC4	31.683	303	179	6	277	567	8	294	2.55e-32	132
220	sp|Q46YX6|NODI_CUPPJ	35.000	240	149	4	10	248	24	257	5.47e-35	139
220	sp|Q46YX6|NODI_CUPPJ	32.927	246	162	3	278	522	27	270	4.73e-28	119
220	sp|P32010|DRRA_STRPE	36.515	241	138	5	6	241	2	232	9.58e-35	139
220	sp|P32010|DRRA_STRPE	34.483	232	144	3	277	504	8	235	1.81e-32	132
220	sp|P46903|NATA_BACSU	30.357	224	153	3	292	513	20	242	5.76e-34	134
220	sp|P46903|NATA_BACSU	32.314	229	149	4	25	252	18	241	1.83e-31	127
220	sp|Q5WNX0|BCRA_ENTFL	35.319	235	141	6	275	505	5	232	6.94e-34	135
220	sp|Q5KVK2|METN_GEOKA	36.232	207	127	3	288	489	16	222	8.51e-34	136
220	sp|Q5KVK2|METN_GEOKA	31.513	238	154	6	23	255	16	249	7.60e-23	104
220	sp|Q84M24|AB1A_ARATH	36.744	215	134	2	288	500	1469	1683	8.97e-34	144
220	sp|Q84M24|AB1A_ARATH	36.139	202	126	2	286	486	561	760	4.29e-28	126
220	sp|Q84M24|AB1A_ARATH	32.870	216	140	3	21	235	1467	1678	1.23e-25	118
220	sp|Q84M24|AB1A_ARATH	30.556	216	134	5	21	231	561	765	2.26e-17	91.7
220	sp|Q02ME3|METN1_PSEAB	35.217	230	143	3	266	489	17	246	1.17e-33	137
220	sp|Q02ME3|METN1_PSEAB	31.557	244	152	7	9	243	20	257	2.36e-17	88.6
220	sp|Q99758|ABCA3_HUMAN	36.441	236	145	4	269	501	523	756	3.62e-33	142
220	sp|Q99758|ABCA3_HUMAN	33.019	212	140	2	291	501	1397	1607	8.67e-26	119
220	sp|Q99758|ABCA3_HUMAN	30.374	214	141	4	19	231	540	746	6.96e-20	99.8
220	sp|Q99758|ABCA3_HUMAN	31.897	232	143	7	9	235	1380	1601	2.73e-17	91.3
220	sp|A0A0G2K1Q8|ABCA3_RAT	32.979	282	170	7	269	544	523	791	7.71e-33	141
220	sp|A0A0G2K1Q8|ABCA3_RAT	32.159	227	144	3	291	516	1397	1614	4.24e-25	116
220	sp|A0A0G2K1Q8|ABCA3_RAT	32.328	232	142	7	9	235	1380	1601	2.16e-18	94.7
220	sp|Q9I1C8|METN1_PSEAE	34.783	230	144	3	266	489	17	246	1.12e-32	134
220	sp|Q9I1C8|METN1_PSEAE	31.148	244	153	7	9	243	20	257	1.90e-16	85.9
220	sp|E9PU17|ABCAH_RAT	35.652	230	141	4	277	501	524	751	3.48e-32	139
220	sp|E9PU17|ABCAH_RAT	30.837	227	147	3	291	516	1385	1602	2.84e-23	110
220	sp|Q13ZJ1|NODI_PARXL	34.025	241	152	4	9	248	2	236	3.56e-32	130
220	sp|Q13ZJ1|NODI_PARXL	36.771	223	139	2	275	496	3	224	4.06e-32	130
220	sp|Q9BZC7|ABCA2_HUMAN	35.000	220	136	3	273	486	2045	2263	1.68e-31	137
220	sp|Q9BZC7|ABCA2_HUMAN	36.041	197	123	2	291	486	1005	1199	4.18e-30	133
220	sp|Q9BZC7|ABCA2_HUMAN	32.143	224	142	5	12	232	989	1205	2.83e-24	114
220	sp|Q9BZC7|ABCA2_HUMAN	30.769	260	157	7	21	263	2063	2316	2.08e-21	104
220	sp|Q73F11|METN1_BACC1	32.719	217	131	3	283	489	11	222	4.69e-31	128
220	sp|Q8T674|ABCGK_DICDI	31.225	253	161	5	14	264	16	257	2.42e-27	122
220	sp|P96605|YDBJ_BACSU	34.300	207	132	2	281	486	9	212	5.81e-31	127
220	sp|P96605|YDBJ_BACSU	31.092	238	148	6	21	256	14	237	8.41e-24	106
220	sp|Q02R79|POTA_PSEAB	35.616	219	133	3	278	492	6	220	7.02e-31	128
220	sp|Q3A9G5|METN_CARHZ	35.122	205	128	2	292	491	19	223	7.56e-31	127
220	sp|Q9HY19|POTA2_PSEAE	35.616	219	133	3	278	492	6	220	7.65e-31	128
220	sp|Q7N8M2|METN_PHOLL	34.146	205	130	3	292	491	20	224	8.47e-31	127
220	sp|Q9ESR9|ABCA2_RAT	35.000	220	136	3	273	486	2046	2264	8.79e-31	135
220	sp|Q9ESR9|ABCA2_RAT	36.041	197	123	2	291	486	1005	1199	1.44e-30	134
220	sp|Q9ESR9|ABCA2_RAT	32.692	208	132	4	26	232	1005	1205	2.03e-24	114
220	sp|Q9ESR9|ABCA2_RAT	31.698	265	148	9	21	263	2064	2317	2.93e-21	104
220	sp|Q1LQF6|METN_CUPMC	35.747	221	133	3	278	489	2	222	9.07e-31	127
220	sp|Q63H29|METN1_BACCZ	32.719	217	131	3	283	489	11	222	9.18e-31	127
220	sp|Q81VM2|METN1_BACAN	32.719	217	131	3	283	489	11	222	1.04e-30	127
220	sp|Q1BR30|METN2_BURO1	37.019	208	124	3	288	489	53	259	1.50e-30	128
220	sp|Q1BR30|METN2_BURO1	32.701	211	136	4	23	230	53	260	1.07e-18	92.8
220	sp|A0B344|METN2_BURCH	37.019	208	124	3	288	489	53	259	1.50e-30	128
220	sp|A0B344|METN2_BURCH	32.701	211	136	4	23	230	53	260	1.07e-18	92.8
220	sp|O86311|MEATP_MYCTU	35.349	215	132	4	276	489	8	216	1.62e-30	126
220	sp|O86311|MEATP_MYCTU	33.032	221	130	7	15	231	12	218	5.00e-20	95.5
220	sp|P41234|ABCA2_MOUSE	34.545	220	137	3	273	486	2046	2264	1.64e-30	134
220	sp|P41234|ABCA2_MOUSE	36.041	197	123	2	291	486	1005	1199	3.34e-30	133
220	sp|P41234|ABCA2_MOUSE	32.692	208	132	4	26	232	1005	1205	4.29e-24	113
220	sp|P41234|ABCA2_MOUSE	31.698	265	148	9	21	263	2064	2317	4.21e-22	107
220	sp|P0DXU5|DRRA2_STRC4	32.203	236	152	3	274	505	2	233	1.72e-30	126
220	sp|P0DXU5|DRRA2_STRC4	34.513	226	141	4	21	245	14	233	5.77e-29	122
220	sp|Q8R420|ABCA3_MOUSE	31.915	282	173	7	269	544	523	791	2.12e-30	134
220	sp|Q8R420|ABCA3_MOUSE	32.159	227	144	3	291	516	1397	1614	4.66e-25	116
220	sp|Q8R420|ABCA3_MOUSE	30.047	213	133	4	24	231	545	746	1.95e-18	95.1
220	sp|Q8R420|ABCA3_MOUSE	31.897	232	143	7	9	235	1380	1601	6.70e-18	93.2
220	sp|C0SPB4|YHAQ_BACSU	34.804	204	128	3	283	485	7	206	3.17e-30	125
220	sp|P42246|YCBN_BACSU	33.803	213	135	3	278	488	5	213	4.42e-30	124
220	sp|Q39AT4|METN2_BURL3	36.538	208	125	3	288	489	57	263	5.69e-30	126
220	sp|Q39AT4|METN2_BURL3	32.227	211	137	4	23	230	57	264	2.93e-18	91.7
220	sp|Q8Z0H0|CYSA_NOSS1	32.203	236	157	3	276	510	1	234	6.99e-30	125
220	sp|Q81IZ6|METN1_BACCR	31.797	217	133	3	283	489	11	222	7.19e-30	125
220	sp|E9PX95|ABCAH_MOUSE	35.071	211	134	3	292	501	537	745	8.79e-30	132
220	sp|E9PX95|ABCAH_MOUSE	31.718	227	145	3	291	516	1382	1599	1.20e-24	115
220	sp|O34992|OPUCA_BACSU	32.889	225	141	5	292	510	17	237	9.37e-30	125
220	sp|Q0B6I6|METN2_BURCM	36.058	208	126	3	288	489	55	261	1.16e-29	125
220	sp|Q0B6I6|METN2_BURCM	30.705	241	152	5	2	230	25	262	7.52e-19	93.2
220	sp|Q5PCG9|METN2_SALPA	36.453	203	124	2	292	489	21	223	1.22e-29	124
220	sp|Q5PCG9|METN2_SALPA	32.212	208	133	5	27	230	21	224	2.25e-18	91.3
220	sp|Q13LD8|METN2_PARXL	36.453	203	124	2	292	489	51	253	1.31e-29	125
220	sp|Q13LD8|METN2_PARXL	30.417	240	148	6	2	230	23	254	1.97e-17	89.0
220	sp|P94374|YXLF_BACSU	34.783	207	127	3	281	486	5	204	1.89e-29	122
220	sp|P94374|YXLF_BACSU	30.734	218	138	5	14	230	3	208	3.80e-24	107
220	sp|Q667L9|METN2_YERPS	33.495	206	132	2	290	490	18	223	1.98e-29	124
220	sp|Q9K789|METN_HALH5	32.051	234	153	4	288	516	16	248	2.07e-29	123
220	sp|Q9K789|METN_HALH5	31.008	258	157	7	15	256	7	259	5.77e-22	101
220	sp|Q7NQN5|POTA_CHRVO	34.234	222	138	3	278	495	4	221	2.08e-29	124
220	sp|P9WQL9|DRRA_MYCTU	32.673	202	133	2	274	473	4	204	2.13e-29	123
220	sp|P9WQL9|DRRA_MYCTU	31.301	246	155	5	15	257	10	244	3.35e-26	114
220	sp|P9WQL8|DRRA_MYCTO	32.673	202	133	2	274	473	4	204	2.13e-29	123
220	sp|P9WQL8|DRRA_MYCTO	31.301	246	155	5	15	257	10	244	3.35e-26	114
220	sp|Q57S53|METN2_SALCH	36.453	203	124	2	292	489	21	223	2.23e-29	123
220	sp|Q57S53|METN2_SALCH	32.212	208	133	5	27	230	21	224	4.42e-18	90.1
220	sp|Q8ZR89|METN2_SALTY	36.453	203	124	2	292	489	21	223	2.25e-29	123
220	sp|Q8ZR89|METN2_SALTY	32.212	208	133	5	27	230	21	224	4.42e-18	90.1
220	sp|Q45460|OPUBA_BACSU	32.000	225	143	5	292	510	17	237	2.75e-29	124
220	sp|Q7W9U5|CYSA_BORPA	33.088	272	164	7	276	531	1	270	3.69e-29	123
220	sp|P56344|CYSA_CHLVU	32.864	213	141	2	276	487	1	212	3.98e-29	120
220	sp|P56344|CYSA_CHLVU	30.180	222	148	3	15	235	5	220	2.77e-24	105
220	sp|Q7VZE5|CYSA_BORPE	33.088	272	164	7	276	531	1	270	4.05e-29	123
220	sp|Q7WGW1|CYSA_BORBR	33.088	272	164	7	276	531	1	270	4.09e-29	123
220	sp|Q3KBH4|POTA_PSEPF	33.750	240	152	4	276	510	5	242	4.62e-29	123
220	sp|Q9WXX0|RBSA1_THEMA	31.364	220	138	6	278	485	15	233	3.54e-19	95.9
220	sp|Q8Z8R5|METN2_SALTI	35.961	203	125	2	292	489	21	223	6.07e-29	122
220	sp|Q8Z8R5|METN2_SALTI	31.731	208	134	5	27	230	21	224	8.41e-17	86.3
220	sp|Q6D1C4|METN3_PECAS	32.883	222	140	3	278	490	2	223	6.33e-29	122
220	sp|A1TAI4|POTA_MYCVP	34.188	234	151	3	278	510	2	233	8.22e-29	122
220	sp|Q815Y7|METN3_BACCR	30.000	240	154	4	286	516	14	248	8.39e-29	122
220	sp|Q815Y7|METN3_BACCR	31.818	220	134	5	19	230	12	223	1.82e-21	100
220	sp|Q8CQS7|METN2_STAES	33.663	202	129	3	292	488	20	221	8.47e-29	122
220	sp|Q5HRU5|METN1_STAEQ	33.663	202	129	3	292	488	20	221	8.47e-29	122
220	sp|Q1IGN4|METN1_PSEE4	35.961	203	125	2	292	489	49	251	9.31e-29	122
220	sp|Q1IGN4|METN1_PSEE4	34.595	185	116	3	27	209	49	230	4.29e-19	94.0
220	sp|Q72Y96|METN3_BACC1	30.000	240	154	4	286	516	14	248	9.39e-29	122
220	sp|Q72Y96|METN3_BACC1	31.818	220	134	5	19	230	12	223	1.84e-21	100
220	sp|Q5HIL5|METN1_STAAC	32.051	234	153	4	292	520	20	252	1.02e-28	121
220	sp|Q2G0V2|METN1_STAA8	32.051	234	153	4	292	520	20	252	1.02e-28	121
220	sp|Q2FJI0|METN1_STAA3	32.051	234	153	4	292	520	20	252	1.02e-28	121
220	sp|Q7A7E3|METN1_STAAN	31.624	234	154	4	292	520	20	252	1.03e-28	121
220	sp|Q99WE1|METN1_STAAM	31.624	234	154	4	292	520	20	252	1.03e-28	121
220	sp|Q2YAD6|POTA_NITMU	32.432	222	142	3	278	495	4	221	1.13e-28	122
220	sp|Q8T5Z7|ABCA1_DICDI	33.491	212	134	3	292	500	573	780	1.18e-28	127
220	sp|Q3KK97|METN1_PSEPF	35.437	206	127	3	289	488	17	222	1.35e-28	121
220	sp|Q631Y4|METN3_BACCZ	30.000	240	154	4	286	516	14	248	1.36e-28	121
220	sp|Q631Y4|METN3_BACCZ	31.818	220	134	5	19	230	12	223	2.25e-21	100
220	sp|Q81XL3|METN3_BACAN	30.000	240	154	4	286	516	14	248	1.36e-28	121
220	sp|Q81XL3|METN3_BACAN	31.818	220	134	5	19	230	12	223	2.30e-21	100
220	sp|Q97KD5|METN_CLOAB	32.258	217	142	3	278	489	2	218	1.37e-28	120
220	sp|Q8ELA5|METN4_OCEIH	32.273	220	140	3	278	488	2	221	1.43e-28	121
220	sp|P9WQL6|FLQE1_MYCTO	33.898	236	148	4	278	510	18	248	1.67e-28	120
220	sp|P9WQL6|FLQE1_MYCTO	32.759	232	137	7	10	235	15	233	2.60e-19	93.2
220	sp|P45073|LPTB_HAEIN	30.435	230	149	5	280	502	6	231	1.68e-28	118
220	sp|Q1CFH7|METN2_YERPN	33.010	206	133	2	290	490	18	223	1.74e-28	121
220	sp|Q8ZH38|METN1_YERPE	33.010	206	133	2	290	490	18	223	1.74e-28	121
220	sp|Q1CAK4|METN1_YERPA	33.010	206	133	2	290	490	18	223	1.74e-28	121
220	sp|Q0KDG3|METN_CUPNH	34.389	221	136	3	278	489	2	222	1.87e-28	120
220	sp|Q8YA75|METN1_LISMO	33.168	202	130	2	292	488	20	221	2.01e-28	120
220	sp|Q6HBS0|METN2_BACHK	30.000	240	154	4	286	516	14	248	2.04e-28	120
220	sp|Q6HBS0|METN2_BACHK	31.818	220	134	5	19	230	12	223	4.58e-21	99.4
220	sp|Q1MCN6|UGPC1_RHIJ3	34.529	223	139	4	14	235	5	221	2.07e-28	121
220	sp|Q1MCN6|UGPC1_RHIJ3	31.336	217	145	3	278	492	4	218	3.03e-21	100
220	sp|Q8WWZ7|ABCA5_HUMAN	35.088	228	139	6	264	484	464	689	2.22e-28	127
220	sp|Q8WWZ7|ABCA5_HUMAN	31.336	217	143	4	16	231	485	696	1.18e-19	99.0
220	sp|Q1B8V9|POTA_MYCSS	33.755	237	148	4	278	510	17	248	2.28e-28	121
220	sp|A1UG51|POTA_MYCSK	33.755	237	148	4	278	510	17	248	2.28e-28	121
220	sp|Q8NY21|METN1_STAAW	31.624	234	154	4	292	520	20	252	2.48e-28	120
220	sp|Q6GC27|METN1_STAAS	31.624	234	154	4	292	520	20	252	2.48e-28	120
220	sp|Q0AGF4|POTA_NITEC	30.876	217	148	2	278	493	4	219	2.88e-28	120
220	sp|Q5WDP1|METN3_SHOC1	32.727	220	139	4	278	488	2	221	2.91e-28	120
220	sp|Q5WDP1|METN3_SHOC1	30.734	218	145	4	16	230	9	223	4.44e-22	102
220	sp|P0C0E2|SRTF_STRPY	30.672	238	148	7	278	513	2	224	3.00e-28	117
220	sp|P0C0E3|SRTF_STRP1	30.672	238	148	7	278	513	2	224	3.00e-28	117
220	sp|Q9STT5|AB7A_ARATH	32.806	253	147	7	26	262	632	877	3.03e-28	126
220	sp|Q9KHT9|OPUCA_LISMN	31.304	230	152	5	292	516	17	245	3.21e-28	121
220	sp|G2JZ44|OPUCA_LISM4	31.304	230	152	5	292	516	17	245	3.21e-28	121
220	sp|P41233|ABCA1_MOUSE	32.627	236	155	3	253	486	876	1109	3.42e-28	127
220	sp|P41233|ABCA1_MOUSE	35.859	198	119	6	292	485	1928	2121	3.02e-24	114
220	sp|P41233|ABCA1_MOUSE	33.180	217	128	5	21	231	909	1114	8.46e-24	112
220	sp|P41233|ABCA1_MOUSE	33.690	187	118	3	27	213	1928	2108	4.39e-17	90.9
220	sp|P9WQL7|FLQE1_MYCTU	33.898	236	148	4	278	510	18	248	3.56e-28	119
220	sp|P9WQL7|FLQE1_MYCTU	32.759	232	137	7	10	235	15	233	3.71e-19	92.8
220	sp|Q91V24|ABCA7_MOUSE	34.646	254	141	6	250	485	1770	2016	3.87e-28	126
220	sp|Q91V24|ABCA7_MOUSE	33.175	211	138	2	292	501	820	1028	5.33e-25	116
220	sp|Q91V24|ABCA7_MOUSE	32.367	207	132	4	27	232	820	1019	3.01e-22	107
220	sp|Q91V24|ABCA7_MOUSE	34.272	213	127	5	27	235	1823	2026	4.03e-21	103
220	sp|Q9MUN1|CYSA_MESVI	30.660	212	145	2	276	486	1	211	4.06e-28	120
220	sp|Q8CF82|ABCA5_RAT	37.245	196	118	4	292	484	496	689	4.59e-28	126
220	sp|Q8CF82|ABCA5_RAT	30.837	227	145	4	291	514	1314	1531	9.75e-28	125
220	sp|Q8CF82|ABCA5_RAT	30.876	217	144	3	16	231	485	696	9.26e-20	99.4
220	sp|Q9A502|METN_CAUVC	34.483	203	128	2	288	485	14	216	4.59e-28	119
220	sp|Q9A502|METN_CAUVC	34.158	202	127	4	27	225	18	216	2.27e-21	99.8
220	sp|Q3KJS6|METN2_PSEPF	33.333	207	133	2	288	489	46	252	4.96e-28	120
220	sp|Q3KJS6|METN2_PSEPF	31.308	214	139	6	21	230	44	253	1.27e-17	89.4
220	sp|O32169|METN_BACSU	33.654	208	133	3	286	488	14	221	5.58e-28	119
220	sp|O32169|METN_BACSU	31.452	248	157	7	21	261	14	255	6.70e-24	107
220	sp|Q552P3|ABCAB_DICDI	30.516	213	142	4	292	501	477	686	5.69e-28	125
220	sp|Q552P3|ABCAB_DICDI	32.243	214	130	6	27	235	477	680	4.42e-23	109
220	sp|O95477|ABCA1_HUMAN	34.742	213	135	3	276	486	899	1109	6.12e-28	125
220	sp|O95477|ABCA1_HUMAN	32.719	217	129	5	21	231	909	1114	8.04e-24	112
220	sp|O95477|ABCA1_HUMAN	34.848	198	121	6	292	485	1928	2121	1.86e-22	108
220	sp|O95477|ABCA1_HUMAN	34.225	187	117	3	27	213	1928	2108	2.33e-18	94.7
220	sp|Q82TL6|POTA_NITEU	31.905	210	141	2	278	486	4	212	8.49e-28	119
220	sp|Q6GJL2|METN1_STAAR	31.739	230	151	4	292	516	20	248	8.69e-28	119
220	sp|Q9FLT4|AB10A_ARATH	32.016	253	149	7	26	262	606	851	9.05e-28	124
220	sp|Q724C0|METN1_LISMF	32.673	202	131	2	292	488	20	221	1.03e-27	118
220	sp|Q8K448|ABCA5_MOUSE	36.735	196	119	4	292	484	496	689	1.15e-27	125
220	sp|Q8K448|ABCA5_MOUSE	30.415	217	145	3	16	231	485	696	7.88e-20	99.8
220	sp|Q8WWZ4|ABCAA_HUMAN	31.301	246	153	5	291	532	1220	1453	1.24e-27	124
220	sp|Q8WWZ4|ABCAA_HUMAN	31.651	218	143	3	15	231	397	609	1.78e-26	121
220	sp|Q8WWZ4|ABCAA_HUMAN	33.168	202	130	5	288	486	405	604	1.14e-24	115
220	sp|Q2SVU4|RBSA1_BURTA	30.081	246	159	4	275	508	2	246	1.99e-19	96.3
220	sp|P14788|CYSA_SYNE7	31.148	244	163	4	268	510	1	240	1.43e-27	118
220	sp|Q5ZUG5|METN_LEGPH	30.531	226	152	3	278	498	2	227	1.47e-27	118
220	sp|Q92EZ6|METN1_LISIN	32.673	202	131	2	292	488	20	221	1.54e-27	118
220	sp|Q1IGZ0|METN2_PSEE4	34.783	207	129	3	289	489	17	223	1.64e-27	118
220	sp|Q3JHC9|METN2_BURP1	35.577	208	127	3	288	489	55	261	1.67e-27	119
220	sp|Q3JHC9|METN2_BURP1	33.175	211	135	4	23	230	55	262	8.86e-19	93.2
220	sp|Q62B84|METN2_BURMA	35.577	208	127	3	288	489	55	261	1.79e-27	119
220	sp|Q62B84|METN2_BURMA	33.175	211	135	4	23	230	55	262	9.98e-19	93.2
220	sp|Q63NI4|METN2_BURPS	35.577	208	127	3	288	489	55	261	1.80e-27	119
220	sp|Q63NI4|METN2_BURPS	33.175	211	135	4	23	230	55	262	9.89e-19	93.2
220	sp|Q8EPK1|METN1_OCEIH	33.824	204	130	3	291	489	19	222	1.81e-27	118
220	sp|Q4KK46|METN2_PSEF5	33.816	207	132	2	288	489	46	252	1.84e-27	119
220	sp|Q4KK46|METN2_PSEF5	30.516	213	142	4	21	230	44	253	1.18e-16	86.7
220	sp|P63299|YTFR_ECO57	31.163	215	137	8	278	484	10	221	3.44e-19	95.5
220	sp|P33982|Y3926_AZOC5	33.184	223	145	3	277	496	44	265	2.00e-27	116
220	sp|Q6BEX0|YTFR_ECOLI	31.163	215	137	8	278	484	10	221	3.12e-19	95.9
220	sp|Q7TNJ2|ABCA7_RAT	32.770	296	162	8	250	527	1781	2057	2.21e-27	124
220	sp|Q7TNJ2|ABCA7_RAT	33.649	211	137	2	292	501	821	1029	1.87e-26	121
220	sp|Q7TNJ2|ABCA7_RAT	32.367	207	132	4	27	232	821	1020	6.51e-23	109
220	sp|Q7TNJ2|ABCA7_RAT	34.272	213	127	5	27	235	1834	2037	3.10e-21	104
220	sp|Q47T99|POTA_THEFY	34.025	241	148	5	276	510	26	261	2.46e-27	118
220	sp|Q6D201|CYSA_PECAS	32.000	225	147	3	276	495	1	224	2.53e-27	117
220	sp|Q6D3Q6|METN2_PECAS	33.484	221	137	4	278	488	2	222	2.61e-27	117
220	sp|Q160M2|POTA_ROSDO	32.627	236	154	4	277	510	8	240	2.64e-27	118
220	sp|Q5WVL8|METN_LEGPL	30.088	226	153	3	278	498	2	227	2.64e-27	117
220	sp|Q7VM95|METN_HAEDU	31.220	205	136	2	290	489	18	222	2.77e-27	117
220	sp|Q7VM95|METN_HAEDU	30.252	238	159	5	16	250	9	242	1.36e-23	106
220	sp|Q8Z990|METN1_SALTI	33.333	204	131	2	292	490	20	223	2.79e-27	117
220	sp|Q8ZRM9|METN1_SALTY	33.333	204	131	2	292	490	20	223	2.98e-27	117
220	sp|Q57T09|METN1_SALCH	33.333	204	131	2	292	490	20	223	2.98e-27	117
220	sp|Q5PID0|METN1_SALPA	33.333	204	131	2	292	490	20	223	3.04e-27	117
220	sp|O07016|YVFR_BACSU	37.374	198	115	5	277	473	5	194	3.10e-27	116
220	sp|O07016|YVFR_BACSU	30.396	227	137	8	14	235	7	217	1.59e-20	96.7
220	sp|Q2YVT7|METN1_STAAB	31.197	234	155	4	292	520	20	252	3.13e-27	117
220	sp|Q73EL7|METN2_BACC1	33.168	202	130	2	292	488	20	221	3.24e-27	117
220	sp|Q7NX01|CYSA1_CHRVO	32.000	275	175	6	276	541	1	272	3.51e-27	117
220	sp|Q6FAN3|METN1_ACIAD	33.005	203	131	2	292	489	33	235	4.88e-27	117
220	sp|Q6FAN3|METN1_ACIAD	31.579	209	137	4	25	230	31	236	6.07e-26	114
220	sp|Q9G4F5|CYSA_CUCSA	33.480	227	145	4	276	497	1	226	5.09e-27	117
220	sp|Q043Y8|METN_LACGA	30.566	265	173	4	278	532	5	268	5.09e-27	117
220	sp|Q3BNZ3|METN_XANE5	33.659	205	131	2	290	489	18	222	5.09e-27	116
220	sp|Q3BNZ3|METN_XANE5	32.273	220	133	6	25	236	18	229	8.02e-17	86.3
220	sp|Q4KKK8|METN1_PSEF5	34.783	207	129	3	289	489	17	223	5.14e-27	116
220	sp|P36879|YADG_ECOLI	30.204	245	153	7	10	249	2	233	1.68e-21	99.8
220	sp|A0LUE6|POTA_ACIC1	35.648	216	131	3	286	497	24	235	5.97e-27	117
220	sp|A0LUE6|POTA_ACIC1	30.357	224	147	5	21	242	24	240	7.39e-19	93.2
220	sp|Q74IV9|METN_LACJO	30.924	249	161	4	278	516	5	252	6.08e-27	116
220	sp|Q67SV5|METN_SYMTH	33.333	240	150	5	278	508	2	240	6.14e-27	116
220	sp|P31134|POTG_ECOLI	33.197	244	154	4	278	517	20	258	6.45e-27	117
220	sp|Q38WL5|METN_LATSS	30.088	226	151	5	27	249	20	241	2.96e-18	90.9
220	sp|Q8UBB7|UGPC2_AGRFC	31.222	221	147	2	15	235	6	221	6.81e-27	117
220	sp|Q8UBB7|UGPC2_AGRFC	30.531	226	152	4	287	510	13	235	2.87e-19	94.4
220	sp|Q2P7S3|METN_XANOM	33.659	205	131	2	290	489	18	222	7.08e-27	116
220	sp|Q2P7S3|METN_XANOM	32.258	217	137	5	25	236	18	229	1.93e-16	85.1
220	sp|Q8PGE8|METN_XANAC	33.659	205	131	2	290	489	18	222	7.22e-27	116
220	sp|Q8PGE8|METN_XANAC	31.797	217	138	5	25	236	18	229	1.37e-16	85.5
220	sp|Q5WJP0|METN2_SHOC1	33.333	222	135	4	278	488	2	221	7.86e-27	116
220	sp|Q7NWX3|CYSA2_CHRVO	33.193	238	147	6	278	510	14	244	8.08e-27	116
220	sp|Q8RFN2|METN_FUSNN	31.188	202	134	3	292	488	17	218	8.16e-27	115
220	sp|Q32JQ8|METN_SHIDS	32.843	204	132	2	292	490	20	223	8.55e-27	116
220	sp|Q1ARR5|RBSA3_RUBXD	31.222	221	127	6	282	487	9	219	1.70e-15	84.0
220	sp|P19844|NOSF_STUST	34.197	193	120	3	277	469	3	188	8.66e-27	115
220	sp|P19844|NOSF_STUST	34.101	217	126	5	15	231	6	205	2.45e-22	102
220	sp|Q63GR8|METN2_BACCZ	32.673	202	131	2	292	488	20	221	8.72e-27	115
220	sp|Q5H503|METN_XANOR	33.659	205	131	2	290	489	18	222	8.80e-27	115
220	sp|Q5H503|METN_XANOR	32.258	217	137	5	25	236	18	229	3.47e-16	84.3
220	sp|Q81ZF5|METN2_BACAN	32.673	202	131	2	292	488	20	221	9.67e-27	115
220	sp|Q6HP89|METN1_BACHK	32.673	202	131	2	292	488	20	221	1.02e-26	115
220	sp|Q928L8|METN2_LISIN	33.654	208	133	3	284	486	12	219	1.03e-26	115
220	sp|Q928L8|METN2_LISIN	30.804	224	139	5	15	230	8	223	1.60e-20	97.4
220	sp|Q3Z5F8|METN_SHISS	32.843	204	132	2	292	490	20	223	1.05e-26	115
220	sp|Q325U1|METN_SHIBS	32.843	204	132	2	292	490	20	223	1.05e-26	115
220	sp|Q1RFY9|METN_ECOUT	32.843	204	132	2	292	490	20	223	1.05e-26	115
220	sp|P63355|METN_ECOL6	32.843	204	132	2	292	490	20	223	1.05e-26	115
220	sp|P63356|METN_ECO57	32.843	204	132	2	292	490	20	223	1.05e-26	115
220	sp|Q0TLD2|METN_ECOL5	32.843	204	132	2	292	490	20	223	1.07e-26	115
220	sp|Q88RL5|METN1_PSEPK	33.824	204	129	3	292	489	20	223	1.10e-26	115
220	sp|Q88RB3|METN2_PSEPK	33.990	203	129	2	292	489	49	251	1.15e-26	116
220	sp|Q88RB3|METN2_PSEPK	31.621	253	156	8	27	265	49	298	2.57e-18	91.3
220	sp|Q46Y69|METN_CUPPJ	33.182	220	138	3	278	488	2	221	1.45e-26	115
220	sp|Q7NIW1|CYSA_GLOVI	30.830	253	165	4	276	527	1	244	1.46e-26	115
220	sp|Q7NIW1|CYSA_GLOVI	30.131	229	151	5	15	241	5	226	1.27e-18	92.0
220	sp|Q58429|Y1023_METJA	31.754	211	130	4	278	487	5	202	1.49e-26	113
220	sp|Q5X484|METN_LEGPA	30.088	226	153	3	278	498	2	227	1.50e-26	115
220	sp|D4GP38|XACJ_HALVD	34.742	213	132	4	278	486	4	213	1.52e-26	116
220	sp|D4GP38|XACJ_HALVD	30.045	223	148	5	21	241	12	228	3.52e-25	112
220	sp|Q4ZZR8|METN1_PSEU2	34.483	203	127	3	292	488	20	222	1.58e-26	115
220	sp|P30750|METN_ECOLI	32.353	204	133	2	292	490	20	223	1.85e-26	115
220	sp|Q8Y4L8|METN2_LISMO	33.333	210	135	3	284	488	12	221	1.85e-26	115
220	sp|Q8Y4L8|METN2_LISMO	30.804	224	139	5	15	230	8	223	1.60e-20	97.4
220	sp|Q2KVK2|METN_BORA1	32.850	207	134	2	287	488	15	221	1.87e-26	115
220	sp|Q81IN8|METN2_BACCR	32.673	202	131	2	292	488	20	221	2.09e-26	114
220	sp|Q1AS06|POTA_RUBXD	33.186	226	143	3	276	497	20	241	2.30e-26	115
220	sp|Q1AS06|POTA_RUBXD	31.111	225	146	4	15	237	24	241	9.85e-19	92.8
220	sp|Q18C09|METN_CLOD6	31.651	218	140	3	278	488	2	217	2.61e-26	114
220	sp|Q0I5E9|METN_HISS1	30.732	205	137	2	289	488	17	221	3.01e-26	114
220	sp|Q9TKX3|CYSA_NEPOL	31.980	197	133	1	276	472	1	196	3.07e-26	114
220	sp|Q83MC5|METN_SHIFL	32.843	204	132	2	292	490	20	223	3.44e-26	114
220	sp|Q0T810|METN_SHIF8	32.843	204	132	2	292	490	20	223	3.44e-26	114
220	sp|A0PXX7|ECFA1_CLONN	30.876	217	146	3	26	242	24	236	3.47e-26	112
220	sp|A0PXX7|ECFA1_CLONN	32.524	206	134	3	291	492	24	228	1.50e-25	110
220	sp|Q9STT7|AB5A_ARATH	31.621	253	150	7	26	262	633	878	3.53e-26	119
220	sp|Q2K4V4|UGPC2_RHIEC	32.735	223	143	4	14	235	5	221	3.83e-26	114
220	sp|Q2K4V4|UGPC2_RHIEC	31.429	210	136	3	287	492	13	218	2.86e-21	100
220	sp|Q5YZY9|CYSA_NOCFA	30.804	224	150	2	14	237	3	221	3.85e-26	114
220	sp|Q5YZY9|CYSA_NOCFA	30.417	240	158	4	287	522	11	245	1.31e-23	106
220	sp|Q87UN4|METN2_PSESM	33.824	204	129	3	292	489	20	223	4.04e-26	114
220	sp|Q9STT6|AB6A_ARATH	31.429	245	141	6	26	254	629	862	4.87e-26	119
220	sp|P55339|ECSA_BACSU	30.806	211	144	2	293	502	19	228	4.88e-26	111
220	sp|Q8P4S7|METN_XANCP	35.437	206	126	4	290	489	18	222	4.92e-26	113
220	sp|Q4UQD2|METN_XANC8	35.437	206	126	4	290	489	18	222	4.92e-26	113
220	sp|Q71X09|METN2_LISMF	32.857	210	136	3	284	488	12	221	5.20e-26	113
220	sp|Q71X09|METN2_LISMF	30.804	224	139	5	15	230	8	223	2.95e-20	96.7
220	sp|Q73XU8|CYSA_MYCPA	32.407	216	138	3	275	486	10	221	5.48e-26	114
220	sp|Q48PU6|METN1_PSE14	33.824	204	129	3	292	489	20	223	5.51e-26	113
220	sp|Q87UV4|METN1_PSESM	33.333	207	133	2	288	489	48	254	5.74e-26	114
220	sp|Q87UV4|METN1_PSESM	30.366	191	128	3	21	209	46	233	3.17e-14	79.0
220	sp|P34358|CED7_CAEEL	37.209	215	117	8	27	235	562	764	6.16e-26	119
220	sp|P34358|CED7_CAEEL	32.287	223	140	4	292	513	562	774	1.24e-22	108
220	sp|Q67JX3|ECFA1_SYMTH	33.488	215	141	2	26	240	28	240	6.25e-26	112
220	sp|Q67JX3|ECFA1_SYMTH	32.287	223	135	4	278	486	6	226	2.07e-19	93.2
220	sp|E9Q876|ABCAC_MOUSE	34.158	202	120	6	291	485	2271	2466	7.37e-26	119
220	sp|E9Q876|ABCAC_MOUSE	31.390	223	135	7	22	237	1355	1566	2.79e-23	110
220	sp|Q9FLT8|AB12A_ARATH	31.621	253	150	7	26	262	614	859	7.41e-26	118
220	sp|Q9FLT8|AB12A_ARATH	30.457	197	132	3	291	484	614	808	1.26e-21	104
220	sp|Q8DIA0|CYSA_THEVB	32.627	236	156	3	276	510	1	234	7.73e-26	113
220	sp|Q9HT70|METN2_PSEAE	34.314	204	128	4	292	489	20	223	7.95e-26	113
220	sp|Q9HT70|METN2_PSEAE	30.702	228	143	7	24	243	17	237	4.86e-15	80.9
220	sp|Q02DK6|METN2_PSEAB	34.314	204	128	4	292	489	20	223	7.95e-26	113
220	sp|Q02DK6|METN2_PSEAB	30.702	228	143	7	24	243	17	237	4.86e-15	80.9
220	sp|Q48PN3|METN2_PSE14	32.850	207	134	2	288	489	48	254	8.49e-26	114
220	sp|Q8FV85|METN_BRUSU	33.019	212	137	2	278	484	31	242	8.87e-26	113
220	sp|Q8YD40|METN_BRUME	33.019	212	137	2	278	484	31	242	8.87e-26	113
220	sp|Q579H8|METN_BRUAB	33.019	212	137	2	278	484	31	242	8.87e-26	113
220	sp|Q2YIV5|METN_BRUA2	33.019	212	137	2	278	484	31	242	8.87e-26	113
220	sp|Q98G42|UGPC_RHILO	30.631	222	149	2	14	235	5	221	8.93e-26	113
220	sp|Q87AL9|METN_XYLFT	32.195	205	134	2	289	488	17	221	9.97e-26	112
220	sp|Q65F80|METN2_BACLD	32.692	208	135	3	286	488	14	221	1.18e-25	112
220	sp|Q65F80|METN2_BACLD	32.558	215	139	4	19	230	12	223	1.57e-21	100
220	sp|Q8T6J1|ABCA6_DICDI	30.837	227	146	4	291	516	508	724	1.25e-25	118
220	sp|Q8T6J1|ABCA6_DICDI	30.396	227	146	5	10	231	488	707	8.23e-21	102
220	sp|Q8T6J1|ABCA6_DICDI	30.769	195	132	3	292	485	1329	1521	1.45e-14	82.4
220	sp|Q86UK0|ABCAC_HUMAN	34.158	202	120	6	291	485	2271	2466	1.28e-25	118
220	sp|Q86UK0|ABCAC_HUMAN	32.735	223	132	8	22	237	1355	1566	1.95e-25	117
220	sp|Q86UK0|ABCAC_HUMAN	31.120	241	155	5	265	500	1335	1569	9.17e-25	115
220	sp|P78363|ABCA4_HUMAN	35.052	194	124	2	292	484	1954	2146	1.34e-25	118
220	sp|P78363|ABCA4_HUMAN	34.653	202	129	2	292	492	945	1144	4.68e-25	116
220	sp|P78363|ABCA4_HUMAN	33.649	211	124	5	27	232	945	1144	5.26e-24	113
220	sp|P78363|ABCA4_HUMAN	31.429	210	137	4	27	235	1954	2157	1.17e-16	89.4
220	sp|Q8IZY2|ABCA7_HUMAN	36.410	195	122	2	292	485	1809	2002	1.36e-25	118
220	sp|Q8IZY2|ABCA7_HUMAN	33.649	211	137	2	292	501	823	1031	1.86e-25	117
220	sp|Q8IZY2|ABCA7_HUMAN	33.333	222	138	5	14	232	808	1022	1.16e-22	108
220	sp|Q8IZY2|ABCA7_HUMAN	32.857	210	134	4	27	235	1809	2012	1.09e-20	102
220	sp|Q8ELQ6|METN3_OCEIH	33.498	203	130	3	292	489	20	222	1.38e-25	112
220	sp|Q8ELQ6|METN3_OCEIH	32.068	237	148	7	25	255	18	247	4.45e-21	99.4
220	sp|P9WQM1|CYSA_MYCTU	32.710	214	136	3	277	486	4	213	1.59e-25	112
220	sp|P9WQM1|CYSA_MYCTU	30.455	220	142	3	21	237	13	224	5.93e-24	107
220	sp|P9WQM0|CYSA_MYCTO	32.710	214	136	3	277	486	4	213	1.59e-25	112
220	sp|P9WQM0|CYSA_MYCTO	30.455	220	142	3	21	237	13	224	5.93e-24	107
220	sp|P0A4W3|CYSA_MYCBO	32.710	214	136	3	277	486	4	213	1.59e-25	112
220	sp|P0A4W3|CYSA_MYCBO	30.455	220	142	3	21	237	13	224	5.93e-24	107
220	sp|Q53I83|METN_STRGR	31.855	248	155	5	10	248	5	247	5.96e-21	99.0
220	sp|P25885|Y382_RHIME	33.333	216	140	3	275	487	31	245	1.76e-25	110
220	sp|Q9YGA6|MALK_THELN	33.043	230	147	3	287	510	13	241	1.79e-25	112
220	sp|O94911|ABCA8_HUMAN	31.278	227	151	2	291	516	1304	1526	1.96e-25	117
220	sp|O94911|ABCA8_HUMAN	31.818	198	130	5	292	486	498	693	8.03e-22	105
220	sp|O34510|YFMF_BACSU	32.083	240	145	6	17	248	8	237	2.29e-25	110
220	sp|Q07756|NODI_AZOC5	30.952	210	143	2	278	486	15	223	2.55e-25	111
220	sp|Q07756|NODI_AZOC5	33.649	211	129	5	21	228	23	225	4.52e-24	107
220	sp|Q9CIS9|ECFA1_LACLA	30.045	223	151	3	278	495	5	227	2.60e-25	110
220	sp|Q8XZP8|CYSA_RALN1	33.796	216	137	4	276	486	1	215	2.65e-25	112
220	sp|Q8ZPK4|OSMV_SALTY	31.818	220	129	7	27	236	21	229	2.70e-25	112
220	sp|Q8ENU2|METN2_OCEIH	31.092	238	148	6	278	499	2	239	2.87e-25	111
220	sp|Q88AS5|CYSA_PSESM	32.018	228	149	4	276	498	1	227	3.00e-25	111
220	sp|Q9CK97|METN_PASMU	30.882	204	136	2	290	488	18	221	3.20e-25	111
220	sp|Q8IUA7|ABCA9_HUMAN	31.718	227	150	3	291	516	1307	1529	3.22e-25	117
220	sp|Q8IUA7|ABCA9_HUMAN	31.731	208	136	3	25	231	497	699	1.25e-23	112
220	sp|Q8IUA7|ABCA9_HUMAN	30.435	253	158	8	237	486	457	694	8.04e-23	109
220	sp|Q2RFS8|ECFA_MOOTA	34.123	211	137	2	25	235	16	224	3.55e-25	109
220	sp|Q2RFS8|ECFA_MOOTA	32.367	207	137	2	292	495	18	224	6.14e-24	106
220	sp|Q03A07|METN_LACP3	30.268	261	172	6	275	530	11	266	3.76e-25	111
220	sp|Q2NRN5|METN_SODGM	32.035	231	139	5	290	509	18	241	3.80e-25	111
220	sp|Q8T6J5|ABCA2_DICDI	30.973	226	145	4	291	515	501	716	3.88e-25	116
220	sp|Q8T6J5|ABCA2_DICDI	31.633	196	131	3	292	486	1313	1506	9.82e-21	102
220	sp|Q8T6J5|ABCA2_DICDI	30.043	233	142	6	8	231	480	700	2.88e-19	97.8
220	sp|Q1M8E0|METN_RHIJ3	35.407	209	128	4	286	488	31	238	4.01e-25	111
220	sp|Q1M8E0|METN_RHIJ3	30.603	232	155	4	2	230	12	240	1.51e-17	89.0
220	sp|Q1QYT1|ARAG_CHRSD	30.455	220	127	9	31	234	274	483	3.07e-11	70.5
220	sp|P44785|METN_HAEIN	30.882	204	136	2	290	488	18	221	4.20e-25	111
220	sp|Q13VD7|METN1_PARXL	32.273	220	140	3	278	488	2	221	4.24e-25	111
220	sp|Q13VD7|METN1_PARXL	30.045	223	146	5	15	230	4	223	8.05e-17	86.7
220	sp|Q4QMH4|METN_HAEI8	30.882	204	136	2	290	488	18	221	5.46e-25	110
220	sp|Q4L4R9|METN_STAHJ	31.220	205	136	2	289	488	17	221	5.75e-25	110
220	sp|Q1PEH6|AB3A_ARATH	32.692	208	130	5	31	235	634	834	5.87e-25	115
220	sp|Q65P77|ECFA1_BACLD	31.390	223	148	3	278	495	7	229	6.19e-25	108
220	sp|Q2SY12|METN_BURTA	33.636	220	137	3	278	488	2	221	6.66e-25	110
220	sp|Q2SY12|METN_BURTA	30.189	212	142	4	23	231	16	224	2.34e-13	75.9
220	sp|Q6NJ07|METN_CORDI	32.883	222	136	4	278	488	6	225	6.75e-25	110
220	sp|Q8K442|ABC8A_MOUSE	30.453	243	153	4	291	532	1303	1530	6.81e-25	115
220	sp|Q8K442|ABC8A_MOUSE	30.583	206	137	3	27	231	496	696	6.81e-21	103
220	sp|P22040|Y415_SYNY3	30.846	201	133	4	292	489	69	266	7.00e-25	110
220	sp|P22040|Y415_SYNY3	30.698	215	138	5	25	236	67	273	1.17e-19	95.1
220	sp|Q8T6J2|ABCA5_DICDI	30.837	227	145	4	291	515	522	738	7.25e-25	115
220	sp|Q8T6J2|ABCA5_DICDI	31.878	229	139	7	11	231	503	722	1.94e-23	111
220	sp|O35600|ABCA4_MOUSE	35.567	194	123	2	292	484	1953	2145	7.32e-25	115
220	sp|O35600|ABCA4_MOUSE	34.158	202	130	2	292	492	945	1144	8.39e-25	115
220	sp|O35600|ABCA4_MOUSE	32.850	207	131	4	27	232	945	1144	9.67e-24	112
220	sp|O35600|ABCA4_MOUSE	31.905	210	136	4	27	235	1953	2156	1.20e-16	89.4
220	sp|Q63S19|METN1_BURPS	33.636	220	137	3	278	488	2	221	7.81e-25	110
220	sp|Q63S19|METN1_BURPS	30.189	212	142	4	23	231	16	224	4.21e-14	78.2
220	sp|Q3JPZ4|METN1_BURP1	33.636	220	137	3	278	488	2	221	7.81e-25	110
220	sp|Q3JPZ4|METN1_BURP1	30.189	212	142	4	23	231	16	224	4.21e-14	78.2
220	sp|Q62M41|METN1_BURMA	33.636	220	137	3	278	488	2	221	7.81e-25	110
220	sp|Q62M41|METN1_BURMA	30.189	212	142	4	23	231	16	224	4.21e-14	78.2
220	sp|Q54BT5|ABCA3_DICDI	33.000	200	131	3	289	487	1309	1506	7.91e-25	115
220	sp|Q54BT5|ABCA3_DICDI	31.441	229	144	5	288	513	514	732	6.78e-20	99.8
220	sp|Q54BT5|ABCA3_DICDI	30.544	239	144	9	3	232	494	719	1.42e-19	98.6
220	sp|Q1GIE5|POTA_RUEST	32.127	221	138	4	274	486	9	225	9.03e-25	110
220	sp|Q827Y0|METN_STRAW	30.738	244	146	4	278	502	2	241	9.12e-25	110
220	sp|Q827Y0|METN_STRAW	30.705	241	155	4	10	241	3	240	3.87e-20	96.7
220	sp|Q166X0|PHNC2_ROSDO	30.000	230	146	4	281	496	5	233	9.69e-25	108
220	sp|A2RKA7|NUPA_LACLM	30.942	223	147	4	273	489	2	223	9.86e-24	109
220	sp|Q6FYL0|MACB_BARQU	33.473	239	146	7	273	502	6	240	9.83e-25	114
220	sp|Q65VG9|METN_MANSM	30.693	202	135	2	292	488	20	221	9.95e-25	110
220	sp|Q65VG9|METN_MANSM	30.672	238	151	8	27	255	20	252	3.82e-18	90.5
220	sp|Q7VV72|METN_BORPE	31.401	207	137	2	287	488	15	221	1.01e-24	110
220	sp|Q7W4E1|METN_BORPA	31.401	207	137	2	287	488	15	221	1.01e-24	110
220	sp|Q7WFU9|METN_BORBR	31.401	207	137	2	287	488	15	221	1.01e-24	110
220	sp|Q9KTJ5|METN_VIBCH	31.683	202	133	2	292	488	20	221	1.06e-24	110
220	sp|Q0AU85|METN_SYNWW	31.364	220	142	4	278	488	2	221	1.12e-24	110
220	sp|O34677|GLNQ_BACSU	30.493	223	149	5	278	495	2	223	1.17e-24	107
220	sp|Q8PNN4|CYSA_XANAC	31.140	228	151	3	276	498	1	227	1.24e-24	109
220	sp|F1MWM0|ABCA4_BOVIN	33.663	202	131	2	292	492	945	1144	1.25e-24	115
220	sp|F1MWM0|ABCA4_BOVIN	35.052	194	124	2	292	484	1952	2144	2.06e-24	114
220	sp|F1MWM0|ABCA4_BOVIN	31.754	211	128	5	27	232	945	1144	1.46e-22	108
220	sp|F1MWM0|ABCA4_BOVIN	33.155	187	119	3	27	213	1952	2132	5.30e-17	90.5
220	sp|Q72GX5|PSTB_THET2	30.855	269	165	9	255	509	5	266	1.30e-24	107
220	sp|Q8UH62|CYSA1_AGRFC	33.333	216	138	4	276	486	1	215	1.32e-24	109
220	sp|Q8LPK0|AB8A_ARATH	33.333	213	132	6	26	235	605	810	1.56e-24	114
220	sp|Q6D5H7|METN1_PECAS	32.524	206	126	3	292	488	21	222	1.58e-24	109
220	sp|Q49W48|METN_STAS1	32.273	220	140	4	278	488	2	221	1.66e-24	109
220	sp|Q8PC11|CYSA_XANCP	30.837	227	151	3	276	497	1	226	1.77e-24	109
220	sp|Q032H4|ECFA1_LACLS	30.045	223	151	3	278	495	5	227	1.81e-24	107
220	sp|A2RI01|ECFA1_LACLM	30.045	223	151	3	278	495	5	227	1.81e-24	107
220	sp|Q8E8K8|CYSA2_SHEON	30.396	227	152	3	276	497	1	226	1.85e-24	109
220	sp|P55604|Y4OS_SINFN	31.818	242	160	4	270	510	14	251	1.93e-24	109
220	sp|P55604|Y4OS_SINFN	30.172	232	157	2	6	237	13	239	7.05e-23	105
220	sp|Q2RWA3|METN_RHORT	33.182	220	138	4	278	488	2	221	1.99e-24	109
220	sp|Q2RWA3|METN_RHORT	30.189	212	142	4	22	230	15	223	5.19e-14	78.2
220	sp|Q5L3R0|ECFA1_GEOKA	32.889	225	135	6	281	495	9	227	2.14e-24	107
220	sp|Q79EE4|GGTA_SYNY3	31.381	239	153	6	277	510	3	235	2.23e-24	109
220	sp|Q9I6L0|CYSA_PSEAE	30.702	228	152	3	276	498	1	227	2.44e-24	108
220	sp|Q6N9W0|METN1_RHOPA	32.683	205	133	3	289	488	46	250	2.45e-24	109
220	sp|D4GP39|XACK_HALVD	33.040	227	133	6	23	243	19	232	2.75e-24	109
220	sp|D4GP39|XACK_HALVD	32.850	207	136	3	288	492	19	224	6.17e-22	102
220	sp|Q62K91|RBSA_BURMA	31.301	246	156	4	275	508	2	246	4.70e-20	98.6
220	sp|Q9KIF7|OPUAA_LACLA	31.731	208	136	3	286	487	37	244	2.78e-24	110
220	sp|Q30V33|POTA_OLEA2	31.718	227	149	3	275	498	5	228	3.14e-24	109
220	sp|Q88CL2|CYSA_PSEPK	30.263	228	153	3	276	498	1	227	3.21e-24	108
220	sp|Q4ZZK0|METN2_PSEU2	31.884	207	136	2	288	489	48	254	3.39e-24	109
220	sp|Q8G5P8|METN_BIFLO	32.512	203	132	2	292	489	27	229	3.59e-24	109
220	sp|Q7M8M4|PHNC_WOLSU	30.802	237	146	6	278	498	2	236	3.64e-24	106
220	sp|Q7M8M4|PHNC_WOLSU	30.508	236	135	9	21	237	10	235	2.54e-16	83.6
220	sp|Q9L1C3|METN_STRCO	30.738	244	146	4	278	502	2	241	3.86e-24	108
220	sp|Q9L1C3|METN_STRCO	32.780	241	150	4	10	241	3	240	2.90e-23	105
220	sp|Q2SJY7|POTA_HAHCH	32.719	217	142	3	283	497	12	226	3.91e-24	108
220	sp|Q5WKL3|METN1_SHOC1	32.843	204	128	3	292	488	20	221	4.16e-24	108
220	sp|Q6MSQ1|ECFA1_MYCMS	30.131	229	156	4	275	499	137	365	4.58e-24	109
220	sp|Q926D8|ZURA_LISIN	32.995	197	123	3	278	467	5	199	4.64e-24	105
220	sp|Q926D8|ZURA_LISIN	30.108	186	121	3	10	190	2	183	2.45e-16	83.2
220	sp|Q9STT8|AB4A_ARATH	31.797	217	130	5	26	235	634	839	4.98e-24	112
220	sp|P0A9U0|YBBA_SHIFL	34.759	187	117	1	296	477	29	215	5.02e-24	105
220	sp|P0A9U0|YBBA_SHIFL	31.188	202	133	3	28	226	26	224	4.60e-17	84.7
220	sp|P0A9T8|YBBA_ECOLI	34.759	187	117	1	296	477	29	215	5.02e-24	105
220	sp|P0A9T8|YBBA_ECOLI	31.188	202	133	3	28	226	26	224	4.60e-17	84.7
220	sp|P0A9T9|YBBA_ECO57	34.759	187	117	1	296	477	29	215	5.02e-24	105
220	sp|P0A9T9|YBBA_ECO57	31.188	202	133	3	28	226	26	224	4.60e-17	84.7
220	sp|Q8K449|ABCA9_MOUSE	30.453	243	153	4	291	532	1306	1533	1.21e-23	112
220	sp|Q8K449|ABCA9_MOUSE	32.547	212	137	3	21	231	493	699	2.91e-23	110
220	sp|Q8N139|ABCA6_HUMAN	31.532	222	142	4	15	231	480	696	6.37e-24	112
220	sp|Q8N139|ABCA6_HUMAN	30.332	211	135	4	26	235	1301	1500	1.75e-18	95.1
220	sp|Q5SSE9|ABCAD_MOUSE	34.653	202	126	3	288	484	4707	4907	6.41e-24	113
220	sp|Q5SSE9|ABCAD_MOUSE	30.556	216	143	4	23	235	4707	4918	3.68e-18	94.4
220	sp|Q1BY14|METN1_BURO1	32.727	220	139	4	278	488	2	221	6.60e-24	107
220	sp|Q1BY14|METN1_BURO1	30.806	211	140	4	23	230	16	223	6.24e-15	80.9
220	sp|A0K5N5|METN1_BURCH	32.727	220	139	4	278	488	2	221	6.60e-24	107
220	sp|A0K5N5|METN1_BURCH	30.806	211	140	4	23	230	16	223	6.24e-15	80.9
220	sp|Q6LN52|METN_PHOPR	31.683	202	133	2	292	488	20	221	6.66e-24	107
220	sp|Q0BH79|METN1_BURCM	32.727	220	139	3	278	488	2	221	7.05e-24	107
220	sp|Q0BH79|METN1_BURCM	30.233	215	136	4	23	230	16	223	2.01e-15	82.4
220	sp|Q8K441|ABCA6_MOUSE	31.532	222	142	4	15	231	480	696	8.75e-24	112
220	sp|Q9XDA6|ZURA_LISMO	32.995	197	123	3	278	467	5	199	8.95e-24	105
221	sp|P0AGH2|YHHJ_SHIFL	65.684	373	128	0	4	376	2	374	1.50e-170	483
221	sp|P0AGH1|YHHJ_ECOLI	65.684	373	128	0	4	376	2	374	1.50e-170	483
223	sp|P14697|PHAB_CUPNH	55.967	243	107	0	5	247	3	245	7.41e-93	276
223	sp|P17611|NODG_AZOBR	52.917	240	113	0	5	244	3	242	4.79e-82	248
223	sp|P45375|PHAB_ALLVD	53.689	244	112	1	6	248	3	246	4.10e-80	243
223	sp|P23238|PHAB_SHIZO	50.617	243	114	3	6	247	3	240	1.60e-73	226
223	sp|P50205|PHAB_RHIME	49.794	243	116	3	6	247	3	240	1.76e-71	221
223	sp|P50203|PHAB_ACISR	46.988	249	127	3	3	248	2	248	1.11e-66	209
223	sp|P50204|PHAB_PARDE	47.107	242	121	3	6	245	3	239	7.20e-64	202
223	sp|P72332|NODG_RHIS3	43.210	243	132	2	6	247	7	244	6.12e-59	189
223	sp|P55336|FABG_VIBHA	40.964	249	139	2	1	247	1	243	2.68e-58	188
223	sp|O67610|FABG_AQUAE	40.800	250	136	4	1	244	3	246	1.57e-57	186
223	sp|Q9KQH7|FABG_VIBCH	40.726	248	141	2	1	247	1	243	2.45e-57	186
223	sp|Q8K9J5|FABG_BUCAP	41.365	249	138	3	1	247	1	243	3.51e-57	185
223	sp|P51831|FABG_BACSU	40.083	242	145	0	6	247	5	246	6.20e-57	184
223	sp|P06234|NODG_RHIME	40.909	242	139	2	6	247	7	244	2.77e-56	183
223	sp|P0A2C9|FABG_SALTY	40.562	249	140	2	1	247	1	243	5.87e-56	182
223	sp|P0A2D0|FABG_SALTI	40.562	249	140	2	1	247	1	243	5.87e-56	182
223	sp|P43713|FABG_HAEIN	40.574	244	137	3	6	247	4	241	6.72e-56	182
223	sp|P0AEK3|FABG_SHIFL	40.562	249	140	2	1	247	1	243	1.34e-55	181
223	sp|P0AEK2|FABG_ECOLI	40.562	249	140	2	1	247	1	243	1.34e-55	181
223	sp|O54438|FABG_PSEAE	40.476	252	139	3	1	247	1	246	2.68e-55	180
223	sp|Q68VY7|FABG_RICTY	40.083	242	137	3	6	247	7	240	8.30e-53	174
223	sp|P50941|FABG_RICPR	39.754	244	135	3	6	247	7	240	1.87e-52	173
223	sp|P38004|FABG_CHLTR	41.079	241	138	2	6	244	8	246	2.19e-52	173
223	sp|P0A0I0|FABG_STAAW	38.017	242	150	0	6	247	5	246	2.38e-52	173
223	sp|Q6G9Y2|FABG_STAAS	38.017	242	150	0	6	247	5	246	2.38e-52	173
223	sp|Q6GHK4|FABG_STAAR	38.017	242	150	0	6	247	5	246	2.38e-52	173
223	sp|P99093|FABG_STAAN	38.017	242	150	0	6	247	5	246	2.38e-52	173
223	sp|P0A0H9|FABG_STAAM	38.017	242	150	0	6	247	5	246	2.38e-52	173
223	sp|Q5HGK2|FABG_STAAC	38.017	242	150	0	6	247	5	246	2.38e-52	173
223	sp|Q8CPI3|FABG_STAES	37.603	242	151	0	6	247	3	244	2.62e-51	170
223	sp|Q5HPW0|FABG_STAEQ	37.603	242	151	0	6	247	3	244	2.62e-51	170
223	sp|P73826|PHAB_SYNY3	43.496	246	123	4	4	246	7	239	9.01e-51	169
223	sp|Q9X248|FABG_THEMA	37.295	244	152	1	1	244	1	243	3.71e-50	167
223	sp|Q9PKF7|FABG_CHLMU	38.843	242	144	2	5	244	7	246	3.37e-49	165
223	sp|Q89AG9|FABG_BUCBP	34.000	250	156	2	1	247	1	244	9.94e-49	163
223	sp|P73574|FABG_SYNY3	40.164	244	142	2	6	248	7	247	1.49e-48	163
223	sp|Q93X68|FABG5_BRANA	38.367	245	148	3	2	244	71	314	1.76e-47	162
223	sp|Q949M3|FABG3_BRANA	39.024	246	145	5	2	244	69	312	4.39e-47	161
223	sp|Q93X62|FABG1_BRANA	39.024	246	145	5	2	244	74	317	4.67e-47	161
223	sp|P66782|Y1385_MYCBO	39.370	254	128	4	6	247	8	247	9.67e-47	158
223	sp|P9WGR9|Y1350_MYCTU	39.370	254	128	4	6	247	8	247	9.67e-47	158
223	sp|P9WGR8|Y1350_MYCTO	39.370	254	128	4	6	247	8	247	9.67e-47	158
223	sp|Q93X67|FABG2_BRANA	37.959	245	149	3	2	244	82	325	1.54e-46	160
223	sp|P57432|FABG_BUCAI	37.349	249	148	3	1	247	1	243	1.26e-45	155
223	sp|P28643|FABG_CUPLA	37.097	248	149	4	4	247	76	320	1.72e-45	157
223	sp|P33207|FABG_ARATH	37.143	245	151	3	2	244	73	316	2.26e-45	157
223	sp|Q92GE0|FABG_RICCN	37.885	227	129	3	23	247	24	240	3.71e-45	154
223	sp|P06235|NODG_RHIML	36.214	243	148	4	6	247	7	243	5.28e-45	154
223	sp|Q4UK62|FABG_RICFE	37.885	227	129	3	23	247	24	240	2.72e-44	152
223	sp|P0A2D1|UCPA_SALTY	36.471	255	143	4	6	247	7	255	3.23e-44	152
223	sp|P0A2D2|UCPA_SALTI	36.471	255	143	4	6	247	7	255	3.23e-44	152
223	sp|Q5TJF5|DHB8_CANLF	37.097	248	148	4	8	247	12	259	3.37e-44	152
223	sp|Q949M2|FABG4_BRANA	36.735	245	149	4	2	244	11	251	4.33e-44	152
223	sp|Q9KJF1|BBSD_THAAR	37.052	251	150	5	1	248	1	246	1.28e-43	150
223	sp|Q6MGB5|DHB8_RAT	37.500	256	136	5	8	247	12	259	3.51e-43	149
223	sp|P70720|FABG_AGGAC	38.589	241	141	5	7	244	4	240	6.99e-43	148
223	sp|Q9X6U2|BDHA_CUPNH	36.255	251	147	2	6	244	5	254	2.77e-42	147
223	sp|Q1RKB7|FABG_RICBR	39.095	243	138	3	6	247	7	240	5.19e-42	146
223	sp|Q92506|DHB8_HUMAN	37.097	248	148	4	8	247	14	261	6.71e-42	146
223	sp|Q8XBJ4|UCPA_ECO57	35.686	255	145	4	6	247	7	255	2.67e-41	145
223	sp|P37440|UCPA_ECOLI	35.686	255	145	4	6	247	7	255	3.21e-41	145
223	sp|P0DXE1|CHCB2_SINCY	37.449	243	145	3	5	244	7	245	8.88e-40	140
223	sp|Q9Z8P2|FABG_CHLPN	34.711	242	151	2	6	244	8	245	1.02e-39	140
223	sp|P9WGT3|MABA_MYCTU	33.058	242	150	1	6	247	16	245	3.15e-39	139
223	sp|P9WGT2|MABA_MYCTO	33.058	242	150	1	6	247	16	245	3.15e-39	139
223	sp|P0A5Y5|MABA_MYCBO	33.058	242	150	1	6	247	16	245	3.15e-39	139
223	sp|P16544|ACT3_STRCO	36.047	258	151	3	4	248	5	261	3.90e-39	139
223	sp|P71534|MABA_MYCS2	33.884	242	148	1	6	247	24	253	5.52e-39	139
223	sp|P41177|DHKR_STRVG	37.452	259	142	6	2	244	3	257	6.65e-39	139
223	sp|Q6NUE2|CBR4_XENLA	34.156	243	150	4	6	248	3	235	1.91e-38	137
223	sp|O07399|MABA_MYCAV	33.058	242	150	1	6	247	24	253	3.71e-38	136
223	sp|Q9XT00|DHB8_PIG	37.109	256	137	5	8	247	12	259	9.35e-38	135
223	sp|Q6P0H7|CBR4_DANRE	35.802	243	147	4	6	248	3	236	4.06e-37	133
223	sp|Q9L9F8|NOVJ_STRNV	35.600	250	152	3	3	245	14	261	6.75e-37	133
223	sp|P50171|DHB8_MOUSE	37.891	256	135	5	8	247	12	259	9.30e-37	133
223	sp|P42317|YXJF_BACSU	35.317	252	150	3	5	244	3	253	1.33e-35	130
223	sp|P55575|Y4MP_SINFN	33.074	257	159	4	1	248	1	253	1.97e-35	129
223	sp|Q1NEI6|KDRDH_SPHSS	35.246	244	152	3	6	248	11	249	2.88e-35	129
223	sp|O31767|YMFI_BACSU	34.426	244	152	4	6	246	3	241	8.87e-35	127
223	sp|P94681|TSAC_COMTE	35.409	257	151	7	1	247	1	252	1.07e-34	127
223	sp|O86034|BDHA_RHIME	33.333	258	147	5	6	244	3	254	1.18e-34	127
223	sp|P46331|YXBG_BACSU	31.102	254	164	5	4	248	5	256	1.30e-34	128
223	sp|Q68ER2|CBR4_XENTR	33.471	242	151	3	6	247	3	234	2.44e-34	126
223	sp|A7B3K3|3AHDP_MEDG7	32.520	246	161	3	1	243	3	246	3.35e-34	126
223	sp|P50842|KDUD_BACSU	33.610	241	155	3	6	244	13	250	1.35e-33	125
223	sp|P55541|Y4LA_SINFN	33.465	254	155	6	4	247	5	254	2.91e-33	124
223	sp|P39640|BACC_BACSU	31.225	253	161	4	1	244	1	249	6.05e-33	123
223	sp|P27582|FABG6_BRANA	39.264	163	83	2	83	244	51	198	1.05e-32	121
223	sp|Q9RPT1|RHLG_PSEAE	31.641	256	152	6	6	247	10	256	1.90e-32	122
223	sp|P50199|GNO_GLUOX	32.218	239	159	2	8	244	14	251	3.51e-32	121
223	sp|Q8N4T8|CBR4_HUMAN	32.645	242	154	3	6	247	3	235	3.79e-32	120
223	sp|Q1MLL4|GDH_RHIJ3	34.979	243	149	5	8	244	14	253	3.79e-32	121
223	sp|A4IFA7|CBR4_BOVIN	32.231	242	155	3	6	247	3	235	4.03e-32	120
223	sp|Q8KWT4|BACC_BACIU	30.830	253	162	5	1	244	1	249	4.75e-32	120
223	sp|Q5P5I4|PED_AROAE	30.924	249	155	4	4	244	6	245	5.75e-32	120
223	sp|Q45219|Y2146_BRADU	33.202	253	149	6	4	244	5	249	8.43e-32	120
223	sp|P39071|DHBA_BACSU	34.921	252	151	4	4	244	7	256	1.06e-31	120
223	sp|Q91VT4|CBR4_MOUSE	32.645	242	153	5	6	247	3	234	2.20e-31	118
223	sp|T2KLZ8|PLH6_FORAG	30.579	242	165	1	6	244	11	252	2.21e-31	119
223	sp|P16542|DHK1_STRVN	33.725	255	153	5	8	248	20	272	4.21e-31	119
223	sp|Q05528|KDUD_DICD3	31.579	247	153	6	6	244	11	249	5.56e-31	118
223	sp|D4Z260|LINX_SPHIU	33.750	240	156	3	6	244	8	245	8.00e-31	117
223	sp|A0A1L5BU05|LINX_SPHIB	33.750	240	156	3	6	244	8	245	8.00e-31	117
223	sp|C0KTJ6|GATDH_CERSP	34.008	247	153	5	7	248	13	254	1.38e-30	117
223	sp|P37769|KDUD_ECOLI	30.488	246	161	4	4	244	9	249	1.71e-30	116
223	sp|Q75KH3|GRDH_ORYSJ	33.463	257	155	6	4	244	39	295	2.30e-30	117
223	sp|Q15SS0|DDGLD_PSEA6	33.607	244	158	3	4	244	8	250	3.30e-30	116
223	sp|O49332|TRNHE_ARATH	30.612	245	158	5	7	244	11	250	1.29e-29	114
223	sp|P0C622|CMTB_PSEPU	32.143	252	164	3	1	247	9	258	1.49e-29	114
223	sp|A5W4G5|CMTB_PSEP1	32.143	252	164	3	1	247	9	258	1.49e-29	114
223	sp|I6Y778|FABG4_MYCTU	35.632	261	126	11	6	247	214	451	2.13e-29	117
223	sp|E9Q3D4|DHB14_MOUSE	35.743	249	146	8	6	247	10	251	2.40e-29	114
223	sp|A0A1A9TAK5|NR_NARPS	30.894	246	164	4	4	245	10	253	5.51e-29	112
223	sp|A0A1C9II22|NR_NARAP	30.894	246	164	4	4	245	10	253	5.51e-29	112
223	sp|Q7TS56|CBR4_RAT	31.301	246	151	6	6	247	3	234	5.97e-29	112
223	sp|Q9F7E0|CHNA_ACISS	42.949	156	85	2	89	243	94	246	6.07e-29	112
223	sp|P05406|FIXR_BRADU	30.859	256	157	8	2	247	33	278	1.30e-28	112
223	sp|Q9URX0|YLX6_SCHPO	32.411	253	146	8	1	244	1	237	1.49e-28	112
223	sp|P80869|DHG2_BACSU	30.081	246	169	3	6	248	8	253	1.83e-28	111
223	sp|Q8KWS9|BACC_BACAM	30.469	256	160	7	1	244	1	250	2.79e-28	110
223	sp|Q5LA59|HDHA_BACFN	30.435	253	155	5	4	244	5	248	3.56e-28	110
223	sp|P33368|YOHF_ECOLI	36.994	173	107	2	73	244	71	242	3.58e-28	110
223	sp|P39484|DHG3_PRIMG	30.924	249	167	4	4	248	6	253	4.13e-28	110
223	sp|P51659|DHB4_HUMAN	34.298	242	132	6	1	231	5	230	5.47e-28	115
223	sp|P97852|DHB4_RAT	34.322	236	140	4	1	231	5	230	6.08e-28	115
223	sp|Q10216|YAY8_SCHPO	30.769	247	160	5	3	244	41	281	6.87e-28	110
223	sp|P51660|DHB4_MOUSE	35.865	237	135	6	1	231	5	230	6.95e-28	115
223	sp|F4IKM1|TRNHB_ARATH	30.612	245	158	5	7	244	11	250	7.58e-28	111
223	sp|Q9FZ42|ADRC1_ARATH	30.242	248	162	5	6	244	38	283	7.77e-28	110
223	sp|Q6WVP7|RADH_LENKE	33.878	245	152	7	6	244	8	248	8.50e-28	109
223	sp|P39485|DHG4_PRIMG	30.924	249	167	4	4	248	6	253	9.80e-28	109
223	sp|A0A7T8F1N2|FRZI_CLASX	34.921	252	144	8	6	244	10	254	1.06e-27	109
223	sp|Q9LHT0|TRNHF_ARATH	30.242	248	157	4	6	244	12	252	1.17e-27	109
223	sp|P39482|DHG1_PRIMG	30.645	248	169	2	4	248	6	253	1.43e-27	109
223	sp|P37694|HETN_NOSS1	38.587	184	112	1	6	189	7	189	1.80e-27	109
223	sp|P15047|ENTA_ECOLI	30.645	248	151	3	10	247	10	246	2.05e-27	108
223	sp|Q5KTS5|GRDH_DAUCA	31.174	247	160	4	6	244	42	286	2.13e-27	109
223	sp|P22414|FOX2_CANTR	32.645	242	145	5	4	244	321	545	2.22e-27	113
223	sp|P22414|FOX2_CANTR	32.414	145	88	1	84	228	92	226	2.96e-18	87.0
223	sp|Q988B7|PLDH_RHILO	34.855	241	151	3	6	244	8	244	2.78e-27	108
223	sp|Q9WYG0|Y325_THEMA	30.435	253	161	5	1	244	1	247	2.85e-27	108
223	sp|Q9KJF2|BBSC_THAAR	40.361	166	94	4	83	248	84	244	2.97e-27	108
223	sp|A0A8I6GJ95|DHB14_RAT	34.940	249	148	8	6	247	10	251	3.08e-27	108
223	sp|P40288|DHG_PRIMG	30.242	248	170	2	4	248	6	253	3.65e-27	108
223	sp|P39483|DHG2_PRIMG	31.325	249	166	4	4	248	6	253	5.15e-27	107
223	sp|P9WGT1|HSD_MYCTU	36.025	161	98	1	84	244	82	237	6.43e-27	107
223	sp|P69166|HSD_MYCBO	36.025	161	98	1	84	244	82	237	6.43e-27	107
223	sp|C1DMX5|RHAD_AZOVD	32.520	246	158	5	6	244	6	250	7.76e-27	107
223	sp|P10528|DHGA_PRIMG	30.522	249	168	4	4	248	6	253	7.84e-27	107
223	sp|Q9LBG2|LVR_LEIAQ	33.730	252	153	6	6	245	14	263	7.92e-27	107
223	sp|Q49117|Y182_METEA	33.603	247	153	4	4	244	5	246	8.49e-27	107
223	sp|P76633|YGCW_ECOLI	31.579	247	153	5	6	244	19	257	1.02e-26	107
223	sp|P9WGT0|HSD_MYCTO	36.025	161	98	1	84	244	82	237	1.14e-26	107
223	sp|P50200|HDHA_PARSO	31.274	259	156	7	2	247	3	252	1.17e-26	107
223	sp|Q937L4|CPNA_COMTE	32.794	247	159	4	2	244	3	246	1.47e-26	106
223	sp|Q8GAV9|CPNA_COMS9	32.794	247	159	4	2	244	3	246	1.47e-26	106
223	sp|O34717|FADH_BACSU	31.373	255	157	8	4	247	2	249	1.97e-26	106
223	sp|Q9GKX2|DHRS4_RABIT	31.707	246	156	6	6	244	15	255	4.62e-26	105
223	sp|Q9ZW04|TRNH4_ARATH	32.389	247	148	7	7	244	20	256	5.27e-26	105
223	sp|Q99714|HCD2_HUMAN	32.677	254	150	7	8	247	13	259	5.69e-26	105
223	sp|Q9ZW19|TRNHC_ARATH	30.204	245	159	5	7	244	20	259	8.76e-26	104
223	sp|P07999|DHGB_PRIMG	30.800	250	167	5	4	248	6	254	1.64e-25	103
223	sp|Q9GME3|DHB8_CALJA	38.806	134	81	1	106	238	1	134	1.85e-25	100
223	sp|C8WJW0|3BHD1_EGGLE	33.468	248	158	4	6	248	8	253	2.00e-25	103
223	sp|I6YCF0|IPDF_MYCTU	36.970	165	101	3	84	246	98	261	2.26e-25	103
223	sp|Q08632|SDR1_PICAB	32.271	251	157	5	6	245	22	270	2.36e-25	103
223	sp|Q8SPU8|DHRS4_BOVIN	31.707	246	160	5	4	244	32	274	3.54e-25	103
223	sp|A7DY56|TRN1_COCOF	30.400	250	158	5	4	244	17	259	3.93e-25	103
223	sp|P9WGQ9|Y769_MYCTU	31.855	248	157	5	4	245	3	244	4.69e-25	102
223	sp|P9WGQ8|Y769_MYCTO	31.855	248	157	5	4	245	3	244	4.69e-25	102
223	sp|A0QYC2|DTHD_MYCS2	37.952	166	96	2	83	244	94	256	4.76e-25	102
223	sp|P52037|YGFF_ECOLI	33.607	244	156	5	8	245	4	247	5.21e-25	102
223	sp|Q56318|Y019_THEMA	31.188	202	134	2	48	244	46	247	1.59e-24	101
223	sp|Q01373|FOX2_NEUCR	32.609	230	129	6	6	230	315	523	1.69e-24	105
223	sp|Q01373|FOX2_NEUCR	33.742	163	98	1	83	245	92	244	1.13e-20	94.0
223	sp|P0C0Y5|NMTDH_DAVTA	30.328	244	164	4	6	244	21	263	2.02e-24	101
223	sp|O42866|FABG_SCHPO	31.048	248	148	7	6	244	2	235	2.05e-24	100
223	sp|Q9SY73|PTALR_ARATH	36.649	191	117	3	6	195	18	205	2.05e-24	100
223	sp|P50161|AFLM_ASPPU	31.225	253	157	6	6	244	10	259	2.07e-24	100
223	sp|Q53217|Y4VI_SINFN	31.967	244	154	5	6	244	10	246	3.09e-24	103
223	sp|A0A2H3D8Y2|ARMD4_ARMGA	31.349	252	156	6	6	244	10	257	4.30e-24	100
223	sp|Q1JP75|DCXR_BOVIN	30.453	243	155	5	6	244	8	240	6.35e-24	99.4
223	sp|O02691|HCD2_BOVIN	31.890	254	152	8	8	247	13	259	6.40e-24	99.8
223	sp|A0AAT9JA24|DHB14_RABIT	32.016	253	150	10	6	247	10	251	7.73e-24	100
223	sp|Q561X9|DHRS6_DANRE	31.429	175	113	2	80	247	71	245	8.78e-24	99.0
223	sp|Q9ZW16|TRNHA_ARATH	30.242	248	155	7	7	244	11	250	9.51e-24	99.4
223	sp|P0DXE0|CHCB1_SINCY	30.120	249	157	6	5	245	10	249	1.05e-23	99.0
223	sp|G5EGA6|DHRS4_CAEEL	30.924	249	162	6	4	244	9	255	1.27e-23	99.0
223	sp|Q5RCF8|DHRS4_PONAB	30.165	242	165	3	6	244	33	273	3.32e-23	98.2
223	sp|Q9ZW03|TRNH3_ARATH	30.120	249	159	7	4	244	17	258	4.65e-23	97.4
223	sp|Q9BTZ2|DHRS4_HUMAN	30.165	242	165	3	6	244	33	273	4.77e-23	97.8
223	sp|P87218|SOU2_CANAL	30.041	243	164	4	6	244	36	276	5.04e-23	97.8
223	sp|Q9ZW18|SAG13_ARATH	30.081	246	157	5	7	244	19	257	8.55e-23	97.1
223	sp|O70351|HCD2_RAT	30.350	257	152	8	8	247	13	259	1.07e-22	96.7
223	sp|O31642|YJDA_BACSU	30.159	252	160	7	2	244	3	247	1.57e-22	95.9
223	sp|Q1NEJ0|RHAD_SPHSS	32.000	250	161	5	4	247	5	251	1.61e-22	95.9
223	sp|Q00791|STCU_EMENI	30.159	252	161	4	6	244	12	261	2.02e-22	95.9
223	sp|Q9VXJ0|DHB4_DROME	35.000	240	133	7	1	231	8	233	2.16e-22	99.0
223	sp|P96825|Y0148_MYCTU	34.599	237	135	7	4	231	5	230	2.85e-22	95.9
223	sp|A0A223HDI5|NMTDH_AURME	31.301	246	159	5	6	244	20	262	2.92e-22	95.5
223	sp|O08756|HCD2_MOUSE	31.890	254	152	8	8	247	13	259	3.02e-22	95.1
223	sp|P05707|SRLD_ECOLI	30.620	258	163	6	6	248	3	259	4.14e-22	94.7
223	sp|P9WGQ7|Y1144_MYCTU	30.916	262	151	8	1	247	1	247	4.48e-22	94.7
223	sp|P9WGQ6|Y1144_MYCTO	30.916	262	151	8	1	247	1	247	4.48e-22	94.7
223	sp|Q3KPT7|DHRS6_XENLA	31.361	169	109	2	83	244	74	242	5.33e-22	94.4
223	sp|Q8P3K4|FUCDH_XANCP	33.728	169	104	3	84	244	129	297	8.91e-22	94.7
223	sp|Q56841|HCDS1_XANP2	30.579	242	158	2	10	245	9	246	1.11e-21	93.6
223	sp|Q9MYP6|DHB14_BOVIN	33.721	172	105	4	83	247	82	251	1.25e-21	94.0
223	sp|Q9NKW1|MFEA_DICDI	30.172	232	145	6	4	229	6	226	1.40e-21	95.9
223	sp|A7IQH5|HCDS3_XANP2	34.756	164	101	1	87	244	88	251	1.82e-21	93.2
223	sp|Q6GDV6|Y2567_STAAR	30.811	185	125	1	6	190	7	188	3.04e-21	92.0
223	sp|Q2FVD5|Y2778_STAA8	30.811	185	125	2	6	190	7	188	3.17e-21	92.0
223	sp|Q5HD73|Y2488_STAAC	30.811	185	125	2	6	190	7	188	3.17e-21	92.0
223	sp|Q2FE21|Y2422_STAA3	30.811	185	125	2	6	190	7	188	3.17e-21	92.0
223	sp|Q99RF5|Y2478_STAAM	30.811	185	125	1	6	190	7	188	3.40e-21	91.7
223	sp|Q7A3L9|Y2266_STAAN	30.811	185	125	1	6	190	7	188	3.40e-21	91.7
223	sp|Q8NUV9|Y2403_STAAW	30.811	185	125	2	6	190	7	188	3.66e-21	91.7
223	sp|Q6G6J1|Y2370_STAAS	30.811	185	125	2	6	190	7	188	3.66e-21	91.7
223	sp|P19871|3BHD_COMTE	31.535	241	153	6	6	239	8	243	4.48e-21	92.0
223	sp|Q9JIF5|PECR_CAVPO	36.095	169	102	3	84	248	101	267	5.72e-21	92.8
223	sp|Q56840|HCDR1_XANP2	30.769	247	158	5	6	243	3	245	9.52e-21	90.9
223	sp|Q4A054|Y0419_STAS1	30.928	194	130	2	1	192	2	193	1.22e-20	90.5
223	sp|O53547|CHSB1_MYCTU	35.271	258	138	8	6	245	21	267	1.41e-20	91.7
223	sp|A7AZH2|3BHDP_MEDG7	30.597	268	160	7	4	248	12	276	1.54e-20	90.9
223	sp|O32229|YVAG_BACSU	30.350	257	155	6	6	244	8	258	3.45e-20	89.7
223	sp|Q5FPE5|GMDH_GLUOX	31.452	248	163	6	6	248	12	257	5.12e-20	89.4
223	sp|P22441|DHMA_FLAS1	31.452	248	155	5	6	244	16	257	5.73e-20	89.4
223	sp|O18404|HCD2_DROME	30.469	256	153	11	8	247	7	253	6.14e-20	89.0
223	sp|A5JYX5|DHS3_CAEEL	31.343	201	131	3	1	197	37	234	7.11e-20	89.7
223	sp|Q9BUT1|DHRS6_HUMAN	30.178	169	111	2	83	244	74	242	7.68e-20	88.6
223	sp|P14802|YOXD_BACSU	35.606	132	85	0	61	192	61	192	1.25e-19	87.8
223	sp|Q02207|FOX2_YEAST	31.950	241	138	8	1	230	5	230	1.50e-19	90.9
223	sp|Q02207|FOX2_YEAST	36.306	157	91	2	83	239	397	544	1.18e-17	85.5
223	sp|Q9BPX1|DHB14_HUMAN	33.140	172	106	4	83	247	82	251	1.83e-19	87.8
223	sp|Q8VCC1|PGDH_MOUSE	31.884	207	123	5	1	199	1	197	2.63e-19	87.4
223	sp|P19992|HSD_STREX	33.333	186	117	3	63	244	60	242	2.64e-19	87.4
223	sp|M2WJF1|VER1_DOTSN	30.588	255	156	7	6	244	11	260	2.70e-19	87.4
223	sp|Q8TFD5|VER1_DOTSE	30.588	255	156	7	6	244	11	260	2.70e-19	87.4
223	sp|Q9SQR2|ADRC2_ARATH	30.651	261	151	8	6	244	17	269	3.38e-19	87.4
223	sp|P9WGQ5|Y927C_MYCTU	32.114	246	158	6	4	244	9	250	5.42e-19	86.7
223	sp|P9WGQ4|Y927C_MYCTO	32.114	246	158	6	4	244	9	250	5.42e-19	86.7
223	sp|A7IQF2|HCDS2_XANP2	32.124	193	119	2	61	244	37	226	6.25e-19	85.9
223	sp|P69936|YDFG_SALTY	33.516	182	114	3	9	188	4	180	8.04e-19	85.9
223	sp|P69935|YDFG_SALTI	33.516	182	114	3	9	188	4	180	8.04e-19	85.9
223	sp|Q8MJY8|PGDH_MACFA	32.536	209	119	6	1	199	1	197	1.82e-18	85.1
223	sp|Q28IU1|DHB12_XENTR	35.052	194	115	5	6	192	57	246	2.01e-18	85.9
223	sp|P15428|PGDH_HUMAN	32.536	209	119	6	1	199	1	197	2.71e-18	84.7
223	sp|N4WE73|OXI1_COCH4	32.474	194	122	5	58	244	37	228	3.58e-18	83.6
223	sp|Q99MZ7|PECR_MOUSE	30.270	185	121	3	71	248	85	268	3.59e-18	85.1
223	sp|P9WGS5|Y2750_MYCTU	31.970	269	147	10	4	244	7	267	3.79e-18	84.3
223	sp|P9WGS4|Y2750_MYCTO	31.970	269	147	10	4	244	7	267	3.79e-18	84.3
223	sp|Q14RS1|ABA4_BOTFU	35.172	145	86	2	106	244	113	255	4.23e-18	84.0
223	sp|A0A384JQF5|ABA4_BOTFB	35.172	145	86	2	106	244	113	255	4.54e-18	84.0
223	sp|Q83RE8|YDFG_SHIFL	33.516	182	114	3	9	188	4	180	6.24e-18	83.6
223	sp|Q9Y140|DHRS7_DROME	31.282	195	129	3	2	192	50	243	9.53e-18	84.0
223	sp|Q3T0C2|PGDH_BOVIN	32.057	209	120	6	1	199	1	197	1.05e-17	83.2
223	sp|P39831|YDFG_ECOLI	32.967	182	115	3	9	188	4	180	1.71e-17	82.0
223	sp|Q8X505|YDFG_ECO57	32.967	182	115	3	9	188	4	180	1.82e-17	82.0
223	sp|P70684|PGDH_CAVPO	31.579	209	121	6	1	199	1	197	2.08e-17	82.4
223	sp|O57314|DHB12_ANAPL	32.836	201	106	5	8	192	51	238	2.27e-17	82.8
223	sp|Q8FHD2|YDFG_ECOL6	32.967	182	115	3	9	188	4	180	2.38e-17	81.6
223	sp|Q2UEK6|ASTE_ASPOR	30.800	250	157	8	6	244	13	257	2.68e-17	82.0
223	sp|B8H1Z0|XDH_CAUVN	34.969	163	103	2	84	244	85	246	2.71e-17	81.6
223	sp|Q9A9Z0|XDH_CAUVC	34.969	163	103	2	84	244	85	246	2.71e-17	81.6
223	sp|H1VN83|DPCHG_COLHI	32.796	186	121	3	6	188	14	198	4.08e-17	81.6
223	sp|Q5AR48|ASQE_EMENI	33.077	260	147	12	5	244	10	262	4.39e-17	81.6
223	sp|Q9ZNN8|BUDC_CORGT	30.418	263	148	7	6	244	3	254	5.72e-17	80.9
223	sp|A0A1B2CTA9|PEND_PENTH	30.040	253	162	9	6	244	17	268	5.95e-17	81.3
223	sp|P45200|Y1430_HAEIN	30.220	182	120	3	7	186	5	181	2.59e-16	79.0
223	sp|P9WES5|FOGB_ASPRC	34.225	187	98	5	83	247	86	269	4.45e-16	79.0
223	sp|Q8AVY8|DH12B_XENLA	34.359	195	115	5	6	192	55	244	5.38e-16	79.3
223	sp|Q5XG41|DH12A_XENLA	33.500	200	110	5	6	192	55	244	5.76e-16	79.0
223	sp|P55434|Y4EK_SINFN	33.871	186	111	3	8	192	10	184	5.78e-16	78.2
223	sp|Q5E9H7|DHB12_BOVIN	32.292	192	118	4	8	192	53	239	9.28e-16	78.6
223	sp|Q9KWN1|SDH_RHIRD	32.105	190	117	7	7	192	4	185	1.58e-15	77.0
223	sp|Q9NYR8|RDH8_HUMAN	30.256	195	130	3	1	192	1	192	1.02e-14	75.5
223	sp|Q6GV12|KDSR_MOUSE	30.481	187	124	4	9	190	36	221	1.26e-14	75.5
223	sp|Q7Q732|DHRS7_ANOGA	33.333	210	116	9	1	192	36	239	3.39e-14	73.9
223	sp|Q8U8I2|SDH_AGRFC	31.053	190	119	7	7	192	4	185	8.36e-14	72.0
223	sp|Q71R50|DHR11_CHICK	31.443	194	122	6	6	190	7	198	9.59e-14	72.0
223	sp|P9WGS3|EPHD_MYCTU	30.688	189	125	3	10	195	329	514	1.05e-13	73.6
223	sp|P9WGS2|EPHD_MYCTO	30.688	189	125	3	10	195	329	514	1.05e-13	73.6
223	sp|P66778|EPHD_MYCBO	30.688	189	125	3	10	195	329	514	1.05e-13	73.6
223	sp|A0A097ZPC9|ANDC_EMEVA	32.973	185	111	5	4	184	5	180	1.09e-13	72.0
223	sp|Q5ZJG8|HSDL1_CHICK	32.178	202	114	8	6	195	68	258	1.49e-13	72.4
223	sp|Q9LBV3|BARS1_STRVG	33.803	142	90	2	107	244	112	253	1.99e-13	71.2
223	sp|P9WEW9|DPFGG_GIBZE	30.890	191	120	5	6	188	14	200	2.10e-13	71.2
223	sp|A0A097ZPE8|ANDI_EMEVA	30.918	207	131	5	2	198	25	229	4.64e-13	70.5
223	sp|Q5RJY4|DRS7B_RAT	30.612	196	117	6	9	192	56	244	5.33e-13	70.9
223	sp|A0A1U8QWA2|ATR12_EMENI	31.414	191	124	3	6	193	1030	1216	1.32e-12	70.5
223	sp|O08699|PGDH_RAT	31.579	209	121	6	1	199	1	197	1.34e-12	68.9
223	sp|P9WGP9|SADH_MYCTU	30.688	189	128	2	4	190	5	192	1.36e-12	68.9
223	sp|P9WGP8|SADH_MYCTO	30.688	189	128	2	4	190	5	192	1.36e-12	68.9
223	sp|Q3T001|H17B6_BOVIN	38.462	130	66	5	87	209	109	231	2.05e-12	68.9
223	sp|F4JZN6|KDSRB_ARATH	30.851	188	123	3	6	190	38	221	4.34e-12	68.2
223	sp|Q0WRJ2|KDSRA_ARATH	30.526	190	125	3	4	190	38	223	1.30e-11	66.6
223	sp|Q5R7K0|HSDL1_PONAB	31.250	192	123	6	6	192	68	255	1.98e-11	66.2
223	sp|P9WGR5|Y484_MYCTU	30.208	192	119	5	4	192	7	186	3.66e-11	64.7
223	sp|P9WGR4|Y484_MYCTO	30.208	192	119	5	4	192	7	186	3.66e-11	64.7
223	sp|A5PJF6|HSDL1_BOVIN	31.795	195	122	6	6	194	68	257	5.70e-11	65.1
224	sp|Q9X447|YACK_RHIML	52.975	706	320	5	27	725	16	716	0.0	754
225	sp|Q4UNB1|PTAS_RICFE	57.439	289	122	1	183	470	52	340	1.32e-111	336
225	sp|Q9ZE39|PTAS_RICPR	56.747	289	124	1	183	470	52	340	2.66e-109	330
225	sp|Q68XX7|PTAS_RICTY	56.055	289	126	1	183	470	52	340	5.74e-107	324
225	sp|Q9X448|PTAS_RHIML	61.852	270	103	0	190	459	29	298	5.65e-103	313
225	sp|P58255|PTB_CLOAB	39.796	294	177	0	173	466	5	298	9.15e-74	237
225	sp|Q9X0L4|PTAS_THEMA	41.034	290	170	1	177	466	6	294	4.86e-68	222
225	sp|Q05624|PTB_CLOB8	38.305	295	182	0	172	466	4	298	1.25e-65	216
225	sp|P54530|PTB_BACSU	40.989	283	163	3	188	469	18	297	1.69e-58	197
225	sp|C5AZ74|CROR_METEA	34.532	139	85	2	18	151	5	142	6.46e-14	72.8
225	sp|Q726S7|PTA_NITV2	33.333	195	122	5	256	449	493	680	6.60e-11	68.2
226	sp|Q9F7E0|CHNA_ACISS	54.400	250	111	1	1	250	5	251	8.91e-87	261
226	sp|P0DXE1|CHCB2_SINCY	47.390	249	130	1	1	249	1	248	6.67e-61	195
226	sp|A0A1L5BUG8|LINC_SPHIB	43.373	249	134	4	5	249	4	249	3.59e-53	175
226	sp|D4YYG1|LINC_SPHIU	43.373	249	134	4	5	249	4	249	1.59e-52	173
226	sp|P0A0I0|FABG_STAAW	38.750	240	145	2	8	246	5	243	8.66e-48	161
226	sp|Q6G9Y2|FABG_STAAS	38.750	240	145	2	8	246	5	243	8.66e-48	161
226	sp|Q6GHK4|FABG_STAAR	38.750	240	145	2	8	246	5	243	8.66e-48	161
226	sp|P99093|FABG_STAAN	38.750	240	145	2	8	246	5	243	8.66e-48	161
226	sp|P0A0H9|FABG_STAAM	38.750	240	145	2	8	246	5	243	8.66e-48	161
226	sp|Q5HGK2|FABG_STAAC	38.750	240	145	2	8	246	5	243	8.66e-48	161
226	sp|Q9X248|FABG_THEMA	36.735	245	148	4	5	246	3	243	1.18e-47	160
226	sp|Q8KWT4|BACC_BACIU	36.471	255	151	4	4	250	2	253	1.59e-47	160
226	sp|P0DXE0|CHCB1_SINCY	39.919	248	136	5	8	249	11	251	4.03e-47	160
226	sp|Q9LBG2|LVR_LEIAQ	38.824	255	146	3	5	249	11	265	4.14e-47	160
226	sp|D4Z260|LINX_SPHIU	37.154	253	148	4	1	248	1	247	5.16e-47	159
226	sp|A0A1L5BU05|LINX_SPHIB	37.154	253	148	4	1	248	1	247	5.16e-47	159
226	sp|P94681|TSAC_COMTE	39.113	248	146	3	4	246	2	249	8.95e-47	159
226	sp|P51831|FABG_BACSU	37.295	244	151	2	5	247	2	244	1.42e-45	155
226	sp|P0A2D1|UCPA_SALTY	38.911	257	140	6	4	248	3	254	1.44e-45	156
226	sp|P0A2D2|UCPA_SALTI	38.911	257	140	6	4	248	3	254	1.44e-45	156
226	sp|Q8CPI3|FABG_STAES	37.083	240	149	2	8	246	3	241	2.07e-45	155
226	sp|Q5HPW0|FABG_STAEQ	37.083	240	149	2	8	246	3	241	2.07e-45	155
226	sp|P46331|YXBG_BACSU	35.178	253	155	2	5	249	4	255	1.21e-44	154
226	sp|P9WGT1|HSD_MYCTU	37.302	252	143	4	1	249	1	240	1.31e-44	153
226	sp|P69166|HSD_MYCBO	37.302	252	143	4	1	249	1	240	1.31e-44	153
226	sp|P9WGT0|HSD_MYCTO	37.302	252	143	4	1	249	1	240	2.50e-44	152
226	sp|Q9KQH7|FABG_VIBCH	36.214	243	151	2	4	246	2	240	3.86e-44	152
226	sp|Q9LBV3|BARS1_STRVG	40.476	252	138	6	5	248	8	255	4.95e-44	152
226	sp|P39640|BACC_BACSU	35.294	255	154	4	4	250	2	253	6.90e-44	151
226	sp|Q45219|Y2146_BRADU	38.153	249	150	2	5	249	4	252	2.97e-43	150
226	sp|Q949M3|FABG3_BRANA	36.250	240	150	3	9	246	74	312	3.39e-43	151
226	sp|Q93X62|FABG1_BRANA	36.250	240	150	3	9	246	79	317	3.74e-43	151
226	sp|P55541|Y4LA_SINFN	37.751	249	151	2	5	249	4	252	5.18e-43	150
226	sp|P80869|DHG2_BACSU	34.783	253	158	4	1	248	1	251	6.92e-43	149
226	sp|P28643|FABG_CUPLA	36.777	242	150	3	9	248	79	319	1.02e-42	150
226	sp|Q93X67|FABG2_BRANA	36.250	240	150	3	9	246	87	325	1.99e-42	150
226	sp|F1SWA0|ZERSY_ZINZE	35.938	256	151	5	5	248	3	257	2.05e-42	148
226	sp|C8WGQ3|3BHD2_EGGLE	35.600	250	156	3	5	249	10	259	2.43e-42	147
226	sp|Q8XBJ4|UCPA_ECO57	38.281	256	143	5	4	248	3	254	9.22e-42	146
226	sp|Q56840|HCDR1_XANP2	37.302	252	143	5	8	249	3	249	9.62e-42	145
226	sp|P37440|UCPA_ECOLI	38.281	256	143	5	4	248	3	254	1.07e-41	146
226	sp|A0A384JQF5|ABA4_BOTFB	35.271	258	145	6	5	247	6	256	1.24e-41	145
226	sp|Q14RS1|ABA4_BOTFU	35.271	258	145	6	5	247	6	256	3.29e-41	144
226	sp|Q93X68|FABG5_BRANA	35.270	241	153	3	9	247	76	315	1.32e-40	145
226	sp|Q8KWS9|BACC_BACAM	34.109	258	154	6	4	250	2	254	1.82e-40	142
226	sp|Q48436|BUDC_KLEPN	37.302	252	143	4	8	246	3	252	2.61e-40	142
226	sp|Q9WYG0|Y325_THEMA	34.902	255	151	4	4	249	2	250	3.23e-40	142
226	sp|Q2UEK6|ASTE_ASPOR	35.968	253	156	3	2	248	7	259	3.42e-40	142
226	sp|Q949M2|FABG4_BRANA	34.583	240	151	3	9	246	16	251	3.53e-40	142
226	sp|P50941|FABG_RICPR	33.471	242	153	3	5	246	4	237	4.32e-40	141
226	sp|Q6WVP7|RADH_LENKE	35.769	260	149	7	1	250	1	252	1.24e-39	140
226	sp|P33207|FABG_ARATH	34.583	240	154	3	9	246	78	316	1.91e-39	142
226	sp|P55336|FABG_VIBHA	34.568	243	155	2	4	246	2	240	3.79e-39	139
226	sp|Q937L4|CPNA_COMTE	37.295	244	150	2	8	249	7	249	4.20e-39	139
226	sp|Q8GAV9|CPNA_COMS9	37.295	244	150	2	8	249	7	249	4.20e-39	139
226	sp|Q68VY7|FABG_RICTY	32.645	242	155	3	5	246	4	237	7.91e-39	138
226	sp|Q9GKX2|DHRS4_RABIT	33.468	248	163	1	5	250	12	259	8.81e-39	138
226	sp|P0A2C9|FABG_SALTY	34.568	243	155	2	4	246	2	240	1.22e-38	137
226	sp|P0A2D0|FABG_SALTI	34.568	243	155	2	4	246	2	240	1.22e-38	137
226	sp|P40288|DHG_PRIMG	35.433	254	155	5	1	248	1	251	1.23e-38	138
226	sp|P0AEK3|FABG_SHIFL	34.156	243	156	2	4	246	2	240	1.66e-38	137
226	sp|P0AEK2|FABG_ECOLI	34.156	243	156	2	4	246	2	240	1.66e-38	137
226	sp|P38004|FABG_CHLTR	33.333	240	158	2	8	246	8	246	2.03e-38	137
226	sp|O67610|FABG_AQUAE	33.600	250	158	4	1	246	1	246	2.10e-38	137
226	sp|O86034|BDHA_RHIME	33.463	257	156	5	8	250	3	258	2.17e-38	137
226	sp|C8WJW0|3BHD1_EGGLE	39.286	252	148	4	1	248	1	251	2.39e-38	137
226	sp|P42317|YXJF_BACSU	35.686	255	151	3	8	250	4	257	2.91e-38	137
226	sp|A7AZH2|3BHDP_MEDG7	35.472	265	149	3	5	248	11	274	3.86e-38	137
226	sp|Q9Z8P2|FABG_CHLPN	31.452	248	169	1	1	248	1	247	4.44e-38	136
226	sp|P39482|DHG1_PRIMG	35.039	254	156	5	1	248	1	251	4.54e-38	136
226	sp|Q9PKF7|FABG_CHLMU	34.583	240	155	2	8	246	8	246	5.21e-38	136
226	sp|P39483|DHG2_PRIMG	35.714	252	157	4	1	248	1	251	1.21e-37	135
226	sp|A0A8F5XX49|BDH2_SALOF	36.471	255	149	4	7	249	20	273	1.32e-37	136
226	sp|P12310|DHG_BACSU	34.524	252	160	4	1	248	1	251	1.33e-37	135
226	sp|Q9BTZ2|DHRS4_HUMAN	31.873	251	163	2	5	250	30	277	3.69e-37	135
226	sp|P73574|FABG_SYNY3	35.772	246	150	5	4	246	3	243	3.75e-37	134
226	sp|P66776|BUTA_STAAW	33.333	255	157	4	8	250	5	258	5.70e-37	134
226	sp|Q6GCZ8|BUTA_STAAS	33.333	255	157	4	8	250	5	258	5.70e-37	134
226	sp|Q6GKH9|BUTA_STAAR	33.333	255	157	4	8	250	5	258	5.70e-37	134
226	sp|P99120|BUTA_STAAN	33.333	255	157	4	8	250	5	258	5.70e-37	134
226	sp|P66775|BUTA_STAAM	33.333	255	157	4	8	250	5	258	5.70e-37	134
226	sp|Q5HJP2|BUTA_STAAC	33.333	255	157	4	8	250	5	258	5.70e-37	134
226	sp|Q5RCF8|DHRS4_PONAB	32.271	251	162	2	5	250	30	277	7.85e-37	134
226	sp|Q8SPU8|DHRS4_BOVIN	34.426	244	158	2	5	246	31	274	7.95e-37	134
226	sp|P66782|Y1385_MYCBO	34.274	248	157	3	1	246	1	244	9.02e-37	133
226	sp|P9WGR9|Y1350_MYCTU	34.274	248	157	3	1	246	1	244	9.02e-37	133
226	sp|P9WGR8|Y1350_MYCTO	34.274	248	157	3	1	246	1	244	9.02e-37	133
226	sp|A0A2H3D8Y2|ARMD4_ARMGA	36.719	256	141	6	6	246	8	257	9.12e-37	133
226	sp|Q9KJF1|BBSD_THAAR	33.610	241	158	2	8	248	6	244	1.23e-36	132
226	sp|Q5TJF5|DHB8_CANLF	35.223	247	150	4	9	246	11	256	2.06e-36	132
226	sp|A0AAT9JA24|DHB14_RABIT	35.887	248	147	4	5	246	7	248	2.08e-36	133
226	sp|Q9X6U2|BDHA_CUPNH	33.721	258	158	2	5	250	2	258	2.71e-36	132
226	sp|Q1NEI6|KDRDH_SPHSS	36.885	244	150	2	5	248	8	247	3.61e-36	131
226	sp|O54438|FABG_PSEAE	33.061	245	163	1	3	247	1	244	4.29e-36	131
226	sp|P07999|DHGB_PRIMG	36.154	260	146	9	1	248	1	252	7.01e-36	131
226	sp|P50842|KDUD_BACSU	34.252	254	154	6	3	250	8	254	8.82e-36	130
226	sp|A7IQH5|HCDS3_XANP2	38.496	226	132	4	30	249	30	254	9.43e-36	130
226	sp|Q8K9J5|FABG_BUCAP	30.962	239	161	3	8	246	6	240	1.11e-35	130
226	sp|P43713|FABG_HAEIN	32.645	242	159	2	5	246	1	238	1.35e-35	129
226	sp|P19992|HSD_STREX	36.576	257	136	6	5	249	4	245	1.48e-35	130
226	sp|K4N0V2|BDH_LAVIN	34.568	243	150	4	5	246	9	243	1.74e-35	130
226	sp|Q9URX0|YLX6_SCHPO	33.200	250	152	7	4	249	2	240	2.92e-35	129
226	sp|P87219|SOU1_CANAL	33.597	253	159	5	3	249	31	280	2.94e-35	130
226	sp|P10528|DHGA_PRIMG	32.937	252	164	4	1	248	1	251	3.42e-35	129
226	sp|P39484|DHG3_PRIMG	32.937	252	164	4	1	248	1	251	4.23e-35	129
226	sp|P39485|DHG4_PRIMG	32.937	252	164	4	1	248	1	251	9.10e-35	128
226	sp|P9WGS5|Y2750_MYCTU	35.055	271	146	7	5	250	6	271	1.16e-34	128
226	sp|P9WGS4|Y2750_MYCTO	35.055	271	146	7	5	250	6	271	1.16e-34	128
226	sp|Q73SC8|Y4146_MYCPA	34.572	269	146	5	4	246	7	271	1.20e-34	128
226	sp|Q92506|DHB8_HUMAN	33.591	259	154	5	1	246	5	258	1.27e-34	127
226	sp|Q04520|BUDC_RAOTE	38.967	213	128	2	8	219	3	214	1.81e-34	127
226	sp|P73826|PHAB_SYNY3	36.515	241	141	4	8	247	9	238	1.83e-34	127
226	sp|P23238|PHAB_SHIZO	38.589	241	140	6	8	246	3	237	2.42e-34	126
226	sp|G4N1P8|ABA4_PYRO7	33.333	261	144	6	5	247	20	268	2.66e-34	127
226	sp|L7I518|ABA4_PYRO3	33.333	261	144	6	5	247	20	268	2.66e-34	127
226	sp|P17611|NODG_AZOBR	35.918	245	151	3	5	246	1	242	3.08e-34	126
226	sp|Q1MLL4|GDH_RHIJ3	35.156	256	153	5	2	249	6	256	3.48e-34	126
226	sp|Q8CQD2|BUTA_STAES	30.469	256	164	3	8	250	3	257	4.44e-34	126
226	sp|Q6MGB5|DHB8_RAT	35.798	257	149	5	2	246	4	256	6.01e-34	125
226	sp|Q8VID1|DHRS4_RAT	32.271	251	168	2	2	250	28	278	7.77e-34	126
226	sp|Q5HKG6|BUTA_STAEQ	30.078	256	165	3	8	250	3	257	1.43e-33	125
226	sp|P72332|NODG_RHIS3	31.148	244	164	2	3	246	2	241	1.67e-33	124
226	sp|Q9M1K9|ATA1_ARATH	36.965	257	142	6	8	249	11	262	2.19e-33	125
226	sp|P9WGS7|Y0687_MYCTU	34.944	269	145	6	4	246	7	271	2.25e-33	125
226	sp|P9WGS6|Y0687_MYCTO	34.944	269	145	6	4	246	7	271	2.25e-33	125
226	sp|G5EGA6|DHRS4_CAEEL	33.333	252	162	3	5	250	8	259	2.43e-33	124
226	sp|Q9ZW12|TRNH5_ARATH	32.400	250	165	3	2	248	65	313	3.32e-33	125
226	sp|H9XP47|MBDH_SERMA	34.286	245	157	3	5	249	3	243	4.67e-33	123
226	sp|Q53217|Y4VI_SINFN	35.743	249	146	5	7	249	9	249	5.81e-33	128
226	sp|Q53217|Y4VI_SINFN	31.020	245	153	5	8	246	278	512	6.04e-21	94.7
226	sp|Q9L9F8|NOVJ_STRNV	38.956	249	135	5	9	246	18	260	5.95e-33	123
226	sp|E9Q3D4|DHB14_MOUSE	33.468	248	153	4	5	246	7	248	6.61e-33	123
226	sp|P50205|PHAB_RHIME	38.174	241	141	7	8	246	3	237	8.40e-33	122
226	sp|Q92EU6|GOLD_LISIN	32.941	255	154	7	3	250	10	254	9.71e-33	122
226	sp|Q6CEE9|SDR_YARLI	30.677	251	170	3	2	249	28	277	1.47e-32	122
226	sp|P16544|ACT3_STRCO	34.661	251	150	3	9	246	8	257	1.48e-32	122
226	sp|Q5FPE5|GMDH_GLUOX	34.677	248	157	5	5	248	9	255	1.49e-32	122
226	sp|Q6NUE2|CBR4_XENLA	32.636	239	151	5	8	246	3	231	2.66e-32	121
226	sp|P50199|GNO_GLUOX	35.714	252	151	4	3	248	7	253	2.67e-32	121
226	sp|P9WGQ9|Y769_MYCTU	36.255	251	150	4	5	250	2	247	3.31e-32	121
226	sp|P9WGQ8|Y769_MYCTO	36.255	251	150	4	5	250	2	247	3.31e-32	121
226	sp|C0KTJ6|GATDH_CERSP	35.857	251	151	6	3	248	7	252	3.74e-32	121
226	sp|Q99LB2|DHRS4_MOUSE	31.452	248	168	1	5	250	31	278	4.62e-32	121
226	sp|P14697|PHAB_CUPNH	33.469	245	157	3	5	246	1	242	4.82e-32	120
226	sp|Q92GE0|FABG_RICCN	32.231	242	156	2	5	246	4	237	6.90e-32	120
226	sp|P06234|NODG_RHIME	30.612	245	166	2	3	247	2	242	8.01e-32	120
226	sp|Q05528|KDUD_DICD3	31.873	251	165	4	3	250	6	253	9.69e-32	120
226	sp|Q56318|Y019_THEMA	33.071	254	158	4	5	250	2	251	1.10e-31	120
226	sp|C1DMX5|RHAD_AZOVD	35.366	246	151	4	8	246	6	250	1.18e-31	120
226	sp|Q91VT4|CBR4_MOUSE	34.728	239	146	6	8	246	3	231	1.54e-31	119
226	sp|P41177|DHKR_STRVG	35.659	258	144	4	6	246	5	257	1.66e-31	119
226	sp|Q9C826|ABA2_ARATH	35.019	257	153	6	7	249	20	276	1.72e-31	120
226	sp|Q9ZW14|TRNH8_ARATH	34.000	250	161	4	2	248	4	252	2.62e-31	119
226	sp|Q9MYP6|DHB14_BOVIN	34.921	252	152	6	1	246	3	248	3.13e-31	119
226	sp|P37769|KDUD_ECOLI	31.621	253	163	5	3	250	6	253	3.35e-31	118
226	sp|P50160|TS2_MAIZE	34.629	283	147	7	1	248	49	328	4.97e-31	120
226	sp|A0A8I6GJ95|DHB14_RAT	33.203	256	143	6	5	246	7	248	5.78e-31	118
226	sp|P45375|PHAB_ALLVD	35.685	241	152	2	8	246	3	242	6.23e-31	117
226	sp|P70720|FABG_AGGAC	32.636	239	154	5	11	246	6	240	7.62e-31	117
226	sp|Q9ZW18|SAG13_ARATH	34.538	249	160	3	2	248	12	259	7.77e-31	118
226	sp|P9WES5|FOGB_ASPRC	34.263	251	142	6	21	248	18	268	9.04e-31	118
226	sp|Q9LHT0|TRNHF_ARATH	30.830	253	165	5	2	248	6	254	2.06e-30	117
226	sp|P87218|SOU2_CANAL	31.890	254	159	6	3	248	31	278	2.07e-30	117
226	sp|Q56841|HCDS1_XANP2	36.885	244	144	3	12	249	9	248	2.10e-30	116
226	sp|Q9ZW04|TRNH4_ARATH	31.727	249	165	4	2	248	13	258	2.81e-30	116
226	sp|A7B3K3|3AHDP_MEDG7	31.200	250	163	5	1	245	1	246	3.35e-30	115
226	sp|Q4UK62|FABG_RICFE	32.231	242	156	3	5	246	4	237	3.65e-30	115
226	sp|Q9BY49|PECR_HUMAN	31.496	254	157	6	5	246	16	264	4.23e-30	117
226	sp|P0A9P9|IDNO_ECOLI	30.894	246	167	2	3	246	5	249	4.49e-30	115
226	sp|P0A9Q0|IDNO_ECOL6	30.894	246	167	2	3	246	5	249	4.49e-30	115
226	sp|P50204|PHAB_PARDE	35.270	241	148	6	8	246	3	237	5.65e-30	115
226	sp|Q9WVK3|PECR_RAT	31.907	257	152	7	5	246	16	264	7.69e-30	116
226	sp|O31680|YKVO_BACSU	30.769	247	162	4	4	246	3	244	7.70e-30	115
226	sp|I6YCF0|IPDF_MYCTU	36.842	247	133	7	5	238	16	252	8.47e-30	115
226	sp|Q8N4T8|CBR4_HUMAN	33.891	239	149	4	8	246	3	232	8.53e-30	114
226	sp|Q5RCH8|PECR_PONAB	31.765	255	155	8	5	246	16	264	9.10e-30	116
226	sp|Q9ZW20|TRNHD_ARATH	32.000	250	166	4	2	248	13	261	9.47e-30	115
226	sp|Q7TS56|CBR4_RAT	33.473	239	149	5	8	246	3	231	1.11e-29	114
226	sp|Q08632|SDR1_PICAB	35.317	252	148	7	7	246	21	269	1.71e-29	114
226	sp|Q7SHI4|SRDC_NEUCR	34.082	267	142	10	10	248	7	267	1.71e-29	114
226	sp|O49332|TRNHE_ARATH	31.600	250	167	3	2	248	4	252	2.79e-29	114
226	sp|P19871|3BHD_COMTE	34.783	253	149	8	1	244	1	246	2.82e-29	113
226	sp|A0A1A9TAK5|NR_NARPS	32.143	252	163	5	2	248	6	254	3.02e-29	113
226	sp|A0A1C9II22|NR_NARAP	32.143	252	163	5	2	248	6	254	3.02e-29	113
226	sp|O07575|YHDF_BACSU	31.984	247	160	5	4	246	42	284	7.28e-29	113
226	sp|P0AET8|HDHA_ECOLI	32.922	243	160	3	5	246	9	249	8.21e-29	112
226	sp|P0AET9|HDHA_ECO57	32.922	243	160	3	5	246	9	249	8.21e-29	112
226	sp|Q6P0H7|CBR4_DANRE	34.583	240	148	5	8	247	3	233	8.22e-29	112
226	sp|Q9ZW03|TRNH3_ARATH	32.258	248	163	4	2	246	13	258	9.02e-29	112
226	sp|P52037|YGFF_ECOLI	36.735	245	147	7	9	246	3	246	9.22e-29	112
226	sp|G4N290|RED2_PYRO7	34.082	267	147	8	10	248	7	272	1.79e-28	112
226	sp|Q1RKB7|FABG_RICBR	33.471	242	153	3	5	246	4	237	2.51e-28	110
226	sp|Q49117|Y182_METEA	35.223	247	153	4	4	246	3	246	2.62e-28	110
226	sp|Q00791|STCU_EMENI	32.558	258	159	4	2	246	6	261	2.87e-28	111
226	sp|A7DY56|TRN1_COCOF	31.349	252	165	5	2	248	13	261	2.93e-28	111
226	sp|Q13268|DHRS2_HUMAN	32.806	253	156	5	5	250	34	279	3.31e-28	111
226	sp|Q6GDV6|Y2567_STAAR	31.579	228	141	4	5	231	4	217	3.68e-28	110
226	sp|Q9SCU0|SDR2A_ARATH	32.103	271	150	7	5	248	32	295	4.31e-28	111
226	sp|A9CES4|GDH_AGRFC	31.907	257	153	6	5	246	3	252	4.39e-28	110
226	sp|P76633|YGCW_ECOLI	30.000	250	171	4	3	250	14	261	4.45e-28	110
226	sp|Q15SS0|DDGLD_PSEA6	32.540	252	166	3	2	250	4	254	6.89e-28	110
226	sp|Q51576|Y3106_PSEAE	34.783	253	146	6	6	250	9	250	7.05e-28	110
226	sp|P50171|DHB8_MOUSE	34.231	260	149	5	2	246	4	256	8.72e-28	110
226	sp|P9WGP9|SADH_MYCTU	36.224	196	116	3	4	194	3	194	9.89e-28	110
226	sp|P9WGP8|SADH_MYCTO	36.224	196	116	3	4	194	3	194	9.89e-28	110
226	sp|Q5KTS5|GRDH_DAUCA	31.474	251	162	4	4	246	38	286	1.24e-27	110
226	sp|F4IKM1|TRNHB_ARATH	32.271	251	164	6	2	248	4	252	1.25e-27	110
226	sp|Q9ZW19|TRNHC_ARATH	30.400	250	170	3	2	248	13	261	1.27e-27	109
226	sp|Q9BPX1|DHB14_HUMAN	31.579	228	144	4	25	246	27	248	1.42e-27	109
226	sp|Q68ER2|CBR4_XENTR	30.544	239	156	5	8	246	3	231	1.58e-27	108
226	sp|Q8NUV9|Y2403_STAAW	31.304	230	143	4	5	233	4	219	1.60e-27	108
226	sp|Q6G6J1|Y2370_STAAS	31.304	230	143	4	5	233	4	219	1.60e-27	108
226	sp|A4IFA7|CBR4_BOVIN	31.799	239	154	4	8	246	3	232	1.84e-27	108
226	sp|T2KLZ8|PLH6_FORAG	30.116	259	160	4	3	249	6	255	2.16e-27	108
226	sp|Q2FVD5|Y2778_STAA8	31.579	228	141	4	5	231	4	217	2.37e-27	108
226	sp|Q5HD73|Y2488_STAAC	31.579	228	141	4	5	231	4	217	2.37e-27	108
226	sp|Q2FE21|Y2422_STAA3	31.579	228	141	4	5	231	4	217	2.37e-27	108
226	sp|Q9ZW16|TRNHA_ARATH	31.200	250	168	4	2	248	4	252	2.47e-27	108
226	sp|A7IQF2|HCDS2_XANP2	39.080	174	99	3	82	249	57	229	3.01e-27	107
226	sp|Q9RA05|LIMC_RHOER	32.852	277	150	5	6	250	5	277	3.03e-27	108
226	sp|Q5P5I4|PED_AROAE	31.048	248	166	3	1	246	1	245	3.51e-27	108
226	sp|Q1NEJ0|RHAD_SPHSS	34.146	246	157	4	5	246	4	248	3.60e-27	108
226	sp|O74470|YQC8_SCHPO	31.325	249	164	4	3	249	17	260	3.64e-27	108
226	sp|Q8P3K4|FUCDH_XANCP	33.333	252	151	6	5	248	57	299	3.80e-27	109
226	sp|A0A3Q8GYY4|NEPS2_NEPRA	32.558	258	157	6	2	246	4	257	4.44e-27	108
226	sp|P55575|Y4MP_SINFN	33.068	251	157	6	5	247	3	250	4.58e-27	107
226	sp|H9BFQ0|TPRL1_ERYCB	32.540	252	158	6	5	248	11	258	5.36e-27	108
226	sp|P00335|RIDH_KLEAE	32.627	236	148	4	1	234	8	234	6.06e-27	107
226	sp|Q92EK7|Y452_LISIN	31.034	232	153	5	4	231	2	230	6.25e-27	107
226	sp|E9ET40|ARP2_METRA	33.074	257	156	4	4	246	10	264	9.35e-27	107
226	sp|Q9XT00|DHB8_PIG	34.252	254	157	4	2	246	4	256	1.14e-26	107
226	sp|A0A0B4GU97|ARP2_METGA	33.074	257	156	4	4	246	10	264	1.20e-26	107
226	sp|O34717|FADH_BACSU	33.468	248	151	7	8	246	4	246	1.20e-26	106
226	sp|Q99RF5|Y2478_STAAM	31.579	228	141	4	5	231	4	217	1.23e-26	106
226	sp|Q7A3L9|Y2266_STAAN	31.579	228	141	4	5	231	4	217	1.23e-26	106
226	sp|Q5HLD8|Y2049_STAEQ	33.333	192	124	2	8	199	7	194	1.30e-26	106
226	sp|Q8CN40|Y2036_STAES	33.333	192	124	2	8	199	7	194	1.30e-26	106
226	sp|P80873|GS39_BACSU	30.488	246	165	4	4	246	39	281	1.83e-26	107
226	sp|Q9ZW15|TRNH9_ARATH	32.271	251	163	6	3	248	11	259	2.03e-26	106
226	sp|P25145|Y432_LISMO	30.603	232	154	5	4	231	2	230	2.07e-26	105
226	sp|Q42182|TRNH7_ARATH	32.540	252	163	5	2	248	4	253	2.26e-26	106
226	sp|P50161|AFLM_ASPPU	31.907	257	160	4	3	246	5	259	2.91e-26	105
226	sp|A0A0B4GT47|ARP2_METAF	32.296	257	158	4	4	246	10	264	3.61e-26	105
226	sp|A0A0B4HVU2|ARP2_METMF	32.685	257	157	4	4	246	10	264	3.77e-26	105
226	sp|Q92RN6|GALD_RHIME	30.992	242	163	3	8	246	14	254	3.86e-26	105
226	sp|A0QYC2|DTHD_MYCS2	35.433	254	156	3	1	250	11	260	3.90e-26	105
226	sp|W6QDA7|ANUF_PENRF	31.439	264	156	7	9	248	8	270	4.06e-26	105
226	sp|A0A0B4FP77|ARP2_METBS	32.296	257	158	4	4	246	10	264	4.22e-26	105
226	sp|E9EHG1|ARP2_METAQ	32.692	260	153	5	4	246	10	264	4.27e-26	105
226	sp|H9BFQ1|TPRL2_ERYCB	30.315	254	164	4	5	248	11	261	5.50e-26	105
226	sp|Q9ZW13|TRNH6_ARATH	31.600	250	167	4	2	248	4	252	5.62e-26	105
226	sp|Q99MZ7|PECR_MOUSE	31.950	241	141	7	21	246	32	264	5.99e-26	106
226	sp|W3XC32|PFMAI_PESFW	30.859	256	160	5	4	245	26	278	6.78e-26	105
226	sp|Q6NV34|DECR2_DANRE	32.927	246	160	4	5	246	33	277	7.60e-26	105
226	sp|F4J2Z7|SDR4_ARATH	31.641	256	163	5	1	248	40	291	9.40e-26	105
226	sp|A0A3Q8GLE8|NEPS3_NEPRA	33.725	255	157	8	1	246	8	259	9.62e-26	104
226	sp|Q8VCC1|PGDH_MOUSE	33.990	203	118	4	6	201	4	197	1.00e-25	104
226	sp|O80714|SDR3C_ARATH	30.924	249	164	5	5	248	6	251	1.76e-25	103
226	sp|A0A1V0QSC6|ERIH_HERER	34.538	249	146	6	9	246	6	248	1.90e-25	103
226	sp|P05406|FIXR_BRADU	33.065	248	148	7	8	246	37	275	2.04e-25	103
226	sp|Q561X9|DHRS6_DANRE	30.830	253	152	8	5	247	4	243	2.06e-25	103
226	sp|P16542|DHK1_STRVN	33.906	233	140	3	9	228	19	250	3.50e-25	103
226	sp|Q4A054|Y0419_STAS1	32.627	236	137	6	4	233	3	222	3.54e-25	102
226	sp|A0A8F5SIS3|BDH1_SALOF	30.800	250	163	4	5	248	11	256	4.19e-25	102
226	sp|M2WJF1|VER1_DOTSN	31.579	266	149	5	3	246	6	260	4.55e-25	102
226	sp|Q8TFD5|VER1_DOTSE	31.579	266	149	5	3	246	6	260	4.55e-25	102
226	sp|Q9NUI1|DECR2_HUMAN	34.156	243	155	4	8	246	29	270	8.28e-25	102
226	sp|F4J300|SDR5_ARATH	30.120	249	167	4	5	248	6	252	8.45e-25	102
226	sp|P27582|FABG6_BRANA	32.418	182	106	2	66	246	33	198	9.84e-25	100
226	sp|P33368|YOHF_ECOLI	30.328	244	163	5	8	247	3	243	1.11e-24	101
226	sp|P15428|PGDH_HUMAN	33.990	203	118	4	6	201	4	197	1.27e-24	101
226	sp|Q3T0C2|PGDH_BOVIN	33.498	203	119	4	6	201	4	197	1.31e-24	101
226	sp|Q8MJY8|PGDH_MACFA	33.990	203	118	4	6	201	4	197	1.40e-24	101
226	sp|P70684|PGDH_CAVPO	34.300	207	112	6	6	201	4	197	1.51e-24	101
226	sp|Q5RBV3|DECR2_PONAB	33.745	243	156	4	8	246	29	270	1.62e-24	102
226	sp|O80713|SDR3A_ARATH	30.279	251	164	5	5	248	6	252	2.51e-24	100
226	sp|Q988B7|PLDH_RHILO	33.071	254	152	6	1	246	1	244	2.66e-24	100
226	sp|Q9Y6Z9|SOU1_SCHPO	30.159	252	171	4	3	250	5	255	5.21e-24	99.8
226	sp|P9WGT3|MABA_MYCTU	31.818	242	153	3	5	246	13	242	6.13e-24	99.4
226	sp|P9WGT2|MABA_MYCTO	31.818	242	153	3	5	246	13	242	6.13e-24	99.4
226	sp|P0A5Y5|MABA_MYCBO	31.818	242	153	3	5	246	13	242	6.13e-24	99.4
226	sp|F9XMW6|T4HR_ZYMTI	32.296	257	153	6	5	245	12	263	7.23e-24	99.8
226	sp|M1VVW5|EASD_CLAP2	33.603	247	144	8	4	233	3	246	8.71e-24	99.4
226	sp|Q46381|BPHB_COMTE	31.679	262	159	7	4	250	2	258	1.09e-23	99.8
226	sp|A0A162J3X8|CITE_MONRU	32.927	246	147	5	7	244	32	267	1.16e-23	99.8
226	sp|A0A144Y7G4|CITE_MONPU	32.927	246	147	5	7	244	32	267	1.16e-23	99.8
226	sp|P50203|PHAB_ACISR	32.231	242	159	3	8	246	5	244	1.29e-23	98.6
226	sp|P71534|MABA_MYCS2	32.510	243	152	2	4	246	20	250	1.32e-23	99.0
226	sp|A8C7R7|EASD_CLAFS	34.818	247	141	8	4	233	3	246	1.36e-23	99.0
226	sp|Q4L8Y1|Y0585_STAHJ	30.263	228	146	3	4	231	3	217	2.17e-23	97.8
226	sp|Q8NK50|NMTDH_HYPJR	31.518	257	162	7	3	250	15	266	4.10e-23	97.8
226	sp|A3LZU7|RM1DH_PICST	31.727	249	162	4	5	246	5	252	5.40e-23	97.4
226	sp|Q9JIF5|PECR_CAVPO	32.031	256	156	7	5	248	16	265	6.35e-23	97.8
226	sp|Q01373|FOX2_NEUCR	36.066	183	111	3	5	187	312	488	1.26e-22	99.8
226	sp|A0A411PQN6|AGN6_PAEDI	33.208	265	150	7	1	246	10	266	1.64e-22	96.3
226	sp|W6QIM3|IFGE_PENRF	32.946	258	147	7	4	241	3	254	1.75e-22	95.9
226	sp|Q6PKH6|DR4L2_HUMAN	31.868	182	124	0	5	186	30	211	2.05e-22	95.1
226	sp|G9N4B1|VIRB_HYPVG	30.888	259	138	8	10	248	7	244	2.11e-22	95.5
226	sp|P0DX40|CLADH_LACPN	31.250	192	128	3	4	192	3	193	2.15e-22	96.3
226	sp|A0A067FT93|SDR_CITSI	30.435	253	160	7	5	248	13	258	2.75e-22	95.5
226	sp|O94207|EASD_CLAPU	32.653	245	149	7	4	233	3	246	3.51e-22	95.1
226	sp|B0ZT44|RDT1_ELSFA	32.296	257	153	6	5	245	12	263	3.72e-22	95.1
226	sp|A0A7T8F1N2|FRZI_CLASX	33.463	257	149	8	4	246	6	254	3.92e-22	95.1
226	sp|C5FTN0|EASD_ARTOC	31.907	257	154	9	4	241	3	257	6.55e-22	94.4
226	sp|Q7FAE1|MOMAS_ORYSJ	34.661	251	151	5	7	248	17	263	6.91e-22	94.7
226	sp|P9WGR5|Y484_MYCTU	40.000	185	102	3	8	192	9	184	7.96e-22	94.0
226	sp|P9WGR4|Y484_MYCTO	40.000	185	102	3	8	192	9	184	7.96e-22	94.0
226	sp|P22414|FOX2_CANTR	32.609	184	119	3	4	187	319	497	1.09e-21	97.1
226	sp|P22414|FOX2_CANTR	31.064	235	139	4	5	230	6	226	1.32e-18	88.2
226	sp|P71079|FABL_BACSU	30.800	250	161	6	6	248	3	247	1.79e-21	93.2
226	sp|P0C0Y5|NMTDH_DAVTA	31.518	257	164	7	2	250	15	267	1.84e-21	93.2
226	sp|Q8JIS3|DER_CHICK	31.873	251	153	8	3	247	5	243	1.98e-21	92.8
226	sp|A0A2I1C3T5|NSRJ_ASPN1	31.907	257	156	5	5	246	10	262	2.02e-21	93.2
226	sp|Q9ZNN8|BUDC_CORGT	31.225	253	159	4	8	246	3	254	2.66e-21	92.8
226	sp|O18404|HCD2_DROME	34.335	233	130	6	9	225	6	231	2.71e-21	92.8
226	sp|Q4WZ66|EASD_ASPFU	32.271	251	142	7	4	233	3	246	2.86e-21	92.8
226	sp|D3J0Z1|CHADH_ASPFM	32.271	251	142	7	4	233	3	246	2.86e-21	92.8
226	sp|Q5C9I9|ISPD_MENPI	32.422	256	153	9	4	246	6	254	2.98e-21	92.8
226	sp|A0A0H3KNE7|LFUCD_BURM1	38.265	196	106	7	61	248	63	251	3.82e-21	92.4
226	sp|O07399|MABA_MYCAV	31.276	243	155	3	4	246	20	250	4.49e-21	92.0
226	sp|O13908|YF3H_SCHPO	30.242	248	166	4	4	249	18	260	5.16e-21	92.0
226	sp|P16543|DHK2_STRVN	31.855	248	147	8	9	246	10	245	5.95e-21	91.7
226	sp|O08699|PGDH_RAT	34.314	204	116	5	6	201	4	197	9.04e-21	91.7
226	sp|Q29529|CBR2_PIG	32.283	254	156	7	1	249	1	243	9.88e-21	90.9
226	sp|Q16698|DECR_HUMAN	31.452	248	164	5	4	246	56	302	1.13e-20	92.4
226	sp|Q9GME3|DHB8_CALJA	39.695	131	78	1	109	238	2	132	1.18e-20	87.8
226	sp|Q12634|T4HR_PYRO7	30.233	258	162	6	4	246	26	280	1.22e-20	91.3
226	sp|P22441|DHMA_FLAS1	33.588	262	143	6	5	249	13	260	1.33e-20	91.3
226	sp|Q9Z2M4|DECR2_RAT	33.333	243	157	4	8	246	29	270	1.60e-20	91.3
226	sp|Q9WV68|DECR2_MOUSE	33.333	246	153	5	8	246	29	270	1.89e-20	91.3
226	sp|P50206|BPHB_PSES1	31.179	263	159	8	4	250	2	258	2.86e-20	90.5
226	sp|O02691|HCD2_BOVIN	32.558	258	149	8	4	245	7	255	4.82e-20	89.4
226	sp|Q1JP75|DCXR_BOVIN	32.157	255	155	8	1	249	1	243	5.21e-20	89.0
226	sp|O70351|HCD2_RAT	30.739	257	155	8	4	245	7	255	5.23e-20	89.4
226	sp|A3F5F0|SDH_SINHE	32.400	250	157	6	8	248	17	263	6.11e-20	89.4
226	sp|P07772|BEND_ACIAD	30.588	255	161	5	5	246	7	258	6.42e-20	89.0
226	sp|P72220|BPHB_PSEPU	30.627	271	150	9	4	250	2	258	8.87e-20	89.0
226	sp|Q9NKW1|MFEA_DICDI	31.579	247	146	4	1	238	1	233	1.51e-19	90.1
226	sp|P9WGQ5|Y927C_MYCTU	32.950	261	148	8	2	248	5	252	1.52e-19	88.2
226	sp|P9WGQ4|Y927C_MYCTO	32.950	261	148	8	2	248	5	252	1.52e-19	88.2
226	sp|Q94KL8|SILD_PODPE	32.000	250	158	6	8	248	17	263	1.56e-19	88.2
226	sp|P39071|DHBA_BACSU	30.739	257	161	5	5	248	6	258	1.70e-19	87.8
226	sp|A0A1L9WLH9|AACUN_ASPA1	31.128	257	162	4	3	246	8	262	2.11e-19	87.8
226	sp|Q99714|HCD2_HUMAN	32.171	258	150	8	4	245	7	255	2.24e-19	87.4
226	sp|A0A4P8DJW8|DMR18_CRYX8	30.350	257	164	4	3	246	8	262	2.33e-19	87.8
226	sp|Q02207|FOX2_YEAST	31.667	240	140	6	4	233	6	231	3.07e-19	90.1
226	sp|P96825|Y0148_MYCTU	31.330	233	140	3	8	231	7	228	3.49e-19	87.4
226	sp|P51659|DHB4_HUMAN	35.417	192	111	3	5	187	7	194	3.90e-19	89.7
226	sp|Q9VXJ0|DHB4_DROME	36.410	195	111	5	2	187	7	197	4.48e-19	89.4
226	sp|Q6TMA3|CHNA_RHOS6	31.955	266	155	6	5	248	7	268	5.94e-19	86.7
226	sp|P54795|MOAE_KLEAE	36.301	146	79	3	113	246	102	245	7.40e-19	86.3
226	sp|P47227|BPHB_PARXL	30.258	271	151	9	4	250	2	258	8.03e-19	86.3
226	sp|P9WEQ5|OLCF_PENCN	30.682	264	159	7	1	248	1	256	1.00e-18	85.9
226	sp|B6HV34|ADRF_PENRW	30.952	252	156	5	9	248	8	253	1.12e-18	85.5
226	sp|I6Y778|FABG4_MYCTU	30.364	247	149	6	2	238	208	441	1.17e-18	87.8
226	sp|P15047|ENTA_ECOLI	30.315	254	156	5	5	248	3	245	1.40e-18	85.1
226	sp|Q91XV4|DCXR_MESAU	32.016	253	154	8	1	247	1	241	1.45e-18	85.1
226	sp|E9QUT3|ARP2_ASPFU	31.873	251	148	5	5	238	10	254	2.01e-18	85.1
226	sp|P95727|CHCA_STRCU	30.924	249	158	6	8	248	14	256	2.54e-18	85.1
226	sp|O08756|HCD2_MOUSE	30.888	259	152	8	4	245	7	255	3.44e-18	84.3
226	sp|P51660|DHB4_MOUSE	34.375	192	113	3	5	187	7	194	5.27e-18	86.3
226	sp|A0A223HDI5|NMTDH_AURME	30.040	253	169	6	4	250	16	266	8.22e-18	83.6
226	sp|Q9SY73|PTALR_ARATH	31.944	216	135	4	1	206	3	216	9.90e-18	82.8
226	sp|Q7Z4W1|DCXR_HUMAN	31.373	255	157	8	1	249	1	243	1.03e-17	82.8
226	sp|D4AK45|EASD_ARTBC	30.041	243	143	8	4	233	3	231	1.15e-17	82.8
226	sp|P0CU75|CLAC_PASFU	30.620	258	158	6	5	246	13	265	1.47e-17	82.8
226	sp|A6SSW9|BOA17_BOTFB	32.796	186	120	3	8	192	3	184	1.70e-17	82.8
226	sp|O32291|YXNA_BACSU	30.131	229	142	6	8	227	32	251	1.70e-17	84.0
226	sp|P14802|YOXD_BACSU	35.938	192	117	3	1	190	1	188	3.49e-17	81.3
226	sp|P97852|DHB4_RAT	33.854	192	114	3	5	187	7	194	5.72e-17	83.2
226	sp|Q6F7B8|ACR1_ACIAD	30.256	195	127	5	6	195	14	204	5.77e-17	81.6
226	sp|Q920P0|DCXR_RAT	31.373	255	157	8	1	249	1	243	7.04e-17	80.5
226	sp|G0RNA2|LXR4_HYPJQ	31.000	300	151	13	1	246	1	298	8.49e-17	81.3
226	sp|Q91X52|DCXR_MOUSE	30.588	255	159	7	1	249	1	243	1.54e-16	79.7
226	sp|P9WGQ7|Y1144_MYCTU	35.242	227	119	9	9	220	7	220	1.85e-16	79.3
226	sp|P9WGQ6|Y1144_MYCTO	35.242	227	119	9	9	220	7	220	1.85e-16	79.3
226	sp|P13859|TODD_PSEP1	30.916	262	160	6	5	250	3	259	7.23e-16	78.2
226	sp|P08088|BNZE_PSEPU	30.916	262	160	6	5	250	3	259	7.23e-16	78.2
226	sp|Q920N9|DCXR_CAVPO	30.588	255	159	7	1	249	1	243	9.37e-16	77.4
226	sp|D2WKD9|SDR1_AEDAE	33.051	236	131	8	5	221	4	231	1.04e-15	77.4
226	sp|D4D446|EASD_TRIVH	30.400	250	148	10	6	233	5	250	1.44e-15	77.4
226	sp|P9WGQ3|Y1714_MYCTU	30.526	190	123	6	68	249	81	269	1.65e-15	77.0
226	sp|P9WGQ2|Y1714_MYCTO	30.526	190	123	6	68	249	81	269	1.65e-15	77.0
226	sp|O53547|CHSB1_MYCTU	33.858	254	149	6	5	245	18	265	1.73e-15	77.8
226	sp|O69264|TECB_CUPXP	30.303	264	161	7	4	250	2	259	2.53e-15	76.6
226	sp|P40747|YUXG_BACSU	32.075	265	158	9	4	249	424	685	4.06e-15	77.8
226	sp|P0AG84|YGHA_ECOLI	30.126	239	153	4	5	235	47	279	7.17e-15	75.9
226	sp|P0AG85|YGHA_ECO57	30.126	239	153	4	5	235	47	279	7.17e-15	75.9
226	sp|Q23116|DEC12_CAEEL	30.980	255	159	10	4	246	22	271	7.60e-15	75.9
226	sp|Q22230|DECR_CAEEL	30.233	258	157	9	4	246	22	271	8.56e-15	75.9
226	sp|P39333|BDCA_ECOLI	31.274	259	141	10	4	249	3	237	1.93e-14	73.6
226	sp|P25970|Y5909_MYXXD	30.412	194	128	2	4	194	3	192	2.67e-14	73.6
226	sp|E3VWK2|PENF_STREX	32.653	196	130	2	5	198	3	198	4.81e-14	73.2
227	sp|Q6N143|ACKA_RHOPA	44.612	399	208	5	16	408	4	395	3.83e-103	314
227	sp|B3QA57|ACKA_RHOPT	44.361	399	209	5	16	408	4	395	5.21e-102	311
227	sp|Q4UNB0|ACKA_RICFE	39.801	402	212	5	16	407	4	385	4.90e-96	295
227	sp|P58382|ACKA_RHIME	45.202	396	202	7	17	407	4	389	6.16e-96	295
227	sp|A8GM71|ACKA_RICAH	40.152	396	219	5	16	407	4	385	1.26e-95	294
227	sp|Q1QPW6|ACKA_NITHX	43.860	399	194	8	17	402	4	385	3.79e-94	291
227	sp|Q68XX8|ACKA_RICTY	36.816	402	224	4	16	407	4	385	8.35e-94	290
227	sp|B8EIS2|ACKA_METSB	42.432	403	215	5	17	409	5	400	7.68e-91	283
227	sp|Q9ZE38|ACKA_RICPR	37.221	403	221	5	16	407	4	385	2.65e-90	281
227	sp|A0Q0Z5|ACKA_CLONN	37.346	407	237	8	17	413	3	401	5.11e-86	270
227	sp|Q9X449|ACKA_RHIML	42.250	400	207	7	17	407	4	388	3.04e-83	263
227	sp|B5YDP7|ACKA_DICT6	39.268	410	220	10	17	410	3	399	3.48e-83	263
227	sp|C1FSN0|ACKA_CLOBJ	40.102	394	218	9	17	400	3	388	3.81e-83	263
227	sp|C3L0F7|ACKA_CLOB6	40.102	394	218	9	17	400	3	388	4.94e-83	262
227	sp|B2J068|ACKA_NOSP7	38.929	411	221	8	17	407	3	403	7.90e-83	262
227	sp|B2V4D1|ACKA_CLOBA	38.614	404	223	10	17	405	3	396	1.19e-82	261
227	sp|B1KWP9|ACKA_CLOBM	39.848	394	219	9	17	400	3	388	1.25e-82	261
227	sp|Q73P66|ACKA_TREDE	37.437	398	234	7	17	405	3	394	1.30e-82	261
227	sp|O52594|ACKA_ACET2	37.280	397	234	7	17	404	3	393	1.47e-82	261
227	sp|A5I4N7|ACKA_CLOBH	39.848	394	219	9	17	400	3	388	2.40e-82	261
227	sp|A7FW24|ACKA_CLOB1	39.848	394	219	9	17	400	3	388	2.40e-82	261
227	sp|B1II90|ACKA_CLOBK	39.848	394	219	9	17	400	3	388	2.43e-82	261
227	sp|B7K4D0|ACKA_RIPO1	37.255	408	235	8	17	409	3	404	6.26e-82	260
227	sp|B8CWV8|ACKA_HALOH	38.325	394	226	7	17	400	3	389	7.49e-82	259
227	sp|B0JMT8|ACKA_MICAN	39.141	396	224	8	17	400	3	393	1.72e-81	258
227	sp|B8E191|ACKA_DICTD	38.142	409	232	9	17	413	3	402	1.93e-81	258
227	sp|B9MJT3|ACKA_CALBD	36.829	410	229	9	17	409	3	399	2.01e-81	258
227	sp|A4XL40|ACKA_CALS8	36.946	406	234	8	17	409	3	399	2.26e-81	258
227	sp|A8F3X9|ACKA_PSELT	38.422	393	226	9	17	400	3	388	2.66e-81	258
227	sp|A7GG48|ACKA_CLOBL	39.594	394	220	9	17	400	3	388	3.46e-81	258
227	sp|A6LSL7|ACKA_CLOB8	37.653	409	225	11	17	407	3	399	3.51e-81	258
227	sp|A9VKE9|ACKA_BACMK	38.557	402	227	9	17	408	4	395	9.32e-81	256
227	sp|A5N802|ACKA_CLOK5	37.879	396	225	8	17	400	3	389	1.95e-80	256
227	sp|B2TJ17|ACKA_CLOBB	37.531	405	226	8	17	405	3	396	3.49e-80	255
227	sp|Q59331|ACKA_THETC	36.543	405	236	7	17	412	3	395	1.89e-79	253
227	sp|Q9JTM0|ACKA1_NEIMA	38.931	393	224	9	16	400	5	389	2.15e-79	253
227	sp|Q8A1G8|ACKA_BACTN	36.779	416	221	9	17	409	3	399	4.12e-79	252
227	sp|A6KXS0|ACKA_PHOV8	37.349	415	219	9	17	409	3	398	4.22e-79	252
227	sp|B2A8I5|ACKA_NATTJ	36.725	403	238	8	17	409	3	398	7.38e-79	252
227	sp|Q9JYM1|ACKA1_NEIMB	38.931	393	224	9	16	400	5	389	8.49e-79	251
227	sp|Q895N2|ACKA_CLOTE	37.594	399	222	8	17	400	3	389	1.18e-78	251
227	sp|Q817C0|ACKA_BACCR	38.060	402	229	9	17	408	4	395	1.23e-78	251
227	sp|A7GTR9|ACKA_BACCN	38.071	394	224	9	17	400	4	387	1.49e-78	251
227	sp|Q8YU00|ACKA_NOSS1	38.406	414	223	9	17	409	3	405	1.89e-78	251
227	sp|Q6MBG3|ACKA_PARUW	36.908	401	232	9	17	408	4	392	3.70e-78	250
227	sp|Q3MFX2|ACKA_TRIV2	38.072	415	223	9	17	409	3	405	3.72e-78	250
227	sp|Q633F8|ACKA_BACCZ	37.688	398	228	9	17	404	4	391	9.25e-78	249
227	sp|Q72Z96|ACKA_BACC1	37.688	398	228	9	17	404	4	391	9.25e-78	249
227	sp|Q6HCP0|ACKA_BACHK	37.688	398	228	9	17	404	4	391	1.47e-77	248
227	sp|Q81KV0|ACKA_BACAN	37.688	398	228	9	17	404	4	391	1.60e-77	248
227	sp|A1JIM9|TDCD_YERE8	40.355	394	219	7	17	404	7	390	3.11e-77	248
227	sp|B0K9Y6|ACKA_THEP3	38.424	406	212	9	17	401	3	391	7.32e-77	246
227	sp|Q8XJN2|ACKA2_CLOPE	36.700	406	234	10	17	409	3	398	8.15e-77	246
227	sp|A5EVU0|ACKA_DICNV	39.186	393	219	8	16	400	3	383	2.27e-76	245
227	sp|A6TRU6|ACKA_ALKMQ	38.000	400	233	7	17	407	3	396	3.14e-76	245
227	sp|B5Y7W0|ACKA_COPPD	39.241	395	221	8	17	400	3	389	3.20e-76	245
227	sp|Q8R9V4|ACKA_CALS4	39.186	393	227	6	17	401	3	391	4.16e-76	244
227	sp|B6YQE9|ACKA_AZOPC	37.226	411	221	10	17	407	3	396	8.05e-76	244
227	sp|B7KGG9|ACKA_GLOC7	37.438	406	239	6	17	410	3	405	8.41e-76	244
227	sp|Q67L76|ACKA_SYMTH	39.086	394	222	7	17	400	3	388	1.21e-75	243
227	sp|B7IDH3|ACKA_THEAB	37.871	404	235	9	16	409	2	399	1.97e-75	243
227	sp|B0TGV2|ACKA_HELMI	37.405	393	232	7	16	400	2	388	2.68e-75	243
227	sp|P11868|TDCD_ECOLI	37.940	398	225	7	16	404	6	390	3.08e-75	243
227	sp|B3EB76|ACKA_TRIL1	36.473	414	227	8	16	408	2	400	3.20e-75	243
227	sp|A6LMG9|ACKA_THEM4	36.700	406	237	10	16	409	2	399	3.96e-75	242
227	sp|D2TPS5|PDUW_CITRI	37.949	390	228	7	17	400	5	386	4.15e-75	242
227	sp|Q8XAF1|TDCD_ECO57	38.287	397	225	7	16	404	6	390	4.30e-75	242
227	sp|Q18B36|ACKA_CLOD6	37.500	400	230	8	17	404	3	394	4.37e-75	242
227	sp|Q7VGL3|ACKA_HELHP	36.802	394	232	8	17	400	3	389	5.95e-75	242
227	sp|P59244|TDCD_ECOL6	37.688	398	226	7	16	404	6	390	1.14e-74	241
227	sp|Q7NLW9|ACKA_GLOVI	39.904	416	214	11	17	409	3	405	1.60e-74	241
227	sp|B8HVB6|ACKA_CYAP4	38.177	406	216	9	17	400	3	395	2.46e-74	240
227	sp|A9KNV3|ACKA_LACP7	36.896	393	226	8	17	397	3	385	2.59e-74	240
227	sp|A7HL30|ACKA_FERNB	37.284	405	234	11	17	409	3	399	2.70e-74	240
227	sp|Q7MVI0|ACKA_PORGI	35.194	412	229	8	17	407	3	397	4.20e-74	239
227	sp|B2RK02|ACKA_PORG3	35.194	412	229	8	17	407	3	397	4.20e-74	239
227	sp|Q8RED7|ACKA_FUSNN	36.294	394	235	7	17	400	3	390	4.52e-74	239
227	sp|P37877|ACKA_BACSU	36.990	392	231	7	17	400	4	387	4.68e-74	239
227	sp|B5XUR6|PDUW_KLEP3	38.987	395	217	9	17	400	5	386	5.95e-74	239
227	sp|A1RIH0|ACKA_SHESW	36.430	409	233	10	16	410	5	400	7.75e-74	239
227	sp|A4Y819|ACKA_SHEPC	36.430	409	233	10	16	410	5	400	7.75e-74	239
227	sp|A6TDE9|PDUW_KLEP7	38.987	395	217	9	17	400	5	386	7.95e-74	239
227	sp|B8I447|ACKA_RUMCH	36.386	415	223	11	17	413	3	394	9.11e-74	238
227	sp|Q3AC47|ACKA_CARHZ	35.661	401	234	9	17	404	3	392	1.14e-73	238
227	sp|A4J6A8|ACKA_DESRM	36.548	394	235	7	16	400	2	389	1.21e-73	238
227	sp|C5D683|ACKA_GEOSW	38.228	395	222	10	17	400	4	387	1.26e-73	238
227	sp|A3QFL1|ACKA_SHELP	37.500	400	235	9	16	407	5	397	4.68e-73	237
227	sp|B8FRT2|ACKA_DESHD	36.855	407	232	9	17	409	3	398	7.07e-73	236
227	sp|Q65G65|ACKA_BACLD	36.776	397	225	9	17	400	4	387	8.36e-73	236
227	sp|O06961|TDCD_SALTY	38.636	396	225	8	16	404	6	390	1.02e-72	236
227	sp|C9XHG0|TDCD_SALTD	38.636	396	225	8	16	404	6	390	1.02e-72	236
227	sp|Q24U35|ACKA_DESHY	36.855	407	232	9	17	409	3	398	1.06e-72	236
227	sp|A0KVG7|ACKA_SHESA	36.275	408	233	10	16	409	5	399	1.13e-72	236
227	sp|Q8ED55|ACKA_SHEON	36.275	408	233	10	16	409	5	399	1.21e-72	236
227	sp|C4Z917|ACKA_AGARV	35.768	397	226	9	17	397	3	386	1.51e-72	235
227	sp|C4LFE6|PDUW_TOLAT	36.735	392	230	7	17	400	5	386	1.87e-72	235
227	sp|Q9WYB1|ACKA_THEMA	36.634	404	239	8	17	409	3	400	2.01e-72	235
227	sp|Q0HWE9|ACKA_SHESR	36.275	408	233	10	16	409	5	399	2.13e-72	235
227	sp|Q0HK48|ACKA_SHESM	36.275	408	233	10	16	409	5	399	2.13e-72	235
227	sp|Q1J2C9|ACKA_DEIGD	39.642	391	217	8	18	400	4	383	2.39e-72	235
227	sp|A7Z7M2|ACKA_BACVZ	36.735	392	232	7	17	400	4	387	2.39e-72	235
227	sp|B5F6P9|TDCD_SALA4	38.636	396	225	8	16	404	6	390	2.87e-72	235
227	sp|Q2JLQ2|ACKA_SYNJB	42.138	318	175	5	97	410	91	403	3.81e-72	234
227	sp|Q8Z3K5|TDCD_SALTI	38.228	395	228	7	16	404	6	390	4.13e-72	234
227	sp|A6QBT0|ACKA_SULNB	37.340	391	224	8	17	397	3	382	5.78e-72	234
227	sp|A8H356|ACKA_SHEPA	37.313	402	237	9	14	407	3	397	5.98e-72	234
227	sp|Q5KW66|ACKA_GEOKA	37.280	397	223	10	17	400	4	387	6.58e-72	234
227	sp|Q64Z48|ACKA_BACFR	35.484	403	243	7	17	409	3	398	8.07e-72	233
227	sp|Q5LI41|ACKA_BACFN	35.484	403	243	7	17	409	3	398	8.07e-72	233
227	sp|A5IKE7|ACKA_THEP1	36.386	404	240	8	17	409	3	400	8.42e-72	234
227	sp|B1L9M9|ACKA_THESQ	36.386	404	240	8	17	409	3	400	1.08e-71	233
227	sp|A9L605|ACKA_SHEB9	35.149	404	247	8	14	409	3	399	1.34e-71	233
227	sp|A6WPT9|ACKA_SHEB8	35.149	404	247	8	14	409	3	399	1.34e-71	233
227	sp|A3D600|ACKA_SHEB5	35.149	404	247	8	14	409	3	399	1.34e-71	233
227	sp|B8EEJ1|ACKA_SHEB2	35.149	404	247	8	14	409	3	399	1.34e-71	233
227	sp|P71104|ACKA_CLOAB	35.176	398	232	9	18	400	4	390	1.67e-71	233
227	sp|Q2JRF6|ACKA_SYNJA	37.990	408	232	9	17	410	3	403	1.72e-71	233
227	sp|Q9ZKU5|ACKA_HELPJ	36.058	416	230	8	17	412	3	402	2.94e-71	232
227	sp|C0Q1L8|PDUW_SALPC	36.181	398	232	10	17	404	5	390	2.96e-71	232
227	sp|Q8Y6V0|ACKA1_LISMO	38.520	392	223	9	18	400	5	387	3.95e-71	232
227	sp|Q71Z86|ACKA2_LISMF	38.520	392	223	9	18	400	5	387	4.00e-71	232
227	sp|Q92BD4|ACKA1_LISIN	38.520	392	223	9	18	400	5	387	4.35e-71	231
227	sp|A1S5P6|ACKA_SHEAM	36.228	403	240	9	16	409	5	399	4.50e-71	231
227	sp|P74879|PDUW_SALTY	35.930	398	233	10	17	404	5	390	5.28e-71	231
227	sp|A8AQ07|TDCD_CITK8	38.000	400	222	9	16	404	6	390	9.60e-71	231
227	sp|Q9JT07|ACKA2_NEIMA	38.875	391	227	7	16	400	5	389	9.83e-71	231
227	sp|Q0AYW5|ACKA_SYNWW	35.930	398	240	7	17	405	3	394	1.18e-70	230
227	sp|B7GGR2|ACKA_ANOFW	36.962	395	227	10	17	400	4	387	1.38e-70	230
227	sp|Q9K0X1|ACKA2_NEIMB	38.107	391	230	7	16	400	5	389	1.51e-70	230
227	sp|B7LTX5|PDUW_ESCF3	36.504	389	235	6	17	400	5	386	1.83e-70	230
227	sp|Q49YE2|ACKA_STAS1	36.973	403	235	11	16	408	4	397	1.95e-70	230
227	sp|Q9K815|ACKA_HALH5	37.310	394	225	10	18	400	1	383	2.02e-70	229
227	sp|P73162|ACKA_SYNY3	38.250	400	226	8	17	400	3	397	2.16e-70	230
227	sp|B1KJX4|ACKA_SHEWM	35.500	400	243	9	16	407	5	397	2.56e-70	229
227	sp|A8AEL8|PDUW_CITK8	35.627	407	238	8	17	412	5	398	2.60e-70	230
227	sp|Q8EPB9|ACKA_OCEIH	35.930	398	234	8	17	404	4	390	3.51e-70	229
227	sp|Q080J4|ACKA_SHEFN	36.341	399	241	8	16	407	5	397	4.10e-70	229
227	sp|A0RP54|ACKA_CAMFF	34.975	406	243	9	17	411	3	398	4.30e-70	229
227	sp|Q5WED5|ACKA_SHOC1	36.224	392	234	8	17	400	4	387	4.72e-70	229
227	sp|B0CB11|ACKA_ACAM1	36.253	411	227	10	17	409	3	396	8.12e-70	228
227	sp|Q8TK19|ACKA_METAC	36.203	395	233	8	17	400	3	389	8.80e-70	228
227	sp|B1VB81|PDUW_CITFR	35.821	402	244	8	17	412	5	398	9.07e-70	228
227	sp|A1JTT9|PDUW_YERE8	37.250	400	236	8	15	404	3	397	9.19e-70	229
227	sp|Q8XNW5|ACKA1_CLOPE	35.222	406	240	9	17	409	3	398	9.24e-70	228
227	sp|Q30UJ4|ACKA_SULDN	36.364	385	225	9	17	394	3	374	9.62e-70	228
227	sp|Q30WB0|ACKA_OLEA2	36.207	406	236	9	17	407	3	400	1.02e-69	228
227	sp|A7ZDP4|ACKA_CAMC1	35.733	389	231	8	17	396	3	381	1.10e-69	228
227	sp|Q7NXU5|ACKA_CHRVO	35.969	392	233	8	17	400	5	386	1.14e-69	228
227	sp|C4L493|ACKA_EXISA	37.374	396	226	9	17	400	4	389	1.41e-69	228
227	sp|P0CW04|ACKA_METMZ	36.111	396	232	8	17	400	3	389	1.88e-69	228
227	sp|P0CW05|ACKA_METMA	36.111	396	232	8	17	400	3	389	1.92e-69	228
227	sp|A4WEU0|TDCD_ENT38	36.500	400	228	7	16	404	6	390	1.94e-69	228
227	sp|B2UU54|ACKA_HELPS	35.351	413	235	6	17	411	3	401	3.28e-69	227
227	sp|A1VAA0|ACKA_NITV4	37.561	410	225	10	17	407	3	400	4.27e-69	226
227	sp|B9DN93|ACKA_STACT	37.101	407	223	9	16	405	4	394	4.64e-69	226
227	sp|B5XVZ8|TDCD_KLEP3	36.250	400	229	7	16	404	6	390	5.20e-69	226
227	sp|B0S1N0|ACKA_FINM2	35.264	397	238	10	17	404	3	389	5.23e-69	226
227	sp|Q4L752|ACKA_STAHJ	36.616	396	230	9	16	400	4	389	5.68e-69	226
227	sp|A7H4D5|ACKA_CAMJD	36.548	394	224	11	17	397	3	383	6.52e-69	226
227	sp|B1GZX0|ACKA_ENDTX	33.990	406	243	12	17	407	3	398	7.27e-69	226
227	sp|Q726S6|ACKA_NITV2	37.317	410	226	10	17	407	3	400	1.31e-68	225
227	sp|B2HPZ3|ACKA_MYCMM	37.408	409	220	12	9	407	3	385	1.79e-68	224
227	sp|Q17WE3|ACKA_HELAH	35.523	411	233	7	17	409	3	399	2.03e-68	225
227	sp|A1VZ44|ACKA_CAMJJ	36.041	394	226	11	17	397	3	383	2.94e-68	224
227	sp|Q749N5|ACKA_GEOSL	35.396	404	245	6	16	408	2	400	2.97e-68	225
227	sp|Q7N2I1|ACKA_PHOLL	35.088	399	240	11	16	403	5	395	3.42e-68	224
227	sp|Q8DGH7|ACKA_THEVB	37.990	408	220	12	17	400	4	402	3.45e-68	224
227	sp|A6LHA9|ACKA_PARD8	33.735	415	237	8	17	410	3	400	5.19e-68	224
227	sp|B1YKC5|ACKA_EXIS2	36.070	402	223	8	17	400	4	389	5.75e-68	224
227	sp|B8F420|ACKA_GLAP5	34.414	401	245	9	17	407	5	397	6.32e-68	223
227	sp|Q03CP2|ACKA_LACP3	38.250	400	213	13	17	398	4	387	8.56e-68	223
227	sp|Q9I5A4|ACKA_PSEAE	36.341	399	237	9	17	408	6	394	8.93e-68	223
227	sp|Q02HZ4|ACKA_PSEAB	36.341	399	237	9	17	408	6	394	8.93e-68	223
227	sp|B7UYA0|ACKA_PSEA8	36.341	399	237	9	17	408	6	394	8.93e-68	223
227	sp|P38502|ACKA_METTE	34.783	414	233	8	17	410	3	399	8.96e-68	223
227	sp|B0BNS1|ACKA_ACTPJ	35.678	398	235	9	16	400	5	394	9.96e-68	223
227	sp|B3H169|ACKA_ACTP7	35.678	398	235	9	16	400	5	394	9.96e-68	223
227	sp|Q9PPL8|ACKA_CAMJE	35.115	393	231	10	17	397	3	383	1.11e-67	223
227	sp|A7GYC8|ACKA_CAMC5	35.825	388	232	7	17	396	3	381	1.16e-67	223
227	sp|Q39WV0|ACKA_GEOMG	35.149	404	246	6	16	408	2	400	1.28e-67	223
227	sp|Q8CS60|ACKA_STAES	36.061	391	231	8	16	396	4	385	1.28e-67	223
227	sp|Q5HNJ4|ACKA_STAEQ	36.061	391	231	8	16	396	4	385	1.28e-67	223
227	sp|A8FLB9|ACKA_CAMJ8	35.787	394	227	11	17	397	3	383	1.31e-67	223
227	sp|A9NFI4|ACKA_ACHLI	36.567	402	235	10	17	409	3	393	1.36e-67	222
227	sp|Q8Y7V1|ACKA2_LISMO	35.990	389	237	5	17	400	4	385	1.45e-67	223
227	sp|Q92CN9|ACKA2_LISIN	35.897	390	236	6	17	400	4	385	1.92e-67	222
227	sp|A3N011|ACKA_ACTP2	35.678	398	235	9	16	400	5	394	2.47e-67	222
227	sp|Q82JD1|ACKA_STRAW	36.990	392	227	9	17	397	6	388	2.48e-67	222
227	sp|A6VAE3|ACKA_PSEP7	36.341	399	237	9	17	408	6	394	3.47e-67	221
227	sp|Q720R2|ACKA1_LISMF	35.990	389	237	5	17	400	4	385	4.05e-67	221
227	sp|B9E7B7|ACKA_MACCJ	36.432	398	236	8	17	405	4	393	5.04e-67	221
227	sp|Q9KT07|ACKA1_VIBCH	34.949	392	242	7	16	400	4	389	5.73e-67	221
227	sp|C5C8D9|ACKA_MICLC	38.035	397	207	11	16	396	2	375	5.90e-67	221
227	sp|B3QZW9|ACKA_PHYMT	34.704	389	233	10	17	396	3	379	6.13e-67	221
227	sp|Q1MRP0|ACKA_LAWIP	34.577	402	228	10	17	397	3	390	8.33e-67	221
227	sp|Q6MTX5|ACKA_MYCMS	35.222	406	231	13	16	408	1	387	8.82e-67	220
227	sp|Q46BI1|ACKA_METBF	36.098	410	233	9	17	410	3	399	9.98e-67	221
227	sp|Q2NSJ4|ACKA_SODGM	35.589	399	238	12	16	403	5	395	1.11e-66	220
227	sp|Q6AGY7|ACKA_LEIXX	37.905	401	229	10	17	407	4	394	1.24e-66	220
227	sp|D0ZE10|TDCD_EDWPI	36.962	395	233	6	16	404	6	390	1.28e-66	220
227	sp|Q0BPA5|ACKA_FRATO	34.010	394	231	9	17	400	4	378	1.44e-66	219
227	sp|A4QHF4|ACKA_CORGB	35.610	410	227	10	16	405	3	395	1.60e-66	220
227	sp|Q6LLD4|ACKA2_PHOPR	34.663	401	247	10	14	407	3	395	2.57e-66	219
227	sp|B0UTZ5|ACKA_HISS2	33.915	401	234	10	16	400	5	390	2.61e-66	219
227	sp|Q5HV92|ACKA_CAMJR	34.606	393	233	10	17	397	3	383	2.63e-66	219
227	sp|Q0I3R3|ACKA_HISS1	33.915	401	234	10	16	400	5	390	2.99e-66	219
227	sp|Q931P6|ACKA_STAAM	34.663	401	242	8	16	405	4	395	3.13e-66	219
227	sp|A7X3E0|ACKA_STAA1	34.663	401	242	8	16	405	4	395	3.13e-66	219
227	sp|B1V924|ACKA_PHYAS	34.889	407	239	10	17	411	3	395	3.67e-66	219
227	sp|Q1LT88|ACKA_BAUCH	33.081	396	246	10	16	400	5	392	3.79e-66	219
227	sp|A4VIM1|ACKA_STUS1	36.683	398	237	10	17	408	6	394	4.19e-66	219
227	sp|Q9KMT5|ACKA2_VIBCH	35.840	399	241	8	17	407	6	397	5.19e-66	218
227	sp|P77845|ACKA_CORGL	35.610	410	227	10	16	405	3	395	5.36e-66	218
227	sp|B4EZD9|ACKA_PROMH	35.122	410	225	13	16	403	5	395	5.74e-66	218
227	sp|Q4JXQ4|ACKA_CORJK	36.675	409	234	11	17	410	5	403	6.22e-66	218
227	sp|B9KFY4|ACKA_CAMLR	33.586	396	231	8	17	397	3	381	7.03e-66	218
227	sp|B1W052|ACKA_STRGG	37.164	409	225	10	17	407	6	400	8.77e-66	218
227	sp|B2GKK6|ACKA_KOCRD	36.320	413	243	10	16	413	2	409	1.20e-65	218
227	sp|Q5E6L4|ACKA1_ALIF1	34.949	392	242	7	16	400	4	389	1.22e-65	218
227	sp|A0QQK1|ACKA_MYCS2	36.962	395	202	11	17	396	3	365	1.31e-65	217
227	sp|Q5YNP4|ACKA_NOCFA	38.191	398	226	8	16	403	8	395	1.48e-65	217
227	sp|A1T2Y9|ACKA_MYCVP	37.692	390	210	11	17	396	5	371	1.73e-65	217
227	sp|A7MVE1|ACKA_VIBC1	34.937	395	244	7	16	403	4	392	2.09e-65	217
227	sp|Q8NW53|ACKA_STAAW	34.663	401	242	8	16	405	4	395	3.79e-65	216
227	sp|A8Z2M7|ACKA_STAAT	34.663	401	242	8	16	405	4	395	3.79e-65	216
227	sp|Q6G8L6|ACKA_STAAS	34.663	401	242	8	16	405	4	395	3.79e-65	216
227	sp|A6QHP5|ACKA_STAAE	34.663	401	242	8	16	405	4	395	3.79e-65	216
227	sp|Q5HF63|ACKA_STAAC	34.663	401	242	8	16	405	4	395	3.79e-65	216
227	sp|Q2YTC9|ACKA_STAAB	34.663	401	242	8	16	405	4	395	3.79e-65	216
227	sp|Q2FXL5|ACKA_STAA8	34.663	401	242	8	16	405	4	395	3.79e-65	216
227	sp|Q2FG27|ACKA_STAA3	34.663	401	242	8	16	405	4	395	3.79e-65	216
227	sp|A5ITN4|ACKA_STAA9	34.414	401	243	8	16	405	4	395	3.91e-65	216
227	sp|A6U2H8|ACKA_STAA2	34.414	401	243	8	16	405	4	395	3.91e-65	216
227	sp|Q9L298|ACKA_STRCO	36.908	401	235	7	17	407	6	398	4.23e-65	216
227	sp|B3QV27|ACKA_CHLT3	35.714	420	240	12	17	411	3	417	4.25e-65	216
227	sp|Q6GFZ6|ACKA_STAAR	34.550	411	229	11	16	405	4	395	5.62e-65	216
227	sp|Q99TF2|ACKA_STAAN	34.414	401	243	8	16	405	4	395	5.99e-65	216
227	sp|B2K830|ACKA_YERPB	35.338	399	239	10	16	403	5	395	6.38e-65	216
227	sp|A4TM44|ACKA_YERPP	35.338	399	239	10	16	403	5	395	8.07e-65	215
227	sp|Q1CHP3|ACKA_YERPN	35.338	399	239	10	16	403	5	395	8.07e-65	215
227	sp|A9R6M9|ACKA_YERPG	35.338	399	239	10	16	403	5	395	8.07e-65	215
227	sp|Q8ZDJ6|ACKA_YERPE	35.338	399	239	10	16	403	5	395	8.07e-65	215
227	sp|Q1C6A1|ACKA_YERPA	35.338	399	239	10	16	403	5	395	8.07e-65	215
227	sp|A7FGP4|ACKA_YERP3	35.338	399	239	10	16	403	5	395	8.33e-65	215
227	sp|B1JGK4|ACKA_YERPY	35.338	399	239	10	16	403	5	395	1.06e-64	215
227	sp|Q668Z0|ACKA_YERPS	35.338	399	239	10	16	403	5	395	1.06e-64	215
227	sp|P57866|ACKA_PASMU	34.577	402	232	12	16	400	5	392	1.20e-64	215
227	sp|C0QWN8|ACKA_BRAHW	33.590	390	240	8	17	396	3	383	1.64e-64	214
227	sp|Q7VLI5|ACKA_HAEDU	34.761	397	240	9	14	400	3	390	1.87e-64	214
227	sp|Q9F1X7|ACKA_FRUSA	37.338	308	184	5	96	398	83	386	1.94e-64	214
227	sp|P44406|ACKA_HAEIN	34.230	409	226	11	16	400	4	393	2.23e-64	214
227	sp|B8HF37|ACKA_PSECP	36.829	391	216	8	16	396	2	371	2.34e-64	214
227	sp|A5UIW8|ACKA_HAEIG	34.230	409	226	11	16	400	4	393	3.53e-64	214
227	sp|P63411|ACKA_SALTY	35.088	399	240	11	16	403	5	395	4.07e-64	214
227	sp|P63412|ACKA_SALTI	35.088	399	240	11	16	403	5	395	4.07e-64	214
227	sp|Q9RR92|ACKA_DEIRA	37.310	394	223	9	18	400	4	384	4.68e-64	213
227	sp|B8DMG5|ACKA_NITV9	34.625	413	235	8	17	408	3	401	5.42e-64	213
227	sp|Q6YR57|ACKA_ONYPE	33.924	395	245	7	17	404	3	388	6.97e-64	213
227	sp|Q2RJY3|ACKA_MOOTA	36.683	398	236	8	17	405	3	393	7.52e-64	213
227	sp|O05278|ACKA_CHAYP	33.924	395	245	7	17	404	3	388	8.18e-64	213
227	sp|Q87MZ4|ACKA1_VIBPA	33.673	392	247	7	16	400	4	389	8.23e-64	213
227	sp|Q8FMB7|ACKA_COREF	36.790	405	225	11	16	403	3	393	1.07e-63	213
227	sp|P0A6A3|ACKA_ECOLI	34.550	411	226	13	16	403	5	395	1.08e-63	213
227	sp|P0A6A4|ACKA_ECOL6	34.550	411	226	13	16	403	5	395	1.08e-63	213
227	sp|P0A6A5|ACKA_ECO57	34.550	411	226	13	16	403	5	395	1.08e-63	213
227	sp|C6BYL8|ACKA_MARSD	35.714	406	232	8	17	407	3	394	1.27e-63	212
227	sp|Q6AQT5|ACKA_DESPS	35.149	404	232	9	17	400	3	396	1.30e-63	213
227	sp|Q5DZD2|ACKA2_ALIF1	35.323	402	239	11	17	407	6	397	2.25e-63	211
227	sp|Q4QL95|ACKA_HAEI8	34.230	409	226	11	16	400	4	393	2.27e-63	212
227	sp|A8GH24|ACKA_SERP5	34.085	399	244	11	16	403	5	395	2.51e-63	211
227	sp|Q7MJM8|ACKA1_VIBVY	33.418	392	248	7	16	400	4	389	2.60e-63	211
227	sp|Q8DAH8|ACKA1_VIBVU	33.418	392	248	7	16	400	4	389	2.60e-63	211
227	sp|Q49113|ACKA_MYCCT	34.236	406	235	13	16	408	1	387	6.75e-63	210
227	sp|A5UCQ6|ACKA_HAEIE	33.985	409	227	11	16	400	4	393	7.09e-63	210
227	sp|Q87IJ5|ACKA2_VIBPA	35.149	404	243	11	14	407	3	397	7.41e-63	210
227	sp|Q6LNF6|ACKA1_PHOPR	33.418	392	248	7	16	400	4	389	8.46e-63	210
227	sp|B2GB54|ACKA_LIMF3	34.694	392	235	8	18	398	5	386	1.20e-62	209
227	sp|P47599|ACKA_MYCGE	35.411	401	225	15	17	404	6	385	1.67e-62	209
227	sp|A7MH28|ACKA_CROS8	34.913	401	238	12	16	403	5	395	2.20e-62	209
227	sp|P9WQH1|ACKA_MYCTU	36.658	401	219	10	17	407	5	380	2.48e-62	208
227	sp|P9WQH0|ACKA_MYCTO	36.658	401	219	10	17	407	5	380	2.48e-62	208
227	sp|P63410|ACKA_MYCBO	36.658	401	219	10	17	407	5	380	2.48e-62	208
227	sp|Q8D320|ACKA_WIGBR	32.099	405	250	9	14	404	3	396	3.61e-62	208
227	sp|Q73T33|ACKA_MYCPA	34.988	403	237	6	10	407	3	385	7.02e-62	207
227	sp|A0LIB0|ACKA_SYNFM	37.143	420	222	15	17	412	3	404	7.05e-62	208
227	sp|B5RMH1|ACKA_BORDL	33.000	400	239	11	16	396	5	394	7.91e-62	208
227	sp|A3PTW3|ACKA_MYCSJ	36.456	395	225	10	17	396	5	388	8.54e-62	207
227	sp|C3PJJ2|ACKA_CORA7	35.627	407	241	12	17	410	4	402	9.20e-62	207
227	sp|B5RPW7|ACKA_BORRA	33.000	400	239	11	16	396	5	394	1.26e-61	207
227	sp|Q1BEM5|ACKA_MYCSS	36.000	400	220	11	17	396	5	388	1.82e-61	207
227	sp|A1UAA8|ACKA_MYCSK	36.000	400	220	11	17	396	5	388	1.82e-61	207
227	sp|A7I2H6|ACKA_CAMHC	32.737	391	244	7	17	397	3	384	2.34e-61	206
227	sp|B2VIP6|ACKA_ERWT9	33.584	399	246	11	16	403	5	395	2.56e-61	206
227	sp|A0QLU8|ACKA_MYCA1	35.236	403	236	6	10	407	3	385	2.60e-61	206
227	sp|Q65TV4|ACKA_MANSM	34.000	400	242	11	16	400	5	397	3.00e-61	206
227	sp|Q9CE35|ACKA1_LACLA	35.606	396	229	10	18	400	5	387	6.18e-61	205
227	sp|B8J374|ACKA_DESDA	35.784	408	240	9	17	409	3	403	6.27e-61	205
227	sp|Q7MEL2|ACKA2_VIBVY	34.577	402	248	10	14	407	3	397	9.14e-61	205
227	sp|Q8D7K4|ACKA2_VIBVU	34.577	402	248	10	14	407	3	397	9.14e-61	205
227	sp|C1D087|ACKA_DEIDV	38.265	392	219	9	16	396	2	381	9.98e-61	205
227	sp|P57272|ACKA_BUCAI	31.951	410	256	12	14	410	6	405	1.04e-60	205
227	sp|P75245|ACKA_MYCPN	34.596	396	235	11	17	404	6	385	1.27e-60	204
227	sp|Q6NF47|ACKA_CORDI	34.878	410	226	12	16	403	3	393	1.54e-60	204
227	sp|A4T166|ACKA_MYCGI	36.247	389	214	9	17	396	5	368	2.38e-60	203
227	sp|Q98QX2|ACKA_MYCPU	33.081	396	246	9	17	403	3	388	3.89e-60	203
227	sp|Q6F273|ACKA_MESFL	34.080	402	244	10	16	405	1	393	4.20e-60	203
227	sp|Q660Q0|ACKA_BORGP	33.499	403	230	11	17	396	3	390	4.55e-60	203
227	sp|A0JZZ4|ACKA_ARTS2	34.783	391	224	9	16	396	2	371	4.56e-60	202
227	sp|Q2NIR6|ACKA_AYWBP	33.333	396	246	9	17	404	3	388	5.56e-60	203
227	sp|C1A9T6|ACKA_GEMAT	34.878	410	229	9	17	400	3	400	6.03e-60	203
227	sp|Q022T0|ACKA_SOLUE	34.550	411	243	11	17	407	3	407	9.29e-60	202
227	sp|Q89AS8|ACKA_BUCBP	31.773	406	252	11	14	405	3	397	2.76e-59	201
227	sp|B0RIG4|ACKA_CLASE	36.765	408	224	11	16	406	3	393	5.53e-59	200
227	sp|C6DA54|ACKA_PECCP	33.584	399	246	11	16	403	5	395	8.06e-59	200
227	sp|Q6D2Q6|ACKA_PECAS	33.577	411	230	13	16	403	5	395	1.47e-58	199
227	sp|A4XYH6|ACKA_ECTM1	36.935	398	236	9	17	408	6	394	2.78e-58	198
227	sp|Q88V41|ACKA_LACPL	33.333	408	228	13	15	400	2	387	5.25e-58	197
227	sp|Q057V8|ACKA_BUCCC	30.958	407	262	9	16	410	5	404	5.37e-58	198
227	sp|Q8DS57|ACKA_STRMU	35.088	399	226	14	20	400	7	390	5.52e-58	197
227	sp|A5FE24|ACKA_FLAJ1	32.360	411	241	10	17	409	3	394	3.27e-57	195
227	sp|A5CPD5|ACKA_CLAM3	35.961	406	230	10	16	406	3	393	6.29e-57	195
227	sp|Q8K9W6|ACKA_BUCAP	31.643	414	246	12	14	407	6	402	1.04e-56	194
227	sp|B7J2I0|ACKA_BORBZ	32.250	400	239	10	17	396	3	390	1.76e-56	194
227	sp|O51567|ACKA_BORBU	32.250	400	239	10	17	396	3	390	1.76e-56	194
227	sp|B2S0W8|ACKA_BORHD	32.832	399	237	12	17	396	3	389	2.36e-56	193
227	sp|B2S371|ACKA_TREPS	34.577	402	232	12	16	398	2	391	1.60e-55	192
227	sp|O83489|ACKA_TREPA	34.577	402	232	12	16	398	2	391	1.60e-55	192
227	sp|A8AZH2|ACKA_STRGC	37.419	310	186	6	96	400	82	388	1.62e-54	188
227	sp|Q833H0|ACKA_ENTFA	33.168	404	229	13	18	400	5	388	2.82e-54	187
227	sp|B1I9A0|ACKA_STRPI	34.080	402	228	13	18	400	5	388	3.17e-54	187
227	sp|Q9CE36|ACKA2_LACLA	32.225	391	250	9	18	400	5	388	4.67e-54	187
227	sp|P63414|ACKA_STRR6	34.080	402	228	13	18	400	5	388	4.84e-54	187
227	sp|P63413|ACKA_STRPN	34.080	402	228	13	18	400	5	388	4.84e-54	187
227	sp|Q04IC8|ACKA_STRP2	34.080	402	228	13	18	400	5	388	4.84e-54	187
227	sp|C1CTV0|ACKA_STRZT	34.080	402	228	13	18	400	5	388	5.05e-54	187
227	sp|C1CMZ0|ACKA_STRZP	34.080	402	228	13	18	400	5	388	5.05e-54	187
227	sp|B8ZPA4|ACKA_STRPJ	34.080	402	228	13	18	400	5	388	5.05e-54	187
227	sp|B5E2W4|ACKA_STRP4	34.080	402	228	13	18	400	5	388	5.05e-54	187
227	sp|C1CGX4|ACKA_STRZJ	34.080	402	228	13	18	400	5	388	6.64e-54	187
227	sp|C1CA89|ACKA_STRP7	34.080	402	228	13	18	400	5	388	7.78e-54	186
227	sp|A1R050|ACKA_BORT9	31.990	397	243	11	17	396	3	389	4.25e-53	185
227	sp|Q9X4M1|ACKA1_LATSS	34.257	397	235	9	17	400	4	387	8.11e-53	184
227	sp|Q03IL2|ACKA_STRTD	33.083	399	236	12	18	400	5	388	1.08e-52	184
227	sp|Q7NAZ6|ACKA_MYCGA	33.162	389	235	11	17	396	4	376	6.69e-52	181
227	sp|Q8E231|ACKA_STRA5	32.915	398	238	11	18	400	5	388	6.93e-52	181
227	sp|Q3K3K1|ACKA_STRA1	32.915	398	238	11	18	400	5	388	6.93e-52	181
227	sp|Q8E7I7|ACKA_STRA3	32.828	396	241	10	18	400	5	388	7.61e-52	181
227	sp|C0MEF7|ACKA_STRS7	34.606	393	238	10	18	400	5	388	1.24e-51	181
227	sp|C0M6X6|ACKA_STRE4	34.606	393	238	10	18	400	5	388	1.63e-51	181
227	sp|B4U063|ACKA_STREM	34.351	393	239	10	18	400	5	388	1.68e-50	178
227	sp|P0CZ47|ACKA_STRPQ	33.756	394	240	9	18	400	5	388	1.69e-50	178
227	sp|P0CZ46|ACKA_STRP3	33.756	394	240	9	18	400	5	388	1.69e-50	178
227	sp|P63415|ACKA_STRP1	33.756	394	240	9	18	400	5	388	1.69e-50	178
227	sp|Q1JJ12|ACKA_STRPD	33.756	394	240	9	18	400	5	388	3.25e-50	177
227	sp|B5XJD9|ACKA_STRPZ	37.419	310	186	5	96	400	82	388	4.09e-50	177
227	sp|Q1JNW6|ACKA_STRPC	37.419	310	186	5	96	400	82	388	6.09e-50	176
227	sp|Q1JE09|ACKA_STRPB	37.419	310	186	5	96	400	82	388	6.09e-50	176
227	sp|A4VSL6|ACKA_STRSY	31.818	396	245	11	18	400	5	388	6.65e-50	176
227	sp|A2RC62|ACKA_STRPG	37.419	310	186	5	96	400	82	388	6.91e-50	176
227	sp|Q48VQ0|ACKA_STRPM	37.419	310	186	5	96	400	82	388	7.36e-50	176
227	sp|Q8P2X6|ACKA_STRP8	37.419	310	186	5	96	400	82	388	1.04e-49	176
227	sp|Q5XE86|ACKA_STRP6	37.419	310	186	5	96	400	82	388	1.04e-49	176
227	sp|B9DT06|ACKA_STRU0	36.334	311	188	6	96	400	82	388	2.11e-49	175
227	sp|Q1J8W0|ACKA_STRPF	33.249	394	242	9	18	400	5	388	3.16e-49	174
227	sp|P0CL98|ACKA_CRYNJ	30.072	419	254	13	17	400	8	422	5.74e-39	148
227	sp|P0CL99|ACKA_CRYNB	30.072	419	254	13	17	400	8	422	5.74e-39	148
227	sp|Q2HAJ4|ACKA_CHAGB	31.061	396	225	12	16	366	4	396	5.65e-37	143
228	sp|P0AER9|GLTS_SHIFL	37.238	239	149	1	19	256	20	258	1.41e-28	115
228	sp|P0AER8|GLTS_ECOLI	37.238	239	149	1	19	256	20	258	1.41e-28	115
229	sp|Q8U1P0|HERA_PYRFU	40.833	120	68	1	424	543	397	513	5.16e-18	91.3
231	sp|P06187|T1S_SALTY	30.405	444	248	15	7	410	5	427	7.11e-43	159
232	sp|Q47282|T1ME_ECOLX	36.183	503	284	17	1	489	1	480	1.78e-90	287
232	sp|Q89Z59|T1M_BACTN	32.238	487	264	19	22	489	28	467	1.24e-62	214
232	sp|P07989|T1M_SALPO	30.112	445	243	17	3	424	6	405	1.69e-49	180
234	sp|Q07736|T1RA_ECOLX	36.175	821	448	23	2	770	9	805	3.01e-141	438
234	sp|Q47281|T1RE_ECOLX	35.167	836	439	27	2	770	9	808	1.48e-134	421
243	sp|P0DW49|SAND_PSYL1	41.034	290	163	4	7	296	11	292	3.49e-76	238
243	sp|A0A244CMP0|SAND_PSEDV	36.426	291	179	3	7	296	10	295	6.02e-67	214
243	sp|A0A1M7D0R2|SAND_FIBS6	32.154	311	170	7	8	296	6	297	1.13e-48	168
243	sp|D5EID4|SAND_CORAD	32.986	288	163	8	9	287	8	274	1.73e-44	156
243	sp|A0A1S1YUU1|SAND_FLAPC	33.673	294	163	9	10	295	14	283	1.11e-43	154
243	sp|P0DW52|SAND_LEWP2	34.564	298	156	11	10	295	10	280	4.06e-42	149
243	sp|P0DW53|SAND_LACM4	31.058	293	173	8	10	295	184	454	1.49e-41	152
243	sp|A0A1H0NKS3|SAND_SELRU	30.100	299	166	7	10	296	5	272	6.23e-34	128
244	sp|Q8N8A2|ANR44_HUMAN	31.176	170	109	4	711	872	610	779	1.04e-12	76.3
244	sp|B2RXR6|ANR44_MOUSE	30.588	170	110	4	711	872	610	779	4.35e-12	73.9
244	sp|Q01484|ANK2_HUMAN	30.180	222	138	6	654	872	132	339	9.84e-11	70.1
247	sp|P23874|HIPA_ECOLI	43.119	436	240	6	1	430	1	434	6.90e-115	346
247	sp|Q8FHF4|HIPA_ECOL6	42.759	435	243	5	1	430	1	434	1.47e-112	340
247	sp|P55564|Y4ME_SINFN	30.732	410	246	12	4	402	6	388	3.04e-40	152
248	sp|Q8FHF3|HIPB_ECOL6	44.578	83	44	1	2	82	12	94	3.13e-16	69.7
248	sp|P23873|HIPB_ECOLI	43.373	83	45	1	2	82	6	88	3.34e-16	69.7
252	sp|C7DLJ6|OLHYD_ELIME	62.258	620	223	3	7	623	6	617	0.0	809
252	sp|B9E972|OLHYD_MACCJ	43.158	570	300	10	57	616	19	574	1.22e-157	470
252	sp|B5XK69|OLHYD_STRPZ	39.691	582	319	9	57	622	19	584	7.03e-143	432
254	sp|A0A0H2XAU1|R2801_XANC8	34.021	291	186	1	6	290	3	293	4.13e-51	174
254	sp|P67663|QSEA_ECOL6	30.508	295	201	3	5	296	1	294	7.29e-44	155
254	sp|P67664|QSEA_ECO57	30.508	295	201	3	5	296	1	294	7.29e-44	155
254	sp|P67662|AAER_ECOLI	30.508	295	201	3	5	296	1	294	7.29e-44	155
254	sp|P45463|TTDR_ECOLI	31.186	295	197	4	9	299	9	301	8.22e-44	154
254	sp|Q0TD46|TTDR_ECOL5	31.186	295	197	4	9	299	9	301	1.14e-43	154
254	sp|Q1R6S1|TTDR_ECOUT	31.186	295	197	4	9	299	9	301	1.26e-43	154
254	sp|Q8FDH0|TTDR_ECOL6	31.186	295	197	4	9	299	9	301	1.26e-43	154
254	sp|Q8XBK9|TTDR_ECO57	31.186	295	197	4	9	299	9	301	2.07e-43	154
254	sp|Q9JPU9|CRGA_NEIM8	34.426	183	120	0	9	191	6	188	8.68e-35	130
254	sp|Q9JXW7|CRGA_NEIMB	34.426	183	120	0	9	191	6	188	4.20e-34	129
254	sp|P46068|DSDC_ECOLI	32.877	219	127	6	7	214	16	225	2.95e-21	94.7
254	sp|P45099|GCVA_HAEIN	31.551	187	125	2	8	194	12	195	6.55e-21	94.0
254	sp|P52683|SMER_SERMA	31.183	186	115	5	8	189	7	183	2.09e-13	72.4
254	sp|P77559|YNFL_ECOLI	32.919	161	98	6	1	155	1	157	2.45e-11	66.6
254	sp|P52669|TTUA4_AGRVI	30.081	123	83	1	3	125	1	120	9.94e-11	65.1
255	sp|Q5AF03|HSP31_CANAL	30.769	234	152	6	8	232	3	235	3.52e-24	99.4
255	sp|Q04432|HSP31_YEAST	31.330	233	150	6	7	230	4	235	8.46e-21	90.5
255	sp|Q10092|HSP34_SCHPO	32.468	154	93	2	86	231	71	221	4.26e-12	66.6
255	sp|P59331|HCHA_ECOL6	32.099	162	94	6	83	231	124	282	4.06e-11	64.7
255	sp|Q0TGM8|HCHA_ECOL5	32.099	162	94	6	83	231	124	282	4.06e-11	64.7
255	sp|B7NRB5|HCHA_ECO7I	32.099	162	94	6	83	231	124	282	4.06e-11	64.7
255	sp|Q8BFQ8|GALD1_MOUSE	30.220	182	124	2	48	227	33	213	9.36e-11	62.8
256	sp|Q46856|YQHD_ECOLI	59.375	384	150	4	1	380	1	382	4.98e-159	455
256	sp|A4ISB9|ADH2_GEOTN	40.108	369	211	6	1	362	1	366	4.26e-87	271
256	sp|O05239|YUGJ_BACSU	38.265	392	230	7	1	385	1	387	7.32e-84	263
256	sp|Q24857|ADH3_ENTH1	41.033	368	197	10	1	358	3	360	1.07e-83	263
256	sp|Q04944|ADHA_CLOAB	35.864	382	235	7	1	375	1	379	3.07e-79	251
256	sp|O05240|YUGK_BACSU	39.050	379	216	9	1	372	1	371	5.79e-78	248
256	sp|Q04945|ADHB_CLOAB	37.778	360	213	9	1	352	1	357	2.22e-77	246
257	sp|P76113|CURA_ECOLI	65.306	343	119	0	4	346	3	345	1.51e-170	481
257	sp|O34812|YFMJ_BACSU	48.225	338	166	5	8	342	4	335	1.51e-101	305
257	sp|Q9SLN8|DBR_TOBAC	42.120	349	190	7	3	345	1	343	5.14e-80	250
257	sp|Q39173|P2_ARATH	41.954	348	185	8	8	345	3	343	2.36e-79	249
257	sp|Q39172|AER_ARATH	41.834	349	185	8	8	345	4	345	4.65e-77	243
257	sp|Q3SZJ4|PTGR1_BOVIN	42.478	339	177	8	8	341	3	328	3.57e-76	240
257	sp|P97584|PTGR1_RAT	43.323	337	173	7	10	341	5	328	1.03e-75	239
257	sp|Q29073|PTGR1_PIG	42.262	336	178	7	10	341	5	328	2.66e-74	235
257	sp|Q9EQZ5|PTGR1_CAVPO	42.560	336	175	7	10	340	5	327	4.47e-74	235
257	sp|Q14914|PTGR1_HUMAN	40.950	337	183	6	9	341	4	328	6.79e-73	232
257	sp|Q91YR9|PTGR1_MOUSE	42.433	337	176	7	10	341	5	328	1.45e-72	231
257	sp|Q32L99|PTGR2_BOVIN	41.279	344	189	10	13	345	7	348	3.21e-68	220
257	sp|Q5R806|PTGR2_PONAB	39.535	344	195	10	13	345	7	348	1.01e-67	219
257	sp|Q8N8N7|PTGR2_HUMAN	39.244	344	196	10	13	345	7	348	2.76e-67	218
257	sp|Q5BK81|PTGR2_RAT	40.407	344	192	9	13	345	7	348	3.73e-67	218
257	sp|Q6WAU0|PULR_MENPI	37.572	346	200	9	9	345	4	342	6.67e-66	214
257	sp|Q9C0Y6|YKM8_SCHPO	39.873	316	174	6	38	345	42	349	1.38e-65	214
257	sp|Q28719|PTGR1_RABIT	42.042	333	175	8	10	337	5	324	5.75e-65	212
257	sp|Q8VDQ1|PTGR2_MOUSE	39.826	344	194	10	13	345	7	348	2.56e-64	210
257	sp|N4WR35|RED1_COCH4	35.714	350	204	9	8	342	3	346	2.29e-59	197
257	sp|P42865|QOR_LEIAM	30.837	227	143	8	123	342	120	339	1.27e-21	97.4
258	sp|Q9P6M1|GST3_SCHPO	32.589	224	112	9	1	199	1	210	5.27e-26	103
277	sp|Q3BTU8|MOBA_XANE5	35.676	185	106	6	5	186	9	183	1.62e-24	97.8
278	sp|P0AEZ9|MOAB_ECOLI	58.537	164	68	0	8	171	7	170	2.23e-71	216
278	sp|P0AF00|MOAB_ECO57	58.537	164	68	0	8	171	7	170	2.23e-71	216
278	sp|Q9ZIN3|MOAB_STACT	46.575	146	74	3	15	157	18	162	2.59e-37	129
278	sp|Q6GEF9|MOAB_STAAR	47.945	146	72	3	15	157	16	160	1.09e-35	125
278	sp|Q8CMK6|MOAB_STAES	46.000	150	77	4	11	156	14	163	7.67e-35	123
278	sp|Q5HLX4|MOAB_STAEQ	46.000	150	77	4	11	156	14	163	7.67e-35	123
278	sp|P99137|MOAB_STAAN	44.521	146	77	3	15	157	16	160	4.09e-33	119
278	sp|P65406|MOAB_STAAM	44.521	146	77	3	15	157	16	160	4.09e-33	119
278	sp|Q8NV99|MOAB_STAAW	44.521	146	77	3	15	157	16	160	1.13e-32	117
278	sp|Q6G747|MOAB_STAAS	44.521	146	77	3	15	157	16	160	1.13e-32	117
278	sp|Q5HDT2|MOAB_STAAC	44.521	146	77	3	15	157	16	160	1.13e-32	117
278	sp|O34457|MOAB_BACSU	41.304	138	80	1	16	152	18	155	3.38e-31	114
278	sp|Q816R0|MOAB_BACCR	41.304	138	80	1	16	152	18	155	4.26e-30	111
278	sp|Q81KI3|MOAB_BACAN	39.437	142	85	1	16	156	18	159	7.52e-29	107
278	sp|Q9K8I4|MOAB_HALH5	42.069	145	81	2	11	152	11	155	3.62e-27	103
278	sp|Q57631|MOAB_METJA	34.437	151	86	3	12	155	8	152	6.70e-22	89.7
278	sp|Q8U3T3|MOAB_PYRFU	37.415	147	82	6	16	156	18	160	2.80e-21	88.6
278	sp|Q9NQX3|GEPH_HUMAN	34.000	150	89	4	12	154	15	161	4.58e-14	72.8
278	sp|Q9PW38|GEPH_CHICK	34.000	150	89	4	12	154	15	161	4.94e-14	72.4
278	sp|Q8BUV3|GEPH_MOUSE	34.000	150	89	4	12	154	15	161	5.03e-14	72.4
278	sp|P39205|CIN_DROME	35.135	148	82	4	12	151	4	145	1.85e-13	70.9
278	sp|Q54KM0|GEPH_DICDI	34.028	144	81	5	14	145	34	175	2.45e-12	67.8
278	sp|Q9ZL45|MOG_HELPJ	31.293	147	96	3	12	154	4	149	1.58e-11	63.2
278	sp|P56421|MOG_HELPY	31.293	147	96	3	12	154	4	149	2.25e-11	62.8
278	sp|Q03555|GEPH_RAT	31.288	163	89	5	12	154	15	174	6.63e-11	63.5
446	sp|P0A104|ATPZ_PSEPU	51.948	77	37	0	19	95	39	115	4.22e-20	82.0
446	sp|P0A103|ATPZ_PSEPK	51.948	77	37	0	19	95	39	115	4.22e-20	82.0
446	sp|Q9HT13|ATPZ_PSEAE	52.000	75	36	0	18	92	29	103	4.50e-20	81.6
482	sp|A1TWM6|SYGB_MARN8	56.196	694	295	6	1	690	1	689	0.0	733
482	sp|A4XN72|SYGB_ECTM1	54.480	692	304	6	1	690	1	683	0.0	709
482	sp|Q4KKR8|SYGB_PSEF5	52.822	691	317	3	1	690	1	683	0.0	688
482	sp|Q500T7|SYGB_PSEU2	52.098	691	322	3	1	690	1	683	0.0	682
482	sp|Q3KKF3|SYGB_PSEPF	52.312	692	319	5	1	690	1	683	0.0	682
482	sp|C3KE40|SYGB_PSEFS	52.388	691	320	3	1	690	1	683	0.0	681
482	sp|Q2SQY0|SYGB_HAHCH	52.006	698	317	7	1	690	1	688	0.0	681
482	sp|Q1IH28|SYGB_PSEE4	51.445	692	325	5	1	690	1	683	0.0	679
482	sp|Q48QJ1|SYGB_PSE14	51.809	691	324	3	1	690	1	683	0.0	679
482	sp|C1DFV1|SYGB_AZOVD	52.023	692	321	5	1	690	1	683	0.0	679
482	sp|B1J425|SYGB_PSEPW	52.098	691	321	5	1	690	1	682	0.0	678
482	sp|Q88B35|SYGB_PSESM	52.098	691	322	3	1	690	1	683	0.0	677
482	sp|A5VWJ1|SYGB_PSEP1	51.445	692	325	5	1	690	1	683	0.0	677
482	sp|Q88RR9|SYGB_PSEPK	51.301	692	326	5	1	690	1	683	0.0	675
482	sp|A4VFG6|SYGB_STUS1	52.381	693	317	6	1	690	1	683	0.0	674
482	sp|B0KF22|SYGB_PSEPG	51.520	691	325	5	1	690	1	682	0.0	673
482	sp|B7V0P3|SYGB_PSEA8	53.247	693	311	6	1	690	1	683	0.0	665
482	sp|Q02V73|SYGB_PSEAB	53.247	693	311	6	1	690	1	683	0.0	664
482	sp|Q9I7B8|SYGB_PSEAE	53.247	693	311	6	1	690	1	683	0.0	663
482	sp|Q3IJ28|SYGB_PSET1	49.928	693	338	5	1	690	1	687	0.0	646
482	sp|P43822|SYGB_HAEIN	50.649	693	333	6	1	690	1	687	0.0	642
482	sp|Q65R47|SYGB_MANSM	50.361	693	336	6	1	690	1	688	0.0	641
482	sp|Q5E8Y5|SYGB_ALIF1	50.580	690	332	6	4	690	3	686	0.0	639
482	sp|A5UI65|SYGB_HAEIG	50.216	693	336	6	1	690	1	687	0.0	638
482	sp|B5FEW0|SYGB_ALIFM	50.435	690	333	6	4	690	3	686	0.0	637
482	sp|B8F711|SYGB_GLAP5	50.000	694	337	8	1	690	1	688	0.0	636
482	sp|Q4QLY5|SYGB_HAEI8	49.656	727	323	10	1	690	1	721	0.0	635
482	sp|B0BSX5|SYGB_ACTPJ	50.361	693	336	6	1	690	1	688	0.0	635
482	sp|A3N3A1|SYGB_ACTP2	50.216	693	337	5	1	690	1	688	0.0	635
482	sp|A5UDE3|SYGB_HAEIE	50.289	692	337	5	1	690	1	687	0.0	635
482	sp|A6VLE1|SYGB_ACTSZ	49.784	693	340	6	1	690	1	688	0.0	635
482	sp|A6TFH4|SYGB_KLEP7	50.360	695	333	7	1	690	1	688	0.0	632
482	sp|B3GZ55|SYGB_ACTP7	50.216	693	336	6	1	690	1	687	0.0	632
482	sp|B5XMY7|SYGB_KLEP3	50.360	695	333	7	1	690	1	688	0.0	632
482	sp|Q83J38|SYGB_SHIFL	50.935	695	329	7	1	690	1	688	0.0	631
482	sp|Q0SY78|SYGB_SHIF8	50.935	695	329	7	1	690	1	688	0.0	631
482	sp|B6I3C9|SYGB_ECOSE	50.935	695	329	7	1	690	1	688	0.0	631
482	sp|Q1R537|SYGB_ECOUT	50.935	695	329	7	1	690	1	688	0.0	630
482	sp|P67030|SYGB_ECOL6	50.935	695	329	7	1	690	1	688	0.0	630
482	sp|Q0TBP4|SYGB_ECOL5	50.935	695	329	7	1	690	1	688	0.0	630
482	sp|A1AHA0|SYGB_ECOK1	50.935	695	329	7	1	690	1	688	0.0	630
482	sp|B7M3I1|SYGB_ECO8A	50.935	695	329	7	1	690	1	688	0.0	630
482	sp|B7N1L1|SYGB_ECO81	50.935	695	329	7	1	690	1	688	0.0	630
482	sp|B5YVL1|SYGB_ECO5E	50.935	695	329	7	1	690	1	688	0.0	630
482	sp|P67031|SYGB_ECO57	50.935	695	329	7	1	690	1	688	0.0	630
482	sp|B7MER4|SYGB_ECO45	50.935	695	329	7	1	690	1	688	0.0	630
482	sp|B7ULB9|SYGB_ECO27	50.935	695	329	7	1	690	1	688	0.0	630
482	sp|B1LJC0|SYGB_ECOSM	50.791	695	330	7	1	690	1	688	0.0	630
482	sp|B7NP55|SYGB_ECO7I	50.791	695	330	7	1	690	1	688	0.0	630
482	sp|Q6LW15|SYGB_PHOPR	50.361	693	335	6	1	690	1	687	0.0	629
482	sp|Q3YVU0|SYGB_SHISS	50.791	695	330	7	1	690	1	688	0.0	629
482	sp|B7LTH3|SYGB_ESCF3	50.791	695	330	7	1	690	1	688	0.0	629
482	sp|B7NEL0|SYGB_ECOLU	50.791	695	330	7	1	690	1	688	0.0	629
482	sp|B7L6X3|SYGB_ECO55	50.791	695	330	7	1	690	1	688	0.0	629
482	sp|A7ZTA5|SYGB_ECO24	50.791	695	330	7	1	690	1	688	0.0	629
482	sp|A7MKS3|SYGB_CROS8	49.855	692	341	5	1	690	1	688	0.0	629
482	sp|C4L762|SYGB_TOLAT	49.857	700	329	7	1	690	1	688	0.0	627
482	sp|P00961|SYGB_ECOLI	50.647	695	331	7	1	690	1	688	0.0	627
482	sp|B1IZN4|SYGB_ECOLC	50.647	695	331	7	1	690	1	688	0.0	627
482	sp|A8A616|SYGB_ECOHS	50.647	695	331	7	1	690	1	688	0.0	627
482	sp|B1X8H5|SYGB_ECODH	50.647	695	331	7	1	690	1	688	0.0	627
482	sp|C4ZXE9|SYGB_ECOBW	50.647	695	331	7	1	690	1	688	0.0	627
482	sp|B2U566|SYGB_SHIB3	50.647	695	331	7	1	690	1	688	0.0	627
482	sp|Q31V62|SYGB_SHIBS	50.791	695	330	7	1	690	1	688	0.0	627
482	sp|Q1R1N7|SYGB_CHRSD	52.098	691	325	5	1	690	1	686	0.0	626
482	sp|B0VQA1|SYGB_ACIBS	48.988	692	346	5	1	690	1	687	0.0	626
482	sp|A8G7U0|SYGB_SERP5	50.794	693	333	6	1	690	1	688	0.0	626
482	sp|Q328L9|SYGB_SHIDS	50.791	695	330	7	1	690	1	688	0.0	625
482	sp|B0V7W2|SYGB_ACIBY	48.988	692	346	5	1	690	1	687	0.0	625
482	sp|B2HZR3|SYGB_ACIBC	48.988	692	346	5	1	690	1	687	0.0	625
482	sp|B7IA77|SYGB_ACIB5	48.988	692	346	5	1	690	1	687	0.0	625
482	sp|B7GVW2|SYGB_ACIB3	48.988	692	346	5	1	690	1	687	0.0	625
482	sp|Q5QY35|SYGB_IDILO	48.703	694	345	7	1	690	1	687	0.0	624
482	sp|A3M9C2|SYGB_ACIBT	48.844	692	347	5	1	690	1	687	0.0	622
482	sp|Q6F7L8|SYGB_ACIAD	48.991	694	343	6	1	690	1	687	0.0	622
482	sp|A4W573|SYGB_ENT38	50.360	695	333	7	1	690	1	688	0.0	622
482	sp|B6EGT3|SYGB_ALISL	50.000	690	336	6	4	690	3	686	0.0	621
482	sp|Q7VKG6|SYGB_HAEDU	48.927	699	336	7	1	690	1	687	0.0	621
482	sp|Q0I273|SYGB_HISS1	48.629	693	347	6	1	690	1	687	0.0	620
482	sp|Q15ZZ0|SYGB_PSEA6	47.042	693	359	6	1	690	1	688	0.0	620
482	sp|Q6DB17|SYGB_PECAS	50.647	695	331	9	1	690	1	688	0.0	620
482	sp|C5B995|SYGB_EDWI9	50.072	693	338	6	1	690	1	688	0.0	619
482	sp|Q7MB99|SYGB_PHOLL	50.361	693	336	6	1	690	1	688	0.0	618
482	sp|P57905|SYGB_PASMU	50.072	693	338	6	1	690	1	688	0.0	618
482	sp|B0UWA9|SYGB_HISS2	48.485	693	348	6	1	690	1	687	0.0	618
482	sp|A8ARE4|SYGB_CITK8	50.431	696	331	9	1	690	1	688	0.0	616
482	sp|C6DII7|SYGB_PECCP	50.072	693	338	6	1	690	1	688	0.0	616
482	sp|Q8Z2B3|SYGB_SALTI	49.928	695	336	7	1	690	1	688	0.0	613
482	sp|Q48AS2|SYGB_COLP3	46.676	692	362	4	1	690	1	687	0.0	610
482	sp|A0KEJ9|SYGB_AERHH	51.804	693	326	7	1	690	1	688	0.0	605
482	sp|A8GYE8|SYGB_SHEPA	48.052	693	352	5	1	690	1	688	0.0	603
482	sp|B4TZ49|SYGB_SALSV	49.135	694	343	7	1	690	1	688	0.0	603
482	sp|B1JH07|SYGB_YERPY	48.629	693	348	6	1	690	1	688	0.0	603
482	sp|Q663V8|SYGB_YERPS	48.629	693	348	6	1	690	1	688	0.0	603
482	sp|A4TGN7|SYGB_YERPP	48.629	693	348	6	1	690	1	688	0.0	603
482	sp|Q1CD86|SYGB_YERPN	48.629	693	348	6	1	690	1	688	0.0	603
482	sp|A9R4F9|SYGB_YERPG	48.629	693	348	6	1	690	1	688	0.0	603
482	sp|Q8Z9W7|SYGB_YERPE	48.629	693	348	6	1	690	1	688	0.0	603
482	sp|B2K7F8|SYGB_YERPB	48.629	693	348	6	1	690	1	688	0.0	603
482	sp|Q1C3J8|SYGB_YERPA	48.629	693	348	6	1	690	1	688	0.0	603
482	sp|A7FP95|SYGB_YERP3	48.629	693	348	6	1	690	1	688	0.0	603
482	sp|B5BHU1|SYGB_SALPK	49.135	694	343	7	1	690	1	688	0.0	602
482	sp|Q5PLN2|SYGB_SALPA	49.135	694	343	7	1	690	1	688	0.0	602
482	sp|B5EX65|SYGB_SALA4	49.135	694	343	7	1	690	1	688	0.0	602
482	sp|B2VCH1|SYGB_ERWT9	48.988	692	347	5	1	690	1	688	0.0	602
482	sp|B5RGM2|SYGB_SALG2	48.773	693	347	5	1	690	1	688	0.0	601
482	sp|B5R4P2|SYGB_SALEP	48.773	693	347	5	1	690	1	688	0.0	601
482	sp|B5FLC9|SYGB_SALDC	48.773	693	347	5	1	690	1	688	0.0	601
482	sp|A1T0Y5|SYGB_PSYIN	46.609	693	362	7	1	690	1	688	0.0	601
482	sp|Q8ZL96|SYGB_SALTY	48.773	693	347	5	1	690	1	688	0.0	600
482	sp|A9MUU1|SYGB_SALPB	48.773	693	347	5	1	690	1	688	0.0	600
482	sp|B4SWK1|SYGB_SALNS	48.773	693	347	5	1	690	1	688	0.0	600
482	sp|B4T945|SYGB_SALHS	48.773	693	347	5	1	690	1	688	0.0	600
482	sp|C0Q1B6|SYGB_SALPC	48.773	693	347	5	1	690	1	688	0.0	600
482	sp|Q57IG6|SYGB_SALCH	48.773	693	347	5	1	690	1	688	0.0	600
482	sp|A9MLF8|SYGB_SALAR	48.773	693	347	5	1	690	1	688	0.0	600
482	sp|B4EZ95|SYGB_PROMH	48.127	694	351	7	1	690	1	689	0.0	598
482	sp|C3LP93|SYGB_VIBCM	49.492	689	341	6	4	690	3	686	0.0	598
482	sp|Q9KVW8|SYGB_VIBCH	49.492	689	341	6	4	690	3	686	0.0	598
482	sp|A5F487|SYGB_VIBC3	49.492	689	341	6	4	690	3	686	0.0	598
482	sp|A4STG3|SYGB_AERS4	51.804	693	326	7	1	690	1	688	0.0	597
482	sp|Q2NX38|SYGB_SODGM	48.991	694	344	7	1	690	1	688	0.0	595
482	sp|B1KCY4|SYGB_SHEWM	47.626	695	352	7	1	690	1	688	0.0	595
482	sp|A3Q8T4|SYGB_SHELP	48.196	693	351	6	1	690	1	688	0.0	595
482	sp|A1JT50|SYGB_YERE8	48.633	695	345	9	1	690	1	688	0.0	594
482	sp|A1RDW4|SYGB_SHESW	49.280	694	342	7	1	690	1	688	0.0	593
482	sp|B7VGK6|SYGB_VIBA3	50.216	693	330	8	4	690	3	686	0.0	593
482	sp|Q08A46|SYGB_SHEFN	48.350	697	349	7	1	690	1	693	0.0	593
482	sp|A4Y1A9|SYGB_SHEPC	48.988	692	347	5	1	690	1	688	0.0	592
482	sp|A3CYI6|SYGB_SHEB5	49.566	692	343	5	1	690	1	688	0.0	588
482	sp|A6WH92|SYGB_SHEB8	49.566	692	343	5	1	690	1	688	0.0	588
482	sp|Q87TP8|SYGB_VIBPA	49.928	693	332	8	4	690	3	686	0.0	587
482	sp|B8E3Q5|SYGB_SHEB2	49.566	692	343	5	1	690	1	688	0.0	587
482	sp|B8CH76|SYGB_SHEPW	49.640	695	338	7	1	690	1	688	0.0	586
482	sp|A9KU83|SYGB_SHEB9	49.277	692	345	5	1	690	1	688	0.0	582
482	sp|A1S1I1|SYGB_SHEAM	48.563	696	344	6	1	690	1	688	0.0	581
482	sp|A7N1D8|SYGB_VIBC1	49.353	695	338	8	4	690	3	691	0.0	580
482	sp|B0TLA9|SYGB_SHEHH	47.475	693	356	5	1	690	1	688	0.0	580
482	sp|Q8EKS6|SYGB_SHEON	50.000	692	339	6	1	690	1	687	0.0	578
482	sp|B4S277|SYGB_ALTMD	48.637	697	343	6	1	690	1	689	0.0	575
482	sp|Q12TC1|SYGB_SHEDO	48.494	697	348	6	1	690	1	693	0.0	574
482	sp|A8FP54|SYGB_SHESH	47.708	698	347	8	1	690	1	688	0.0	572
482	sp|Q8DDJ7|SYGB_VIBVU	49.280	694	340	8	4	690	3	691	0.0	571
482	sp|A9KBT7|SYGB_COXBN	45.101	694	371	7	1	690	1	688	0.0	570
482	sp|P45651|SYGB_COXBU	44.957	694	372	7	1	690	1	688	0.0	570
482	sp|Q7MQI8|SYGB_VIBVY	49.280	694	340	8	4	690	3	691	0.0	569
482	sp|A0KR42|SYGB_SHESA	49.855	692	340	6	1	690	1	687	0.0	569
482	sp|A9NB99|SYGB_COXBR	44.957	694	372	7	1	690	1	688	0.0	569
482	sp|Q0I0U1|SYGB_SHESR	49.566	692	342	6	1	690	1	687	0.0	566
482	sp|Q0HPC7|SYGB_SHESM	49.566	692	342	6	1	690	1	687	0.0	566
482	sp|A5EV43|SYGB_DICNV	42.143	700	381	6	1	690	1	686	0.0	533
482	sp|A1AWZ5|SYGB_RUTMC	41.727	695	381	10	1	690	1	676	9.83e-179	528
482	sp|C4K460|SYGB_HAMD5	43.434	693	384	7	1	690	1	688	1.16e-178	528
482	sp|B0RYX3|SYGB_XANCB	44.604	695	370	7	6	690	7	696	1.29e-172	513
482	sp|Q8P3I5|SYGB_XANCP	44.604	695	370	7	6	690	7	696	1.32e-172	513
482	sp|Q4UP08|SYGB_XANC8	44.604	695	370	7	6	690	7	696	1.32e-172	513
482	sp|Q8Y213|SYGB_RALN1	43.786	692	362	13	16	690	14	695	2.63e-169	504
482	sp|B2UFN5|SYGB_RALPJ	42.547	691	372	10	16	690	14	695	2.51e-168	502
482	sp|Q9JW67|SYGB_NEIMA	44.330	679	365	8	16	690	16	685	3.87e-167	498
482	sp|A9M127|SYGB_NEIM0	44.477	679	364	8	16	690	16	685	5.84e-167	498
482	sp|Q9JXQ5|SYGB_NEIMB	44.624	679	363	8	16	690	16	685	7.64e-167	498
482	sp|A5CW91|SYGB_VESOH	39.281	695	398	9	1	690	1	676	4.31e-166	495
482	sp|Q5F4Y7|SYGB_NEIG1	44.813	694	370	8	1	690	1	685	3.53e-165	493
482	sp|B4RJG3|SYGB_NEIG2	44.380	694	373	8	1	690	1	685	1.19e-162	487
482	sp|A1KW08|SYGB_NEIMF	44.524	694	372	8	1	690	1	685	1.57e-162	486
482	sp|A4J7C9|SYGB_DESRM	39.827	693	402	7	4	688	3	688	2.97e-160	481
482	sp|Q5P766|SYGB_AROAE	43.822	696	382	6	1	690	2	694	5.14e-160	480
482	sp|Q87D45|SYGB_XYLFT	40.249	723	389	8	4	690	5	720	2.86e-159	479
482	sp|B2I4M9|SYGB_XYLF2	40.249	723	389	8	4	690	5	720	2.86e-159	479
482	sp|B3E621|SYGB_TRIL1	41.092	696	390	9	3	690	2	685	4.00e-159	478
482	sp|A6SV18|SYGB_JANMA	42.225	701	391	8	1	690	1	698	6.22e-159	478
482	sp|Q9PC26|SYGB_XYLFA	40.111	723	390	8	4	690	5	720	7.22e-159	478
482	sp|B0U7B2|SYGB_XYLFM	40.111	723	390	8	4	690	5	720	7.29e-159	478
482	sp|A0L7K9|SYGB_MAGMM	40.258	698	400	10	5	690	3	695	6.18e-158	475
482	sp|B9MCM4|SYGB_ACIET	42.562	726	373	13	1	690	1	718	2.85e-157	474
482	sp|A1TUT0|SYGB_PARC0	42.216	713	381	14	1	690	1	705	3.76e-156	471
482	sp|B8FKD8|SYGB_DESAL	38.986	690	407	7	6	688	4	686	2.44e-155	468
482	sp|A9BXZ8|SYGB_DELAS	43.258	712	372	16	1	690	1	702	4.72e-155	468
482	sp|Q1H3M3|SYGB_METFK	41.360	706	392	9	5	690	3	706	6.00e-154	465
482	sp|Q47A67|SYGB_DECAR	42.538	717	378	16	1	690	1	710	8.95e-154	465
482	sp|A1K3J8|SYGB_AZOSB	46.176	680	359	5	16	690	16	693	2.02e-153	463
482	sp|Q3A8N5|SYGB_SYNC1	39.000	700	399	11	1	688	1	684	1.71e-152	461
482	sp|Q2LVI9|SYGB_SYNAS	38.506	696	405	9	3	688	2	684	2.89e-152	460
482	sp|Q74FM7|SYGB_GEOSL	39.481	694	400	10	3	688	2	683	3.23e-152	460
482	sp|Q82VB0|SYGB_NITEU	40.567	705	382	12	16	690	16	713	3.19e-151	458
482	sp|Q39RG5|SYGB_GEOMG	38.672	693	405	8	4	688	2	682	4.68e-151	457
482	sp|Q2RKV5|SYGB_MOOTA	39.080	696	409	6	4	690	3	692	6.15e-151	457
482	sp|Q9KD48|SYGB_HALH5	37.986	695	415	8	1	687	1	687	9.68e-151	456
482	sp|Q3SGF0|SYGB_THIDA	42.472	704	386	10	1	690	1	699	8.62e-150	454
482	sp|C6E0B4|SYGB_GEOSM	37.698	695	413	9	4	690	3	685	2.27e-149	452
482	sp|A1W3F3|SYGB_ACISJ	42.011	726	377	13	1	690	1	718	3.89e-149	453
482	sp|B5EMS4|SYGB_ACIF5	38.676	680	407	6	16	690	17	691	1.71e-148	451
482	sp|B7J7P8|SYGB_ACIF2	38.676	680	407	6	16	690	17	691	1.71e-148	451
482	sp|A1VJD8|SYGB_POLNA	41.736	726	370	18	1	690	1	709	4.25e-148	450
482	sp|B1Y7P2|SYGB_LEPCP	42.201	718	380	11	1	690	1	711	2.07e-146	446
482	sp|Q1LTU2|SYGB_BAUCH	36.895	702	418	13	1	690	1	689	2.08e-146	445
482	sp|B9M5V4|SYGB_GEODF	37.410	695	415	9	4	690	3	685	2.15e-146	445
482	sp|B5ED84|SYGB_CITBB	37.554	695	414	9	4	690	3	685	3.37e-146	444
482	sp|Q182B8|SYGB_CLOD6	37.048	691	415	8	6	688	5	683	2.92e-145	442
482	sp|A5G7Q7|SYGB_GEOUR	37.320	694	416	9	3	688	2	684	2.87e-143	437
482	sp|B8CXH5|SYGB_HALOH	34.676	695	427	8	4	688	3	680	4.39e-143	436
482	sp|Q1D7R9|SYGB_MYXXD	36.978	695	424	5	4	688	3	693	5.04e-142	434
482	sp|A1VCW9|SYGB_NITV4	37.303	697	419	9	6	690	4	694	4.21e-139	426
482	sp|Q0AEY2|SYGB_NITEC	39.829	703	390	11	16	690	16	713	6.27e-139	427
482	sp|Q72AU3|SYGB_NITV2	37.320	694	423	8	6	690	4	694	2.08e-138	424
482	sp|C4XS54|SYGB_SOLM1	37.644	696	419	7	6	690	4	695	5.12e-137	421
482	sp|B2V9P9|SYGB_SULSY	34.388	695	427	8	4	690	2	675	9.51e-137	420
482	sp|Q30ZR6|SYGB_OLEA2	37.410	695	421	10	6	690	4	694	1.64e-136	420
482	sp|P54381|SYGB_BACSU	37.106	698	409	11	1	690	1	676	1.69e-136	419
482	sp|C0QUJ3|SYGB_PERMH	33.755	711	434	10	4	688	2	701	2.46e-136	419
482	sp|Q8KA07|SYGB_BUCAP	33.381	698	449	9	1	690	1	690	3.84e-135	416
482	sp|C0QJ89|SYGB_DESAH	35.362	690	435	6	5	688	3	687	6.83e-135	415
482	sp|B1I1T4|SYGB_DESAP	37.662	693	413	8	5	688	4	686	1.84e-133	412
482	sp|Q0AWT6|SYGB_SYNWW	35.447	694	428	8	4	688	3	685	5.36e-133	410
482	sp|B5YJ12|SYGB_THEYD	32.413	688	447	9	7	690	5	678	9.76e-133	409
482	sp|Q24SX0|SYGB_DESHY	35.252	695	434	7	4	690	3	689	2.86e-132	409
482	sp|Q2W3X1|SYGB_PARM1	37.266	695	412	8	5	688	3	684	7.71e-132	407
482	sp|B8FUJ0|SYGB_DESHD	35.252	695	434	7	4	690	3	689	8.79e-132	407
482	sp|B8DPG1|SYGB_NITV9	37.911	699	417	9	6	690	4	699	3.28e-131	406
482	sp|B2A1Y6|SYGB_NATTJ	33.381	695	445	6	6	690	5	691	1.24e-130	404
482	sp|C1F1J0|SYGB_ACIC5	38.331	707	405	16	5	688	3	701	1.47e-130	405
482	sp|A8AVS5|SYGB_STRGC	39.193	694	375	15	3	679	2	665	1.56e-129	401
482	sp|Q8YPT0|SYGB_NOSS1	37.155	724	401	17	6	690	4	712	1.14e-128	400
482	sp|A3CQ05|SYGB_STRSV	38.584	692	382	13	3	679	2	665	1.18e-128	399
482	sp|Q89S69|SYGB_BRADU	37.553	711	399	14	5	688	3	695	3.82e-127	395
482	sp|Q8EPY2|SYGB_OCEIH	34.543	689	438	7	4	687	3	683	4.71e-127	395
482	sp|O67898|SYGB_AQUAE	32.899	690	425	13	3	688	2	657	1.50e-126	393
482	sp|Q04A23|SYGB_LACDB	34.814	698	431	10	3	690	2	685	1.08e-125	391
482	sp|B8D740|SYGB_BUCAT	33.859	697	446	8	1	690	1	689	6.47e-125	389
482	sp|P57235|SYGB_BUCAI	33.718	694	451	6	1	690	1	689	6.89e-125	389
482	sp|B8D8T6|SYGB_BUCA5	33.718	694	451	6	1	690	1	689	6.89e-125	389
482	sp|Q5WHD5|SYGB_SHOC1	35.874	669	413	9	27	687	26	686	1.11e-124	389
482	sp|Q042Y5|SYGB_LACGA	33.906	699	438	10	3	690	2	687	6.77e-124	387
482	sp|B8IBI6|SYGB_METNO	37.853	708	403	12	5	688	3	697	1.09e-123	387
482	sp|Q0C4C9|SYGB_HYPNA	35.966	709	420	9	5	688	3	702	1.63e-123	386
482	sp|A8YVM4|SYGB_LACH4	34.335	699	430	10	4	690	3	684	3.02e-123	385
482	sp|Q5FJU0|SYGB_LACAC	34.814	698	428	11	4	690	3	684	4.16e-123	385
482	sp|Q10WA6|SYGB_TRIEI	34.921	693	416	11	6	667	5	693	1.39e-122	384
482	sp|A5EED4|SYGB_BRASB	38.277	708	400	13	5	688	3	697	1.40e-122	384
482	sp|Q03LV6|SYGB_STRTD	37.539	642	379	9	40	677	39	662	1.54e-122	383
482	sp|Q74IZ2|SYGB_LACJO	33.619	699	440	11	3	690	2	687	2.22e-122	383
482	sp|Q92BQ2|SYGB_LISIN	34.139	703	423	14	3	687	2	682	4.43e-122	382
482	sp|A0AIQ9|SYGB_LISW6	33.862	694	437	11	3	687	2	682	4.82e-122	382
482	sp|Q71ZL2|SYGB_LISMF	34.241	698	429	12	3	687	2	682	7.54e-122	381
482	sp|C1KVA5|SYGB_LISMC	34.241	698	429	12	3	687	2	682	7.54e-122	381
482	sp|Q8Y754|SYGB_LISMO	33.906	699	430	13	3	687	2	682	7.96e-122	381
482	sp|B0CD57|SYGB_ACAM1	36.324	691	395	14	6	663	4	682	8.33e-122	382
482	sp|A8LS45|SYGB_DINSH	35.034	725	419	13	5	688	3	716	3.59e-121	380
482	sp|Q55690|SYGB_SYNY3	35.076	727	426	14	1	690	1	718	4.21e-121	380
482	sp|B7KD52|SYGB_GLOC7	39.273	550	314	8	6	540	4	548	1.36e-120	379
482	sp|B8DE53|SYGB_LISMH	33.763	699	431	13	3	687	2	682	1.39e-120	378
482	sp|Q831U3|SYGB_ENTFA	33.906	699	440	10	4	690	3	691	5.38e-120	377
482	sp|Q1WTP1|SYGB_LIGS1	32.413	688	440	10	6	680	5	680	6.46e-119	374
482	sp|Q03F66|SYGB_PEDPA	33.666	701	431	14	4	688	3	685	1.27e-118	373
482	sp|A4VX91|SYGB_STRSY	37.322	702	398	16	3	690	2	675	3.40e-118	372
482	sp|A4W3J4|SYGB_STRS2	37.322	702	398	16	3	690	2	675	3.40e-118	372
482	sp|Q1MRM1|SYGB_LAWIP	33.807	704	433	10	6	690	4	693	3.63e-118	372
482	sp|Q2RQ43|SYGB_RHORT	37.196	699	388	12	31	688	29	717	4.40e-118	373
482	sp|B2IQU1|SYGB_STRPS	36.722	659	373	9	35	678	34	663	7.79e-118	370
482	sp|Q8DP66|SYGB_STRR6	36.722	659	373	9	35	678	34	663	1.73e-117	370
482	sp|Q04JM8|SYGB_STRP2	36.722	659	373	9	35	678	34	663	1.73e-117	370
482	sp|Q8CWY5|SYGB_STRMU	35.423	686	410	12	3	678	2	664	2.61e-117	369
482	sp|B1ICQ5|SYGB_STRPI	36.571	659	374	9	35	678	34	663	4.61e-117	369
482	sp|C1CQP4|SYGB_STRZT	36.571	659	374	9	35	678	34	663	6.15e-117	368
482	sp|B4UG87|SYGB_ANASK	35.201	696	427	10	5	687	3	687	8.20e-117	369
482	sp|C1CLH4|SYGB_STRZP	36.571	659	374	9	35	678	34	663	9.11e-117	368
482	sp|B5E642|SYGB_STRP4	36.571	659	374	9	35	678	34	663	1.23e-116	367
482	sp|Q8RH44|SYGB_FUSNN	34.415	709	417	17	5	690	2	685	1.46e-116	368
482	sp|C0M9J7|SYGB_STRE4	37.037	648	385	11	35	677	34	663	2.06e-116	367
482	sp|Q2IQJ5|SYGB_ANADE	34.900	702	421	11	5	687	3	687	2.51e-116	367
482	sp|C1CF57|SYGB_STRZJ	36.728	648	388	9	35	678	34	663	2.59e-116	367
482	sp|Q97PW6|SYGB_STRPN	36.728	648	388	9	35	678	34	663	2.59e-116	367
482	sp|B8ZL20|SYGB_STRPJ	36.728	648	388	9	35	678	34	663	2.59e-116	367
482	sp|Q38X99|SYGB_LATSS	32.630	711	434	12	3	690	2	690	6.25e-116	366
482	sp|B8JDD8|SYGB_ANAD2	34.914	696	429	10	5	687	3	687	6.88e-116	366
482	sp|Q3K3A9|SYGB_STRA1	35.586	666	386	12	27	677	26	663	1.33e-115	365
482	sp|Q03SC5|SYGB_LEVBA	32.810	701	438	9	6	690	5	688	1.68e-115	365
482	sp|Q8CX30|SYGB_STRA3	35.435	666	387	12	27	677	26	663	2.28e-115	364
482	sp|B2GBZ7|SYGB_LIMF3	33.429	694	444	8	6	690	5	689	2.50e-115	365
482	sp|C1C870|SYGB_STRP7	36.574	648	389	9	35	678	34	663	3.32e-115	364
482	sp|Q8E1T3|SYGB_STRA5	35.435	666	387	12	27	677	26	663	6.46e-115	363
482	sp|Q03WY1|SYGB_LEUMM	33.714	700	430	11	1	687	1	679	4.98e-114	361
482	sp|A2RL88|SYGB_LACLM	33.046	696	428	9	5	690	3	670	5.35e-114	360
482	sp|Q1J5E1|SYGB_STRPF	35.940	665	385	13	35	685	34	671	7.30e-114	360
482	sp|Q04F69|SYGB_OENOB	31.876	709	429	12	5	687	3	683	8.04e-114	360
482	sp|B3WEK6|SYGB_LACCB	34.776	693	399	15	3	670	2	666	1.18e-113	360
482	sp|Q8L785|SYGM2_ARATH	33.573	694	441	10	4	690	384	1064	3.00e-113	369
482	sp|Q02Z93|SYGB_LACLS	33.046	696	428	9	5	690	3	670	3.44e-113	358
482	sp|A1AZF8|SYGB_PARDP	35.336	699	415	13	5	687	3	680	3.87e-113	358
482	sp|P59573|SYGB_BUCBP	31.350	689	463	7	6	688	5	689	8.13e-113	358
482	sp|Q038U3|SYGB_LACP3	34.632	693	400	15	3	670	2	666	8.23e-113	358
482	sp|P0DG39|SYGB_STRPQ	36.157	661	373	13	35	677	34	663	9.35e-113	357
482	sp|P0DG38|SYGB_STRP3	36.157	661	373	13	35	677	34	663	9.35e-113	357
482	sp|B5XMM9|SYGB_STRPZ	35.714	658	380	14	35	677	34	663	1.68e-112	357
482	sp|Q8NZW7|SYGB_STRP8	35.714	658	380	14	35	677	34	663	1.85e-112	357
482	sp|Q986B5|SYGB_RHILO	35.124	726	415	13	5	688	3	714	3.35e-112	357
482	sp|Q1GE74|SYGB_RUEST	35.429	700	417	13	5	688	3	683	4.27e-112	356
482	sp|A6U6P3|SYGB_SINMW	35.302	728	414	14	5	688	3	717	8.44e-112	356
482	sp|C0MDQ3|SYGB_STRS7	37.243	682	401	12	3	677	2	663	1.22e-111	355
482	sp|Q99YI4|SYGB_STRP1	35.801	662	374	14	35	677	34	663	3.04e-111	353
482	sp|B9DV92|SYGB_STRU0	35.651	676	382	13	35	690	34	676	5.57e-111	353
482	sp|B0UNU2|SYGB_METS4	37.236	709	409	10	5	688	3	700	6.58e-111	353
482	sp|Q1JFJ1|SYGB_STRPD	35.106	658	384	13	35	677	34	663	1.26e-110	352
482	sp|B2G6Z6|SYGB_LIMRJ	32.117	685	440	11	6	678	5	676	1.27e-110	352
482	sp|A5VJI1|SYGB_LIMRD	32.117	685	440	11	6	678	5	676	1.27e-110	352
482	sp|Q1JKK0|SYGB_STRPC	35.106	658	384	13	35	677	34	663	1.40e-110	352
482	sp|Q48RX3|SYGB_STRPM	35.106	658	384	13	35	677	34	663	1.61e-110	352
482	sp|B1XK79|SYGB_PICP2	35.683	695	403	16	6	667	4	687	2.60e-110	352
482	sp|Q92RL2|SYGB_RHIME	34.669	724	424	12	5	688	3	717	1.25e-109	350
482	sp|B1MZ60|SYGB_LEUCK	32.184	696	447	10	1	687	1	680	2.31e-109	349
482	sp|Q9CGK0|SYGB_LACLA	32.471	696	432	10	5	690	3	670	3.14e-109	348
482	sp|A2RD24|SYGB_STRPG	36.006	661	374	13	35	677	34	663	3.97e-109	348
482	sp|Q5XAJ6|SYGB_STRP6	36.006	661	374	13	35	677	34	663	4.09e-109	348
482	sp|A3PH07|SYGB_CERS1	34.758	702	429	11	5	688	3	693	4.14e-109	348
482	sp|A9CK39|SYGB_AGRFC	34.558	735	406	12	5	688	3	713	2.26e-108	347
482	sp|Q3J5C7|SYGB_CERS4	34.615	702	430	11	5	688	3	693	4.35e-108	346
482	sp|B6INH0|SYGB_RHOCS	34.669	724	417	13	5	688	3	710	9.10e-108	345
482	sp|C3MHD5|SYGB_SINFN	33.791	728	425	14	5	688	3	717	9.16e-108	346
482	sp|B1L9T5|SYGB_THESQ	30.560	697	442	10	4	690	2	666	1.72e-107	343
482	sp|Q1MKQ6|SYGB_RHIJ3	33.380	722	419	13	5	688	3	700	1.79e-107	344
482	sp|A5IKK4|SYGB_THEP1	30.416	697	443	11	4	690	2	666	5.13e-107	342
482	sp|Q2KBT5|SYGB_RHIEC	33.657	722	417	12	5	688	3	700	1.32e-106	342
482	sp|B3PRI2|SYGB_RHIE6	33.518	722	418	12	5	688	3	700	1.78e-106	342
482	sp|B4R9A9|SYGB_PHEZH	36.818	660	376	11	39	688	37	665	2.99e-106	340
482	sp|Q9WY60|SYGB_THEMA	30.273	697	444	11	4	690	2	666	9.23e-106	339
482	sp|B9K6R1|SYGB_THENN	31.259	691	445	10	4	690	2	666	1.02e-103	333
482	sp|B5Z7X4|SYGB_HELPG	32.639	720	428	17	1	687	1	696	2.60e-103	333
482	sp|B2UUB6|SYGB_HELPS	32.402	716	434	16	1	687	1	695	2.72e-102	331
482	sp|B1M1W2|SYGB_METRJ	36.245	687	401	12	5	668	3	675	5.99e-102	330
482	sp|B6JMJ2|SYGB_HELP2	32.078	717	436	15	1	687	1	696	9.59e-102	329
482	sp|Q1CSQ2|SYGB_HELPH	32.078	717	436	15	1	687	1	696	2.18e-101	328
482	sp|P56454|SYGB_HELPY	31.983	716	438	15	1	687	1	696	3.78e-101	328
482	sp|B7KUK7|SYGB_METC4	35.371	687	398	12	5	665	3	669	4.04e-101	327
482	sp|Q9ZCB1|SYGB_RICPR	31.603	655	413	11	42	690	40	665	1.87e-100	325
482	sp|Q9ZKM9|SYGB_HELPJ	31.721	703	427	17	16	687	16	696	1.31e-99	323
482	sp|Q68VR4|SYGB_RICTY	31.947	673	422	14	15	681	13	655	1.80e-99	322
482	sp|Q4UJU2|SYGB_RICFE	32.929	659	399	15	42	690	39	664	2.71e-98	319
482	sp|Q1RGS4|SYGB_RICBR	31.748	652	410	14	42	690	39	658	1.59e-97	317
482	sp|A8GUQ4|SYGB_RICB8	31.748	652	410	14	42	690	39	658	1.59e-97	317
482	sp|Q92G11|SYGB_RICCN	32.975	652	408	12	42	690	39	664	4.66e-97	316
482	sp|C4K2V3|SYGB_RICPU	32.515	652	411	12	42	690	39	664	3.59e-96	313
482	sp|C3PLY4|SYGB_RICAE	32.669	652	410	12	42	690	39	664	5.76e-96	313
482	sp|B8E0E8|SYGB_DICTD	31.034	696	461	9	4	690	3	688	1.44e-95	313
482	sp|A8F071|SYGB_RICCK	31.087	653	422	12	42	690	39	667	1.05e-94	310
482	sp|B5YES4|SYGB_DICT6	31.117	707	446	12	4	690	3	688	1.12e-93	308
482	sp|A8GQ64|SYGB_RICAH	31.918	683	425	13	15	690	13	662	8.43e-90	296
482	sp|O30836|SYGB_HAEAE	51.748	286	136	1	405	690	1	284	3.41e-86	275
482	sp|P0CE22|SYG_CHLTR	30.641	718	407	23	5	674	314	988	1.18e-81	282
482	sp|P77891|SYGB_MORCA	41.667	264	150	2	6	266	4	266	3.33e-56	195
482	sp|Q50945|SYGB_NEIGO	48.413	126	63	1	565	690	1	124	1.01e-18	85.9
522	sp|P16396|SUBE_BACSU	32.143	252	150	9	213	453	136	377	1.06e-23	107
522	sp|P00781|SUBD_BACLI	31.102	254	153	10	213	454	26	269	1.03e-16	83.6
522	sp|P27693|ELYA_ALKAL	30.204	245	156	10	213	451	137	372	8.39e-13	73.2
522	sp|Q45670|THES_BACSJ	31.349	252	143	11	214	450	155	391	7.17e-12	70.5
615	sp|A6LFI7|Y2732_PARD8	45.631	103	55	1	1	103	3	104	3.94e-25	93.6
615	sp|Q3III5|Y1882_PSET1	39.806	103	61	1	1	102	1	103	2.89e-24	91.7
615	sp|C3LWL5|Y3711_VIBCM	54.118	85	38	1	18	102	20	103	4.30e-23	88.6
615	sp|A5F0W1|Y288_VIBC3	54.118	85	38	1	18	102	20	103	4.30e-23	88.6
615	sp|A9C2L1|Y3728_DELAS	48.515	101	50	2	2	102	5	103	1.02e-22	87.4
615	sp|A6L2T0|Y2335_PHOV8	48.837	86	43	1	18	103	20	104	2.01e-22	87.0
615	sp|Q2YB30|Y734_NITMU	54.118	85	38	1	18	102	20	103	2.23e-22	86.7
615	sp|A4W8N3|Y1382_ENT38	48.958	96	47	2	9	103	10	104	2.64e-22	86.7
615	sp|B5FQ06|YBJQ_SALDC	50.000	96	46	2	9	103	10	104	2.89e-22	86.7
615	sp|A1K2Y4|Y572_AZOSB	43.689	103	55	3	1	102	3	103	2.93e-22	86.3
615	sp|Q8A295|Y3410_BACTN	43.137	102	57	1	1	102	3	103	3.29e-22	86.3
615	sp|A0KLD9|Y2580_AERHH	47.573	103	51	3	1	102	3	103	5.49e-22	85.9
615	sp|Q3Z3R7|YBJQ_SHISS	51.163	86	41	1	18	103	20	104	7.06e-22	85.5
615	sp|Q0T8L9|YBJQ_SHIF8	51.163	86	41	1	18	103	20	104	7.06e-22	85.5
615	sp|Q32DY4|YBJQ_SHIDS	51.163	86	41	1	18	103	20	104	7.06e-22	85.5
615	sp|Q323N6|YBJQ_SHIBS	51.163	86	41	1	18	103	20	104	7.06e-22	85.5
615	sp|B2TUL3|YBJQ_SHIB3	51.163	86	41	1	18	103	20	104	7.06e-22	85.5
615	sp|Q1RE59|YBJQ_ECOUT	51.163	86	41	1	18	103	20	104	7.06e-22	85.5
615	sp|B6I8I6|YBJQ_ECOSE	51.163	86	41	1	18	103	20	104	7.06e-22	85.5
615	sp|B7NAL7|YBJQ_ECOLU	51.163	86	41	1	18	103	20	104	7.06e-22	85.5
615	sp|P0A8C1|YBJQ_ECOLI	51.163	86	41	1	18	103	20	104	7.06e-22	85.5
615	sp|B1IWQ6|YBJQ_ECOLC	51.163	86	41	1	18	103	20	104	7.06e-22	85.5
615	sp|P0A8C2|YBJQ_ECOL6	51.163	86	41	1	18	103	20	104	7.06e-22	85.5
615	sp|Q0TJI3|YBJQ_ECOL5	51.163	86	41	1	18	103	20	104	7.06e-22	85.5
615	sp|A1A9A5|YBJQ_ECOK1	51.163	86	41	1	18	103	20	104	7.06e-22	85.5
615	sp|A7ZYH0|YBJQ_ECOHS	51.163	86	41	1	18	103	20	104	7.06e-22	85.5
615	sp|B1X807|YBJQ_ECODH	51.163	86	41	1	18	103	20	104	7.06e-22	85.5
615	sp|C4ZY38|YBJQ_ECOBW	51.163	86	41	1	18	103	20	104	7.06e-22	85.5
615	sp|B7M7E1|YBJQ_ECO8A	51.163	86	41	1	18	103	20	104	7.06e-22	85.5
615	sp|B7MQX0|YBJQ_ECO81	51.163	86	41	1	18	103	20	104	7.06e-22	85.5
615	sp|B5YSG2|YBJQ_ECO5E	51.163	86	41	1	18	103	20	104	7.06e-22	85.5
615	sp|P0A8C3|YBJQ_ECO57	51.163	86	41	1	18	103	20	104	7.06e-22	85.5
615	sp|B7LD59|YBJQ_ECO55	51.163	86	41	1	18	103	20	104	7.06e-22	85.5
615	sp|B7MHH1|YBJQ_ECO45	51.163	86	41	1	18	103	20	104	7.06e-22	85.5
615	sp|B7UMV8|YBJQ_ECO27	51.163	86	41	1	18	103	20	104	7.06e-22	85.5
615	sp|A7ZJT5|YBJQ_ECO24	51.163	86	41	1	18	103	20	104	7.06e-22	85.5
615	sp|Q83LS2|YBJQ_SHIFL	51.163	86	41	1	18	103	20	104	9.37e-22	85.1
615	sp|B7LN30|YBJQ_ESCF3	51.163	86	41	1	18	103	20	104	1.03e-21	85.1
615	sp|B1LN20|YBJQ_ECOSM	51.163	86	41	1	18	103	20	104	1.03e-21	85.1
615	sp|B7NPG3|YBJQ_ECO7I	51.163	86	41	1	18	103	20	104	1.03e-21	85.1
615	sp|P67286|YBJQ_SALTY	51.163	86	41	1	18	103	20	104	1.04e-21	85.1
615	sp|P67287|YBJQ_SALTI	51.163	86	41	1	18	103	20	104	1.04e-21	85.1
615	sp|B4TRP6|YBJQ_SALSV	51.163	86	41	1	18	103	20	104	1.04e-21	85.1
615	sp|B5BBU4|YBJQ_SALPK	51.163	86	41	1	18	103	20	104	1.04e-21	85.1
615	sp|A9N812|YBJQ_SALPB	51.163	86	41	1	18	103	20	104	1.04e-21	85.1
615	sp|Q5PGL4|YBJQ_SALPA	51.163	86	41	1	18	103	20	104	1.04e-21	85.1
615	sp|B4T0F2|YBJQ_SALNS	51.163	86	41	1	18	103	20	104	1.04e-21	85.1
615	sp|B4TCZ1|YBJQ_SALHS	51.163	86	41	1	18	103	20	104	1.04e-21	85.1
615	sp|B5R878|YBJQ_SALG2	51.163	86	41	1	18	103	20	104	1.04e-21	85.1
615	sp|B5QYL4|YBJQ_SALEP	51.163	86	41	1	18	103	20	104	1.04e-21	85.1
615	sp|Q57R70|YBJQ_SALCH	51.163	86	41	1	18	103	20	104	1.04e-21	85.1
615	sp|A9MIK8|YBJQ_SALAR	51.163	86	41	1	18	103	20	104	1.04e-21	85.1
615	sp|B5F111|YBJQ_SALA4	51.163	86	41	1	18	103	20	104	1.04e-21	85.1
615	sp|Q9KKZ9|Y3751_VIBCH	52.941	85	39	1	18	102	20	103	1.07e-21	85.1
615	sp|Q64ZQ7|Y270_BACFR	47.059	85	44	1	18	102	20	103	1.26e-21	84.7
615	sp|Q5LIM4|Y226_BACFN	47.059	85	44	1	18	102	20	103	1.26e-21	84.7
615	sp|Q82VN4|Y1032_NITEU	45.098	102	55	1	1	102	3	103	1.31e-21	84.7
615	sp|B2VC34|Y2166_ERWT9	46.078	102	53	2	2	103	5	104	4.50e-21	83.6
615	sp|A8AIP7|Y2237_CITK8	50.000	86	42	1	18	103	20	104	4.86e-21	83.2
615	sp|A7MF54|Y2470_CROS8	50.000	86	42	1	18	103	20	104	5.98e-21	83.2
615	sp|C6DEQ9|Y1703_PECCP	47.674	86	44	1	18	103	20	104	2.57e-20	81.6
615	sp|Q8D461|YBG4_VIBVU	48.235	85	43	1	18	102	20	103	2.95e-20	81.3
615	sp|Q7MFN7|Y4283_VIBVY	48.235	85	43	1	18	102	20	103	2.95e-20	81.3
615	sp|Q10Y33|Y3795_TRIEI	41.905	105	58	3	1	103	3	106	2.98e-20	81.3
615	sp|Q6D3S8|Y2666_PECAS	46.512	86	45	1	18	103	20	104	5.52e-20	80.5
615	sp|Q7NLS3|Y1048_GLOVI	42.268	97	54	2	9	103	10	106	1.27e-19	79.7
615	sp|Q5P4L8|Y1619_AROAE	41.748	103	57	3	1	102	3	103	2.12e-19	79.3
615	sp|Q1GWB1|Y338_SPHAL	41.176	102	56	3	2	102	5	103	2.68e-19	79.0
615	sp|B4RST1|Y2548_ALTMD	47.674	86	44	1	18	103	20	104	3.73e-19	78.6
615	sp|Q4JY98|Y060_CORJK	43.564	101	54	2	2	102	5	102	3.97e-19	78.6
615	sp|C4K578|Y1024_HAMD5	43.689	103	55	3	2	103	4	104	5.45e-19	78.2
615	sp|Q72J87|Y892_THET2	51.220	82	39	1	22	103	24	104	6.26e-19	78.2
615	sp|Q5SIV8|Y1256_THET8	51.220	82	39	1	22	103	24	104	6.26e-19	78.2
615	sp|A1B937|Y3965_PARDP	45.882	85	42	1	18	102	20	100	1.16e-18	77.0
615	sp|A8GCC2|Y1658_SERP5	45.349	86	46	1	18	103	20	104	1.34e-18	77.0
615	sp|Q67PZ3|Y1265_SYMTH	44.118	102	53	2	2	103	5	102	1.64e-18	77.0
615	sp|Q5LRV2|Y2021_RUEPO	48.235	85	41	1	18	102	20	101	2.04e-18	76.6
615	sp|Q9CKF3|Y1668_PASMU	40.196	102	61	0	1	102	3	104	2.26e-18	76.6
615	sp|Q1GH90|Y1243_RUEST	45.098	102	50	3	2	102	5	101	2.33e-18	76.6
615	sp|Q4KB60|Y3418_PSEF5	41.176	102	58	2	2	103	5	104	2.77e-18	76.3
615	sp|B9MPB0|Y545_CALBD	46.316	95	49	2	9	102	10	103	3.40e-18	76.3
615	sp|B8FS83|Y3855_DESHD	42.353	85	48	1	18	102	20	103	4.66e-18	75.9
615	sp|Q24U06|Y2697_DESHY	42.353	85	48	1	18	102	20	103	4.66e-18	75.9
615	sp|Q3KFG8|Y1745_PSEPF	42.157	102	57	2	2	103	5	104	5.55e-18	75.5
615	sp|O26607|Y507_METTH	36.275	102	65	0	1	102	3	104	5.58e-18	75.5
615	sp|A4XHK5|Y771_CALS8	49.412	85	42	1	18	102	20	103	6.32e-18	75.5
615	sp|B8GZD8|Y2462_CAUVN	36.893	103	63	2	1	102	2	103	1.99e-17	73.9
615	sp|Q9A5S0|Y2377_CAUVC	36.893	103	63	2	1	102	2	103	1.99e-17	73.9
615	sp|B7GSP5|Y093_BIFLS	45.349	86	46	1	18	103	21	105	2.08e-17	74.3
615	sp|Q15TS6|Y2194_PSEA6	40.196	102	60	1	1	102	3	103	2.68e-17	73.9
615	sp|Q5L046|Y1405_GEOKA	38.462	104	59	3	1	103	3	102	4.81e-17	73.2
615	sp|A4WV36|Y2361_CERS5	43.529	85	44	1	18	102	20	100	5.44e-17	72.8
615	sp|B1XLP1|Y1337_PICP2	42.529	87	49	1	18	103	20	106	6.32e-17	72.8
615	sp|B7GJU0|Y1588_ANOFW	39.216	102	58	2	2	103	5	102	9.75e-17	72.4
615	sp|Q8G6S6|Y562_BIFLO	44.186	86	47	1	18	103	21	105	1.05e-16	72.4
615	sp|B3DNU3|Y1357_BIFLD	44.186	86	47	1	18	103	21	105	1.05e-16	72.4
615	sp|Q3J0S2|YK44_CERS4	43.529	85	44	1	18	102	20	100	1.15e-16	72.0
615	sp|A3PLI0|Y2093_CERS1	43.529	85	44	1	18	102	20	100	1.15e-16	72.0
615	sp|B9KKI5|Y1772_CERSK	43.529	85	44	1	18	102	20	100	1.15e-16	72.0
615	sp|A5CYR8|Y2690_PELTS	39.806	103	56	3	2	103	5	102	2.09e-16	71.6
615	sp|B2IZ57|Y4817_NOSP7	39.048	105	61	3	1	103	3	106	2.30e-16	71.6
615	sp|Q73CH0|YA95_BACC1	38.235	102	59	2	2	103	5	102	2.49e-16	71.2
615	sp|A5MZZ9|Y2433_CLOK5	38.835	103	60	3	1	102	3	103	2.63e-16	71.2
615	sp|Q8VN02|Y208_LISGR	37.624	101	62	1	2	102	4	103	3.10e-16	71.2
615	sp|Q6HMG1|Y921_BACHK	37.255	102	60	2	2	103	5	102	4.73e-16	70.5
615	sp|Q63F05|Y904_BACCZ	37.255	102	60	2	2	103	5	102	4.73e-16	70.5
615	sp|Q81H14|Y1012_BACCR	37.255	102	60	2	2	103	5	102	4.73e-16	70.5
615	sp|Q81U83|Y1001_BACAN	37.255	102	60	2	2	103	5	102	4.73e-16	70.5
615	sp|Q6HFZ7|Y3206_BACHK	38.235	102	59	2	2	103	5	102	5.10e-16	70.5
615	sp|A3MZI3|Y465_ACTP2	39.216	102	61	1	1	102	3	103	6.14e-16	70.5
615	sp|Q3AEW1|Y465_CARHZ	43.529	85	45	1	18	102	20	101	9.93e-16	69.7
615	sp|A4J6G9|Y2155_DESRM	37.500	104	60	3	1	103	3	102	1.06e-15	69.7
615	sp|Q3MG40|Y420_TRIV2	40.230	87	51	1	18	103	20	106	1.17e-15	69.7
615	sp|A4IMT1|Y1265_GEOTN	40.698	86	48	1	18	103	20	102	1.47e-15	69.3
615	sp|Q9RMY7|Y6552_BACAN	34.314	102	63	2	2	103	5	102	1.74e-15	68.9
615	sp|Q8YU66|Y2488_NOSS1	39.080	87	52	1	18	103	20	106	1.75e-15	69.3
615	sp|B3GX42|Y542_ACTP7	38.235	102	62	1	1	102	3	103	2.07e-15	68.9
615	sp|B0BTW8|Y492_ACTPJ	38.235	102	62	1	1	102	3	103	2.07e-15	68.9
615	sp|Q81EZ2|Y1816_BACCR	36.275	102	61	2	2	103	5	102	2.26e-15	68.9
615	sp|Q749F2|Y2791_GEOSL	44.118	102	56	1	1	102	3	103	2.33e-15	68.9
615	sp|Q815H3|Y5181_BACCR	37.255	102	60	2	2	103	5	102	2.97e-15	68.6
615	sp|Q631H3|Y4874_BACCZ	37.255	102	60	2	2	103	5	102	2.97e-15	68.6
615	sp|Q6HBA8|Y4859_BACHK	37.255	102	60	2	2	103	5	102	2.97e-15	68.6
615	sp|Q72XT9|YGI4_BACC1	37.255	102	60	2	2	103	5	102	3.10e-15	68.6
615	sp|B2TS86|Y2504_CLOBB	38.947	95	56	2	9	102	10	103	6.83e-15	67.8
615	sp|Q0C2K0|Y1325_HYPNA	36.893	103	62	3	1	102	3	103	7.21e-15	67.8
615	sp|P73346|Y1118_SYNY3	35.238	105	64	3	1	102	2	105	8.72e-15	67.4
615	sp|A5W488|Y2816_PSEP1	47.573	103	50	3	2	103	5	104	9.56e-15	67.4
615	sp|B2V5C5|Y2273_CLOBA	37.864	103	61	3	1	102	3	103	1.20e-14	67.0
615	sp|Q1I984|Y3024_PSEE4	47.573	103	50	3	2	103	5	104	1.38e-14	67.0
615	sp|Q165V7|Y2695_ROSDO	35.922	103	61	3	1	102	3	101	2.41e-14	66.2
615	sp|B0KUX1|Y2909_PSEPG	46.602	103	51	3	2	103	5	104	3.15e-14	65.9
615	sp|Q8VMY3|Y208_LISIV	35.294	102	65	1	1	102	3	103	3.40e-14	65.9
615	sp|Q7VLS2|Y1349_HAEDU	36.275	102	63	1	1	102	3	102	4.49e-14	65.5
615	sp|B8DGL7|Y2435_LISMH	35.294	102	65	1	1	102	3	103	5.18e-14	65.5
615	sp|P0A4Q9|Y240_LISIN	35.294	102	65	1	1	102	3	103	5.18e-14	65.5
615	sp|Q724K5|Y219_LISMF	35.294	102	65	1	1	102	3	103	5.18e-14	65.5
615	sp|P0A4Q8|Y208_LISMO	35.294	102	65	1	1	102	3	103	5.18e-14	65.5
615	sp|C1KYE1|Y206_LISMC	35.294	102	65	1	1	102	3	103	5.18e-14	65.5
615	sp|Q8VMW4|Y194_LISSS	34.314	102	66	1	1	102	3	103	5.71e-14	65.5
615	sp|Q8VL64|Y208_LISWE	35.294	102	65	1	1	102	3	103	1.01e-13	64.7
615	sp|A0AF06|Y170_LISW6	35.294	102	65	1	1	102	3	103	1.01e-13	64.7
615	sp|Q9KDV0|Y1111_HALH5	37.255	102	60	2	2	103	5	102	1.21e-13	64.3
615	sp|C0QTV2|Y324_PERMH	38.835	103	57	3	1	102	3	100	1.52e-13	64.3
615	sp|Q88IX6|Y2873_PSEPK	46.602	103	51	3	2	103	5	104	1.69e-13	63.9
615	sp|A3DCF7|Y398_ACET2	36.471	85	53	1	18	102	20	103	3.97e-13	63.2
615	sp|B1J865|Y2377_PSEPW	46.602	103	51	3	2	103	5	104	4.38e-13	63.2
615	sp|A5GME5|Y1684_SYNPW	33.010	103	65	3	1	102	3	102	8.05e-13	62.4
615	sp|Q7UUW5|Y3016_RHOBA	39.506	81	46	1	22	102	24	101	2.31e-12	61.2
615	sp|Q2JSI0|Y2258_SYNJA	30.769	104	66	4	1	103	3	101	7.98e-12	59.7
615	sp|Q2JLT0|Y1351_SYNJB	30.769	104	66	4	1	103	3	101	3.15e-11	58.2
619	sp|P71298|INTF_ECOLI	40.868	438	233	8	10	430	30	458	1.02e-105	324
653	sp|Q47282|T1ME_ECOLX	30.732	410	207	16	113	501	73	426	1.27e-46	174
653	sp|Q89Z59|T1M_BACTN	32.231	363	173	15	151	502	104	404	3.16e-37	147
653	sp|P75436|T1MD_MYCPN	30.696	316	144	16	157	444	164	432	1.11e-19	96.3
735	sp|P43666|EPTB_SALTY	30.798	263	160	11	218	472	251	499	1.37e-24	111
820	sp|Q18DN4|HMU_HALWD	30.877	285	135	13	41	297	2845	3095	1.25e-12	74.7
820	sp|Q18DN4|HMU_HALWD	31.600	250	134	12	42	290	3683	3896	4.68e-11	69.7
820	sp|Q18DN4|HMU_HALWD	33.621	232	110	9	98	290	6109	6335	5.80e-11	69.7
831	sp|P44602|HXUA1_HAEIN	33.475	236	133	8	82	312	45	261	7.60e-19	94.7
833	sp|P0DJ97|Y380_EVAC2	32.399	321	141	10	3	278	4	293	1.84e-20	101
833	sp|P0DJ97|Y380_EVAC2	33.829	269	128	13	492	738	51	291	3.08e-15	84.3
833	sp|Q18DN4|HMU_HALWD	31.058	293	140	11	41	296	5079	5346	1.27e-16	89.4
833	sp|Q18DN4|HMU_HALWD	32.159	227	125	9	36	260	4343	4542	2.71e-16	88.6
833	sp|Q18DN4|HMU_HALWD	35.533	197	107	8	526	718	3716	3896	6.20e-12	74.3
833	sp|Q18DN4|HMU_HALWD	33.628	226	114	8	41	263	3683	3875	1.81e-11	72.8
834	sp|P0DJ97|Y380_EVAC2	37.338	308	110	9	1831	2060	83	385	1.07e-30	135
834	sp|P0DJ97|Y380_EVAC2	35.714	252	112	7	1354	1567	52	291	2.01e-20	102
834	sp|P0DJ97|Y380_EVAC2	32.278	316	140	13	3	273	4	290	1.85e-18	96.3
834	sp|P0DJ97|Y380_EVAC2	36.818	220	96	5	530	711	83	297	7.17e-17	91.3
834	sp|P0DJ97|Y380_EVAC2	34.766	256	113	8	924	1140	54	294	4.13e-16	89.0
834	sp|P0DJ97|Y380_EVAC2	39.604	202	100	7	1894	2076	235	433	5.75e-15	85.1
834	sp|Q18DN4|HMU_HALWD	32.660	297	179	11	1794	2086	4357	4636	8.52e-21	105
834	sp|Q18DN4|HMU_HALWD	38.627	233	119	9	1828	2042	6109	6335	5.27e-19	99.0
834	sp|Q18DN4|HMU_HALWD	35.039	254	114	9	40	268	2845	3072	9.32e-19	98.2
834	sp|Q18DN4|HMU_HALWD	35.862	290	140	14	1825	2081	3716	3992	2.99e-18	96.7
834	sp|Q18DN4|HMU_HALWD	35.510	245	116	9	1805	2022	2866	3095	3.59e-18	96.3
834	sp|Q18DN4|HMU_HALWD	33.865	251	136	10	36	284	4343	4565	2.55e-17	93.6
834	sp|Q18DN4|HMU_HALWD	35.271	258	132	11	1825	2051	5536	5789	4.80e-16	89.4
834	sp|Q18DN4|HMU_HALWD	39.444	180	95	8	80	256	6096	6264	1.54e-15	87.8
834	sp|Q18DN4|HMU_HALWD	33.010	206	121	8	924	1126	4357	4548	1.87e-14	84.0
834	sp|Q18DN4|HMU_HALWD	42.593	162	82	7	958	1118	6109	6260	3.57e-14	83.2
834	sp|Q18DN4|HMU_HALWD	33.628	226	109	9	1386	1575	5111	5331	4.82e-14	82.8
834	sp|Q18DN4|HMU_HALWD	38.667	225	121	10	1828	2042	1627	1844	6.74e-14	82.4
834	sp|Q18DN4|HMU_HALWD	32.883	222	109	8	523	709	5111	5327	1.11e-13	81.6
834	sp|Q18DN4|HMU_HALWD	32.627	236	114	9	954	1154	5111	5336	1.42e-13	81.3
834	sp|Q18DN4|HMU_HALWD	41.176	204	106	9	1873	2067	5692	5890	1.74e-13	80.9
834	sp|Q18DN4|HMU_HALWD	33.937	221	89	8	1387	1555	3716	3931	1.91e-13	80.9
834	sp|Q18DN4|HMU_HALWD	36.842	209	113	9	935	1138	5523	5717	2.73e-13	80.1
834	sp|Q18DN4|HMU_HALWD	31.858	226	96	7	92	265	3714	3933	4.67e-13	79.3
834	sp|Q18DN4|HMU_HALWD	32.589	224	108	9	92	278	5110	5327	2.36e-12	77.0
834	sp|Q18DN4|HMU_HALWD	33.333	210	101	7	1824	2000	5111	5314	7.55e-12	75.5
834	sp|Q18DN4|HMU_HALWD	33.180	217	100	9	1367	1554	2866	3066	7.81e-12	75.5
834	sp|Q18DN4|HMU_HALWD	32.719	217	109	7	504	696	2866	3069	9.71e-12	75.1
834	sp|Q18DN4|HMU_HALWD	34.615	208	96	9	1373	1548	6096	6295	5.46e-11	72.8
859	sp|P69349|YOEB_SHIFL	69.048	84	26	0	1	84	1	84	5.92e-40	129
859	sp|P69348|YOEB_ECOLI	69.048	84	26	0	1	84	1	84	5.92e-40	129
859	sp|Q8FG53|YOEB_ECOL6	67.857	84	27	0	1	84	1	84	1.26e-39	129
859	sp|Q9Z4V8|YOEB_STRCO	61.905	84	32	0	1	84	1	84	1.11e-36	121
859	sp|P0CJ64|YOEB_SYNY3	58.824	85	35	0	1	85	1	85	9.48e-35	116
859	sp|P64529|YOEB_MYCBO	52.439	82	39	0	3	84	4	85	5.04e-29	102
859	sp|P9WF09|RELK_MYCTU	52.439	82	39	0	3	84	4	85	5.04e-29	102
859	sp|P9WF08|RELK_MYCTO	52.439	82	39	0	3	84	4	85	5.04e-29	102
860	sp|P69346|YEFM_ECOLI	55.422	83	37	0	1	83	1	83	8.16e-29	101
860	sp|P69347|YEFM_ECOL6	55.422	83	37	0	1	83	1	83	8.16e-29	101
860	sp|Q83KJ8|YEFM_SHIFL	55.422	83	37	0	1	83	1	83	1.29e-28	101
860	sp|P58236|Y761_SYNY3	55.422	83	37	0	1	83	12	94	3.15e-28	100
860	sp|Q9Z4V7|YEFM_STRCO	50.617	81	39	1	3	83	2	81	1.71e-18	75.5
860	sp|P65068|YEFM_MYCBO	48.611	72	36	1	3	74	2	72	2.59e-14	65.1
860	sp|P9WF25|RELJ_MYCTU	48.611	72	36	1	3	74	2	72	2.59e-14	65.1
860	sp|P9WF24|RELJ_MYCTO	48.611	72	36	1	3	74	2	72	2.59e-14	65.1
860	sp|P58235|YEFM_SYNY3	36.047	86	52	1	1	83	1	86	4.38e-12	59.3
905	sp|Q9FN03|UVR8_ARATH	32.303	356	217	7	234	578	19	361	3.83e-44	169
905	sp|Q9FN03|UVR8_ARATH	31.319	364	237	7	395	745	15	378	9.71e-41	159
905	sp|Q9FN03|UVR8_ARATH	31.322	348	225	7	600	933	20	367	7.21e-39	154
905	sp|Q9FN03|UVR8_ARATH	32.374	139	89	3	794	927	15	153	1.24e-11	71.6
905	sp|Q15751|HERC1_HUMAN	31.362	389	233	10	284	656	359	729	8.53e-40	164
905	sp|Q15751|HERC1_HUMAN	30.000	340	217	9	616	938	374	709	3.71e-30	133
905	sp|Q15751|HERC1_HUMAN	30.901	233	143	6	235	461	4139	4359	5.55e-16	87.4
905	sp|Q5GLZ8|HERC4_HUMAN	33.616	354	209	10	303	643	3	343	1.87e-38	159
905	sp|Q5GLZ8|HERC4_HUMAN	31.378	341	219	9	418	743	3	343	6.00e-36	151
905	sp|Q5GLZ8|HERC4_HUMAN	33.528	343	209	10	568	893	3	343	3.91e-33	142
905	sp|Q5GLZ8|HERC4_HUMAN	30.000	360	218	11	251	593	1	343	7.09e-31	134
905	sp|Q5GLZ8|HERC4_HUMAN	30.645	310	200	7	618	912	3	312	3.25e-29	129
905	sp|Q5GLZ8|HERC4_HUMAN	32.278	316	190	7	238	543	42	343	6.88e-29	128
905	sp|Q5GLZ8|HERC4_HUMAN	30.584	291	173	9	212	493	73	343	1.04e-28	127
905	sp|Q5PQN1|HERC4_RAT	33.051	354	211	10	303	643	3	343	2.28e-38	159
905	sp|Q5PQN1|HERC4_RAT	31.672	341	218	9	418	743	3	343	5.79e-38	157
905	sp|Q5PQN1|HERC4_RAT	33.236	343	210	10	568	893	3	343	1.02e-33	144
905	sp|Q5PQN1|HERC4_RAT	30.278	360	217	11	251	593	1	343	4.44e-32	139
905	sp|Q5PQN1|HERC4_RAT	30.547	311	199	8	618	912	3	312	1.18e-29	130
905	sp|Q5PQN1|HERC4_RAT	30.584	291	173	9	212	493	73	343	1.09e-28	127
905	sp|Q5PQN1|HERC4_RAT	31.646	316	192	7	238	543	42	343	1.87e-28	127
905	sp|Q6PAV2|HERC4_MOUSE	33.051	354	211	10	303	643	3	343	3.65e-38	158
905	sp|Q6PAV2|HERC4_MOUSE	31.965	341	217	9	418	743	3	343	1.03e-37	156
905	sp|Q6PAV2|HERC4_MOUSE	32.945	343	211	10	568	893	3	343	3.47e-33	142
905	sp|Q6PAV2|HERC4_MOUSE	32.177	317	189	8	238	543	42	343	1.46e-28	127
905	sp|O95714|HERC2_HUMAN	30.027	373	243	8	413	767	3951	4323	4.37e-35	149
905	sp|O95714|HERC2_HUMAN	30.027	373	240	9	409	761	2954	3325	7.10e-32	139
905	sp|O95714|HERC2_HUMAN	30.678	339	206	7	244	567	3999	4323	2.66e-30	134
905	sp|O95714|HERC2_HUMAN	32.331	266	163	5	235	494	4044	4298	1.69e-28	128
905	sp|O95714|HERC2_HUMAN	30.242	248	158	5	539	772	490	736	1.33e-23	112
905	sp|O95714|HERC2_HUMAN	30.738	244	148	6	714	936	3952	4195	6.73e-15	84.0
905	sp|Q4U2R1|HERC2_MOUSE	30.027	373	243	8	413	767	3953	4325	7.70e-35	148
905	sp|Q4U2R1|HERC2_MOUSE	30.055	366	235	9	416	761	2962	3326	1.57e-31	137
905	sp|Q4U2R1|HERC2_MOUSE	30.678	339	206	7	244	567	4001	4325	3.18e-30	133
905	sp|Q4U2R1|HERC2_MOUSE	31.955	266	164	5	235	494	4046	4300	3.02e-28	127
905	sp|Q4U2R1|HERC2_MOUSE	30.323	310	187	8	214	509	3030	3324	2.30e-26	121
905	sp|Q4U2R1|HERC2_MOUSE	30.738	244	148	6	714	936	3954	4197	9.36e-15	83.2
905	sp|Q9VR91|HERC2_DROME	31.379	290	176	5	284	563	4140	4416	4.00e-31	136
905	sp|Q9VR91|HERC2_DROME	31.724	290	171	7	235	512	4141	4415	1.68e-29	131
905	sp|Q9VR91|HERC2_DROME	32.877	292	166	8	235	514	3078	3351	3.56e-29	130
905	sp|Q9VR91|HERC2_DROME	31.579	247	144	6	291	527	627	858	6.44e-22	106
905	sp|Q9VR91|HERC2_DROME	30.189	265	165	6	396	642	614	876	3.05e-20	101
905	sp|Q9VR91|HERC2_DROME	30.396	227	145	5	715	928	4050	4276	3.63e-15	84.7
905	sp|Q8IVU3|HERC6_HUMAN	33.125	320	191	11	467	771	3	314	2.71e-30	132
905	sp|Q8IVU3|HERC6_HUMAN	30.789	380	217	16	568	916	4	368	2.51e-26	120
905	sp|Q8IVU3|HERC6_HUMAN	32.558	301	173	12	236	521	29	314	5.99e-26	119
905	sp|Q8IVU3|HERC6_HUMAN	30.514	331	196	11	253	570	4	313	1.78e-25	117
905	sp|Q8IVU3|HERC6_HUMAN	31.273	275	165	9	668	927	4	269	9.03e-19	95.9
905	sp|Q8IVU3|HERC6_HUMAN	32.258	248	146	8	234	471	79	314	1.33e-18	95.1
905	sp|Q8IVU3|HERC6_HUMAN	33.333	207	111	6	221	420	127	313	2.39e-15	84.7
905	sp|Q15034|HERC3_HUMAN	31.361	338	217	9	466	788	1	338	3.43e-29	129
905	sp|Q15034|HERC3_HUMAN	31.977	344	213	12	418	743	3	343	6.47e-27	122
905	sp|Q15034|HERC3_HUMAN	32.051	312	197	9	595	893	34	343	4.32e-26	119
905	sp|Q15034|HERC3_HUMAN	31.471	340	217	9	518	841	3	342	9.33e-25	115
905	sp|Q15034|HERC3_HUMAN	30.982	326	209	8	618	927	3	328	4.48e-24	113
905	sp|Q15034|HERC3_HUMAN	32.246	276	170	9	668	928	3	276	5.57e-20	99.8
905	sp|Q6P798|RCBT2_RAT	33.453	278	160	9	255	520	71	335	8.38e-28	122
905	sp|Q6P798|RCBT2_RAT	37.004	227	132	7	356	571	110	336	4.41e-25	114
905	sp|Q6P798|RCBT2_RAT	33.083	266	163	8	670	920	71	336	2.30e-24	112
905	sp|Q6P798|RCBT2_RAT	35.088	228	135	7	556	771	110	336	4.06e-23	108
905	sp|Q6P798|RCBT2_RAT	33.906	233	143	5	420	641	71	303	4.44e-23	108
905	sp|Q6P798|RCBT2_RAT	31.441	229	144	7	711	927	63	290	1.81e-15	84.3
905	sp|F2Z461|HERC6_MOUSE	33.099	284	175	9	503	771	30	313	1.05e-27	124
905	sp|F2Z461|HERC6_MOUSE	32.056	287	168	9	236	509	28	300	1.02e-26	121
905	sp|F2Z461|HERC6_MOUSE	30.405	296	172	10	596	857	23	318	1.15e-24	114
905	sp|F2Z461|HERC6_MOUSE	32.443	262	164	7	396	644	23	284	6.23e-24	112
905	sp|F2Z461|HERC6_MOUSE	30.182	275	168	7	281	544	23	284	6.59e-23	109
905	sp|Q8NDN9|RCBT1_HUMAN	31.343	268	171	5	386	641	13	279	2.78e-27	120
905	sp|Q8NDN9|RCBT1_HUMAN	34.520	281	155	9	254	520	46	311	2.88e-26	117
905	sp|Q8NDN9|RCBT1_HUMAN	30.100	299	194	6	637	920	14	312	2.09e-25	115
905	sp|Q8NDN9|RCBT1_HUMAN	30.897	301	192	7	436	721	13	312	5.56e-25	114
905	sp|Q8NDN9|RCBT1_HUMAN	32.222	270	169	6	516	771	43	312	2.76e-22	105
905	sp|Q8NDN9|RCBT1_HUMAN	31.140	228	145	5	712	927	39	266	4.50e-15	82.8
905	sp|Q8NDN9|RCBT1_HUMAN	30.769	195	112	6	235	421	133	312	5.12e-12	73.2
905	sp|Q99LJ7|RCBT2_MOUSE	33.453	278	160	9	255	520	71	335	3.29e-27	120
905	sp|Q99LJ7|RCBT2_MOUSE	33.835	266	161	8	670	920	71	336	2.25e-25	115
905	sp|Q99LJ7|RCBT2_MOUSE	36.564	227	133	7	356	571	110	336	1.20e-24	113
905	sp|Q99LJ7|RCBT2_MOUSE	35.088	228	135	7	556	771	110	336	5.25e-23	107
905	sp|Q99LJ7|RCBT2_MOUSE	33.906	233	143	5	420	641	71	303	1.12e-22	107
905	sp|Q99LJ7|RCBT2_MOUSE	31.441	229	144	7	711	927	63	290	2.23e-15	84.0
905	sp|Q6NXM2|RCBT1_MOUSE	34.164	281	156	9	254	520	46	311	5.04e-26	117
905	sp|Q6NXM2|RCBT1_MOUSE	30.597	268	173	5	386	641	13	279	1.21e-25	115
905	sp|Q6NXM2|RCBT1_MOUSE	32.593	270	167	6	666	920	43	312	2.62e-24	111
905	sp|Q6NXM2|RCBT1_MOUSE	32.599	227	142	5	356	571	86	312	5.54e-21	101
905	sp|Q6NXM2|RCBT1_MOUSE	30.741	270	173	6	516	771	43	312	1.04e-20	100
905	sp|Q6NXM2|RCBT1_MOUSE	30.263	228	147	5	712	927	39	266	1.11e-14	81.6
905	sp|Q6NXM2|RCBT1_MOUSE	30.769	195	112	6	235	421	133	312	2.24e-12	74.3
905	sp|P28745|RCC1_SCHPO	30.453	243	135	10	235	453	231	463	6.73e-15	82.4
905	sp|Q5RCZ7|RCBT2_PONAB	32.014	278	164	8	255	520	71	335	3.69e-25	114
905	sp|Q5RCZ7|RCBT2_PONAB	34.545	220	132	6	713	920	117	336	3.75e-23	108
905	sp|Q5RCZ7|RCBT2_PONAB	35.242	227	136	7	356	571	110	336	6.74e-23	107
905	sp|Q5RCZ7|RCBT2_PONAB	35.088	228	135	7	556	771	110	336	1.51e-22	106
905	sp|Q5RCZ7|RCBT2_PONAB	34.468	235	141	6	420	642	71	304	1.53e-22	106
905	sp|Q5RCZ7|RCBT2_PONAB	31.004	229	145	7	711	927	63	290	5.08e-14	79.7
905	sp|O95199|RCBT2_HUMAN	32.014	278	164	8	255	520	71	335	3.69e-25	114
905	sp|O95199|RCBT2_HUMAN	34.545	220	132	6	713	920	117	336	3.75e-23	108
905	sp|O95199|RCBT2_HUMAN	35.242	227	136	7	356	571	110	336	6.74e-23	107
905	sp|O95199|RCBT2_HUMAN	35.088	228	135	7	556	771	110	336	1.51e-22	106
905	sp|O95199|RCBT2_HUMAN	34.468	235	141	6	420	642	71	304	1.53e-22	106
905	sp|O95199|RCBT2_HUMAN	31.004	229	145	7	711	927	63	290	5.08e-14	79.7
905	sp|Q9FJG9|RUG3_ARATH	31.186	295	177	10	235	512	157	442	2.70e-24	110
905	sp|Q9UII4|HERC5_HUMAN	31.102	254	158	6	549	794	101	345	6.28e-22	105
905	sp|Q9UII4|HERC5_HUMAN	34.597	211	130	5	540	742	133	343	8.47e-22	105
905	sp|Q9UII4|HERC5_HUMAN	31.783	258	155	8	645	892	97	343	1.27e-21	105
905	sp|Q9UII4|HERC5_HUMAN	35.047	214	120	6	235	442	143	343	2.67e-21	103
905	sp|Q9UII4|HERC5_HUMAN	30.942	223	137	5	275	492	133	343	5.10e-19	96.7
905	sp|Q9UII4|HERC5_HUMAN	30.435	253	157	6	349	592	101	343	1.07e-18	95.5
905	sp|Q8SSY6|SPKUL_DICDI	31.050	219	129	7	235	438	343	554	1.28e-13	79.3
905	sp|Q9CYF5|RCC1L_MOUSE	30.435	276	164	14	537	788	163	434	4.91e-12	73.2
921	sp|O33011|Y1624_MYCLE	30.027	373	236	11	9	367	51	412	2.65e-32	132
926	sp|P39213|INSN_SHIDY	60.000	95	38	0	9	103	18	112	1.99e-36	122
926	sp|P75679|INSN1_ECOLI	57.143	84	36	0	9	92	18	101	6.69e-29	103
926	sp|P39212|INSN2_ECOLI	55.556	81	36	0	9	89	6	86	1.83e-27	99.0
927	sp|Q47718|INSO2_ECOLI	64.539	141	50	0	2	142	35	175	4.05e-63	198
927	sp|P0CF85|INSF_ECO11	36.866	217	122	3	15	231	82	283	4.94e-39	139
927	sp|P0CF84|INSF6_ECOLI	36.866	217	122	3	15	231	82	283	4.94e-39	139
927	sp|P0CF83|INSF5_ECOLI	36.866	217	122	3	15	231	82	283	4.94e-39	139
927	sp|P0CF82|INSF4_ECOLI	36.866	217	122	3	15	231	82	283	4.94e-39	139
927	sp|P0CF81|INSF3_ECOLI	36.866	217	122	3	15	231	82	283	4.94e-39	139
927	sp|P0CF80|INSF2_ECOLI	36.866	217	122	3	15	231	82	283	4.94e-39	139
927	sp|P0CF79|INSF1_ECOLI	36.866	217	122	3	15	231	82	283	4.94e-39	139
927	sp|Q9JMT3|INSF7_ECOLI	36.866	217	122	3	15	231	82	283	2.61e-38	137
927	sp|P16940|YIS2_SHISO	34.685	222	144	1	14	234	46	267	2.71e-38	137
927	sp|P35878|T904_LACLA	33.621	232	151	2	2	231	19	249	7.11e-37	133
927	sp|P75680|INSO1_ECOLI	58.427	89	37	0	2	90	36	124	1.48e-30	113
927	sp|P19769|INSK_ECOLI	31.140	228	156	1	2	229	47	273	2.43e-30	117
927	sp|O05086|Y1721_HAEIN	31.694	183	122	3	46	228	29	208	3.27e-24	99.0
927	sp|Q9JMS8|YUAL_ECOLI	49.254	67	34	0	139	205	1	67	3.78e-16	73.6
927	sp|Q06715|ADPR_LACLL	36.082	97	62	0	138	234	89	185	5.44e-11	64.7
930	sp|Q60295|T1RH_METJA	30.827	798	455	25	2	777	22	744	3.18e-81	290
930	sp|O05052|T1RH_HAEIN	30.407	786	416	32	17	756	11	711	7.10e-79	284
930	sp|Q57588|T1R1_METJA	31.269	323	181	9	453	744	409	721	4.01e-25	117
930	sp|Q57588|T1R1_METJA	30.100	299	151	9	99	390	2	249	1.23e-22	108
932	sp|Q7XB11|4OMT1_PAPSO	30.128	156	99	4	401	547	196	350	9.57e-11	67.0
938	sp|P15005|MCRB_ECOLI	39.429	175	87	6	560	719	274	444	4.05e-26	115
942	sp|A1RJX1|DGTL1_SHESW	46.309	447	231	5	1	444	1	441	2.02e-139	410
942	sp|A8FVT2|DGTL1_SHESH	47.241	453	219	9	1	447	1	439	1.19e-138	408
942	sp|B8E525|DGTL1_SHEB2	46.309	447	231	5	1	444	1	441	1.94e-138	407
942	sp|A6WN87|DGTL1_SHEB8	46.018	452	225	7	1	444	1	441	7.32e-138	406
942	sp|A9L1A8|DGTL1_SHEB9	46.085	447	232	5	1	444	1	441	1.39e-137	405
942	sp|A3QE80|DGTL1_SHELP	45.778	450	230	6	1	447	1	439	7.60e-135	398
942	sp|B0TUS9|DGTL1_SHEHH	45.952	457	219	9	1	447	1	439	4.62e-134	396
942	sp|A8H479|DGTL1_SHEPA	45.022	462	216	8	1	447	1	439	1.01e-132	392
942	sp|B1KEG7|DGTL1_SHEWM	45.556	450	231	6	1	447	1	439	4.34e-132	391
942	sp|Q9RTF6|DGT1B_DEIRA	45.023	442	225	5	6	447	9	432	1.98e-131	389
942	sp|A0KX58|DGTL1_SHESA	46.085	447	229	6	1	444	1	438	2.29e-130	387
942	sp|Q0HVD3|DGTL1_SHESR	46.085	447	229	6	1	444	1	438	6.80e-130	385
942	sp|Q0HIK2|DGTL1_SHESM	46.085	447	229	6	1	444	1	438	1.08e-129	385
942	sp|Q87R73|DGTL1_VIBPA	47.416	445	208	10	4	438	7	435	1.93e-129	384
942	sp|Q8EEA2|DGTL1_SHEON	46.622	444	219	9	1	438	1	432	2.48e-129	384
942	sp|Q5E469|DGTL1_ALIF1	45.861	447	218	9	6	440	13	447	2.17e-126	377
942	sp|B5FFM1|DGTL1_ALIFM	45.861	447	218	10	6	440	13	447	2.70e-126	376
942	sp|A7MZR6|DGTL1_VIBC1	46.966	445	210	10	4	438	11	439	1.35e-125	374
942	sp|Q7M7K0|DGTL1_VIBVY	46.532	447	215	9	4	441	11	442	1.60e-125	374
942	sp|Q8CWL9|DGTL1_VIBVU	46.532	447	215	9	4	441	11	442	1.60e-125	374
942	sp|B6EJ48|DGTL1_ALISL	46.085	447	217	10	6	440	13	447	6.63e-125	373
942	sp|Q9KQL9|DGT1A_VIBCH	45.727	433	216	7	12	438	16	435	2.36e-119	358
942	sp|A5F6T5|DGTL1_VIBC3	45.497	433	217	7	12	438	16	435	7.68e-118	354
942	sp|Q0I3A1|DGTL1_HISS1	43.355	459	220	10	4	437	5	448	1.57e-116	351
942	sp|B0UUG0|DGTL1_HISS2	43.137	459	221	10	4	437	7	450	7.22e-116	350
942	sp|Q9CMF1|DGTL1_PASMU	42.013	457	227	9	5	437	8	450	3.13e-114	345
942	sp|A6VPS2|DGTL1_ACTSZ	40.749	454	239	8	4	437	7	450	3.68e-111	338
942	sp|A5UBV1|DGTL1_HAEIE	40.830	458	233	9	4	437	18	461	1.20e-105	324
942	sp|A5UF19|DGTL1_HAEIG	40.576	451	244	7	4	437	18	461	2.20e-105	323
942	sp|Q4QK52|DGTL1_HAEI8	40.570	456	237	9	4	437	18	461	2.79e-105	323
942	sp|Q6FZH1|DGTL1_BARQU	30.787	432	213	12	20	438	35	393	8.38e-41	153
942	sp|Q6NG30|DGTL1_CORDI	37.367	281	105	9	4	271	7	229	7.60e-40	151
942	sp|Q8G572|DGTL1_BIFLO	34.944	269	119	5	6	269	66	283	7.14e-39	149
942	sp|P9WNY6|DGTL1_MYCTO	35.055	271	109	6	8	266	15	230	1.04e-36	142
942	sp|P9WNY7|DGTL1_MYCTU	35.055	271	109	6	8	266	15	230	1.50e-36	142
942	sp|A5U533|DGTL1_MYCTA	35.055	271	109	6	8	266	15	230	1.50e-36	142
942	sp|A1KL43|DGTL1_MYCBP	35.055	271	109	6	8	266	15	230	1.50e-36	142
942	sp|P0A541|DGTL1_MYCBO	35.055	271	109	6	8	266	15	230	1.50e-36	142
942	sp|Q73Y26|DGTL1_MYCPA	34.317	271	109	6	8	266	15	228	1.01e-35	140
942	sp|A0QEC2|DGTL1_MYCA1	34.317	271	109	6	8	266	15	228	1.01e-35	140
942	sp|Q8FNH1|DGTL1_COREF	35.115	262	106	6	17	271	26	230	1.75e-35	139
942	sp|A4QFY0|DGTL1_CORGB	34.296	277	111	7	9	271	11	230	3.25e-35	138
942	sp|Q9L2E9|DGTL1_STRCO	33.824	272	115	9	10	271	17	233	6.64e-35	137
942	sp|Q3SLY3|DGTL1_THIDA	40.359	223	107	6	21	236	28	231	7.43e-35	136
942	sp|Q8NND1|DGTL1_CORGL	34.296	277	111	7	9	271	11	230	8.71e-35	137
942	sp|Q1B6D4|DGTL1_MYCSS	34.058	276	110	5	8	271	15	230	2.18e-34	136
942	sp|A1UIP2|DGTL1_MYCSK	34.058	276	110	5	8	271	15	230	2.18e-34	136
942	sp|A3Q255|DGTL1_MYCSJ	33.696	276	111	6	8	271	15	230	2.41e-34	136
942	sp|Q9CCG3|DGTL1_MYCLE	33.696	276	106	7	11	266	16	234	5.29e-34	135
942	sp|A1TBP6|DGTL1_MYCVP	33.205	259	107	6	19	271	33	231	2.60e-33	133
942	sp|Q5YZS7|DGTL1_NOCFA	36.328	256	99	7	21	271	34	230	2.82e-33	133
942	sp|Q4FM11|DGTL1_PELUB	45.333	150	68	2	21	169	25	161	7.49e-33	130
942	sp|A5EJW8|DGTL1_BRASB	43.871	155	73	2	20	173	31	172	1.44e-32	130
942	sp|Q6G317|DGTL1_BARHE	47.586	145	62	2	20	163	35	166	4.65e-32	129
942	sp|Q4UN97|DGTL1_RICFE	43.791	153	72	3	21	172	25	164	5.21e-32	129
942	sp|Q39UT1|DGTL1_GEOMG	43.182	176	81	5	9	180	28	188	9.26e-32	128
942	sp|Q820J5|DGTL1_NITEU	48.252	143	60	3	21	162	28	157	5.08e-31	125
942	sp|Q74DR9|DGTL1_GEOSL	45.122	164	73	4	21	180	38	188	8.94e-31	125
942	sp|A0PNR5|DGTL1_MYCUA	34.363	259	98	8	17	266	31	226	1.08e-30	125
942	sp|Q92JH3|DGTL1_RICCN	45.139	144	65	3	21	163	25	155	1.12e-30	125
942	sp|C3PMA3|DGTL1_RICAE	45.139	144	65	3	21	163	25	155	1.12e-30	125
942	sp|A8GQM7|DGTL1_RICRS	45.139	144	65	3	21	163	25	155	1.21e-30	125
942	sp|B0BW16|DGTL1_RICRO	45.139	144	65	3	21	163	25	155	1.21e-30	125
942	sp|C4K183|DGTL1_RICPU	45.139	144	65	3	21	163	25	155	1.21e-30	125
942	sp|Q0AJ13|DGTL1_NITEC	36.179	246	130	7	21	256	28	256	1.54e-30	124
942	sp|Q8F3X5|DGTL1_LEPIN	41.818	165	78	5	9	171	29	177	1.77e-30	124
942	sp|Q72RS7|DGTL1_LEPIC	41.818	165	78	5	9	171	29	177	1.77e-30	124
942	sp|Q9ZE82|DGTL1_RICPR	45.139	144	65	3	21	163	25	155	3.19e-30	124
942	sp|Q68XT8|DGTL1_RICTY	45.517	145	64	4	21	163	25	156	8.32e-30	122
942	sp|B2UEG8|DGTL1_RALPJ	45.139	144	65	2	21	163	41	171	1.64e-29	122
942	sp|Q7VT92|DGTL1_BORPE	34.524	252	128	8	19	251	34	267	5.98e-29	120
942	sp|Q7WR83|DGTL1_BORBR	34.524	252	128	8	19	251	34	267	5.98e-29	120
942	sp|Q7W2B5|DGTL1_BORPA	33.730	252	130	7	19	251	34	267	6.60e-29	120
942	sp|Q8XV63|DGTL1_RALN1	45.139	144	65	2	21	163	41	171	9.87e-29	119
942	sp|Q051H0|DGTL1_LEPBL	41.104	163	81	5	10	171	29	177	1.96e-28	119
942	sp|Q04T48|DGTL1_LEPBJ	41.104	163	81	5	10	171	29	177	1.96e-28	119
942	sp|Q2LX49|DGTL1_SYNAS	40.667	150	75	2	19	167	37	173	1.54e-26	114
942	sp|Q7MAE7|DGTL1_WOLSU	36.905	168	85	4	19	178	13	167	4.33e-25	109
942	sp|B5YJG7|DGTL1_THEYD	39.375	160	80	3	17	176	34	176	6.13e-25	108
942	sp|C1CX26|DGTL1_DEIDV	39.474	152	74	4	17	163	34	172	3.18e-24	107
942	sp|A6V333|DGTL2_PSEP7	32.491	277	120	7	21	271	24	259	3.28e-24	107
942	sp|Q9HZG5|DGTL2_PSEAE	32.130	277	121	8	21	271	24	259	5.81e-24	107
942	sp|Q02PK7|DGTL2_PSEAB	32.130	277	121	8	21	271	24	259	5.81e-24	107
942	sp|B7UXM6|DGTL2_PSEA8	32.130	277	121	8	21	271	24	259	5.81e-24	107
942	sp|Q8R5R4|DGTL1_CALS4	39.869	153	72	4	14	163	28	163	1.24e-23	104
942	sp|Q1IXD5|DGTL1_DEIGD	38.562	153	75	4	17	163	34	173	1.28e-23	105
942	sp|B8F8W4|DGTL1_DESAL	36.538	156	82	3	20	175	37	175	1.37e-21	99.0
942	sp|Q9RVM1|DGT1A_DEIRA	39.264	163	77	7	7	163	24	170	1.43e-20	96.3
942	sp|Q892S8|DGTL1_CLOTE	36.842	152	79	4	14	165	36	170	7.37e-20	94.0
942	sp|Q8XIV4|DGTL1_CLOPE	34.899	149	76	4	19	165	36	165	2.50e-18	89.4
942	sp|Q0TNV1|DGTL1_CLOP1	34.568	162	84	5	7	165	23	165	2.70e-18	89.4
942	sp|Q0SRH1|DGTL1_CLOPS	34.899	149	76	4	19	165	36	165	3.26e-18	89.0
945	sp|P23840|DIND_ECOLI	77.323	269	61	0	1	269	1	269	3.39e-157	441
1055	sp|P45754|GSPA_AERHY	42.188	256	136	5	13	263	5	253	4.85e-46	166
1057	sp|Q1D098|PILB_MYXXD	38.977	567	326	9	10	564	4	562	1.42e-132	401
1057	sp|P15645|GSPE_KLEPN	43.149	489	260	8	83	563	11	489	2.88e-124	377
1057	sp|P37093|GSPE_VIBCH	42.339	496	265	7	80	563	14	500	9.57e-124	376
1057	sp|P45759|GSPE_ECOLI	48.744	398	194	6	174	567	99	490	3.94e-123	374
1057	sp|P31702|GSPE_DICCH	42.254	497	269	6	76	563	8	495	8.99e-119	363
1057	sp|Q01566|GSPE_DICD3	42.626	495	266	6	78	563	10	495	1.70e-118	362
1057	sp|Q6FF45|PILB_ACIAD	37.876	565	324	9	15	564	26	578	1.15e-117	363
1057	sp|P22608|PILB_PSEAE	39.464	522	304	8	49	563	48	564	1.78e-117	362
1057	sp|Q9I5N9|HXCR_PSEAE	42.916	487	248	8	83	563	4	466	5.66e-117	358
1057	sp|P31703|GSPE_PECCC	48.556	381	191	3	183	563	120	495	1.90e-116	357
1057	sp|P31742|GSPE_XANCP	38.448	567	337	6	4	563	3	564	2.52e-116	359
1057	sp|Q00512|GSPE_PSEAE	41.684	487	262	7	88	563	24	499	4.25e-115	354
1057	sp|Q5SLC9|PILB_THET8	36.216	555	343	3	11	560	336	884	8.78e-113	359
1057	sp|P45792|TAPB_AERHY	38.462	533	303	14	49	563	41	566	1.58e-111	347
1057	sp|P31741|GSPE_AERHY	48.052	385	191	4	182	563	120	498	3.05e-111	344
1057	sp|P44622|HOFB_HAEIN	39.516	496	238	8	73	562	20	459	5.00e-108	334
1057	sp|P37094|PILF_NEIGO	36.151	556	334	7	14	559	8	552	1.12e-106	334
1057	sp|P36645|HOFB_ECOLI	43.005	386	204	6	182	562	80	454	2.26e-101	317
1057	sp|Q6FA79|TFPB_ACIAD	41.602	387	225	1	177	562	195	581	5.13e-98	312
1057	sp|P25953|COMGA_BACSU	38.994	318	183	5	185	493	6	321	3.08e-65	219
1057	sp|Q9K919|COMGA_HALH5	39.209	278	160	4	188	460	9	282	2.55e-51	182
1057	sp|P24559|PILT_PSEAE	39.823	226	107	7	252	466	75	282	2.81e-32	130
1057	sp|Q06581|PILT_NEIGO	38.785	214	102	7	252	454	102	297	2.72e-29	122
1057	sp|P52052|YGGR_ECOLI	40.376	213	108	7	252	452	60	265	3.89e-28	118
1057	sp|G3XCX3|PILU_PSEAE	33.918	171	99	4	293	453	103	269	4.65e-17	86.7
1058	sp|Q1D0A0|PILC_MYXXD	33.088	408	260	6	2	404	17	416	7.32e-79	252
1058	sp|Q5SK58|PILC_THET8	32.924	407	268	5	1	405	1	404	2.09e-68	224
1058	sp|P22609|PILC_PSEAE	30.053	376	255	2	30	404	5	373	5.68e-66	218
1058	sp|P45793|TAPC_AERHY	30.175	401	269	5	3	400	16	408	5.21e-65	216
1058	sp|Q9X4G9|PILC_VIBCH	32.843	408	247	10	4	400	12	403	2.07e-63	212
1058	sp|P36641|PILC_PSEPU	31.579	399	262	5	4	400	8	397	5.23e-57	195
1058	sp|Q00513|GSPF_PSEAE	30.025	403	278	4	1	401	1	401	1.74e-55	191
1254	sp|Q58926|T1SX_METJA	37.561	205	113	4	15	216	222	414	3.82e-27	116
1402	sp|P19705|T1SE_ECOLX	42.647	612	288	17	40	612	7	594	4.04e-129	395
1402	sp|P19704|T1SA_ECOLX	43.607	610	280	18	40	612	7	589	2.71e-127	390
1402	sp|P71344|T1SI_HAEIN	32.099	162	98	5	451	608	33	186	5.16e-15	80.9
1403	sp|Q47282|T1ME_ECOLX	67.821	491	153	3	1	489	1	488	0.0	698
1403	sp|Q89Z59|T1M_BACTN	32.168	429	254	15	22	442	28	427	2.68e-55	195
1403	sp|P40813|T1M_SALTY	30.892	437	233	18	27	432	28	426	1.84e-42	161
1403	sp|P08957|T1MK_ECOLI	30.822	438	238	17	27	435	28	429	6.11e-42	160
1403	sp|P07989|T1M_SALPO	30.115	435	239	18	27	432	28	426	5.34e-41	157
1404	sp|Q07736|T1RA_ECOLX	57.876	838	314	9	1	836	4	804	0.0	976
1404	sp|Q47281|T1RE_ECOLX	57.788	841	313	10	1	836	4	807	0.0	958
1438	sp|Q58577|Y1178_METJA	30.055	366	192	15	1	336	4	335	3.00e-28	115
1438	sp|Q8NTA6|MSHA_CORGL	30.147	272	160	13	103	352	144	407	1.36e-17	86.7
1438	sp|A4QB40|MSHA_CORGB	30.147	272	160	13	103	352	144	407	1.36e-17	86.7
1438	sp|Q65CC7|KANE_STRKN	30.435	161	104	4	167	326	207	360	2.87e-15	79.7
1438	sp|P87172|GPI3_SCHPO	31.472	197	124	7	145	338	165	353	1.46e-14	77.8
1438	sp|P9WMY7|MSHA_MYCTU	30.556	216	136	6	147	352	235	446	2.49e-14	77.4
1438	sp|P9WMY6|MSHA_MYCTO	30.556	216	136	6	147	352	235	446	2.49e-14	77.4
1438	sp|C6DT68|MSHA_MYCTK	30.556	216	136	6	147	352	235	446	2.49e-14	77.4
1438	sp|A5WJJ8|MSHA_MYCTF	30.556	216	136	6	147	352	235	446	2.49e-14	77.4
1438	sp|A5TZL4|MSHA_MYCTA	30.556	216	136	6	147	352	235	446	2.49e-14	77.4
1438	sp|C1AKG4|MSHA_MYCBT	30.556	216	136	6	147	352	235	446	2.49e-14	77.4
1438	sp|A1KFW0|MSHA_MYCBP	30.556	216	136	6	147	352	235	446	2.49e-14	77.4
1438	sp|P64708|MSHA_MYCBO	30.556	216	136	6	147	352	235	446	2.49e-14	77.4
1438	sp|A0R043|PIMB_MYCS2	33.333	144	88	2	177	315	201	341	5.13e-14	75.9
1438	sp|D1BD84|MSHA_SANKS	32.065	184	112	6	174	349	238	416	2.31e-13	74.3
1438	sp|A8LZG1|MSHA_SALAI	31.532	222	116	9	147	341	211	423	3.67e-13	73.6
1438	sp|Q6NJL3|MSHA_CORDI	33.728	169	98	7	161	323	222	382	8.22e-13	72.4
1438	sp|Q9L1I4|Y2592_STRCO	36.196	163	95	5	165	326	207	361	8.99e-13	73.2
1438	sp|Q48453|YC07_KLEPN	40.000	80	46	1	228	307	240	317	4.28e-12	70.1
1438	sp|A0QQZ8|MSHA_MYCS2	30.000	230	142	8	133	351	186	407	5.15e-12	70.1
1438	sp|A8LDJ8|MSHA_PARS2	32.955	176	105	6	184	351	257	427	8.80e-12	69.3
1438	sp|Q82G92|MSHA_STRAW	31.875	160	98	5	184	336	282	437	1.12e-11	69.3
1438	sp|C6WPK3|MSHA_ACTMD	31.633	196	115	7	147	326	192	384	1.69e-11	68.6
1438	sp|Q8NNK8|PIMB_CORGL	33.690	187	98	8	150	318	168	346	1.94e-11	68.2
1438	sp|P54138|MSHA_MYCLE	32.484	157	96	4	203	352	245	398	2.09e-11	68.2
1438	sp|B8ZT88|MSHA_MYCLB	32.484	157	96	4	203	352	245	398	2.09e-11	68.2
1438	sp|P39862|CAPM_STAAU	32.941	170	98	7	170	334	199	357	3.95e-11	67.4
1438	sp|B1MHQ0|MSHA_MYCA9	37.815	119	65	3	202	314	265	380	7.93e-11	66.6
1606	sp|P59445|INSE_SHIFL	41.237	97	48	2	2	98	8	95	7.10e-12	59.7
1606	sp|P0ADH4|INSEP_ECO11	41.237	97	48	2	2	98	8	95	7.10e-12	59.7
1606	sp|P0CF73|INSEC_ECO11	41.237	97	48	2	2	98	8	95	7.10e-12	59.7
1606	sp|P0CF72|INSE7_ECOLI	41.237	97	48	2	2	98	8	95	7.10e-12	59.7
1606	sp|P0CF71|INSE6_ECOLI	41.237	97	48	2	2	98	8	95	7.10e-12	59.7
1606	sp|P0CF70|INSE5_ECOLI	41.237	97	48	2	2	98	8	95	7.10e-12	59.7
1606	sp|P0CF69|INSE4_ECOLI	41.237	97	48	2	2	98	8	95	7.10e-12	59.7
1606	sp|P0CF68|INSE3_ECOLI	41.237	97	48	2	2	98	8	95	7.10e-12	59.7
1606	sp|P0CF67|INSE2_ECOLI	41.237	97	48	2	2	98	8	95	7.10e-12	59.7
1606	sp|P0CF66|INSE1_ECOLI	41.237	97	48	2	2	98	8	95	7.10e-12	59.7
1610	sp|P0CF85|INSF_ECO11	44.915	236	130	0	2	237	50	285	1.56e-64	205
1610	sp|P0CF84|INSF6_ECOLI	44.915	236	130	0	2	237	50	285	1.56e-64	205
1610	sp|P0CF83|INSF5_ECOLI	44.915	236	130	0	2	237	50	285	1.56e-64	205
1610	sp|P0CF82|INSF4_ECOLI	44.915	236	130	0	2	237	50	285	1.56e-64	205
1610	sp|P0CF81|INSF3_ECOLI	44.915	236	130	0	2	237	50	285	1.56e-64	205
1610	sp|P0CF80|INSF2_ECOLI	44.915	236	130	0	2	237	50	285	1.56e-64	205
1610	sp|P0CF79|INSF1_ECOLI	44.915	236	130	0	2	237	50	285	1.56e-64	205
1610	sp|Q9JMT3|INSF7_ECOLI	44.068	236	132	0	2	237	50	285	2.84e-62	199
1610	sp|P35878|T904_LACLA	42.918	233	131	2	5	236	19	250	6.97e-56	182
1610	sp|P16940|YIS2_SHISO	41.004	239	140	1	5	242	34	272	1.77e-54	179
1610	sp|P19769|INSK_ECOLI	35.865	237	150	2	5	241	47	281	1.09e-43	151
1610	sp|O05086|Y1721_HAEIN	40.394	203	116	4	37	238	16	214	6.32e-42	145
1610	sp|Q79CE8|T1353_SHIFL	30.579	242	165	2	1	240	271	511	5.07e-30	120
1610	sp|O05023|Y493_HAEIN	41.558	77	45	0	139	215	33	109	2.55e-11	62.4
1742	sp|Q57168|T1MH_HAEIN	58.045	491	151	6	110	593	1	443	0.0	555
1742	sp|Q60297|T1MH_METJA	35.484	589	295	15	12	592	47	558	8.12e-110	343
1743	sp|P44152|T1SH_HAEIN	30.400	250	153	6	39	282	29	263	2.10e-12	73.2
1748	sp|O05052|T1RH_HAEIN	46.507	1088	505	15	1	1049	1	1050	0.0	966
1748	sp|Q60295|T1RH_METJA	34.223	1049	595	17	7	1025	33	1016	0.0	598
1748	sp|Q57588|T1R1_METJA	32.219	329	183	9	414	718	406	718	9.00e-34	144
1800	sp|P39979|HPA3_YEAST	31.081	148	99	2	3	148	14	160	1.78e-12	64.3
1803	sp|Q1XDU5|YCF52_PYRYE	30.000	120	80	2	16	132	51	169	2.82e-11	60.8
1803	sp|P51192|YCF52_PORPU	30.000	120	80	2	16	132	51	169	2.82e-11	60.8
1931	sp|P55530|Y4KL_SINFN	35.294	204	102	7	186	377	65	250	1.37e-19	92.8
1931	sp|F2Z6D2|CDVC_SULAC	31.472	197	121	5	249	434	141	334	2.04e-19	93.2
1931	sp|C8W731|FTSH_LANP1	31.527	203	130	6	248	443	220	420	1.83e-18	91.7
1931	sp|Q8TX03|PAN_METKA	30.980	255	155	9	217	456	186	434	2.14e-18	90.9
1931	sp|Q9SEI3|PS10A_ARATH	30.213	235	150	8	220	443	146	377	5.64e-18	89.0
1931	sp|P46472|PRS7_XENLA	30.800	250	154	9	215	452	180	422	6.31e-18	89.4
1931	sp|O64982|PRS7_PRUPE	32.365	241	144	8	215	443	172	405	7.34e-18	89.0
1931	sp|Q4R4R0|PRS7_MACFA	30.800	250	154	9	215	452	180	422	1.14e-17	88.6
1931	sp|P35998|PRS7_HUMAN	30.800	250	154	9	215	452	180	422	1.14e-17	88.6
1931	sp|Q5E9F9|PRS7_BOVIN	30.800	250	154	9	215	452	180	422	1.14e-17	88.6
1931	sp|P34123|PRS6B_DICDI	30.455	220	141	6	244	454	183	399	1.16e-17	88.2
1931	sp|P46471|PRS7_MOUSE	30.800	250	154	9	215	452	180	422	1.17e-17	88.6
1931	sp|Q9SSB5|PRS7A_ARATH	32.365	241	144	8	215	443	173	406	1.17e-17	88.6
1931	sp|Q86JA1|PRS7_DICDI	31.200	250	153	8	215	452	175	417	1.30e-17	88.2
1931	sp|O60058|AFG2_SCHPO	34.715	193	115	6	244	428	312	501	1.42e-17	89.4
1931	sp|Q9HNP9|PAN2_HALSA	30.041	243	156	7	215	446	157	396	1.76e-17	87.8
1931	sp|P0DKK0|PRS7B_ORYSJ	32.365	241	144	8	215	443	173	406	1.78e-17	87.8
1931	sp|P0DKJ9|PRS7A_ORYSJ	32.365	241	144	8	215	443	173	406	1.78e-17	87.8
1931	sp|Q41365|PRS7_SPIOL	32.365	241	144	8	215	443	173	406	2.20e-17	87.4
1931	sp|Q5R8D7|PRS7_PONAB	30.800	250	154	9	215	452	180	422	2.23e-17	87.8
1931	sp|Q5UT56|PAN2_HALVD	32.365	241	141	8	208	430	142	378	2.84e-17	87.0
1931	sp|O17071|PRS10_CAEEL	33.180	217	131	7	217	425	157	367	3.24e-17	87.0
1931	sp|Q9YAC7|PAN_AERPE	30.612	245	147	8	211	443	144	377	3.94e-17	86.7
1931	sp|D4GUJ7|PAN1_HALVD	31.760	233	141	8	215	436	155	380	4.99e-17	86.3
1931	sp|Q9SSB4|PRS7B_ARATH	31.933	238	149	7	215	443	210	443	5.68e-17	86.7
1931	sp|O28972|Y1297_ARCFU	31.250	224	140	6	239	455	483	699	5.79e-17	87.4
1931	sp|O28972|Y1297_ARCFU	32.500	200	121	6	242	434	213	405	1.46e-15	82.8
1931	sp|B3EX35|KATL1_SORAR	33.333	204	110	8	243	428	239	434	6.27e-17	86.7
1931	sp|A6UQT3|PAN_METVS	32.642	193	118	6	248	431	185	374	6.55e-17	85.9
1931	sp|Q9M0Y8|NSF_ARATH	34.685	222	112	11	249	446	254	466	7.29e-17	87.0
1931	sp|B7NZ88|KATL1_RABIT	33.333	204	110	8	243	428	239	434	8.52e-17	86.3
1931	sp|O28303|PAN_ARCFU	33.796	216	129	7	218	425	149	358	9.04e-17	85.5
1931	sp|Q8MNV0|SPAST_CAEEL	34.783	161	85	5	249	397	276	428	9.42e-17	86.3
1931	sp|Q8K0T4|KATL1_MOUSE	32.353	204	112	7	243	428	237	432	1.25e-16	85.9
1931	sp|Q63347|PRS7_RAT	30.400	250	155	9	215	452	180	422	1.31e-16	85.1
1931	sp|Q5U3S1|KATL1_DANRE	32.836	201	115	7	243	428	237	432	1.43e-16	85.5
1931	sp|Q90732|PRS4_CHICK	31.532	222	140	6	218	430	193	411	2.05e-16	84.7
1931	sp|Q5XIK7|KATL1_RAT	32.353	204	112	7	243	428	237	432	2.40e-16	84.7
1931	sp|Q9BW62|KATL1_HUMAN	32.843	204	111	8	243	428	239	434	2.42e-16	84.7
1931	sp|P62193|PRS4_RAT	30.455	220	145	4	218	430	193	411	2.45e-16	84.3
1931	sp|P62192|PRS4_MOUSE	30.455	220	145	4	218	430	193	411	2.45e-16	84.3
1931	sp|P62191|PRS4_HUMAN	30.455	220	145	4	218	430	193	411	2.45e-16	84.3
1931	sp|B4USW8|KATL1_OTOGA	32.843	204	111	8	243	428	239	434	2.49e-16	84.7
1931	sp|A9RA82|KATL1_PAPAN	32.843	204	111	8	243	428	239	434	2.65e-16	84.7
1931	sp|Q0W257|PAN_METAR	30.769	221	145	5	218	431	167	386	3.16e-16	84.0
1931	sp|A7I8B8|PAN_METB6	33.673	196	114	6	198	386	174	360	3.42e-16	84.0
1931	sp|Q3UMC0|AFG2A_MOUSE	31.795	195	119	8	242	426	658	848	4.22e-16	84.7
1931	sp|Q3UMC0|AFG2A_MOUSE	37.500	144	83	4	249	385	391	534	1.70e-15	82.8
1931	sp|Q54PJ1|PRS10_DICDI	30.612	245	146	9	190	425	125	354	4.46e-16	83.2
1931	sp|D2VS83|SPAST_NAEGR	34.337	166	97	4	245	398	273	438	4.63e-16	84.0
1931	sp|A9A916|PAN_METM6	32.804	189	115	6	244	425	181	364	4.95e-16	83.2
1931	sp|A8XV40|SPAST_CAEBR	33.742	163	88	5	249	399	306	460	5.76e-16	84.0
1931	sp|Q58556|Y1156_METJA	35.976	164	93	4	235	386	469	632	5.99e-16	84.3
1931	sp|Q1HGK7|KTNA1_CHICK	31.034	203	116	6	243	428	241	436	6.73e-16	83.6
1931	sp|D1C4U5|FTSH3_SPHTD	30.417	240	143	11	237	463	82	310	7.10e-16	83.2
1931	sp|Q8NB90|AFG2A_HUMAN	36.806	144	84	3	249	385	391	534	1.31e-15	83.2
1931	sp|D5H7Z5|FTSH1_SALRM	32.719	217	133	8	249	454	254	468	8.02e-16	83.6
1931	sp|O42931|PRS7_SCHPO	30.705	241	148	9	215	443	184	417	8.25e-16	82.8
1931	sp|A4G0S4|PAN_METM5	32.432	185	113	6	248	425	185	364	9.98e-16	82.4
1931	sp|O75449|KTNA1_HUMAN	31.034	203	116	6	243	428	240	435	1.03e-15	82.8
1931	sp|Q4R407|KTNA1_MACFA	31.034	203	116	6	243	428	240	435	1.05e-15	82.8
1931	sp|Q9NAG4|MAC1_CAEEL	31.905	210	123	9	249	445	572	774	1.64e-15	82.8
1931	sp|Q9WV86|KTNA1_MOUSE	30.542	203	117	6	243	428	240	435	2.04e-15	82.0
1931	sp|Q6AZT2|SPAST_XENLA	36.184	152	74	6	245	380	354	498	2.55e-15	82.0
1931	sp|A3CV35|PAN_METMJ	33.708	178	106	5	218	386	161	335	2.67e-15	81.3
1931	sp|A2VDN5|SPAST_BOVIN	37.013	154	70	7	245	380	368	512	2.72e-15	82.0
1931	sp|P32794|AFG2_YEAST	31.698	265	153	13	198	444	504	758	3.03e-15	82.0
1931	sp|P32794|AFG2_YEAST	32.192	146	84	4	249	384	283	423	1.82e-11	70.1
1931	sp|Q6E0V2|KTNA1_RAT	30.542	203	117	6	243	428	240	435	3.06e-15	81.3
1931	sp|P78578|PRS6B_ASPNG	30.180	222	129	8	244	448	199	411	3.63e-15	80.9
1931	sp|Q9SEX2|KTNA1_ARATH	31.156	199	122	6	243	428	270	466	4.03e-15	81.3
1931	sp|Q6LWR0|PAN_METMP	31.746	189	117	6	244	425	181	364	4.09e-15	80.5
1931	sp|P54811|TERA1_CAEEL	30.317	221	141	6	239	448	238	456	4.78e-15	81.3
1931	sp|P46507|PRS6B_MANSE	31.313	198	125	6	242	430	193	388	5.18e-15	80.1
1931	sp|Q5RII9|KTNA1_DANRE	30.732	205	113	7	243	428	235	429	5.42e-15	80.5
1931	sp|Q07590|SAV_SULAC	30.000	240	144	8	201	428	206	433	6.10e-15	81.3
1931	sp|Q6NW58|SPAST_DANRE	38.312	154	68	7	245	380	323	467	6.21e-15	80.9
1931	sp|Q05AS3|SPAST_XENTR	35.526	152	75	6	245	380	357	501	6.56e-15	80.9
1931	sp|Q9QYY8|SPAST_MOUSE	37.013	154	70	7	245	380	368	512	6.85e-15	80.9
1931	sp|Q5ZK92|SPAST_CHICK	36.364	154	71	7	245	380	367	511	7.15e-15	80.5
1931	sp|Q8SQI9|PRS6B_ENCCU	33.121	157	95	4	249	395	172	328	7.47e-15	79.7
1931	sp|P33297|PRS6A_YEAST	31.839	223	135	9	236	444	201	420	8.11e-15	79.7
1931	sp|Q9UBP0|SPAST_HUMAN	37.013	154	70	7	245	380	370	514	8.28e-15	80.5
1931	sp|B2RYN7|SPAST_RAT	37.013	154	70	7	245	380	335	479	8.56e-15	80.5
1931	sp|Q9LET7|CI111_ARATH	32.895	152	92	4	242	386	415	563	8.76e-15	80.9
1931	sp|Q9LET7|CI111_ARATH	34.839	155	89	5	243	388	756	907	3.15e-11	69.7
1931	sp|Q3ZBT1|TERA_BOVIN	30.653	199	130	5	239	431	232	428	9.01e-15	80.5
1931	sp|P24004|PEX1_YEAST	32.642	193	112	9	202	385	692	875	9.15e-15	80.9
1931	sp|P03974|TERA_PIG	30.653	199	130	5	239	431	232	428	9.34e-15	80.5
1931	sp|Q54PN7|PRS6A_DICDI	32.287	223	137	7	242	454	199	417	9.37e-15	79.7
1931	sp|Q9ZNT0|VPS4_ARATH	33.987	153	97	3	240	388	160	312	9.42e-15	79.7
1931	sp|Q7ZU99|TERA_DANRE	30.653	199	130	5	239	431	232	428	9.59e-15	80.5
1931	sp|P46462|TERA_RAT	30.653	199	130	5	239	431	232	428	9.67e-15	80.5
1931	sp|Q01853|TERA_MOUSE	30.653	199	130	5	239	431	232	428	9.93e-15	80.5
1931	sp|P55072|TERA_HUMAN	30.653	199	130	5	239	431	232	428	9.93e-15	80.5
1931	sp|A6VHR1|PAN_METM7	34.667	150	91	3	244	386	181	330	1.08e-14	79.3
1931	sp|P46466|PRS4_ORYSJ	31.188	202	125	6	242	434	224	420	1.09e-14	79.3
1931	sp|Q719N1|SPAST_PIG	37.013	154	70	7	245	380	370	514	1.11e-14	80.1
1931	sp|A0JMA9|KATL2_XENTR	33.125	160	93	4	249	398	295	450	1.38e-14	79.7
1931	sp|Q9HRW6|PAN1_HALSA	32.020	203	125	6	242	435	179	377	1.52e-14	79.0
1931	sp|Q9SL67|PRS4B_ARATH	31.188	202	125	6	242	434	219	415	1.92e-14	78.6
1931	sp|A9KIG5|FTSH_LACP7	30.645	186	118	6	249	425	183	366	2.03e-14	79.0
1931	sp|O61577|KTNA1_STRPU	31.841	201	117	7	243	428	265	460	2.24e-14	79.0
1931	sp|Q0IIR9|KTNA1_XENTR	30.049	203	118	6	243	428	241	436	2.49e-14	78.6
1931	sp|Q9PUL2|KTNA1_XENLA	30.049	203	118	6	243	428	237	432	2.51e-14	78.6
1931	sp|Q94BQ2|PRS8B_ARATH	32.804	189	109	7	248	425	198	379	2.55e-14	78.2
1931	sp|P36612|PRS4_SCHPO	30.435	207	131	6	242	438	222	425	2.63e-14	78.2
1931	sp|Q6GL04|TERA_XENTR	30.151	199	131	5	239	431	232	428	2.69e-14	79.0
1931	sp|Q9C5U3|PRS8A_ARATH	32.804	189	109	7	248	425	198	379	2.72e-14	78.2
1931	sp|O42586|PR6AB_XENLA	33.032	221	133	8	242	452	182	397	2.98e-14	77.8
1931	sp|Q9SZD4|PRS4A_ARATH	31.188	202	125	6	242	434	219	415	3.06e-14	78.2
1931	sp|Q5AG40|VPS4_CANAL	33.557	149	96	3	243	388	166	314	3.09e-14	78.2
1931	sp|P23787|TERA_XENLA	30.151	199	131	5	239	431	232	428	3.19e-14	79.0
1931	sp|G1X7C7|PEX1_ARTOA	32.768	177	98	7	226	385	814	986	3.21e-14	79.0
1931	sp|A6LD25|FTSH_PARD8	30.837	227	136	10	216	430	205	422	3.40e-14	78.6
1931	sp|C4R6C2|PEX1_KOMPG	31.892	185	105	7	218	385	761	941	3.65e-14	79.0
1931	sp|P34732|SEC18_CANAX	31.559	263	156	9	187	428	254	513	3.84e-14	78.6
1931	sp|Q9VQN8|FIGL1_DROME	35.252	139	86	3	249	383	287	425	4.10e-14	78.2
1931	sp|Q9HPF0|CDCH_HALSA	31.443	194	120	8	242	426	493	682	4.14e-14	78.6
1931	sp|P46463|PEX1_PICPA	31.892	185	105	7	218	385	797	977	4.59e-14	78.6
1931	sp|Q8BPY9|FIGL1_MOUSE	30.526	190	111	5	204	383	407	585	4.71e-14	78.2
1931	sp|Q9UVU5|PEX6_PICAN	30.531	226	138	10	166	381	775	991	4.81e-14	78.6
1931	sp|B6YXR2|PAN_THEON	32.317	164	103	4	242	398	170	332	5.10e-14	77.0
1931	sp|B8GGN4|PAN_METPE	33.149	181	109	5	215	386	158	335	5.31e-14	77.0
1931	sp|Q25544|PRS8_NAEFO	36.054	147	86	4	248	386	193	339	5.66e-14	77.0
1931	sp|Q5JHS5|PAN_THEKO	31.707	164	104	4	242	398	169	331	5.97e-14	77.0
1931	sp|D0FH76|VPS4_BOMMO	31.053	190	120	6	204	388	125	308	6.04e-14	77.0
1931	sp|Q8SSJ5|CDC48_ENCCU	31.461	178	113	5	215	386	213	387	1.75e-13	76.6
1931	sp|Q6GX84|FIGL1_RAT	30.526	190	111	5	204	383	401	579	6.32e-14	77.8
1931	sp|A0LU46|ARC_ACIC1	32.323	198	107	8	218	391	235	429	6.62e-14	77.4
1931	sp|O57940|PAN_PYRHO	34.932	146	88	3	248	386	177	322	6.86e-14	76.6
1931	sp|Q9V287|PAN_PYRAB	34.932	146	88	3	248	386	174	319	7.51e-14	76.6
1931	sp|Q6DDU8|FIGL1_XENLA	30.000	190	112	5	204	383	379	557	7.70e-14	77.4
1931	sp|O05209|VAT_THEAC	30.159	189	123	5	249	428	228	416	8.26e-14	77.4
1931	sp|A4IHT0|FIGL1_XENTR	30.000	190	112	5	204	383	380	558	8.35e-14	77.4
1931	sp|P54812|TERA2_CAEEL	32.599	227	128	9	239	448	237	455	8.58e-14	77.4
1931	sp|Q67T82|FTSH2_SYMTH	30.570	193	120	8	249	430	189	378	8.84e-14	77.0
1931	sp|Q8SR13|PRS6A_ENCCU	30.806	211	134	6	242	443	179	386	9.77e-14	76.3
1931	sp|P32795|YME1_YEAST	32.432	185	111	6	249	422	318	499	1.02e-13	77.0
1931	sp|Q8PY58|PAN_METMA	30.049	203	129	6	242	435	190	388	1.04e-13	76.3
1931	sp|P54814|PRS8_MANSE	34.932	146	88	3	248	386	182	327	1.11e-13	76.3
1931	sp|C5A6P8|PAN_THEGJ	32.895	152	95	3	242	386	169	320	1.12e-13	76.3
1931	sp|O18413|PRS8_DROME	34.932	146	88	3	248	386	185	330	1.12e-13	76.3
1931	sp|P28737|MSP1_YEAST	31.293	147	87	4	248	386	129	269	1.24e-13	75.5
1931	sp|G3GXG9|PEX1_CRIGR	31.633	196	110	8	220	395	842	1033	1.33e-13	77.0
1931	sp|P62198|PRS8_RAT	34.932	146	88	3	248	386	186	331	1.39e-13	75.9
1931	sp|P62197|PRS8_PIG	34.932	146	88	3	248	386	186	331	1.39e-13	75.9
1931	sp|P62196|PRS8_MOUSE	34.932	146	88	3	248	386	186	331	1.39e-13	75.9
1931	sp|P62195|PRS8_HUMAN	34.932	146	88	3	248	386	186	331	1.39e-13	75.9
1931	sp|P62194|PRS8_BOVIN	34.932	146	88	3	248	386	186	331	1.39e-13	75.9
1931	sp|Q8SQK0|PRS8_ENCCU	33.544	158	98	3	248	398	172	329	1.42e-13	75.9
1931	sp|Q6PIW4|FIGL1_HUMAN	30.000	190	112	5	204	383	398	576	1.43e-13	76.6
1931	sp|Q9CD58|FTSH_MYCLE	31.122	196	120	9	238	423	191	381	1.53e-13	76.6
1931	sp|A8LH57|ARC_PARS2	32.642	193	105	9	215	384	250	440	1.55e-13	76.3
1931	sp|Q8U4H3|PAN_PYRFU	34.483	145	88	3	249	386	175	319	1.61e-13	75.5
1931	sp|O22993|FTSI1_ARATH	30.242	248	139	11	242	460	460	702	1.67e-13	76.6
1931	sp|Q07844|RIX7_YEAST	33.511	188	108	8	231	406	225	407	2.72e-12	72.8
1931	sp|Q4R7L3|PRS6B_MACFA	33.784	148	91	3	244	384	198	345	1.72e-13	75.5
1931	sp|P43686|PRS6B_HUMAN	33.784	148	91	3	244	384	198	345	1.72e-13	75.5
1931	sp|Q3T030|PRS6B_BOVIN	33.784	148	91	3	244	384	198	345	1.72e-13	75.5
1931	sp|Q63570|PRS6B_RAT	33.784	148	91	3	244	384	198	345	1.75e-13	75.5
1931	sp|P54775|PRS6B_MOUSE	33.784	148	91	3	244	384	198	345	1.75e-13	75.5
1931	sp|Q2FQ56|PAN_METHJ	31.892	185	113	6	249	425	191	370	1.78e-13	75.5
1931	sp|O14126|PRS6A_SCHPO	31.532	222	135	7	236	443	205	423	1.87e-13	75.5
1931	sp|Q47NX7|ARC_THEFY	32.000	175	93	6	241	391	258	430	2.02e-13	75.9
1931	sp|Q5BL07|PEX1_MOUSE	30.263	228	137	8	220	430	841	1063	2.39e-13	76.3
1931	sp|Q9P7J5|YJNA_SCHPO	30.131	229	127	9	249	463	129	338	2.41e-13	74.7
1931	sp|A9BJK3|FTSH3_PETMO	31.034	203	125	9	237	429	189	386	3.51e-13	75.5
1931	sp|B0K5A3|FTSH1_THEPX	30.288	208	120	10	237	429	188	385	4.23e-13	75.1
1931	sp|Q9XTT9|PRS8_CAEEL	34.483	145	88	3	249	386	197	341	4.42e-13	74.3
1931	sp|P46470|PRS8_XENLA	35.616	146	86	4	248	386	181	325	4.88e-13	74.3
1931	sp|Q9SCN8|CD48D_ARATH	30.387	181	111	6	215	386	213	387	6.68e-11	68.6
1931	sp|P52917|VPS4_YEAST	32.886	149	97	3	243	388	164	312	5.87e-13	73.9
1931	sp|D4HA34|FTSH_CUTAS	32.995	197	117	9	237	423	194	385	6.40e-13	74.7
1931	sp|O43078|ALF1_SCHPO	31.724	145	86	2	249	380	416	560	6.50e-13	74.7
1931	sp|O80860|FTSH2_ARATH	31.111	225	134	12	238	448	255	472	6.73e-13	74.7
1931	sp|C7N1I1|FTSH_SLAHD	30.583	206	128	10	237	432	312	512	7.16e-13	74.7
1931	sp|Q655S1|FTSH2_ORYSJ	30.660	212	132	9	249	448	251	459	7.61e-13	74.3
1931	sp|P46502|PRS6B_CAEEL	30.542	203	130	6	244	437	194	394	7.99e-13	73.6
1931	sp|Q6MDI5|FTSH_PARUW	31.472	197	112	10	249	430	461	649	7.99e-13	74.7
1931	sp|P33760|PEX6_YEAST	31.000	200	123	8	190	381	716	908	8.01e-13	74.7
1931	sp|Q5AWS6|CDC48_EMENI	31.544	149	98	3	242	386	256	404	4.03e-12	72.4
1931	sp|Q6FW67|PEX6_CANGA	34.286	140	85	4	249	381	755	894	9.93e-13	74.3
1931	sp|D3FFN2|FTSH_MYCGH	30.769	208	129	9	237	435	301	502	1.02e-12	73.9
1931	sp|Q60QD1|FIGL1_CAEBR	32.051	156	85	5	245	385	344	493	1.16e-12	73.6
1931	sp|Q83FV7|FTSH_TROWT	30.374	214	127	8	237	438	189	392	1.16e-12	73.9
1931	sp|O43933|PEX1_HUMAN	31.633	196	110	8	220	395	840	1031	1.58e-12	73.9
1931	sp|Q9QUL6|NSF_RAT	34.940	166	89	7	237	386	247	409	1.60e-12	73.6
1931	sp|P18708|NSF_CRIGR	34.940	166	89	7	237	386	247	409	1.63e-12	73.6
1931	sp|P46460|NSF_MOUSE	34.940	166	89	7	237	386	247	409	1.78e-12	73.2
1931	sp|P46459|NSF_HUMAN	34.940	166	89	7	237	386	247	409	1.80e-12	73.2
1931	sp|Q5R410|NSF_PONAB	34.940	166	89	7	237	386	247	409	1.81e-12	73.2
1931	sp|Q2JNP0|FTSH_SYNJB	30.846	201	124	8	238	428	197	392	1.88e-12	73.2
1931	sp|C8WEG0|FTSH_ZYMMN	30.052	193	122	8	248	430	215	404	1.91e-12	73.2
1931	sp|Q09803|VPS4_SCHPO	30.366	191	127	4	243	428	160	349	1.94e-12	72.4
1931	sp|P40328|TBP6_YEAST	34.247	146	82	3	249	380	508	653	2.22e-12	73.2
1931	sp|B3DV46|FTSH1_METI4	32.044	181	102	9	238	406	208	379	2.29e-12	72.8
1931	sp|Q6LUJ8|FTSH_PHOPR	30.612	196	122	9	249	434	216	407	3.62e-12	72.4
1931	sp|B9L3S8|FTSH2_THERP	30.256	195	117	7	249	430	288	476	4.33e-12	72.0
1931	sp|O14325|YB7A_SCHPO	32.164	171	106	7	244	406	207	375	4.44e-12	72.0
1931	sp|Q9P3U2|YKX4_SCHPO	30.921	152	92	2	243	381	490	641	5.34e-12	71.6
1931	sp|B8J992|FTSH_ANAD2	30.556	216	135	10	249	452	243	455	5.42e-12	71.6
1931	sp|B8I4B9|FTSH_RUMCH	30.964	197	121	9	237	423	191	382	5.57e-12	71.6
1931	sp|O74894|PRS6B_SCHPO	30.102	196	117	7	249	430	172	361	6.90e-12	70.5
1931	sp|Q8IYT4|KATL2_HUMAN	32.895	152	88	4	249	390	291	438	7.10e-12	71.2
1931	sp|D1CDT8|FTSH_THET1	31.818	220	124	12	249	450	234	445	9.23e-12	70.9
1931	sp|Q9D3R6|KATL2_MOUSE	33.113	151	89	3	249	390	292	439	9.36e-12	70.9
1931	sp|Q4JVP5|ARC_CORJK	33.548	155	78	7	242	377	220	368	1.23e-11	70.1
1931	sp|B7PXE3|SPAST_IXOSC	32.680	153	78	6	245	380	402	546	1.55e-11	70.1
1931	sp|D2QZ34|FTSH_PIRSD	32.877	146	89	5	249	386	259	403	1.62e-11	70.1
1931	sp|Q8RY16|PEX6_ARATH	34.043	141	80	5	242	370	684	823	1.96e-11	70.1
1931	sp|Q5T9A4|ATD3B_HUMAN	31.148	183	108	6	209	386	318	487	2.04e-11	69.7
1931	sp|F3YDF1|YMEL1_DROME	30.851	188	112	9	249	425	341	521	2.31e-11	69.7
1931	sp|Q01939|PRS8_YEAST	31.507	146	93	3	248	386	185	330	3.17e-11	68.6
1931	sp|Q9SS94|CD48C_ARATH	31.915	188	112	7	249	426	566	747	3.36e-11	69.3
1931	sp|P41836|PRS8_SCHPO	34.375	160	93	4	249	398	183	340	4.46e-11	68.2
1931	sp|O78516|FTSH_GUITH	31.210	157	97	6	238	386	201	354	4.82e-11	68.6
1931	sp|A6TWP7|FTSH2_ALKMQ	31.646	158	97	7	237	386	192	346	5.47e-11	68.6
1931	sp|A9FDV9|FTSH2_SORC5	30.270	185	106	7	249	416	192	370	5.70e-11	68.6
1931	sp|F4IAE9|Y1591_ARATH	33.333	168	97	6	231	386	401	565	6.32e-11	68.6
1931	sp|Q925I1|ATD3A_MOUSE	30.556	180	107	6	209	383	317	483	7.40e-11	68.2
1931	sp|Q3KRE0|ATD3A_RAT	30.556	180	107	6	209	383	317	483	8.75e-11	67.8
2063	sp|P39213|INSN_SHIDY	60.000	95	38	0	9	103	18	112	1.99e-36	122
2063	sp|P75679|INSN1_ECOLI	57.143	84	36	0	9	92	18	101	6.69e-29	103
2063	sp|P39212|INSN2_ECOLI	55.556	81	36	0	9	89	6	86	1.83e-27	99.0
2064	sp|Q47718|INSO2_ECOLI	64.539	141	50	0	2	142	35	175	4.05e-63	198
2064	sp|P0CF85|INSF_ECO11	36.866	217	122	3	15	231	82	283	4.94e-39	139
2064	sp|P0CF84|INSF6_ECOLI	36.866	217	122	3	15	231	82	283	4.94e-39	139
2064	sp|P0CF83|INSF5_ECOLI	36.866	217	122	3	15	231	82	283	4.94e-39	139
2064	sp|P0CF82|INSF4_ECOLI	36.866	217	122	3	15	231	82	283	4.94e-39	139
2064	sp|P0CF81|INSF3_ECOLI	36.866	217	122	3	15	231	82	283	4.94e-39	139
2064	sp|P0CF80|INSF2_ECOLI	36.866	217	122	3	15	231	82	283	4.94e-39	139
2064	sp|P0CF79|INSF1_ECOLI	36.866	217	122	3	15	231	82	283	4.94e-39	139
2064	sp|Q9JMT3|INSF7_ECOLI	36.866	217	122	3	15	231	82	283	2.61e-38	137
2064	sp|P16940|YIS2_SHISO	34.685	222	144	1	14	234	46	267	2.71e-38	137
2064	sp|P35878|T904_LACLA	33.621	232	151	2	2	231	19	249	7.11e-37	133
2064	sp|P75680|INSO1_ECOLI	58.427	89	37	0	2	90	36	124	1.48e-30	113
2064	sp|P19769|INSK_ECOLI	31.140	228	156	1	2	229	47	273	2.43e-30	117
2064	sp|O05086|Y1721_HAEIN	31.694	183	122	3	46	228	29	208	3.27e-24	99.0
2064	sp|Q9JMS8|YUAL_ECOLI	49.254	67	34	0	139	205	1	67	3.78e-16	73.6
2064	sp|Q06715|ADPR_LACLL	36.082	97	62	0	138	234	89	185	5.44e-11	64.7
2265	sp|A0A4D6G3C8|CHOD_ACIBA	44.776	134	71	1	1	134	403	533	3.24e-28	111
2265	sp|P9WMV9|CHOD_MYCTU	47.015	134	68	3	1	134	402	532	4.94e-28	110
2265	sp|P9WMV8|CHOD_MYCTO	47.015	134	68	3	1	134	402	532	4.94e-28	110
2266	sp|Q556J2|KDSR_DICDI	31.707	287	165	8	2	257	27	313	4.85e-33	126
2266	sp|F1QWW8|KDSR_DANRE	34.783	207	129	4	2	202	30	236	4.46e-32	123
2266	sp|Q6GV12|KDSR_MOUSE	36.232	207	126	4	2	202	30	236	7.07e-32	122
2266	sp|Q2KIJ5|KDSR_BOVIN	36.232	207	126	4	2	202	30	236	8.62e-32	122
2266	sp|Q0WRJ2|KDSRA_ARATH	35.784	204	121	5	2	200	37	235	1.71e-30	119
2266	sp|Q06136|KDSR_HUMAN	34.783	207	129	4	2	202	30	236	1.18e-29	117
2266	sp|F4JZN6|KDSRB_ARATH	34.804	204	123	5	2	200	35	233	1.65e-29	116
2266	sp|P72332|NODG_RHIS3	32.143	196	125	4	2	194	4	194	4.53e-27	108
2266	sp|Q9KQH7|FABG_VIBCH	32.500	200	128	4	2	198	3	198	1.88e-26	106
2266	sp|Q5HLD8|Y2049_STAEQ	34.673	199	116	7	2	194	4	194	1.00e-24	101
2266	sp|Q8CN40|Y2036_STAES	34.673	199	116	7	2	194	4	194	1.00e-24	101
2266	sp|P0AEK3|FABG_SHIFL	30.802	237	151	6	3	234	4	232	1.25e-23	99.0
2266	sp|P0AEK2|FABG_ECOLI	30.802	237	151	6	3	234	4	232	1.25e-23	99.0
2266	sp|P43713|FABG_HAEIN	30.769	208	134	4	2	207	1	200	1.41e-23	99.0
2266	sp|H9XP47|MBDH_SERMA	31.579	190	126	2	5	193	6	192	3.90e-23	97.8
2266	sp|Q8A945|KDSR_BACTN	33.690	187	111	4	7	191	6	181	1.75e-22	96.7
2266	sp|P19337|BAIA2_CLOSV	30.964	197	127	4	1	191	3	196	1.89e-22	95.9
2266	sp|P50941|FABG_RICPR	31.313	198	126	3	2	197	4	193	2.41e-22	95.5
2266	sp|P22414|FOX2_CANTR	32.787	183	116	4	2	182	320	497	2.82e-22	99.4
2266	sp|P16544|ACT3_STRCO	32.086	187	120	4	8	189	10	194	1.03e-21	94.4
2266	sp|Q6F7B8|ACR1_ACIAD	34.021	194	121	5	2	190	13	204	1.76e-21	94.4
2266	sp|P37694|HETN_NOSS1	34.783	184	115	4	2	182	4	185	1.84e-21	94.4
2266	sp|P16542|DHK1_STRVN	32.275	189	121	4	8	191	21	207	3.67e-21	93.2
2266	sp|Q8XBJ4|UCPA_ECO57	30.660	212	136	5	2	207	4	210	5.03e-21	92.4
2266	sp|P37440|UCPA_ECOLI	30.660	212	136	5	2	207	4	210	5.46e-21	92.4
2266	sp|P54554|YQJQ_BACSU	33.668	199	120	6	2	195	4	195	5.75e-21	92.4
2266	sp|P51831|FABG_BACSU	30.732	205	134	5	1	200	1	202	9.70e-21	91.3
2266	sp|P0A2D1|UCPA_SALTY	30.660	212	136	5	2	207	4	210	1.01e-20	91.7
2266	sp|P0A2D2|UCPA_SALTI	30.660	212	136	5	2	207	4	210	1.01e-20	91.7
2266	sp|Q68VY7|FABG_RICTY	30.102	196	127	3	4	197	6	193	1.12e-20	91.3
2266	sp|P0DXE0|CHCB1_SINCY	30.457	197	131	3	5	195	11	207	1.49e-20	91.3
2266	sp|Q92EK7|Y452_LISIN	32.843	204	130	6	2	200	3	204	2.65e-20	90.1
2266	sp|Q49WS9|Y1627_STAS1	33.333	180	113	4	2	178	4	179	3.17e-20	90.1
2266	sp|D4Z260|LINX_SPHIU	31.579	190	127	3	2	189	5	193	3.55e-20	90.1
2266	sp|A0A1L5BU05|LINX_SPHIB	31.579	190	127	3	2	189	5	193	3.55e-20	90.1
2266	sp|O86034|BDHA_RHIME	30.846	201	130	5	5	198	3	201	6.36e-20	89.4
2266	sp|P41177|DHKR_STRVG	32.086	187	120	4	8	189	10	194	8.64e-20	89.0
2266	sp|Q02207|FOX2_YEAST	32.292	192	116	4	2	182	7	195	9.51e-20	92.0
2266	sp|P25145|Y432_LISMO	32.353	204	131	6	2	200	3	204	1.71e-19	88.2
2266	sp|P50204|PHAB_PARDE	31.088	193	126	4	5	195	3	190	2.07e-19	87.8
2266	sp|Q9LUF2|HSD4B_ARATH	35.165	182	109	7	2	177	45	223	2.46e-19	88.6
2266	sp|P0DKC7|HSD4A_ARATH	35.165	182	109	7	2	177	45	223	2.46e-19	88.6
2266	sp|Q9KJF1|BBSD_THAAR	33.846	195	123	5	2	193	3	194	2.95e-19	87.4
2266	sp|Q5RCF8|DHRS4_PONAB	30.672	238	152	8	5	234	33	265	4.59e-19	87.4
2266	sp|Q01373|FOX2_NEUCR	33.103	145	89	3	36	179	50	187	1.77e-15	79.3
2266	sp|P17611|NODG_AZOBR	32.536	209	132	5	5	209	4	207	7.91e-19	86.3
2266	sp|Q9LBG2|LVR_LEIAQ	31.156	199	133	4	7	201	16	214	8.28e-19	86.7
2266	sp|Q9BTZ2|DHRS4_HUMAN	30.252	238	153	8	5	234	33	265	1.26e-18	86.3
2266	sp|Q9GKX2|DHRS4_RABIT	30.802	237	153	7	5	234	15	247	1.28e-18	85.9
2266	sp|Q6NUE2|CBR4_XENLA	31.282	195	120	7	9	195	7	195	1.33e-18	85.5
2266	sp|P23238|PHAB_SHIZO	31.731	208	130	6	8	213	6	203	2.05e-18	85.1
2266	sp|P14802|YOXD_BACSU	32.026	153	95	3	70	214	72	223	2.87e-18	84.7
2266	sp|P0DKC6|HSD1B_ARATH	31.937	191	125	5	2	189	45	233	4.30e-18	85.9
2266	sp|P0DKC5|HSD1A_ARATH	31.937	191	125	5	2	189	45	233	4.30e-18	85.9
2266	sp|Q561X9|DHRS6_DANRE	31.053	190	118	6	2	188	4	183	4.45e-18	84.3
2266	sp|P50205|PHAB_RHIME	30.806	211	128	6	8	213	6	203	5.64e-18	84.0
2266	sp|P0DX40|CLADH_LACPN	31.720	186	119	5	3	182	5	188	1.03e-17	84.0
2266	sp|O18404|HCD2_DROME	32.710	214	123	7	1	198	1	209	1.22e-17	83.2
2266	sp|A0A1L5BUG8|LINC_SPHIB	31.156	199	128	5	2	195	4	198	1.28e-17	83.2
2266	sp|P9WGP9|SADH_MYCTU	30.040	253	152	9	2	238	4	247	1.32e-17	83.6
2266	sp|P9WGP8|SADH_MYCTO	30.040	253	152	9	2	238	4	247	1.32e-17	83.6
2266	sp|Q9L9F8|NOVJ_STRNV	32.804	189	121	5	8	193	20	205	1.68e-17	82.8
2266	sp|Q949M3|FABG3_BRANA	30.366	191	127	4	7	193	75	263	2.14e-17	83.6
2266	sp|T2KLZ8|PLH6_FORAG	30.319	188	125	4	2	185	8	193	2.15e-17	82.8
2266	sp|Q93X62|FABG1_BRANA	30.366	191	127	4	7	193	80	268	2.17e-17	83.6
2266	sp|P50199|GNO_GLUOX	31.188	202	120	6	2	193	9	201	3.48e-17	82.0
2266	sp|Q8CQD2|BUTA_STAES	30.964	197	126	5	5	195	3	195	4.46e-17	81.6
2266	sp|D4YYG1|LINC_SPHIU	31.156	199	128	5	2	195	4	198	5.15e-17	81.3
2266	sp|A6SSW9|BOA17_BOTFB	35.870	184	105	6	5	182	3	179	5.29e-17	81.6
2266	sp|P39577|DLTE_BACSU	30.435	230	142	8	7	231	8	224	5.88e-17	81.3
2266	sp|F1QLP1|DHI2_DANRE	34.737	190	118	5	2	187	83	270	8.50e-17	82.8
2266	sp|Q9WYG0|Y325_THEMA	30.220	182	122	3	3	182	4	182	8.85e-17	80.9
2266	sp|Q6PKH6|DR4L2_HUMAN	30.601	183	117	6	2	178	30	208	1.41e-16	79.7
2266	sp|Q8LKV5|HSDB_SESIN	31.868	182	119	5	2	180	46	225	1.67e-16	81.6
2266	sp|Q5HKG6|BUTA_STAEQ	30.457	197	127	5	5	195	3	195	2.09e-16	79.7
2266	sp|Q99J47|DRS7B_MOUSE	31.319	182	118	6	7	182	55	235	2.45e-16	80.5
2266	sp|Q56840|HCDR1_XANP2	31.308	214	135	8	8	213	6	215	2.84e-16	79.3
2266	sp|P37059|DHB2_HUMAN	31.068	206	132	5	2	201	80	281	2.94e-16	80.9
2266	sp|Q9STY7|HSD3_ARATH	33.702	181	115	5	5	182	48	226	3.73e-16	80.1
2266	sp|Q9NKW1|MFEA_DICDI	30.729	192	118	4	2	182	5	192	3.88e-16	80.9
2266	sp|O34782|YVRD_BACSU	32.317	164	106	3	2	163	5	165	5.45e-16	79.0
2266	sp|Q93W57|HSDA_SESIN	30.168	179	122	3	2	177	45	223	5.87e-16	79.7
2266	sp|O02691|HCD2_BOVIN	31.280	211	126	6	2	197	8	214	6.29e-16	78.6
2266	sp|Q9NYR8|RDH8_HUMAN	30.660	212	133	6	5	206	6	213	6.56e-16	79.3
2266	sp|A7LB60|HSDA_ARAHY	31.746	189	124	5	2	187	45	231	9.44e-16	79.3
2266	sp|O14351|YB45_SCHPO	32.461	191	111	7	5	189	7	185	1.19e-15	77.4
2266	sp|Q8HZJ8|DHI1_BOVIN	32.620	187	111	7	1	179	31	210	1.26e-15	78.2
2266	sp|P0CU71|CLAN_PASFU	42.857	105	56	3	81	182	75	178	1.40e-15	76.6
2266	sp|Q5RJY4|DRS7B_RAT	30.481	187	115	7	7	182	55	237	1.91e-15	78.2
2266	sp|Q5ZJZ5|BDH_CHICK	34.188	117	77	0	69	185	121	237	2.00e-15	78.2
2266	sp|Q6P7J1|DHI1A_XENLA	33.516	182	115	5	2	179	31	210	2.13e-15	77.4
2266	sp|P47227|BPHB_PARXL	35.196	179	100	5	2	171	3	174	2.26e-15	77.4
2266	sp|A0A2G0QDN4|XHPD_XENHO	31.088	193	120	4	5	193	4	187	3.14e-15	77.0
2266	sp|P21215|12AH_CLOS4	30.570	193	120	6	1	182	3	192	3.81e-15	76.3
2266	sp|P39071|DHBA_BACSU	30.729	192	126	6	2	189	6	194	3.96e-15	76.3
2266	sp|Q9T0G0|HSD5_ARATH	32.222	180	117	5	2	177	47	225	4.46e-15	77.4
2266	sp|Q62730|DHB2_RAT	31.132	212	115	7	2	195	81	279	4.86e-15	77.4
2266	sp|Q9Y7P2|GPI11_SCHPO	30.392	204	130	6	5	200	14	213	4.91e-15	77.8
2266	sp|P08694|BPHB_METFU	34.184	196	112	6	2	189	3	189	5.73e-15	76.3
2266	sp|Q14RS1|ABA4_BOTFU	30.244	205	125	7	5	201	9	203	5.84e-15	75.9
2266	sp|A0A384JQF5|ABA4_BOTFB	30.244	205	125	7	5	201	9	203	5.84e-15	75.9
2266	sp|Q7SYS6|DHI1B_XENLA	33.702	181	116	4	2	179	31	210	6.25e-15	76.3
2266	sp|Q7M3I4|DHI1_RABIT	31.868	182	119	3	1	179	31	210	8.57e-15	75.9
2266	sp|Q6R0J2|DHI1_MESAU	31.694	183	118	5	1	179	31	210	1.71e-14	75.1
2266	sp|P73574|FABG_SYNY3	31.937	191	124	4	8	194	10	198	1.80e-14	74.3
2266	sp|P0DKI3|TRNH1_ARATH	30.102	196	131	5	2	193	12	205	1.92e-14	74.7
2266	sp|A7LB59|HSDB_ARAHY	30.556	180	120	5	2	177	45	223	2.34e-14	75.1
2266	sp|P72220|BPHB_PSEPU	33.898	177	105	4	2	171	3	174	2.42e-14	74.3
2266	sp|Q6QLL4|DHI1_CAVPO	31.148	183	119	5	1	179	31	210	3.02e-14	74.3
2266	sp|P19992|HSD_STREX	31.414	191	123	6	2	189	4	189	3.79e-14	73.6
2266	sp|P50172|DHI1_MOUSE	31.522	184	117	5	1	179	31	210	4.83e-14	73.9
2266	sp|Q9SY73|PTALR_ARATH	30.726	179	111	5	1	172	14	186	5.93e-14	72.8
2266	sp|P9WGS7|Y0687_MYCTU	30.769	117	79	1	77	191	96	212	6.02e-14	73.2
2266	sp|P9WGS6|Y0687_MYCTO	30.769	117	79	1	77	191	96	212	6.02e-14	73.2
2266	sp|Q05528|KDUD_DICD3	30.918	207	129	7	2	200	8	208	9.02e-14	72.4
2266	sp|Q56841|HCDS1_XANP2	32.432	185	117	4	1	182	1	180	9.17e-14	72.4
2266	sp|P9WGR5|Y484_MYCTU	34.783	184	102	8	5	182	8	179	9.41e-14	72.4
2266	sp|P9WGR4|Y484_MYCTO	34.783	184	102	8	5	182	8	179	9.41e-14	72.4
2266	sp|Q49117|Y182_METEA	31.183	186	118	6	2	182	4	184	1.28e-13	72.0
2266	sp|P0AFP4|YBBO_ECOLI	31.000	200	122	6	5	198	16	205	1.30e-13	72.4
2266	sp|P0AFP5|YBBO_ECOL6	31.000	200	122	6	5	198	16	205	1.30e-13	72.4
2266	sp|A0A140JWS5|PTMH_PENOH	32.787	183	106	7	2	177	1	173	1.51e-13	72.0
2266	sp|Q8VD48|DHRS9_RAT	30.392	204	125	6	2	197	27	221	1.64e-13	72.4
2266	sp|P66780|Y1570_MYCBO	30.000	220	137	8	2	207	51	267	1.86e-13	72.4
2266	sp|P9WGS1|Y1543_MYCTU	30.000	220	137	8	2	207	51	267	1.86e-13	72.4
2266	sp|P9WGS0|Y1543_MYCTO	30.000	220	137	8	2	207	51	267	1.86e-13	72.4
2266	sp|Q8HYR6|DHRS9_BOVIN	31.122	196	122	6	2	191	27	215	2.37e-13	72.0
2266	sp|Q1WNP0|DHB1_PANTR	31.183	186	116	6	7	183	6	188	2.55e-13	72.0
2266	sp|Q9P7B4|YI13_SCHPO	33.333	186	118	5	2	182	4	188	2.64e-13	71.2
2266	sp|Q9LUE4|HSD6_ARATH	31.667	180	118	5	2	177	45	223	3.16e-13	72.0
2266	sp|P14061|DHB1_HUMAN	31.183	186	116	6	7	183	6	188	3.90e-13	71.6
2266	sp|Q46381|BPHB_COMTE	31.579	190	113	6	2	182	3	184	5.04e-13	70.9
2266	sp|A0A0E3D8L9|PC15_PENCR	31.892	185	105	8	2	177	1	173	1.18e-12	69.7
2266	sp|P51656|DHB1_MOUSE	31.522	184	109	7	7	179	6	183	1.38e-12	70.1
2266	sp|Q2H1V7|MKAR_CHAGB	30.120	249	148	10	3	241	65	297	1.46e-12	70.1
2266	sp|A0QYC2|DTHD_MYCS2	33.594	128	75	2	78	195	91	218	1.66e-12	68.9
2266	sp|Q1NEI6|KDRDH_SPHSS	30.392	204	132	5	4	203	10	207	1.89e-12	68.6
2266	sp|Q6PUF3|DHI1L_DANRE	33.155	187	108	11	2	179	31	209	2.08e-12	68.9
2266	sp|P16232|DHI1_RAT	32.203	177	105	6	1	169	27	196	2.27e-12	68.9
2266	sp|P48758|CBR1_MOUSE	31.469	143	84	6	8	143	9	144	3.33e-12	68.6
2266	sp|P50203|PHAB_ACISR	31.304	115	78	1	80	193	82	196	5.99e-12	67.4
2266	sp|Q8L9C4|KCR1_ARATH	30.481	187	121	6	4	182	51	236	7.34e-12	67.8
2266	sp|O06413|OX547_MYCTU	31.188	202	117	8	2	190	38	230	8.08e-12	67.4
2266	sp|W6QCN3|ANUI_PENRF	35.669	157	93	5	7	156	9	164	1.45e-11	66.2
2266	sp|Q6PUF4|DHI1L_CHICK	30.244	205	126	9	2	197	32	228	1.60e-11	66.6
2266	sp|P0DOV5|SQD_PSEPU	30.208	192	126	4	5	193	15	201	3.52e-11	65.1
2266	sp|O93868|NMTDH_AGABI	30.918	207	121	7	5	195	12	212	7.07e-11	64.3
2438	sp|P0CF85|INSF_ECO11	45.339	236	129	0	2	237	50	285	9.26e-65	206
2438	sp|P0CF84|INSF6_ECOLI	45.339	236	129	0	2	237	50	285	9.26e-65	206
2438	sp|P0CF83|INSF5_ECOLI	45.339	236	129	0	2	237	50	285	9.26e-65	206
2438	sp|P0CF82|INSF4_ECOLI	45.339	236	129	0	2	237	50	285	9.26e-65	206
2438	sp|P0CF81|INSF3_ECOLI	45.339	236	129	0	2	237	50	285	9.26e-65	206
2438	sp|P0CF80|INSF2_ECOLI	45.339	236	129	0	2	237	50	285	9.26e-65	206
2438	sp|P0CF79|INSF1_ECOLI	45.339	236	129	0	2	237	50	285	9.26e-65	206
2438	sp|Q9JMT3|INSF7_ECOLI	44.492	236	131	0	2	237	50	285	1.72e-62	200
2438	sp|P35878|T904_LACLA	42.489	233	132	2	5	236	19	250	1.22e-55	181
2438	sp|P16940|YIS2_SHISO	41.921	229	132	1	15	242	44	272	2.85e-54	178
2438	sp|P19769|INSK_ECOLI	35.443	237	151	2	5	241	47	281	1.96e-43	150
2438	sp|O05086|Y1721_HAEIN	40.394	203	116	4	37	238	16	214	6.97e-42	145
2438	sp|Q79CE8|T1353_SHIFL	30.165	242	166	2	1	240	271	511	8.96e-30	119
2438	sp|O05023|Y493_HAEIN	41.558	77	45	0	139	215	33	109	2.45e-11	62.4
2439	sp|P59445|INSE_SHIFL	41.237	97	48	2	2	98	8	95	7.10e-12	59.7
2439	sp|P0ADH4|INSEP_ECO11	41.237	97	48	2	2	98	8	95	7.10e-12	59.7
2439	sp|P0CF73|INSEC_ECO11	41.237	97	48	2	2	98	8	95	7.10e-12	59.7
2439	sp|P0CF72|INSE7_ECOLI	41.237	97	48	2	2	98	8	95	7.10e-12	59.7
2439	sp|P0CF71|INSE6_ECOLI	41.237	97	48	2	2	98	8	95	7.10e-12	59.7
2439	sp|P0CF70|INSE5_ECOLI	41.237	97	48	2	2	98	8	95	7.10e-12	59.7
2439	sp|P0CF69|INSE4_ECOLI	41.237	97	48	2	2	98	8	95	7.10e-12	59.7
2439	sp|P0CF68|INSE3_ECOLI	41.237	97	48	2	2	98	8	95	7.10e-12	59.7
2439	sp|P0CF67|INSE2_ECOLI	41.237	97	48	2	2	98	8	95	7.10e-12	59.7
2439	sp|P0CF66|INSE1_ECOLI	41.237	97	48	2	2	98	8	95	7.10e-12	59.7
2476	sp|P51192|YCF52_PORPU	34.307	137	74	5	4	130	39	169	1.44e-12	64.3
2476	sp|Q1XDU5|YCF52_PYRYE	33.577	137	75	5	4	130	39	169	2.94e-12	63.5
2502	sp|P9WHG7|PARE1_MYCTU	36.957	92	58	0	2	93	3	94	7.65e-21	82.0
2502	sp|P9WHG6|PARE1_MYCTO	36.957	92	58	0	2	93	3	94	7.65e-21	82.0
2502	sp|Q9A9T8|PARE1_CAUVC	32.609	92	60	1	1	92	1	90	5.80e-16	69.7
2503	sp|P58093|PARD_VIBCH	66.667	78	26	0	1	78	1	78	6.86e-32	108
2503	sp|P67299|PARD_MYCBO	49.315	73	36	1	1	72	1	73	2.51e-17	72.0
2503	sp|P9WIJ7|PARD1_MYCTU	49.315	73	36	1	1	72	1	73	2.51e-17	72.0
2503	sp|P9WIJ6|PARD1_MYCTO	49.315	73	36	1	1	72	1	73	2.51e-17	72.0
2503	sp|Q9PBR9|PARD_XYLFA	41.772	79	45	1	1	78	1	79	3.58e-16	69.3
2503	sp|P58091|PARD1_CAUVC	53.425	73	33	1	2	73	3	75	1.67e-15	67.8
2503	sp|P58092|PARD_ECO57	43.836	73	41	0	1	73	1	73	1.68e-13	62.4
2503	sp|P0C2N3|PARD_YEREN	42.857	63	36	0	1	63	1	63	6.02e-11	55.8
2503	sp|A1JUB1|PARD_YERE8	42.857	63	36	0	1	63	1	63	6.02e-11	55.8
2515	sp|A0JME6|ISOC2_DANRE	32.768	177	117	1	2	178	7	181	2.17e-27	105
2515	sp|Q32KX0|ISOC2_BOVIN	36.416	173	102	4	9	179	18	184	1.49e-26	103
2515	sp|Q96AB3|ISOC2_HUMAN	34.104	173	107	3	9	179	18	185	2.24e-25	100
2515	sp|P85094|ISC2A_MOUSE	33.333	174	107	3	9	179	18	185	7.43e-25	98.6
2515	sp|G4YEI5|ISC1_PHYSP	33.714	175	112	3	9	179	21	195	1.36e-24	98.2
2515	sp|Q4R826|ISOC2_MACFA	33.526	173	108	3	9	179	18	185	1.55e-24	97.8
2515	sp|B5X0W9|ISOC1_SALSA	35.088	171	102	2	13	179	106	271	3.68e-24	98.6
2515	sp|Q08C33|ISOC1_DANRE	35.088	171	102	2	13	179	106	271	3.80e-24	98.6
2515	sp|Q5RC03|ISOC2_PONAB	32.948	173	109	3	9	179	18	185	6.20e-24	96.3
2515	sp|Q9DCC7|ISC2B_MOUSE	31.579	171	114	2	9	179	18	185	4.98e-23	94.0
2515	sp|Q5PQA5|ISOC1_XENLA	34.270	178	116	1	2	179	118	294	1.22e-22	95.1
2515	sp|A6QLY4|ISOC1_BOVIN	33.146	178	118	1	2	179	110	286	1.38e-22	94.7
2515	sp|Q96CN7|ISOC1_HUMAN	33.146	178	118	1	2	179	110	286	1.90e-22	94.4
2515	sp|Q91V64|ISOC1_MOUSE	33.146	178	118	1	2	179	109	285	2.50e-22	94.0
2515	sp|Q0IHU5|ISOC1_XENTR	33.708	178	117	1	2	179	120	296	3.98e-22	93.6
2515	sp|Q5U3Z3|ISOC2_RAT	30.994	171	115	2	9	179	18	185	9.24e-22	90.9
2515	sp|Q6I7R3|ISOC1_RAT	32.584	178	119	1	2	179	109	285	2.22e-21	91.7
2560	sp|Q88NI1|MCPU_PSEPK	33.853	706	414	15	8	700	13	678	3.79e-96	315
2560	sp|Q9I0I4|TLPQ_PSEAE	34.426	610	383	9	94	697	103	701	4.22e-93	307
2560	sp|Q88R14|MCPH_PSEPK	30.143	491	312	4	224	705	176	644	1.83e-51	192
2560	sp|Q9I0I6|CTPM_PSEAE	36.527	334	204	2	376	705	231	560	1.36e-48	183
2560	sp|Q88IY8|MCPP_PSEPK	36.901	355	208	4	352	704	198	538	4.18e-47	178
2560	sp|Q88D09|MCPQ_PSEPK	37.540	309	188	2	373	678	307	613	8.03e-45	173
2560	sp|G3XDA3|CTPH_PSEAE	38.199	322	196	2	348	669	213	531	7.58e-43	167
2560	sp|P15492|HLYB_VIBCH	36.261	353	203	9	358	697	199	542	2.61e-41	162
2560	sp|Q88JK6|PCAY_PSEPK	33.238	349	227	2	347	691	189	535	1.28e-40	160
2560	sp|A5W2C8|PCAY_PSEP1	33.238	349	227	2	347	691	180	526	1.43e-40	159
2560	sp|Q9I3F6|AER_PSEAE	40.083	242	133	4	457	694	272	505	3.01e-40	158
2560	sp|Q88E10|MCPS_PSEPK	34.688	320	179	4	373	664	308	625	1.52e-39	158
2560	sp|Q9HUB1|MCPK_PSEAE	38.801	317	172	8	396	701	333	638	3.09e-39	157
2560	sp|Q9Z429|NAHY_PSEPU	33.832	334	215	2	371	704	205	532	3.89e-39	155
2560	sp|Q9X1E2|MCP4_THEMA	30.504	377	226	7	351	703	195	559	4.16e-37	150
2560	sp|P35841|DCRA_NITV2	37.549	253	157	1	453	705	417	668	4.03e-35	145
2560	sp|Q9I055|MCPN_PSEAE	34.007	297	189	1	409	705	234	523	5.16e-35	143
2560	sp|Q9HUW6|CTPL_PSEAE	38.276	290	176	3	376	662	324	613	9.71e-35	144
2560	sp|P39216|TLPA_BACSU	31.953	338	206	7	344	663	272	603	8.15e-33	138
2560	sp|Q9R9U8|ALKN_ECTOL	35.802	243	156	0	427	669	229	471	8.95e-33	136
2560	sp|O32239|YVAQ_BACSU	31.287	342	199	9	334	648	162	494	1.65e-30	130
2560	sp|C0SP89|YOAH_BACSU	30.124	322	202	6	351	657	185	498	1.43e-28	124
2560	sp|Q9HPR6|HMAT_HALSA	33.790	219	145	0	453	671	237	455	4.20e-28	122
2560	sp|P39215|MCPB_BACSU	30.060	336	215	5	353	673	284	614	6.23e-28	123
2560	sp|P39217|TLPB_BACSU	33.333	324	168	8	375	661	303	615	2.32e-27	121
2560	sp|P39214|MCPA_BACSU	31.677	322	186	7	370	661	298	615	5.24e-27	120
2560	sp|B0R474|HTR18_HALS3	30.667	300	179	6	393	670	439	731	1.08e-26	120
2560	sp|Q9I3S1|BDLA_PSEAE	37.766	188	100	2	479	649	223	410	1.93e-26	115
2560	sp|A5F389|TCPI_VIBC3	30.183	328	195	8	358	666	264	576	2.73e-25	114
2560	sp|Q9X0N0|MCP3_THEMA	34.389	221	131	4	454	667	273	486	6.69e-25	113
2560	sp|Q6HNQ4|Y469_BACHK	30.982	326	199	5	358	662	287	607	8.67e-25	113
2560	sp|P42259|HTR2_NATPH	30.935	278	161	5	394	648	174	443	1.84e-24	111
2560	sp|P07017|MCP2_ECOLI	31.690	284	150	9	380	656	219	465	2.87e-24	111
2560	sp|P02941|MCP2_SALTY	30.877	285	161	7	375	656	214	465	2.02e-23	108
2560	sp|Q9X0M7|MCP2_THEMA	30.395	329	209	6	357	667	151	477	3.37e-23	107
2560	sp|P21823|MCPD_KLEAK	30.581	327	183	8	360	679	197	486	1.03e-21	103
2560	sp|P21822|MCPS_KLEAK	30.065	306	175	10	356	656	196	467	2.06e-21	102
2560	sp|Q9I6V6|MCPB_PSEAE	32.302	291	147	10	394	673	350	601	2.89e-21	102
2560	sp|Q9HQ00|HTR9_HALSA	31.987	297	171	7	421	705	202	479	3.91e-21	100
2560	sp|Q2W4T8|MCP25_PARM1	38.333	180	108	1	526	705	398	574	1.03e-19	97.1
2560	sp|B0R367|MPCT_HALS3	30.233	258	152	5	461	704	300	543	2.26e-19	96.3
2560	sp|Q52877|MCPE_RHIME	30.769	299	155	8	395	686	209	462	5.55e-19	94.7
2560	sp|Q2W8M7|MCP10_PARM1	36.538	208	97	4	473	666	191	377	4.80e-17	87.8
2560	sp|Q9I6V2|MCPA_PSEAE	38.776	147	89	1	489	634	142	288	9.53e-17	86.3
2560	sp|O06477|YFMS_BACSU	33.702	181	113	2	475	655	112	285	1.57e-16	84.0
2560	sp|P55652|Y4SI_SINFN	31.532	222	138	1	394	615	451	658	3.33e-15	83.2
2560	sp|Q6HP15|Y355_BACHK	38.400	125	77	0	526	650	385	509	2.20e-14	80.5
2560	sp|O07621|HEMAT_BACSU	32.743	113	76	0	526	638	276	388	9.35e-13	74.3
2588	sp|Q9KT48|Y1057_VIBCH	67.073	82	27	0	1	82	1	82	7.39e-36	119
2588	sp|P58040|YF7A_PSEAE	63.415	82	30	0	1	82	1	82	1.58e-32	110
2588	sp|P0AFT8|YEIW_ECOLI	56.098	82	36	0	1	82	1	82	2.00e-27	97.8
2588	sp|P0AFT9|YEIW_ECOL6	56.098	82	36	0	1	82	1	82	2.00e-27	97.8
2610	sp|O53468|HIGB2_MYCTU	40.541	111	65	1	7	116	81	191	4.28e-20	84.0
2610	sp|O53332|HIGB3_MYCTU	46.809	94	48	1	11	104	10	101	2.42e-19	79.7
2616	sp|P05302|MTD1_DESNO	34.314	408	212	15	13	409	4	366	1.65e-53	186
2616	sp|P50192|MTHA_HAEPH	39.153	189	90	6	11	195	46	213	2.29e-31	126
2616	sp|P50196|MTE8_ECOLX	31.450	407	190	17	11	409	82	407	3.45e-30	124
2616	sp|P34882|MTAA_PICP2	35.484	186	109	4	13	197	6	181	4.10e-23	100
2616	sp|P34906|MTF1_FUSNU	34.921	189	95	5	13	200	4	165	1.56e-21	98.2
2616	sp|P45000|MTH5_HAEIN	34.392	189	86	5	13	195	4	160	1.24e-20	95.1
2616	sp|P25264|MTC2_HERAU	30.526	190	105	5	12	200	6	169	1.58e-18	90.5
2616	sp|O33481|MTP1_PSYTA	35.751	193	97	8	11	201	78	245	3.10e-16	83.6
2616	sp|D4ZX35|MTAP_ARTPN	31.551	187	96	6	13	198	28	183	4.44e-16	82.4
2616	sp|P09915|MTBR_BPRH1	30.180	222	128	6	13	233	7	202	7.03e-16	82.8
2616	sp|P50188|MTN1_LENAE	30.303	198	106	6	13	208	7	174	9.18e-16	82.0
2616	sp|P24600|MTD1_HERAU	31.720	186	99	4	13	197	4	162	2.00e-15	80.1
2616	sp|Q24K09|DNMT1_BOVIN	33.158	190	106	7	13	195	1139	1314	3.47e-15	81.6
2616	sp|P13864|DNMT1_MOUSE	31.579	190	109	6	13	195	1145	1320	1.81e-14	79.3
2616	sp|P00476|MTBS_BPSPR	30.928	194	108	6	13	204	7	176	3.49e-14	77.4
2616	sp|Q9Z330|DNMT1_RAT	31.053	190	110	6	13	195	1147	1322	4.29e-14	78.2
2616	sp|P25267|MTG1_HERAU	33.858	127	67	3	13	138	4	114	7.27e-14	71.2
2616	sp|P34877|MTSA_LACLC	31.282	195	102	8	6	196	73	239	4.08e-12	70.9
2617	sp|Q8KYT4|Y6003_BACAN	39.153	189	99	6	29	210	26	205	5.20e-33	121
2623	sp|P49746|TSP3_HUMAN	50.667	75	34	1	219	293	529	600	7.10e-11	68.2
2623	sp|Q05895|TSP3_MOUSE	50.667	75	34	1	219	293	529	600	7.95e-11	68.2
2680	sp|A4W8D7|Y1286_ENT38	30.830	253	172	1	45	294	54	306	1.19e-18	88.2
2680	sp|Q92V44|Y5573_RHIME	30.717	293	196	2	28	317	40	328	6.55e-13	71.6
2681	sp|P0A9U2|YBHF_SHIFL	43.805	226	127	0	1	226	321	546	1.06e-62	211
2681	sp|P0A9U2|YBHF_SHIFL	35.197	304	193	2	7	306	3	306	6.94e-50	177
2681	sp|P0A9U1|YBHF_ECOLI	43.805	226	127	0	1	226	321	546	1.06e-62	211
2681	sp|P0A9U1|YBHF_ECOLI	35.197	304	193	2	7	306	3	306	6.94e-50	177
2681	sp|Q39GT7|NODI_BURL3	40.199	301	168	7	10	305	6	299	1.45e-61	201
2681	sp|Q1BWI2|NODI_BURO1	39.867	301	169	7	10	305	6	299	4.32e-61	199
2681	sp|Q1LKJ2|NODI_CUPMC	37.874	301	175	7	10	305	5	298	1.01e-58	193
2681	sp|P72335|NODI_RHIS3	38.889	306	173	7	6	305	2	299	2.92e-58	192
2681	sp|Q2SVP3|NODI_BURTA	38.538	301	173	7	10	305	6	299	2.95e-58	192
2681	sp|P26050|NODI_BRADU	38.033	305	177	6	6	305	4	301	1.10e-57	191
2681	sp|P37624|RBBA_ECOLI	42.735	234	133	1	4	236	271	504	1.80e-56	199
2681	sp|P37624|RBBA_ECOLI	34.934	229	143	3	14	236	17	245	4.91e-38	146
2681	sp|O52618|NODI_RHIME	38.742	302	173	6	9	305	36	330	2.11e-56	188
2681	sp|P55476|NODI_SINFN	38.065	310	180	6	1	305	36	338	2.15e-56	188
2681	sp|Q63TX3|NODI_BURPS	37.542	301	176	7	10	305	6	299	5.43e-56	186
2681	sp|Q3JSQ0|NODI_BURP1	37.542	301	176	7	10	305	6	299	5.43e-56	186
2681	sp|Q62K72|NODI_BURMA	37.542	301	176	7	10	305	6	299	5.43e-56	186
2681	sp|Q46YX6|NODI_CUPPJ	38.538	301	173	7	10	305	27	320	1.50e-55	186
2681	sp|P08720|NODI_RHILV	38.742	302	173	6	9	305	12	306	7.73e-54	181
2681	sp|Q9Z3I3|NODI_BRASS	37.377	305	178	7	6	305	4	300	1.06e-53	180
2681	sp|Q8XXY9|NODI_RALN1	34.768	302	189	4	10	305	17	316	1.08e-53	181
2681	sp|Q1M7W6|NODI_RHIJ3	38.742	302	173	6	9	305	12	306	1.42e-53	180
2681	sp|P23703|NODI_RHILO	36.893	309	179	8	2	305	38	335	1.10e-52	179
2681	sp|P0DXG8|DRRA1_STRC4	35.161	310	183	4	9	305	8	312	1.12e-52	178
2681	sp|Q8GNH6|NODI_RHIML	37.954	303	174	7	9	305	36	330	1.95e-52	178
2681	sp|Q8KLG1|NODI_RHIEC	36.755	302	179	6	9	305	17	311	4.66e-52	176
2681	sp|P32010|DRRA_STRPE	34.839	310	184	4	9	305	8	312	6.66e-52	176
2681	sp|Q13ZJ1|NODI_PARXL	36.928	306	173	6	9	305	5	299	1.61e-51	174
2681	sp|P50332|NODI_NEOGA	37.338	308	183	6	2	305	41	342	4.84e-51	174
2681	sp|P0DXU5|DRRA2_STRC4	32.907	313	194	7	8	308	4	312	6.73e-47	163
2681	sp|P0DXU7|DRRA3_STRC4	32.692	312	198	4	6	308	2	310	9.82e-46	160
2681	sp|P94440|LNRL_BACSU	35.616	219	138	3	10	226	2	219	6.50e-44	155
2681	sp|O07016|YVFR_BACSU	35.179	307	179	9	9	308	5	298	1.71e-42	151
2681	sp|P42332|BCRA_BACLI	41.206	199	111	4	10	206	5	199	1.35e-41	149
2681	sp|C0SPB4|YHAQ_BACSU	32.432	296	189	6	15	306	7	295	1.78e-41	148
2681	sp|Q5WNX0|BCRA_ENTFL	36.816	201	123	2	7	206	5	202	1.44e-40	146
2681	sp|Q6ME20|METN_PARUW	35.780	218	128	4	7	212	3	220	1.15e-39	145
2681	sp|P42246|YCBN_BACSU	37.186	199	121	2	8	205	3	198	9.84e-39	141
2681	sp|Q8T674|ABCGK_DICDI	36.245	229	144	2	9	236	14	241	2.10e-38	147
2681	sp|Q5WDP1|METN3_SHOC1	37.963	216	124	4	10	215	2	217	2.99e-38	141
2681	sp|Q49W48|METN_STAS1	36.957	230	135	4	10	229	2	231	5.33e-38	140
2681	sp|Q928L8|METN2_LISIN	40.580	207	115	4	16	215	12	217	7.07e-38	140
2681	sp|P56344|CYSA_CHLVU	37.264	212	124	3	9	215	2	209	9.15e-38	137
2681	sp|Q8Y4L8|METN2_LISMO	40.097	207	116	4	16	215	12	217	1.80e-37	139
2681	sp|P36879|YADG_ECOLI	34.513	226	146	2	8	231	3	228	2.03e-37	138
2681	sp|O32169|METN_BACSU	37.727	220	131	3	18	231	14	233	2.74e-37	139
2681	sp|Q71X09|METN2_LISMF	40.097	207	116	4	16	215	12	217	4.12e-37	138
2681	sp|Q831K6|METN2_ENTFA	39.216	204	118	4	18	215	16	219	6.32e-37	137
2681	sp|Q9K789|METN_HALH5	39.706	204	117	3	18	215	14	217	1.24e-36	137
2681	sp|Q5HQQ9|METN2_STAEQ	38.073	218	129	3	18	229	14	231	2.60e-36	136
2681	sp|Q65F80|METN2_BACLD	38.725	204	119	3	18	215	14	217	3.63e-36	135
2681	sp|Q8CTB2|METN1_STAES	38.073	218	129	3	18	229	14	231	4.39e-36	135
2681	sp|Q6HBS0|METN2_BACHK	38.725	204	119	3	18	215	14	217	4.97e-36	135
2681	sp|Q815Y7|METN3_BACCR	38.725	204	119	3	18	215	14	217	5.64e-36	135
2681	sp|Q72Y96|METN3_BACC1	38.725	204	119	3	18	215	14	217	5.76e-36	135
2681	sp|Q631Y4|METN3_BACCZ	38.725	204	119	3	18	215	14	217	6.80e-36	135
2681	sp|Q81XL3|METN3_BACAN	38.725	204	119	3	18	215	14	217	6.88e-36	135
2681	sp|Q8T6J1|ABCA6_DICDI	40.299	201	118	2	23	222	508	707	7.11e-36	140
2681	sp|Q8T6J1|ABCA6_DICDI	33.505	194	127	2	23	215	1328	1520	1.78e-16	83.6
2681	sp|Q4L4R9|METN_STAHJ	37.156	218	131	3	18	229	14	231	9.71e-36	134
2681	sp|Q5KVK2|METN_GEOKA	39.604	202	116	3	20	215	16	217	1.36e-35	134
2681	sp|Q8T6J2|ABCA5_DICDI	37.768	233	138	4	24	252	523	752	2.11e-35	139
2681	sp|Q8T6J2|ABCA5_DICDI	33.505	194	125	4	24	215	1342	1533	1.06e-19	93.2
2681	sp|P54592|YHCH_BACSU	30.233	301	198	6	9	305	4	296	2.90e-35	132
2681	sp|P10346|GLNQ_ECOLI	35.556	225	140	4	10	229	2	226	5.31e-35	130
2681	sp|P94374|YXLF_BACSU	35.644	202	123	3	15	215	7	202	2.38e-34	129
2681	sp|Q8ENU2|METN2_OCEIH	34.538	249	146	5	10	241	2	250	2.41e-34	130
2681	sp|Q03A07|METN_LACP3	38.140	215	123	5	7	215	11	221	2.49e-34	131
2681	sp|Q7TNJ2|ABCA7_RAT	37.073	205	126	3	24	226	1834	2037	3.07e-34	135
2681	sp|Q7TNJ2|ABCA7_RAT	31.250	224	150	3	10	230	805	1027	2.12e-25	110
2681	sp|Q8NXH5|METN2_STAAW	36.207	232	141	4	18	242	14	245	5.74e-34	130
2681	sp|Q6GB18|METN2_STAAS	36.207	232	141	4	18	242	14	245	5.74e-34	130
2681	sp|Q5HHK4|METN2_STAAC	36.207	232	141	4	18	242	14	245	5.74e-34	130
2681	sp|Q2FZZ2|METN2_STAA8	36.207	232	141	4	18	242	14	245	5.74e-34	130
2681	sp|Q2FII2|METN2_STAA3	36.207	232	141	4	18	242	14	245	5.74e-34	130
2681	sp|Q57T09|METN1_SALCH	39.000	200	116	3	22	215	18	217	6.76e-34	129
2681	sp|Q8ZRM9|METN1_SALTY	39.000	200	116	3	22	215	18	217	6.90e-34	129
2681	sp|Q91V24|ABCA7_MOUSE	37.073	205	126	3	24	226	1823	2026	7.59e-34	134
2681	sp|Q91V24|ABCA7_MOUSE	32.995	197	129	2	10	204	804	999	2.81e-25	109
2681	sp|Q2YWP2|METN2_STAAB	36.323	223	136	3	18	234	14	236	8.70e-34	129
2681	sp|Q7A6M2|METN2_STAAN	36.323	223	136	3	18	234	14	236	1.09e-33	129
2681	sp|Q99VG8|METN2_STAAM	36.323	223	136	3	18	234	14	236	1.09e-33	129
2681	sp|Q67SV5|METN_SYMTH	36.574	216	127	4	10	215	2	217	1.19e-33	129
2681	sp|P74548|CYSA_SYNY3	36.123	227	134	5	9	229	2	223	1.20e-33	129
2681	sp|Q5PID0|METN1_SALPA	39.000	200	116	3	22	215	18	217	1.44e-33	129
2681	sp|Q1QVQ7|METN_CHRSD	36.771	223	129	6	10	220	2	224	1.61e-33	129
2681	sp|Q8Z990|METN1_SALTI	39.000	200	116	3	22	215	18	217	1.72e-33	129
2681	sp|P48243|GLUA_CORGL	32.159	227	149	3	10	231	2	228	1.73e-33	126
2681	sp|P30750|METN_ECOLI	39.000	200	116	3	22	215	18	217	1.78e-33	128
2681	sp|Q6GIH9|METN2_STAAR	36.239	218	133	3	18	229	14	231	2.26e-33	128
2681	sp|Q325U1|METN_SHIBS	39.000	200	116	3	22	215	18	217	2.33e-33	128
2681	sp|Q3Z5F8|METN_SHISS	39.000	200	116	3	22	215	18	217	2.45e-33	128
2681	sp|Q1RFY9|METN_ECOUT	39.000	200	116	3	22	215	18	217	2.45e-33	128
2681	sp|P63355|METN_ECOL6	39.000	200	116	3	22	215	18	217	2.45e-33	128
2681	sp|P63356|METN_ECO57	39.000	200	116	3	22	215	18	217	2.45e-33	128
2681	sp|Q02R79|POTA_PSEAB	36.058	208	130	3	10	215	6	212	2.57e-33	128
2681	sp|Q9HY19|POTA2_PSEAE	36.058	208	130	3	10	215	6	212	2.59e-33	128
2681	sp|P26946|Y2279_ALKPO	30.337	267	179	4	41	305	2	263	2.69e-33	126
2681	sp|Q0TLD2|METN_ECOL5	39.000	200	116	3	22	215	18	217	2.70e-33	128
2681	sp|Q8GEH7|METN_ERWPE	39.109	202	117	4	32	227	13	214	3.01e-33	127
2681	sp|Q2YAD6|POTA_NITMU	35.545	211	127	4	10	215	4	210	3.16e-33	128
2681	sp|P46903|NATA_BACSU	32.727	220	142	3	16	229	8	227	3.61e-33	125
2681	sp|Q667L9|METN2_YERPS	39.000	200	116	3	22	215	18	217	4.00e-33	127
2681	sp|P46920|OPUAA_BACSU	36.406	217	131	3	20	229	44	260	4.29e-33	129
2681	sp|Q32JQ8|METN_SHIDS	38.500	200	117	3	22	215	18	217	4.30e-33	127
2681	sp|Q043Y8|METN_LACGA	35.088	228	127	6	10	220	5	228	4.73e-33	127
2681	sp|Q8IZY2|ABCA7_HUMAN	34.951	206	133	1	22	226	1807	2012	6.39e-33	132
2681	sp|Q8IZY2|ABCA7_HUMAN	32.212	208	139	2	24	230	823	1029	1.49e-25	110
2681	sp|Q45460|OPUBA_BACSU	35.047	214	135	4	20	229	13	226	9.59e-33	127
2681	sp|Q6FAN3|METN1_ACIAD	36.321	212	129	3	24	229	33	244	9.72e-33	127
2681	sp|E9Q876|ABCAC_MOUSE	35.965	228	142	3	4	228	1340	1566	9.91e-33	131
2681	sp|E9Q876|ABCAC_MOUSE	31.441	229	150	4	1	222	2244	2472	9.00e-30	122
2681	sp|Q555Z5|ABCA4_DICDI	36.893	206	126	4	20	222	506	710	1.43e-32	130
2681	sp|Q555Z5|ABCA4_DICDI	33.495	206	135	2	24	228	1313	1517	4.90e-25	108
2681	sp|Q6D1C4|METN3_PECAS	37.037	216	126	4	10	215	2	217	1.57e-32	126
2681	sp|Q83MC5|METN_SHIFL	38.500	200	117	3	22	215	18	217	1.88e-32	125
2681	sp|Q0T810|METN_SHIF8	38.500	200	117	3	22	215	18	217	1.88e-32	125
2681	sp|Q38WL5|METN_LATSS	34.821	224	140	3	17	234	13	236	2.02e-32	125
2681	sp|Q1AS06|POTA_RUBXD	34.978	223	140	5	9	228	21	241	2.04e-32	126
2681	sp|Q3A9G5|METN_CARHZ	36.500	200	121	3	22	215	17	216	2.08e-32	125
2681	sp|Q8ZPK4|OSMV_SALTY	34.975	203	123	4	10	203	2	204	2.18e-32	126
2681	sp|Q47RE8|METN_THEFY	37.052	251	144	5	9	245	4	254	2.23e-32	125
2681	sp|O34992|OPUCA_BACSU	35.814	215	132	5	20	229	13	226	2.26e-32	126
2681	sp|Q74IV9|METN_LACJO	34.101	217	132	3	10	215	5	221	2.53e-32	125
2681	sp|P14788|CYSA_SYNE7	34.348	230	144	5	4	229	3	229	2.67e-32	125
2681	sp|Q54BT5|ABCA3_DICDI	33.094	278	168	7	5	267	495	769	3.56e-32	129
2681	sp|Q54BT5|ABCA3_DICDI	33.166	199	131	2	18	215	1306	1503	1.88e-22	101
2681	sp|P9WQM1|CYSA_MYCTU	32.743	226	143	3	8	228	3	224	3.86e-32	125
2681	sp|P9WQM0|CYSA_MYCTO	32.743	226	143	3	8	228	3	224	3.86e-32	125
2681	sp|P0A4W3|CYSA_MYCBO	32.743	226	143	3	8	228	3	224	3.86e-32	125
2681	sp|Q55EH8|ABCGN_DICDI	31.466	232	156	3	7	236	4	234	3.98e-32	129
2681	sp|Q53I83|METN_STRGR	35.470	234	135	5	10	227	2	235	4.29e-32	125
2681	sp|Q1CFH7|METN2_YERPN	38.500	200	117	3	22	215	18	217	4.87e-32	124
2681	sp|Q8ZH38|METN1_YERPE	38.500	200	117	3	22	215	18	217	4.87e-32	124
2681	sp|Q1CAK4|METN1_YERPA	38.500	200	117	3	22	215	18	217	4.87e-32	124
2681	sp|Q7N8M2|METN_PHOLL	38.000	200	118	3	22	215	18	217	6.12e-32	124
2681	sp|O86311|MEATP_MYCTU	32.669	251	160	5	1	247	1	246	6.48e-32	124
2681	sp|Q02ME3|METN1_PSEAB	32.841	271	164	6	3	266	22	281	8.19e-32	124
2681	sp|Q9I1C8|METN1_PSEAE	32.841	271	164	6	3	266	22	281	8.45e-32	124
2681	sp|Q7NQN5|POTA_CHRVO	33.790	219	142	3	10	226	4	221	9.61e-32	124
2681	sp|Q86UK0|ABCAC_HUMAN	35.088	228	144	3	4	228	1340	1566	1.04e-31	128
2681	sp|Q86UK0|ABCAC_HUMAN	31.169	231	148	5	1	222	2244	2472	2.24e-29	121
2681	sp|Q9Z8Q8|METN_CHLPN	31.169	231	146	6	10	229	9	237	1.12e-31	124
2681	sp|Q8RFN2|METN_FUSNN	36.318	201	122	4	21	215	14	214	1.16e-31	123
2681	sp|Q81ZF5|METN2_BACAN	36.364	198	120	3	24	215	20	217	1.33e-31	123
2681	sp|Q6HP89|METN1_BACHK	36.364	198	120	3	24	215	20	217	1.36e-31	123
2681	sp|Q0SFW6|METN2_RHOJR	37.879	198	114	3	22	210	21	218	1.37e-31	123
2681	sp|Q73EL7|METN2_BACC1	36.364	198	120	3	24	215	20	217	1.40e-31	123
2681	sp|Q827Y0|METN_STRAW	33.984	256	145	7	10	241	2	257	1.82e-31	123
2681	sp|Q63GR8|METN2_BACCZ	36.364	198	120	3	24	215	20	217	1.91e-31	123
2681	sp|Q0AGF4|POTA_NITEC	32.877	219	144	3	10	226	4	221	1.97e-31	123
2681	sp|Q9ESR9|ABCA2_RAT	34.906	212	137	1	16	226	2062	2273	2.02e-31	127
2681	sp|Q9ESR9|ABCA2_RAT	34.328	201	130	2	24	223	1006	1205	3.95e-30	124
2681	sp|Q1DDP4|METN_MYXXD	35.616	219	126	4	21	233	17	226	2.13e-31	122
2681	sp|Q81IN8|METN2_BACCR	36.364	198	120	3	24	215	20	217	2.23e-31	123
2681	sp|Q7NWX3|CYSA2_CHRVO	37.755	196	117	4	10	203	14	206	2.25e-31	123
2681	sp|Q65VG9|METN_MANSM	36.111	216	132	3	22	231	18	233	2.94e-31	122
2681	sp|P41234|ABCA2_MOUSE	34.434	212	138	1	16	226	2062	2273	2.96e-31	127
2681	sp|P41234|ABCA2_MOUSE	34.328	201	130	2	24	223	1006	1205	6.72e-30	123
2681	sp|Q9STT7|AB5A_ARATH	36.893	206	126	3	24	226	634	838	3.18e-31	127
2681	sp|Q8RQL7|GLUA_COREF	30.667	225	151	3	10	229	2	226	3.69e-31	120
2681	sp|Q6NJ07|METN_CORDI	36.574	216	127	4	10	215	6	221	3.85e-31	122
2681	sp|P54537|ARTM_BACSU	31.081	222	148	4	10	226	2	223	3.91e-31	120
2681	sp|Q9BZC7|ABCA2_HUMAN	33.962	212	139	1	16	226	2061	2272	4.37e-31	126
2681	sp|Q9BZC7|ABCA2_HUMAN	34.328	201	130	2	24	223	1006	1205	8.05e-30	123
2681	sp|Q97KS6|POTA_CLOAB	31.081	222	150	3	7	226	4	224	4.64e-31	122
2681	sp|Q7VNG4|POTA_HAEDU	34.375	224	144	3	10	231	10	232	4.97e-31	122
2681	sp|Q03PF2|POTA_LEVBA	35.385	195	124	2	10	203	6	199	5.37e-31	122
2681	sp|Q9CK97|METN_PASMU	35.981	214	131	3	22	229	18	231	5.59e-31	122
2681	sp|Q9X196|POTA_THEMA	33.482	224	142	4	10	229	6	226	6.57e-31	122
2681	sp|P55339|ECSA_BACSU	32.328	232	150	3	12	242	10	235	7.11e-31	119
2681	sp|Q8T6J5|ABCA2_DICDI	32.806	253	159	3	23	265	501	752	7.60e-31	125
2681	sp|Q8T6J5|ABCA2_DICDI	33.333	201	130	4	24	222	1313	1511	4.51e-22	100
2681	sp|Q8DIA0|CYSA_THEVB	34.821	224	139	5	10	229	3	223	7.68e-31	121
2681	sp|Q9L1C3|METN_STRCO	33.068	251	148	6	10	240	2	252	9.28e-31	121
2681	sp|Q9MUN1|CYSA_MESVI	33.333	222	145	2	9	228	2	222	9.46e-31	121
2681	sp|Q9KHT9|OPUCA_LISMN	32.927	246	157	5	20	261	13	254	9.60e-31	122
2681	sp|G2JZ44|OPUCA_LISM4	32.927	246	157	5	20	261	13	254	9.60e-31	122
2681	sp|P0C0E2|SRTF_STRPY	33.846	195	122	3	10	204	2	189	9.89e-31	118
2681	sp|P0C0E3|SRTF_STRP1	33.846	195	122	3	10	204	2	189	9.89e-31	118
2681	sp|Q8Z0H0|CYSA_NOSS1	34.529	223	141	4	10	229	3	223	1.02e-30	121
2681	sp|Q9STT5|AB7A_ARATH	36.408	206	127	3	24	226	633	837	1.17e-30	125
2681	sp|Q63H29|METN1_BACCZ	33.937	221	140	3	15	229	11	231	1.47e-30	120
2681	sp|Q81VM2|METN1_BACAN	33.937	221	140	3	15	229	11	231	1.53e-30	120
2681	sp|Q1J8E4|METN_STRPF	35.747	221	131	4	22	231	22	242	1.65e-30	120
2681	sp|Q3KJS6|METN2_PSEPF	35.784	204	125	3	18	215	44	247	1.67e-30	121
2681	sp|Q82TL6|POTA_NITEU	33.333	216	141	3	10	223	4	218	1.67e-30	121
2681	sp|Q6D734|FBPC1_PECAS	33.790	219	142	3	10	226	11	228	1.81e-30	120
2681	sp|P54591|YHCG_BACSU	34.348	230	139	7	10	236	3	223	2.42e-30	117
2681	sp|Q9KTJ5|METN_VIBCH	37.500	224	128	6	10	222	2	224	2.42e-30	120
2681	sp|Q84M24|AB1A_ARATH	34.286	210	135	3	20	226	1469	1678	3.02e-30	124
2681	sp|Q84M24|AB1A_ARATH	33.466	251	161	4	20	265	563	812	5.61e-29	120
2681	sp|Q8D653|CYSA_VIBVU	32.203	236	147	5	9	235	2	233	3.16e-30	120
2681	sp|Q73XU8|CYSA_MYCPA	30.303	231	152	3	3	228	6	232	3.17e-30	120
2681	sp|Q30V33|POTA_OLEA2	31.140	228	146	4	7	228	5	227	3.69e-30	120
2681	sp|Q73F11|METN1_BACC1	33.484	221	141	3	15	229	11	231	3.71e-30	120
2681	sp|Q9STT8|AB4A_ARATH	35.437	206	129	3	24	226	635	839	3.94e-30	123
2681	sp|Q5SSE9|ABCAD_MOUSE	36.986	219	133	4	14	228	3814	4031	4.13e-30	124
2681	sp|Q5SSE9|ABCAD_MOUSE	32.093	215	135	3	20	226	4707	4918	9.14e-25	108
2681	sp|Q8YA75|METN1_LISMO	32.407	216	136	4	10	215	2	217	4.34e-30	119
2681	sp|Q724C0|METN1_LISMF	32.407	216	136	4	10	215	2	217	4.52e-30	119
2681	sp|A0LUE6|POTA_ACIC1	35.047	214	136	3	18	229	24	236	4.68e-30	120
2681	sp|Q8ELQ6|METN3_OCEIH	34.722	216	131	5	10	215	2	217	4.72e-30	119
2681	sp|Q6LKD4|FBPC_PHOPR	33.796	216	140	3	15	228	12	226	5.29e-30	119
2681	sp|Q110U3|POTA_TRIEI	30.317	221	151	3	10	228	19	238	6.36e-30	120
2681	sp|Q9FLT4|AB10A_ARATH	35.922	206	128	3	24	226	607	811	6.88e-30	122
2681	sp|A0A0G2K1Q8|ABCA3_RAT	36.453	203	127	2	21	222	545	746	7.33e-30	123
2681	sp|A0A0G2K1Q8|ABCA3_RAT	34.466	206	134	1	22	226	1396	1601	4.49e-29	120
2681	sp|Q7AH43|FBPC_ECO57	31.963	219	146	3	10	226	7	224	7.58e-30	119
2681	sp|Q8FV85|METN_BRUSU	34.862	218	136	3	10	221	31	248	8.00e-30	119
2681	sp|Q8YD40|METN_BRUME	34.862	218	136	3	10	221	31	248	8.00e-30	119
2681	sp|Q579H8|METN_BRUAB	34.862	218	136	3	10	221	31	248	8.00e-30	119
2681	sp|Q2YIV5|METN_BRUA2	34.862	218	136	3	10	221	31	248	8.00e-30	119
2681	sp|Q99758|ABCA3_HUMAN	37.198	207	127	3	22	226	1396	1601	8.22e-30	122
2681	sp|Q99758|ABCA3_HUMAN	32.794	247	157	4	21	259	545	790	8.62e-30	122
2681	sp|Q578K3|FBPC_BRUAB	35.455	220	131	5	15	228	14	228	9.54e-30	119
2681	sp|Q2YKX3|FBPC_BRUA2	35.455	220	131	5	15	228	14	228	9.54e-30	119
2681	sp|Q7NIW1|CYSA_GLOVI	32.922	243	158	4	8	247	1	241	1.02e-29	118
2681	sp|Q0I5E9|METN_HISS1	35.023	217	135	3	21	231	17	233	1.05e-29	118
2681	sp|P31134|POTG_ECOLI	34.234	222	143	3	10	229	20	240	1.13e-29	119
2681	sp|Q7N8B9|FBPC_PHOLL	32.420	219	145	3	10	226	7	224	1.19e-29	118
2681	sp|Q86UQ4|ABCAD_HUMAN	37.443	219	132	4	14	228	3846	4063	1.21e-29	122
2681	sp|Q86UQ4|ABCAD_HUMAN	33.953	215	137	3	17	226	4729	4943	5.39e-28	117
2681	sp|Q57293|FBPC_ACTPL	35.859	198	124	3	7	203	4	199	1.22e-29	118
2681	sp|Q8NSN2|METN_CORGL	34.562	217	131	5	10	215	25	241	1.23e-29	119
2681	sp|Q8G5P8|METN_BIFLO	34.343	198	124	3	24	215	27	224	1.23e-29	119
2681	sp|Q92EZ6|METN1_LISIN	32.407	216	136	4	10	215	2	217	1.27e-29	118
2681	sp|Q2NRN5|METN_SODGM	37.000	200	120	3	22	215	18	217	1.29e-29	118
2681	sp|Q48V78|METN_STRPM	34.842	221	133	4	22	231	22	242	1.29e-29	118
2681	sp|Q9A1E3|METN_STRP1	34.842	221	133	4	22	231	22	242	1.29e-29	118
2681	sp|Q9KLQ5|FBPC_VIBCH	34.375	224	134	6	15	231	12	229	1.29e-29	118
2681	sp|Q13LD8|METN2_PARXL	35.859	198	121	3	24	215	51	248	1.31e-29	119
2681	sp|Q81IZ6|METN1_BACCR	33.484	221	141	3	15	229	11	231	1.32e-29	118
2681	sp|P0CZ31|METN_STRPQ	34.842	221	133	4	22	231	22	242	1.32e-29	118
2681	sp|P0CZ30|METN_STRP3	34.842	221	133	4	22	231	22	242	1.32e-29	118
2681	sp|Q8ELA5|METN4_OCEIH	32.895	228	143	4	10	227	2	229	1.33e-29	118
2681	sp|P78363|ABCA4_HUMAN	36.318	201	126	2	24	223	945	1144	1.52e-29	122
2681	sp|P78363|ABCA4_HUMAN	34.314	204	133	1	24	226	1954	2157	1.38e-27	116
2681	sp|Q1PEH6|AB3A_ARATH	35.922	206	128	3	24	226	630	834	1.73e-29	121
2681	sp|Q9CP06|POTA_PASMU	33.036	224	147	3	10	231	11	233	1.75e-29	118
2681	sp|Q1JII9|METN_STRPD	34.842	221	133	4	22	231	22	242	1.83e-29	118
2681	sp|Q895C4|METN_CLOTE	32.143	224	146	3	10	227	2	225	1.84e-29	117
2681	sp|Q9RR46|GBUA_LISM4	31.538	260	167	5	17	265	35	294	1.94e-29	119
2681	sp|Q64SQ6|POTA_BACFR	30.556	216	147	3	10	223	10	224	2.07e-29	119
2681	sp|Q4JTG9|METN_CORJK	36.318	201	122	4	21	215	46	246	2.24e-29	118
2681	sp|Q5LBT4|POTA_BACFN	30.556	216	147	3	10	223	10	224	2.34e-29	119
2681	sp|Q1JNE0|METN_STRPC	34.842	221	133	4	22	231	22	242	2.57e-29	117
2681	sp|Q1JDG6|METN_STRPB	34.842	221	133	4	22	231	22	242	2.57e-29	117
2681	sp|Q7VM95|METN_HAEDU	33.478	230	143	4	10	229	2	231	2.81e-29	117
2681	sp|F1MWM0|ABCA4_BOVIN	31.641	256	173	2	24	278	945	1199	2.82e-29	121
2681	sp|F1MWM0|ABCA4_BOVIN	34.314	204	133	1	24	226	1952	2155	1.69e-27	116
2681	sp|Q5XDS8|METN_STRP6	34.842	221	133	4	22	231	22	242	2.88e-29	117
2681	sp|Q8Y8T6|POTA_LISMO	32.258	217	143	4	10	223	8	223	3.04e-29	117
2681	sp|Q1B8V9|POTA_MYCSS	31.304	230	155	3	1	228	8	236	3.04e-29	118
2681	sp|A1UG51|POTA_MYCSK	31.304	230	155	3	1	228	8	236	3.04e-29	118
2681	sp|Q1RGL1|ZNUC_RICBR	30.493	223	136	4	10	229	6	212	3.24e-29	114
2681	sp|A0AGP9|POTA_LISW6	32.258	217	143	4	10	223	8	223	3.77e-29	117
2681	sp|Q8FRX8|METN_COREF	33.891	239	145	5	10	236	24	261	3.88e-29	117
2681	sp|Q87UV4|METN1_PSESM	34.804	204	127	3	18	215	46	249	3.90e-29	117
2681	sp|Q8R420|ABCA3_MOUSE	34.466	206	134	1	22	226	1396	1601	4.00e-29	120
2681	sp|Q8R420|ABCA3_MOUSE	34.975	203	130	2	21	222	545	746	2.02e-28	119
2681	sp|Q5ZWE4|POTA_LEGPH	31.696	224	144	4	10	228	6	225	5.55e-29	117
2681	sp|Q8FVV5|FBPC_BRUSU	35.909	220	130	5	15	228	14	228	5.57e-29	117
2681	sp|Q48HL2|PHNC2_PSE14	33.333	237	139	6	9	226	4	240	5.60e-29	115
2681	sp|E9PU17|ABCAH_RAT	32.301	226	147	3	9	229	524	748	5.78e-29	120
2681	sp|E9PU17|ABCAH_RAT	31.553	206	140	1	22	226	1384	1589	2.60e-20	95.1
2681	sp|Q5X627|POTA_LEGPA	32.143	224	143	4	10	228	6	225	5.90e-29	117
2681	sp|Q882S0|PHNC2_PSESM	32.911	237	140	6	9	226	4	240	5.90e-29	115
2681	sp|Q6AE21|METN_LEIXX	35.897	234	139	5	10	233	5	237	6.08e-29	116
2681	sp|Q5WJP0|METN2_SHOC1	35.000	200	124	3	22	215	18	217	6.19e-29	116
2681	sp|Q6D201|CYSA_PECAS	32.432	222	143	4	8	223	1	221	6.26e-29	116
2681	sp|Q4L5B3|POTA_STAHJ	31.336	217	146	3	14	228	9	224	6.47e-29	117
2681	sp|Q04G50|POTA_OENOB	31.963	219	140	4	10	223	10	224	6.58e-29	117
2681	sp|O35600|ABCA4_MOUSE	35.323	201	128	2	24	223	945	1144	6.70e-29	120
2681	sp|O35600|ABCA4_MOUSE	34.804	204	132	1	24	226	1953	2156	1.91e-27	115
2681	sp|Q722B1|POTA_LISMF	32.258	217	143	4	10	223	8	223	6.81e-29	117
2681	sp|Q03ZQ0|POTA_LEUMM	31.628	215	138	4	19	228	18	228	6.96e-29	117
2681	sp|Q8NQU4|ARGV_CORGL	31.405	242	149	4	6	231	2	242	7.23e-29	114
2681	sp|Q18C09|METN_CLOD6	32.547	212	137	3	10	215	2	213	7.46e-29	115
2681	sp|D4GP38|XACJ_HALVD	33.014	209	136	3	10	215	4	211	7.66e-29	117
2681	sp|Q92DL6|POTA_LISIN	32.258	217	143	4	10	223	8	223	8.27e-29	116
2681	sp|P37774|TCYN_ECOLI	32.051	234	144	5	9	229	3	234	9.93e-29	114
2681	sp|Q48PN3|METN2_PSE14	34.314	204	128	3	18	215	46	249	1.01e-28	116
2681	sp|Q5L222|POTA_GEOKA	30.556	216	147	3	15	228	12	226	1.18e-28	115
2681	sp|Q63NI4|METN2_BURPS	36.634	202	122	3	20	215	55	256	1.25e-28	116
2681	sp|P9WQL6|FLQE1_MYCTO	31.457	302	179	8	10	305	18	297	1.26e-28	114
2681	sp|Q0SRL2|POTA_CLOPS	30.594	219	149	3	10	226	7	224	1.30e-28	115
2681	sp|Q4ZU82|PHNC2_PSEU2	32.911	237	140	6	9	226	4	240	1.38e-28	114
2681	sp|Q62B84|METN2_BURMA	36.634	202	122	3	20	215	55	256	1.41e-28	116
2681	sp|P37009|FBPC_ECOLI	31.507	219	147	3	10	226	7	224	1.49e-28	115
2681	sp|Q3JHC9|METN2_BURP1	36.634	202	122	3	20	215	55	256	1.50e-28	116
2681	sp|P9WQL7|FLQE1_MYCTU	31.457	302	179	8	10	305	18	297	1.51e-28	114
2681	sp|Q03P57|METN_LEVBA	33.772	228	138	6	1	220	7	229	1.52e-28	115
2681	sp|Q9TKX3|CYSA_NEPOL	30.357	224	153	2	8	229	1	223	1.63e-28	115
2681	sp|Q5WXF0|POTA_LEGPL	31.696	224	144	4	10	228	6	225	1.71e-28	115
2681	sp|Q24QI5|METN_DESHY	32.963	270	161	7	12	264	8	274	1.72e-28	115
2681	sp|Q5YZY9|CYSA_NOCFA	31.646	237	157	4	17	250	9	243	1.73e-28	115
2681	sp|Q8F6Z1|CYSA_LEPIN	32.618	233	150	4	9	235	2	233	1.77e-28	115
2681	sp|Q72PE5|CYSA_LEPIC	32.618	233	150	4	9	235	2	233	1.77e-28	115
2681	sp|P63354|CYSA_BRUSU	31.858	226	147	4	10	229	3	227	1.82e-28	115
2681	sp|P63353|CYSA_BRUME	31.858	226	147	4	10	229	3	227	1.82e-28	115
2681	sp|P44531|FBPC1_HAEIN	34.848	198	126	3	7	203	5	200	1.85e-28	115
2681	sp|Q5YRD1|METN_NOCFA	38.071	197	113	3	23	210	24	220	1.90e-28	115
2681	sp|Q4QK57|POTA_HAEI8	32.883	222	146	3	10	229	11	231	1.99e-28	115
2681	sp|Q8P2K6|METN_STRP8	34.389	221	134	4	22	231	22	242	2.06e-28	115
2681	sp|Q03Z27|METN_LEUMM	34.762	210	121	4	22	215	22	231	2.08e-28	115
2681	sp|Q8UIW7|PHNC_AGRFC	30.249	281	160	8	15	261	8	286	2.19e-28	114
2681	sp|Q9A502|METN_CAUVC	34.343	198	124	3	24	215	18	215	2.25e-28	114
2681	sp|Q9JZW0|CYSA_NEIMB	32.203	236	146	7	9	233	2	234	2.30e-28	115
2681	sp|Q9STT6|AB6A_ARATH	34.466	206	131	3	24	226	630	834	2.74e-28	118
2681	sp|Q89UD2|CYSA_BRADU	32.751	229	141	7	10	229	3	227	2.88e-28	114
2681	sp|Q4ZZK0|METN2_PSEU2	33.824	204	129	3	18	215	46	249	2.99e-28	115
2681	sp|Q2KVK2|METN_BORA1	35.644	202	124	3	20	215	16	217	3.05e-28	115
2681	sp|Q8A883|POTA_BACTN	30.556	216	147	3	10	223	10	224	3.14e-28	116
2681	sp|Q8A1M1|LOLD_BACTN	32.308	195	126	3	10	198	2	196	3.16e-28	111
2681	sp|Q04F14|METN1_OENOB	34.826	201	125	3	21	215	27	227	3.42e-28	114
2681	sp|Q6RCE0|PHNC_STUST	33.195	241	142	7	9	230	4	244	3.67e-28	113
2681	sp|Q8Y0X3|METN_RALN1	34.101	217	132	5	10	215	2	218	3.75e-28	114
2681	sp|Q93DX8|CYSA_BURCE	31.140	228	146	6	10	229	3	227	3.88e-28	112
2681	sp|Q72FW5|POTA_NITV2	30.804	224	152	3	7	228	5	227	3.94e-28	114
2681	sp|Q4KK46|METN2_PSEF5	33.663	202	128	3	20	215	46	247	4.02e-28	115
2681	sp|Q5PCG9|METN2_SALPA	36.364	198	120	4	24	215	21	218	4.30e-28	114
2681	sp|P34358|CED7_CAEEL	32.589	224	142	4	5	226	1374	1590	4.44e-28	117
2681	sp|P34358|CED7_CAEEL	34.135	208	135	2	24	230	562	768	5.27e-26	111
2681	sp|Q8DFC3|METN_VIBVU	33.913	230	143	4	21	244	17	243	4.52e-28	114
2681	sp|Q8PNN4|CYSA_XANAC	31.858	226	147	4	10	229	3	227	4.54e-28	114
2681	sp|Q88UV2|METN2_LACPL	36.073	219	124	6	10	215	2	217	4.64e-28	114
2681	sp|Q1GIE5|POTA_RUEST	30.677	251	167	4	10	254	13	262	4.69e-28	114
2681	sp|Q8T5Z7|ABCA1_DICDI	34.171	199	129	2	24	221	573	770	4.80e-28	117
2681	sp|Q7MN25|METN_VIBVY	33.913	230	143	4	21	244	17	243	4.81e-28	114
2681	sp|P0A9V4|LPTB_SHIFL	31.624	234	153	5	15	243	9	240	5.02e-28	111
2681	sp|P0A9V1|LPTB_ECOLI	31.624	234	153	5	15	243	9	240	5.02e-28	111
2681	sp|P0A9V2|LPTB_ECOL6	31.624	234	153	5	15	243	9	240	5.02e-28	111
2681	sp|P0A9V3|LPTB_ECO57	31.624	234	153	5	15	243	9	240	5.02e-28	111
2681	sp|Q1BR30|METN2_BURO1	36.139	202	123	4	20	215	53	254	5.24e-28	115
2681	sp|A0B344|METN2_BURCH	36.139	202	123	4	20	215	53	254	5.24e-28	115
2681	sp|Q9CM80|FBPC_PASMU	34.343	198	127	3	7	203	5	200	5.39e-28	114
2681	sp|Q92LX3|METN_RHIME	36.500	200	121	3	22	215	32	231	5.45e-28	114
2681	sp|Q6A6X6|METN_CUTAK	34.694	196	119	3	15	201	22	217	5.60e-28	114
2681	sp|Q0AU85|METN_SYNWW	33.065	248	138	6	10	247	2	231	5.76e-28	114
2681	sp|Q8LPK0|AB8A_ARATH	34.300	207	130	4	24	226	606	810	5.96e-28	117
2681	sp|Q4FL37|TMOW_PELUB	33.641	217	137	3	20	229	39	255	5.97e-28	114
2681	sp|Q8UH62|CYSA1_AGRFC	34.500	200	123	4	10	203	3	200	6.10e-28	114
2681	sp|Q9FLT8|AB12A_ARATH	35.407	209	125	5	24	226	615	819	6.17e-28	117
2681	sp|P45073|LPTB_HAEIN	31.390	223	147	4	15	232	9	230	6.18e-28	111
2681	sp|Q92WJ0|FBPC1_RHIME	32.727	220	139	4	15	229	14	229	6.30e-28	114
2681	sp|Q8EPK1|METN1_OCEIH	34.906	212	131	4	10	215	7	217	6.62e-28	113
2681	sp|Q8YCG3|FBPC_BRUME	35.000	220	132	5	15	228	14	228	6.91e-28	114
2681	sp|Q1IGN4|METN1_PSEE4	31.022	274	160	7	24	268	49	322	7.15e-28	114
2681	sp|Q82WT5|CYSA_NITEU	34.071	226	140	5	10	228	3	226	7.19e-28	114
2681	sp|P45171|POTA_HAEIN	32.432	222	147	3	10	229	11	231	7.40e-28	114
2681	sp|Q9I6L0|CYSA_PSEAE	30.837	227	150	4	9	229	2	227	7.87e-28	113
2681	sp|Q89LP2|METN_BRADU	31.343	268	172	6	11	266	9	276	7.96e-28	113
2681	sp|O34814|FTSE_BACSU	31.000	200	133	2	22	216	15	214	8.10e-28	110
2681	sp|Q9JUX4|CYSA_NEIMA	32.203	236	146	7	9	233	2	234	8.15e-28	114
2681	sp|Q5X484|METN_LEGPA	33.019	212	136	4	10	215	2	213	8.29e-28	113
2681	sp|Q88RB3|METN2_PSEPK	33.645	214	129	4	24	224	49	262	8.50e-28	114
2681	sp|A0PY57|POTA_CLONN	30.942	223	151	3	6	226	2	223	9.73e-28	113
2681	sp|Q65M34|METN1_BACLD	35.859	198	121	3	24	215	20	217	1.01e-27	113
2681	sp|Q4KC87|FBPC_PSEF5	33.766	231	140	6	9	231	3	228	1.03e-27	113
2681	sp|Q9I6T2|POTA1_PSEAE	32.609	230	144	5	9	228	11	239	1.06e-27	113
2681	sp|Q64Z80|LOLD_BACFR	33.000	200	126	4	10	203	2	199	1.07e-27	110
2681	sp|O95477|ABCA1_HUMAN	30.932	236	149	5	24	249	1928	2159	1.10e-27	116
2681	sp|O95477|ABCA1_HUMAN	37.097	186	115	2	20	204	911	1095	2.14e-27	115
2681	sp|Q5LI72|LOLD_BACFN	33.000	200	126	4	10	203	2	199	1.12e-27	110
2681	sp|Q02QM1|PHNC1_PSEAB	31.600	250	152	6	10	240	5	254	1.14e-27	111
2681	sp|Q0I3Y9|POTA_HISS1	32.143	224	149	3	10	231	11	233	1.19e-27	113
2681	sp|Q65S66|FBPC_MANSM	31.982	222	149	2	3	223	2	222	1.29e-27	113
2681	sp|Q832Y6|METN1_ENTFA	34.928	209	122	5	17	215	13	217	1.32e-27	113
2681	sp|Q39AT4|METN2_BURL3	35.644	202	124	4	20	215	57	258	1.34e-27	114
2681	sp|Q7CS28|SMOE_AGRFC	31.364	220	148	3	9	226	3	221	1.39e-27	113
2681	sp|Q17VE0|METN_HELAH	33.180	217	139	3	24	234	18	234	1.56e-27	112
2681	sp|A1TAI4|POTA_MYCVP	32.432	222	145	5	10	228	2	221	1.56e-27	113
2681	sp|E9PX95|ABCAH_MOUSE	31.731	208	140	2	23	229	536	742	1.60e-27	116
2681	sp|E9PX95|ABCAH_MOUSE	30.516	213	147	1	22	233	1381	1593	9.38e-22	99.4
2681	sp|Q9HYL7|PHNC2_PSEAE	31.600	250	152	6	10	240	5	254	1.62e-27	111
2681	sp|Q03I83|ECFA2_STRTD	32.870	216	135	5	24	230	22	236	1.70e-27	111
2681	sp|Q5M244|ECFA2_STRT2	32.870	216	135	5	24	230	22	236	1.70e-27	111
2681	sp|Q5LXJ4|ECFA2_STRT1	32.870	216	135	5	24	230	22	236	1.70e-27	111
2681	sp|P41233|ABCA1_MOUSE	37.097	186	115	2	20	204	911	1095	1.72e-27	116
2681	sp|P41233|ABCA1_MOUSE	33.173	208	130	3	24	226	1928	2131	3.01e-27	115
2681	sp|Q93DA2|METN_STRMU	32.420	219	137	3	22	229	22	240	1.80e-27	112
2681	sp|Q3SGJ8|PHNC_THIDA	30.041	243	158	5	9	239	3	245	1.88e-27	110
2681	sp|Q0B6I6|METN2_BURCM	35.149	202	125	4	20	215	55	256	1.91e-27	113
2681	sp|Q2K8C8|FBPC_RHIEC	33.178	214	140	3	17	228	16	228	1.92e-27	112
2681	sp|A3DDF6|POTA_ACET2	30.631	222	151	3	7	226	4	224	1.95e-27	112
2681	sp|Q0I2Z4|FBPC_HISS1	34.343	198	127	3	7	203	4	199	1.95e-27	112
2681	sp|Q5FKL2|METN_LACAC	34.123	211	127	4	17	215	15	225	2.14e-27	112
2681	sp|Q8ZR89|METN2_SALTY	35.859	198	121	4	24	215	21	218	2.17e-27	112
2681	sp|Q57S53|METN2_SALCH	35.859	198	121	4	24	215	21	218	2.22e-27	112
2681	sp|Q609Q1|CYSA_METCA	35.149	202	123	4	8	203	1	200	2.26e-27	112
2681	sp|Q7CHF8|METN2_YERPE	37.000	200	120	3	22	215	18	217	2.29e-27	112
2681	sp|Q1C970|METN2_YERPA	37.000	200	120	3	22	215	18	217	2.29e-27	112
2681	sp|Q66CQ3|METN1_YERPS	37.000	200	120	3	22	215	18	217	2.29e-27	112
2681	sp|Q1CG91|METN1_YERPN	37.000	200	120	3	22	215	18	217	2.29e-27	112
2681	sp|Q9FLT5|AB9A_ARATH	33.476	233	137	4	7	222	517	748	2.40e-27	115
2681	sp|Q1LQF6|METN_CUPMC	34.722	216	131	5	10	215	2	217	2.50e-27	112
2681	sp|Q88AS5|CYSA_PSESM	32.018	228	146	5	9	229	2	227	2.56e-27	112
2681	sp|Q7VI92|METN_HELHP	35.000	200	124	4	22	215	15	214	2.60e-27	112
2681	sp|Q04DA7|METN2_OENOB	33.333	225	135	5	6	215	2	226	2.62e-27	112
2681	sp|Q92V71|PHNC_RHIME	33.186	226	137	7	15	226	7	232	2.89e-27	110
2681	sp|Q1MQ44|POTA_LAWIP	31.140	228	140	6	10	228	8	227	2.95e-27	112
2681	sp|Q5ZUG5|METN_LEGPH	33.019	212	136	4	10	215	2	213	3.07e-27	112
2681	sp|Q79EE4|GGTA_SYNY3	31.364	220	148	3	9	226	3	221	3.95e-27	112
2681	sp|Q1WVG9|METN_LIGS1	33.810	210	120	5	22	216	21	226	3.99e-27	112
2681	sp|Q7VV72|METN_BORPE	35.644	202	124	3	20	215	16	217	4.02e-27	112
2681	sp|Q7W4E1|METN_BORPA	35.644	202	124	3	20	215	16	217	4.02e-27	112
2681	sp|Q7WFU9|METN_BORBR	35.644	202	124	3	20	215	16	217	4.02e-27	112
2681	sp|Q0KDG3|METN_CUPNH	35.616	219	125	7	10	215	2	217	4.03e-27	111
2681	sp|Q7UC29|CYSA_SHIFL	31.120	241	156	6	8	240	1	239	4.24e-27	112
2681	sp|Q4K681|POTA_PSEF5	31.624	234	149	5	8	231	10	242	4.70e-27	112
2681	sp|Q98GF5|PHNC_RHILO	30.165	242	143	6	5	226	2	237	4.99e-27	110
2681	sp|Q8TYV9|Y182_METKA	35.065	231	140	6	15	239	1	227	5.06e-27	109
2681	sp|Q85A69|CYSA_ANTAG	30.493	223	150	4	9	228	2	222	5.07e-27	112
2681	sp|P16676|CYSA_ECOLI	31.120	241	156	6	8	240	1	239	5.25e-27	111
2681	sp|Q8FFB3|CYSA_ECOL6	31.120	241	156	6	8	240	1	239	5.31e-27	111
2681	sp|Q8XBJ8|CYSA_ECO57	31.120	241	156	6	8	240	1	239	5.31e-27	111
2681	sp|Q5WVL8|METN_LEGPL	32.547	212	137	4	10	215	2	213	5.33e-27	111
2681	sp|Q3IM24|PHNC2_NATPD	32.456	228	135	8	20	231	14	238	5.33e-27	109
2681	sp|P40860|CYSA_SALTY	30.705	241	157	6	8	240	1	239	5.41e-27	111
2681	sp|P40735|ECFA1_BACSU	32.093	215	143	3	17	228	17	231	5.96e-27	109
2681	sp|Q87AL9|METN_XYLFT	35.323	201	124	3	21	215	17	217	5.98e-27	110
2681	sp|Q47T99|POTA_THEFY	33.962	212	131	4	23	229	43	250	6.09e-27	112
2681	sp|Q8Z4V6|CYSA_SALTI	30.833	240	156	6	9	240	2	239	6.15e-27	111
2681	sp|Q1MMZ3|PHNC_RHIJ3	31.837	245	150	8	11	241	3	244	6.47e-27	109
2681	sp|Q4QMH4|METN_HAEI8	32.759	232	146	4	10	231	2	233	6.55e-27	111
2681	sp|Q1M8E0|METN_RHIJ3	39.583	192	111	2	15	201	28	219	6.67e-27	111
2681	sp|P10091|CYSA_MARPO	31.390	223	148	4	9	228	2	222	6.71e-27	111
2681	sp|Q92VJ2|CYSA2_RHIME	30.088	226	151	4	10	229	3	227	6.97e-27	111
2681	sp|Q97KD5|METN_CLOAB	30.531	226	151	3	10	229	2	227	6.97e-27	110
2681	sp|Q8Z8R5|METN2_SALTI	35.859	198	121	4	24	215	21	218	7.40e-27	110
2681	sp|Q49WM4|POTA_STAS1	30.332	211	144	3	15	223	10	219	7.61e-27	111
2681	sp|Q6NBT1|CYSA_RHOPA	32.599	227	142	6	10	228	3	226	7.85e-27	110
2681	sp|Q8PGE8|METN_XANAC	36.816	201	119	5	22	215	18	217	8.38e-27	110
2681	sp|Q7M816|METN_WOLSU	36.041	197	120	4	25	215	2	198	8.48e-27	110
2681	sp|Q5E715|METN_ALIF1	34.328	201	126	3	21	215	17	217	9.90e-27	110
2681	sp|Q5PMK1|POTA_SALPA	31.364	220	148	3	14	231	22	240	9.98e-27	111
2681	sp|Q6MCV4|POTA_PARUW	31.839	223	149	3	15	235	10	231	1.03e-26	111
2681	sp|Q92XW1|CYSA1_RHIME	31.416	226	148	4	10	229	3	227	1.05e-26	110
2681	sp|Q8RI39|POTA_FUSNN	30.317	221	151	3	10	228	6	225	1.10e-26	111
2681	sp|Q52666|BZTD_RHOCB	33.333	225	133	6	5	221	18	233	1.11e-26	108
2681	sp|P40790|POTA_SALTY	31.364	220	148	3	14	231	22	240	1.12e-26	111
2681	sp|Q57QC8|POTA_SALCH	31.364	220	148	3	14	231	22	240	1.12e-26	111
2681	sp|Q88WA5|METN1_LACPL	36.453	203	113	6	24	215	24	221	1.12e-26	110
2681	sp|Q8EBC3|CYSA1_SHEON	33.333	225	141	5	9	226	2	224	1.13e-26	110
2681	sp|Q8Z7H7|POTA_SALTI	31.364	220	148	3	14	231	22	240	1.18e-26	110
2681	sp|Q3BNZ3|METN_XANE5	35.961	203	118	4	22	215	18	217	1.20e-26	110
2681	sp|A5U7B7|FTSE_MYCTA	32.961	179	116	1	24	198	18	196	1.28e-26	107
2681	sp|Q9FKF2|AB11A_ARATH	33.047	233	138	4	7	222	516	747	1.30e-26	113
2681	sp|O05779|FTSE_MYCTU	32.961	179	116	1	24	198	19	197	1.39e-26	107
2681	sp|Q4UJW5|ZNUC_RICFE	30.357	224	135	7	10	229	6	212	1.43e-26	107
2681	sp|P44785|METN_HAEIN	33.796	216	137	3	22	231	18	233	1.45e-26	110
2681	sp|Q2P7S3|METN_XANOM	36.816	201	119	5	22	215	18	217	1.50e-26	110
2681	sp|Q2IYS5|PHNC1_RHOP2	34.653	202	118	4	10	198	4	204	1.69e-26	108
2681	sp|P33360|YEHX_ECOLI	33.036	224	142	5	10	227	2	223	1.70e-26	109
2681	sp|Q87RS1|METN_VIBPA	36.275	204	118	5	21	215	17	217	1.72e-26	110
2681	sp|Q8WWZ4|ABCAA_HUMAN	31.401	207	138	3	24	226	1221	1427	1.78e-26	113
2681	sp|Q8WWZ4|ABCAA_HUMAN	35.979	189	118	2	18	204	403	590	3.43e-25	109
2681	sp|A1TXH7|POTA_MARN8	31.481	216	145	3	15	228	11	225	1.81e-26	110
2681	sp|Q1RDS4|SSUB_ECOUT	35.938	192	112	4	13	203	15	196	2.02e-26	107
2681	sp|A1A9L0|SSUB_ECOK1	35.938	192	112	4	13	203	15	196	2.02e-26	107
2681	sp|Q8CQS7|METN2_STAES	30.415	217	145	3	17	227	13	229	2.11e-26	109
2681	sp|Q5HRU5|METN1_STAEQ	30.415	217	145	3	17	227	13	229	2.11e-26	109
2681	sp|Q6LN52|METN_PHOPR	35.500	200	123	3	22	215	18	217	2.13e-26	109
2681	sp|Q2KDV1|PHNC_RHIEC	32.245	245	149	8	11	241	3	244	2.26e-26	108
2681	sp|O85818|POTA_AGGAC	32.127	221	147	3	10	228	11	230	2.30e-26	110
2681	sp|Q07PZ0|PHNC1_RHOP5	37.838	185	96	4	18	187	12	192	2.53e-26	108
2681	sp|Q05067|Y4389_NOSS1	30.962	239	157	4	22	254	40	276	2.94e-26	109
2681	sp|P0A2V2|OCCP_RHIRD	30.802	237	143	5	9	227	8	241	3.33e-26	107
2681	sp|P0A2V3|OCCP_AGRT4	30.802	237	143	5	9	227	8	241	3.33e-26	107
2681	sp|Q13VD7|METN1_PARXL	32.870	216	135	5	10	215	2	217	3.46e-26	109
2681	sp|Q5H503|METN_XANOR	36.816	201	119	5	22	215	18	217	3.57e-26	108
2681	sp|Q92UV5|FBPC2_RHIME	34.579	214	135	5	25	235	49	260	3.59e-26	110
2681	sp|Q8P4S7|METN_XANCP	35.468	203	119	4	22	215	18	217	3.64e-26	108
2681	sp|Q4UQD2|METN_XANC8	35.468	203	119	4	22	215	18	217	3.64e-26	108
2681	sp|Q9ZJ34|METN_HELPJ	32.883	222	133	4	24	234	18	234	3.88e-26	108
2681	sp|Q5M1F6|METN_STRT1	31.416	226	144	4	15	229	15	240	3.93e-26	109
2681	sp|P19844|NOSF_STUST	32.189	233	150	5	9	239	3	229	3.95e-26	108
2681	sp|Q92G36|ZNUC_RICCN	30.804	224	134	7	10	229	6	212	4.09e-26	106
2681	sp|Q98G43|FBPC_RHILO	34.034	238	147	6	10	240	4	238	4.54e-26	108
2681	sp|Q5M5Z2|METN_STRT2	30.531	226	146	3	15	229	15	240	5.02e-26	108
2681	sp|O34900|TCYN_BACSU	30.769	234	146	6	10	231	2	231	5.81e-26	106
2681	sp|Q9G4F5|CYSA_CUCSA	30.396	227	149	5	9	228	2	226	6.19e-26	108
2681	sp|O83658|POTA_TREPA	31.140	228	144	4	9	229	9	230	6.29e-26	108
2681	sp|Q1GAN9|METN_LACDA	32.710	214	125	4	17	215	16	225	6.34e-26	108
2681	sp|Q04B25|METN_LACDB	32.710	214	125	4	17	215	16	225	6.61e-26	108
2681	sp|Q6F9P2|METN2_ACIAD	33.838	198	125	4	24	215	20	217	6.87e-26	108
2681	sp|A2RKA7|NUPA_LACLM	31.658	199	131	2	9	202	6	204	7.43e-26	110
2681	sp|Q9A9P4|LOLD1_CAUVC	34.529	223	123	7	10	215	5	221	7.73e-26	105
2681	sp|Q84K47|AB2A_ARATH	34.529	223	134	4	11	222	525	746	8.15e-26	111
2681	sp|Q8FJ95|SSUB_ECOL6	35.938	192	112	4	13	203	15	196	8.17e-26	106
2681	sp|Q2RWA3|METN_RHORT	33.803	213	129	4	12	215	8	217	8.17e-26	108
2681	sp|Q160M2|POTA_ROSDO	32.143	196	131	2	9	203	8	202	8.36e-26	108
2681	sp|Q6D5H7|METN1_PECAS	34.673	199	122	4	24	215	21	218	8.55e-26	108
2681	sp|Q52815|AAPP_RHIJ3	31.731	208	130	5	1	200	9	212	9.07e-26	106
2681	sp|Q1CR30|METN_HELPH	33.838	198	125	3	24	215	18	215	9.14e-26	107
2681	sp|O26096|METN_HELPY	32.719	217	140	3	24	234	18	234	9.23e-26	107
2681	sp|O31427|SKFE_BACSU	33.333	192	126	1	10	201	4	193	9.49e-26	105
2681	sp|Q3KBH4|POTA_PSEPF	30.000	230	148	5	8	228	5	230	9.95e-26	108
2681	sp|Q9A7X1|CYSA_CAUVC	31.364	220	144	4	10	223	3	221	1.01e-25	107
2681	sp|Q8K449|ABCA9_MOUSE	34.921	189	120	2	18	204	493	680	4.24e-24	106
2681	sp|Q9PDN2|CYSA_XYLFA	32.547	212	136	4	10	215	3	213	1.13e-25	107
2709	sp|P20605|FIC_ECOLI	42.188	192	111	0	2	193	3	194	3.22e-52	169
2709	sp|P20751|FIC_SALTY	40.625	192	114	0	2	193	3	194	1.19e-48	160
2709	sp|E6Z0R3|VBHT_BARSR	35.025	197	126	1	1	195	1	197	1.79e-35	132
2709	sp|P55548|Y4LH_SINFN	32.821	195	125	3	1	192	1	192	2.38e-30	113
2709	sp|Q6G2A9|BEPA_BARHE	36.275	204	104	8	10	191	18	217	5.29e-25	104
2709	sp|Q7DDR9|NMFIC_NEIMB	31.847	157	77	6	18	172	18	146	6.20e-13	67.4
2709	sp|P44088|Y977_HAEIN	33.621	116	65	4	58	172	42	146	5.16e-12	65.1
2715	sp|P63417|YHBS_ECOLI	31.579	152	95	4	22	165	15	165	5.76e-14	68.9
2715	sp|P63418|YHBS_ECOL6	31.579	152	95	4	22	165	15	165	5.76e-14	68.9
2715	sp|P63419|YHBS_ECO57	31.579	152	95	4	22	165	15	165	5.76e-14	68.9
2715	sp|P39368|YJHQ_ECOLI	30.986	142	89	4	4	143	9	143	6.84e-11	61.2
2747	sp|Q7DFU6|YGHX_ECOLI	61.404	114	39	1	50	163	6	114	2.90e-40	139
2747	sp|P46209|USF_AQUPY	32.900	231	125	9	88	303	15	230	2.52e-24	101
2747	sp|O67802|DLHH_AQUAE	32.314	229	129	9	88	303	15	230	1.32e-22	97.1
2747	sp|F8QQ74|NAAC_BRASZ	30.093	216	133	7	103	303	30	242	7.26e-17	81.6
2770	sp|P26189|ADA_SALTY	34.409	279	166	6	5	276	85	353	1.58e-39	144
2770	sp|P06134|ADA_ECOLI	32.099	243	162	2	23	264	101	341	2.43e-36	135
2770	sp|A5E7M8|MGMT_LODEL	56.322	87	36	2	179	264	98	183	4.88e-24	99.4
2770	sp|P0A2U0|OGT_SALTY	38.562	153	84	3	118	264	11	159	2.12e-22	94.4
2770	sp|P0A2U1|OGT_SALTI	38.562	153	84	3	118	264	11	159	2.12e-22	94.4
2770	sp|Q5UNU9|MGMT_MIMIV	45.455	88	47	1	185	272	59	145	6.59e-22	92.4
2770	sp|P9WJW5|OGT_MYCTU	48.889	90	46	0	185	274	67	156	1.34e-21	92.0
2770	sp|P9WJW4|OGT_MYCTO	48.889	90	46	0	185	274	67	156	1.34e-21	92.0
2770	sp|P0A697|OGT_MYCBO	48.889	90	46	0	185	274	67	156	1.34e-21	92.0
2770	sp|Q9ZET8|OGT_MYCPA	34.706	170	101	4	111	280	2	161	1.67e-21	91.7
2770	sp|Q8TI34|OGT_METAC	33.108	148	91	3	113	260	3	142	3.96e-21	90.5
2770	sp|P19220|ADAB_BACSU	46.739	92	49	0	181	272	78	169	6.41e-21	90.5
2770	sp|Q46EW4|OGT_METBF	32.432	148	92	4	113	260	3	142	2.64e-20	88.2
2770	sp|P0AFH1|OGT_SHIFL	33.540	161	81	3	118	264	11	159	2.74e-20	88.6
2770	sp|P0AFH0|OGT_ECOLI	33.540	161	81	3	118	264	11	159	2.74e-20	88.6
2770	sp|P52982|OGT_MYCLE	34.839	155	92	3	118	272	9	154	3.55e-20	88.2
2770	sp|Q97VW7|OGT_SACS2	35.099	151	75	5	113	260	4	134	6.68e-20	87.0
2770	sp|C3N9B4|OGT_SACI7	35.099	151	75	5	113	260	4	134	6.68e-20	87.0
2770	sp|C4KKV8|OGT_SACI6	35.099	151	75	5	113	260	4	134	6.68e-20	87.0
2770	sp|C3MUC6|OGT_SACI4	35.099	151	75	5	113	260	4	134	6.68e-20	87.0
2770	sp|C3MKT6|OGT_SACI2	35.099	151	75	5	113	260	4	134	6.68e-20	87.0
2770	sp|C3NMY2|OGT_SACI1	35.099	151	75	5	113	260	4	134	1.57e-19	85.9
2770	sp|C3N1B4|OGT_SACI3	34.437	151	76	5	113	260	4	134	1.82e-19	85.9
2770	sp|P11742|OGT_BACSU	34.899	149	84	4	113	257	4	143	2.40e-19	85.9
2770	sp|A6ZXD3|MGMT_YEAS7	42.222	90	50	1	191	280	98	185	9.96e-19	84.7
2770	sp|Q6BVY4|MGMT_DEBHA	36.752	117	72	2	157	272	65	180	1.73e-18	84.3
2770	sp|Q8PY44|OGT_METMA	30.405	148	95	3	113	260	3	142	2.55e-18	83.2
2770	sp|A3LZM4|MGMT_PICST	38.938	113	62	4	159	269	75	182	3.31e-18	83.6
2770	sp|P26188|MGMT_YEAST	41.111	90	51	1	191	280	98	185	3.68e-18	83.2
2770	sp|Q6FNR0|MGMT_CANGA	43.243	74	42	0	191	264	101	174	7.39e-18	83.2
2770	sp|Q6CPW2|MGMT_KLULA	46.575	73	39	0	188	260	103	175	1.48e-17	81.6
2770	sp|P44687|OGT_HAEIN	41.250	80	46	1	190	268	76	155	3.10e-16	77.8
2770	sp|Q5A0Y8|MGMT_CANAL	47.297	74	37	1	191	264	93	164	5.99e-16	77.0
2770	sp|Q973C7|OGT_SULTO	33.775	151	82	5	111	260	2	135	3.26e-15	74.7
2770	sp|Q4J9C6|OGT_SULAC	32.667	150	84	5	111	260	2	134	4.20e-15	74.3
2770	sp|P26187|MGMT_MOUSE	30.675	163	104	3	107	260	3	165	8.83e-14	72.0
2770	sp|P24528|MGMT_RAT	31.056	161	102	3	109	260	5	165	9.62e-14	71.6
2770	sp|P26186|MGMT_CRIGR	31.056	161	102	3	109	260	5	165	2.49e-13	70.5
2770	sp|Q6TDU1|MGMT_CANLF	31.737	167	105	4	107	264	3	169	1.21e-12	68.9
2770	sp|P16455|MGMT_HUMAN	30.588	170	107	4	107	270	3	167	4.35e-12	67.0
2771	sp|Q9F7E0|CHNA_ACISS	40.244	246	141	2	2	247	7	246	2.35e-48	163
2771	sp|P46331|YXBG_BACSU	39.216	255	147	3	1	249	1	253	1.52e-47	161
2771	sp|Q9X248|FABG_THEMA	39.113	248	147	3	4	251	3	246	4.09e-47	159
2771	sp|P39482|DHG1_PRIMG	38.800	250	147	3	4	250	5	251	1.94e-46	158
2771	sp|P40288|DHG_PRIMG	38.800	250	147	3	4	250	5	251	2.65e-46	158
2771	sp|P39483|DHG2_PRIMG	39.200	250	146	3	4	250	5	251	4.59e-46	157
2771	sp|Q9LBV3|BARS1_STRVG	39.841	251	148	3	3	251	7	256	4.73e-46	157
2771	sp|P39640|BACC_BACSU	38.583	254	144	6	4	250	3	251	3.89e-45	155
2771	sp|A0A1L5BUG8|LINC_SPHIB	39.370	254	144	5	1	250	1	248	8.29e-45	154
2771	sp|D4YYG1|LINC_SPHIU	39.370	254	144	5	1	250	1	248	1.58e-44	153
2771	sp|Q8KWT4|BACC_BACIU	37.402	254	147	6	4	250	3	251	2.91e-44	152
2771	sp|P07999|DHGB_PRIMG	39.286	252	144	5	4	250	5	252	3.40e-44	152
2771	sp|H9BFQ1|TPRL2_ERYCB	40.078	257	140	6	4	251	11	262	3.64e-44	153
2771	sp|H9BFQ0|TPRL1_ERYCB	40.154	259	134	7	4	251	11	259	7.36e-44	152
2771	sp|P10528|DHGA_PRIMG	37.200	250	151	3	4	250	5	251	6.77e-43	149
2771	sp|P0DXE1|CHCB2_SINCY	38.618	246	145	4	4	248	5	245	1.24e-42	148
2771	sp|P12310|DHG_BACSU	36.400	250	153	3	4	250	5	251	3.89e-42	147
2771	sp|P39484|DHG3_PRIMG	36.800	250	152	3	4	250	5	251	5.48e-42	147
2771	sp|Q9BTZ2|DHRS4_HUMAN	34.286	245	160	1	4	248	30	273	7.50e-42	147
2771	sp|G5EGA6|DHRS4_CAEEL	35.743	249	153	4	7	250	11	257	1.12e-41	146
2771	sp|Q2UEK6|ASTE_ASPOR	39.526	253	146	3	4	251	10	260	1.35e-41	146
2771	sp|P39485|DHG4_PRIMG	36.800	250	152	3	4	250	5	251	1.36e-41	145
2771	sp|Q5RCF8|DHRS4_PONAB	34.286	245	160	1	4	248	30	273	1.55e-41	146
2771	sp|P0A2D1|UCPA_SALTY	36.576	257	155	4	1	251	1	255	3.01e-41	145
2771	sp|P0A2D2|UCPA_SALTI	36.576	257	155	4	1	251	1	255	3.01e-41	145
2771	sp|Q8SPU8|DHRS4_BOVIN	34.413	247	161	1	2	248	29	274	3.75e-41	145
2771	sp|A0A067FT93|SDR_CITSI	37.945	253	146	5	4	251	13	259	4.32e-41	145
2771	sp|Q9PKF7|FABG_CHLMU	37.600	250	147	5	3	249	4	247	4.88e-41	144
2771	sp|Q8XBJ4|UCPA_ECO57	35.798	257	157	4	1	251	1	255	2.21e-40	143
2771	sp|Q99LB2|DHRS4_MOUSE	31.984	247	167	1	2	248	29	274	2.28e-40	143
2771	sp|Q8VID1|DHRS4_RAT	32.389	247	166	1	2	248	29	274	3.57e-40	142
2771	sp|P38004|FABG_CHLTR	37.052	251	149	5	3	250	4	248	3.91e-40	142
2771	sp|P37440|UCPA_ECOLI	35.409	257	158	4	1	251	1	255	4.33e-40	142
2771	sp|Q937L4|CPNA_COMTE	34.524	252	163	2	1	252	1	250	2.87e-39	139
2771	sp|Q8GAV9|CPNA_COMS9	34.524	252	163	2	1	252	1	250	2.87e-39	139
2771	sp|P94681|TSAC_COMTE	35.857	251	157	2	4	251	3	252	3.05e-39	139
2771	sp|Q9WYG0|Y325_THEMA	36.179	246	149	4	7	248	6	247	8.95e-39	138
2771	sp|P80869|DHG2_BACSU	35.857	251	155	3	4	251	5	252	9.53e-39	138
2771	sp|P0DXE0|CHCB1_SINCY	40.784	255	127	7	4	248	8	248	9.88e-39	138
2771	sp|Q8KWS9|BACC_BACAM	36.471	255	149	7	4	250	3	252	1.14e-38	138
2771	sp|Q8WNV7|DHRS4_PIG	33.469	245	162	1	4	248	31	274	2.13e-38	138
2771	sp|A7AZH2|3BHDP_MEDG7	35.316	269	153	4	1	250	8	274	2.78e-38	137
2771	sp|Q9GKX2|DHRS4_RABIT	33.333	246	161	3	4	248	12	255	5.54e-38	136
2771	sp|Q8JZV9|DHRS6_MOUSE	34.118	255	154	4	1	251	1	245	6.17e-38	136
2771	sp|D4Z260|LINX_SPHIU	37.450	251	151	4	2	251	3	248	8.42e-38	135
2771	sp|A0A1L5BU05|LINX_SPHIB	37.450	251	151	4	2	251	3	248	8.42e-38	135
2771	sp|C8WJW0|3BHD1_EGGLE	38.956	249	150	2	4	251	5	252	8.53e-38	136
2771	sp|Q92RN6|GALD_RHIME	34.008	247	160	3	4	249	11	255	8.92e-38	135
2771	sp|A0A8F5SIS3|BDH1_SALOF	37.597	258	140	8	4	251	11	257	1.22e-37	135
2771	sp|Q9KJF1|BBSD_THAAR	33.468	248	160	3	4	251	3	245	1.35e-37	135
2771	sp|P42317|YXJF_BACSU	35.409	257	154	4	4	250	1	255	1.61e-37	135
2771	sp|P9WGQ9|Y769_MYCTU	39.841	251	132	6	6	248	4	243	2.57e-37	134
2771	sp|P9WGQ8|Y769_MYCTO	39.841	251	132	6	6	248	4	243	2.57e-37	134
2771	sp|P51831|FABG_BACSU	35.600	250	152	5	3	249	1	244	3.32e-37	134
2771	sp|A0A165U5V5|ADH1_EUPLT	37.023	262	146	7	4	251	14	270	4.49e-37	135
2771	sp|Q13268|DHRS2_HUMAN	31.837	245	165	2	3	247	33	275	6.38e-37	134
2771	sp|D4A1J4|DHRS6_RAT	33.725	255	155	4	1	251	1	245	7.07e-37	133
2771	sp|Q45219|Y2146_BRADU	37.109	256	148	5	1	249	1	250	1.81e-36	133
2771	sp|Q9Z8P2|FABG_CHLPN	35.628	247	155	4	4	250	5	247	3.16e-36	131
2771	sp|Q49117|Y182_METEA	38.168	262	134	8	1	249	1	247	7.41e-36	130
2771	sp|Q3T046|DHRS6_BOVIN	34.510	255	153	4	1	251	1	245	8.78e-36	130
2771	sp|Q3KPT7|DHRS6_XENLA	32.941	255	157	5	1	251	1	245	1.36e-35	130
2771	sp|P55541|Y4LA_SINFN	36.328	256	150	5	1	249	1	250	1.43e-35	130
2771	sp|Q94KL7|SILD_FORIN	34.387	253	158	4	4	251	15	264	1.44e-35	130
2771	sp|Q00791|STCU_EMENI	35.385	260	146	7	4	248	9	261	3.41e-35	129
2771	sp|Q561X9|DHRS6_DANRE	33.333	252	154	5	1	248	1	242	4.13e-35	129
2771	sp|P0DXH3|SDR_MELAZ	34.866	261	142	7	4	251	13	258	4.58e-35	129
2771	sp|P40397|YHXC_BACSU	34.800	250	158	4	4	252	39	284	7.06e-35	129
2771	sp|K4N0V2|BDH_LAVIN	37.838	259	129	8	4	251	9	246	8.56e-35	128
2771	sp|C8WGQ3|3BHD2_EGGLE	33.466	251	163	4	3	250	9	258	1.25e-34	128
2771	sp|Q949M3|FABG3_BRANA	35.772	246	152	5	8	251	74	315	1.96e-34	129
2771	sp|Q93X62|FABG1_BRANA	35.772	246	152	5	8	251	79	320	2.06e-34	129
2771	sp|Q9SCU0|SDR2A_ARATH	36.567	268	151	7	4	253	32	298	4.17e-34	127
2771	sp|C1C4R8|DHRS6_AQUCT	32.157	255	159	5	1	251	1	245	5.32e-34	125
2771	sp|P28643|FABG_CUPLA	37.398	246	148	5	8	251	79	320	5.50e-34	127
2771	sp|P0A0I0|FABG_STAAW	35.366	246	150	5	7	249	5	244	6.97e-34	125
2771	sp|Q6G9Y2|FABG_STAAS	35.366	246	150	5	7	249	5	244	6.97e-34	125
2771	sp|Q6GHK4|FABG_STAAR	35.366	246	150	5	7	249	5	244	6.97e-34	125
2771	sp|P99093|FABG_STAAN	35.366	246	150	5	7	249	5	244	6.97e-34	125
2771	sp|P0A0H9|FABG_STAAM	35.366	246	150	5	7	249	5	244	6.97e-34	125
2771	sp|Q5HGK2|FABG_STAAC	35.366	246	150	5	7	249	5	244	6.97e-34	125
2771	sp|Q7FAE1|MOMAS_ORYSJ	40.078	257	138	8	4	251	15	264	7.60e-34	126
2771	sp|P9WGS7|Y0687_MYCTU	35.688	269	144	7	4	248	8	271	7.77e-34	126
2771	sp|P9WGS6|Y0687_MYCTO	35.688	269	144	7	4	248	8	271	7.77e-34	126
2771	sp|Q93X67|FABG2_BRANA	36.179	246	151	5	8	251	87	328	1.06e-33	127
2771	sp|Q9KQH7|FABG_VIBCH	36.842	247	147	6	4	249	3	241	1.34e-33	124
2771	sp|Q988B7|PLDH_RHILO	37.698	252	140	6	4	249	5	245	1.39e-33	125
2771	sp|M2WJF1|VER1_DOTSN	33.205	259	153	6	4	248	8	260	1.59e-33	125
2771	sp|Q8TFD5|VER1_DOTSE	33.205	259	153	6	4	248	8	260	1.59e-33	125
2771	sp|Q8CPI3|FABG_STAES	35.341	249	148	7	6	249	2	242	1.79e-33	124
2771	sp|Q5HPW0|FABG_STAEQ	35.341	249	148	7	6	249	2	242	1.79e-33	124
2771	sp|Q9URX0|YLX6_SCHPO	33.061	245	150	6	7	249	6	238	1.80e-33	125
2771	sp|P41177|DHKR_STRVG	36.434	258	145	6	6	249	6	258	1.86e-33	125
2771	sp|Q9S9W2|SDRA_ARATH	32.927	246	161	3	4	249	9	250	2.70e-33	124
2771	sp|F9XMW6|T4HR_ZYMTI	31.641	256	159	5	4	247	12	263	3.04e-33	124
2771	sp|H9BFQ2|TPRL3_ERYCB	31.405	242	162	3	7	248	16	253	4.45e-33	124
2771	sp|O31680|YKVO_BACSU	35.317	252	155	5	1	250	1	246	4.76e-33	123
2771	sp|P0AEK3|FABG_SHIFL	37.143	245	143	6	7	249	6	241	4.90e-33	123
2771	sp|P0AEK2|FABG_ECOLI	37.143	245	143	6	7	249	6	241	4.90e-33	123
2771	sp|Q949M2|FABG4_BRANA	34.553	246	152	5	8	251	16	254	5.93e-33	123
2771	sp|C1DMX5|RHAD_AZOVD	34.510	255	160	4	3	252	2	254	5.96e-33	123
2771	sp|P33207|FABG_ARATH	35.366	246	153	5	8	251	78	319	6.87e-33	125
2771	sp|P0A2C9|FABG_SALTY	36.214	243	148	6	7	249	6	241	7.04e-33	123
2771	sp|P0A2D0|FABG_SALTI	36.214	243	148	6	7	249	6	241	7.04e-33	123
2771	sp|P50161|AFLM_ASPPU	34.231	260	149	7	4	248	7	259	1.50e-32	122
2771	sp|P72332|NODG_RHIS3	35.341	249	152	6	4	251	4	244	1.60e-32	122
2771	sp|P25145|Y432_LISMO	34.783	230	140	5	4	229	3	226	1.98e-32	122
2771	sp|Q92EK7|Y452_LISIN	36.404	228	139	5	4	229	3	226	2.55e-32	121
2771	sp|A0A2U8U2K8|ASL5_SARSH	36.032	247	152	4	4	250	7	247	3.30e-32	121
2771	sp|A7B3K3|3AHDP_MEDG7	35.857	251	147	7	3	247	4	246	5.33e-32	120
2771	sp|A0A2H3D8Y2|ARMD4_ARMGA	35.857	251	151	6	7	249	10	258	7.20e-32	120
2771	sp|E9EHG1|ARP2_METAQ	32.432	259	156	5	4	248	11	264	8.63e-32	120
2771	sp|Q9ZW12|TRNH5_ARATH	31.429	245	165	3	9	252	73	315	9.34e-32	122
2771	sp|P07914|BAIA1_CLOSV	34.921	252	152	6	1	247	1	245	9.95e-32	120
2771	sp|P87218|SOU2_CANAL	36.255	251	153	7	4	251	33	279	1.08e-31	120
2771	sp|P19337|BAIA2_CLOSV	34.783	253	151	6	1	247	1	245	1.98e-31	119
2771	sp|O67610|FABG_AQUAE	33.725	255	148	8	4	249	5	247	2.11e-31	119
2771	sp|A0A0B4HVU2|ARP2_METMF	32.819	259	155	5	4	248	11	264	2.85e-31	119
2771	sp|G4N1P8|ABA4_PYRO7	33.865	251	155	6	4	247	20	266	2.92e-31	119
2771	sp|L7I518|ABA4_PYRO3	33.865	251	155	6	4	247	20	266	2.92e-31	119
2771	sp|A0A0B4GU97|ARP2_METGA	32.819	259	155	5	4	248	11	264	3.20e-31	119
2771	sp|O07575|YHDF_BACSU	33.865	251	159	5	4	252	43	288	4.02e-31	119
2771	sp|P9WGT1|HSD_MYCTU	36.364	253	133	7	4	248	5	237	4.26e-31	119
2771	sp|P69166|HSD_MYCBO	36.364	253	133	7	4	248	5	237	4.26e-31	119
2771	sp|O34782|YVRD_BACSU	30.888	259	162	6	4	249	5	259	4.32e-31	119
2771	sp|H9XP47|MBDH_SERMA	32.377	244	156	5	6	248	5	240	5.51e-31	118
2771	sp|A0A0B4FP77|ARP2_METBS	32.432	259	156	5	4	248	11	264	5.60e-31	118
2771	sp|Q73SC8|Y4146_MYCPA	34.572	269	147	7	4	248	8	271	7.92e-31	118
2771	sp|P0DOV5|SQD_PSEPU	34.701	268	137	8	4	252	12	260	8.55e-31	117
2771	sp|Q5P5I4|PED_AROAE	34.127	252	150	4	4	249	5	246	8.92e-31	117
2771	sp|Q56318|Y019_THEMA	31.765	255	169	4	3	254	1	253	8.96e-31	117
2771	sp|E9ET40|ARP2_METRA	32.432	259	156	5	4	248	11	264	9.71e-31	118
2771	sp|P9WGT0|HSD_MYCTO	36.364	253	133	7	4	248	5	237	9.71e-31	117
2771	sp|Q93X68|FABG5_BRANA	34.553	246	155	5	8	251	76	317	1.00e-30	119
2771	sp|A0A0B4GT47|ARP2_METAF	32.046	259	157	5	4	248	11	264	1.30e-30	117
2771	sp|A0A411PQN6|AGN6_PAEDI	33.203	256	157	4	4	248	14	266	1.45e-30	117
2771	sp|P50163|TRN2_DATST	32.258	248	162	4	9	252	12	257	1.50e-30	117
2771	sp|P73574|FABG_SYNY3	37.052	251	149	6	1	249	1	244	1.69e-30	117
2771	sp|P55336|FABG_VIBHA	34.553	246	154	6	4	249	3	241	1.93e-30	116
2771	sp|P50164|TRN2_HYONI	31.621	253	167	4	4	252	7	257	2.15e-30	117
2771	sp|Q9LHT0|TRNHF_ARATH	33.597	253	159	5	4	252	9	256	2.37e-30	117
2771	sp|P55575|Y4MP_SINFN	34.615	260	152	8	3	252	2	253	2.43e-30	116
2771	sp|A0A1V0QSC6|ERIH_HERER	34.783	253	149	4	5	248	3	248	3.06e-30	116
2771	sp|P80873|GS39_BACSU	33.603	247	157	4	4	248	40	281	4.24e-30	116
2771	sp|Q9BUT1|DHRS6_HUMAN	34.118	255	154	4	1	251	1	245	4.28e-30	115
2771	sp|A0A3Q8GLE8|NEPS3_NEPRA	35.827	254	150	9	4	249	12	260	4.45e-30	116
2771	sp|Q6PKH6|DR4L2_HUMAN	35.714	182	116	1	4	185	30	210	4.60e-30	115
2771	sp|P17611|NODG_AZOBR	35.573	253	148	7	4	250	1	244	4.62e-30	115
2771	sp|T2KLZ8|PLH6_FORAG	33.068	251	152	5	7	249	11	253	4.71e-30	116
2771	sp|A0A1L9WLH9|AACUN_ASPA1	31.783	258	160	5	3	248	9	262	6.40e-30	115
2771	sp|Q05528|KDUD_DICD3	31.474	251	157	5	4	248	8	249	7.46e-30	115
2771	sp|Q5FPE5|GMDH_GLUOX	31.727	249	168	2	4	251	9	256	9.37e-30	115
2771	sp|Q92EU6|GOLD_LISIN	32.530	249	162	5	4	252	12	254	1.23e-29	114
2771	sp|Q9MA93|GRDH2_ARATH	32.308	260	161	7	2	252	35	288	1.56e-29	115
2771	sp|Q15SS0|DDGLD_PSEA6	33.065	248	159	4	4	248	7	250	1.56e-29	114
2771	sp|G9FRD7|HDHA_CLOSR	32.946	258	159	4	1	251	1	251	1.67e-29	114
2771	sp|B0ZT44|RDT1_ELSFA	30.469	256	162	5	4	247	12	263	1.71e-29	114
2771	sp|O54438|FABG_PSEAE	35.887	248	151	5	4	249	3	244	1.74e-29	114
2771	sp|A0R518|Y6031_MYCS2	32.353	272	150	8	7	248	8	275	3.70e-29	114
2771	sp|P37769|KDUD_ECOLI	31.301	246	164	4	4	248	8	249	3.75e-29	113
2771	sp|P0AET8|HDHA_ECOLI	36.585	246	150	4	4	248	9	249	6.79e-29	112
2771	sp|P0AET9|HDHA_ECO57	36.585	246	150	4	4	248	9	249	6.79e-29	112
2771	sp|P9WGS5|Y2750_MYCTU	33.824	272	153	10	4	253	6	272	8.31e-29	113
2771	sp|P9WGS4|Y2750_MYCTO	33.824	272	153	10	4	253	6	272	8.31e-29	113
2771	sp|M1W270|PIG7_CLAP2	30.739	257	162	5	4	248	10	262	8.73e-29	112
2771	sp|P50162|TRN1_DATST	31.783	258	161	9	4	252	19	270	9.04e-29	113
2771	sp|I6YCF0|IPDF_MYCTU	33.735	249	153	7	3	245	15	257	1.02e-28	112
2771	sp|P50199|GNO_GLUOX	31.349	252	165	4	4	252	9	255	1.29e-28	112
2771	sp|P66782|Y1385_MYCBO	33.977	259	142	7	2	248	3	244	1.45e-28	111
2771	sp|P9WGR9|Y1350_MYCTU	33.977	259	142	7	2	248	3	244	1.45e-28	111
2771	sp|P9WGR8|Y1350_MYCTO	33.977	259	142	7	2	248	3	244	1.45e-28	111
2771	sp|P06234|NODG_RHIME	32.530	249	159	5	4	251	4	244	1.71e-28	111
2771	sp|A0A3G9HAL8|CDMF_TALVE	33.846	260	148	7	1	246	1	250	1.97e-28	111
2771	sp|A0AAT9JA24|DHB14_RABIT	32.669	251	158	6	5	251	8	251	2.68e-28	112
2771	sp|Q48436|BUDC_KLEPN	32.171	258	161	5	6	252	2	256	2.88e-28	111
2771	sp|Q9LBG2|LVR_LEIAQ	32.422	256	162	5	4	250	11	264	2.90e-28	111
2771	sp|M2ZIX7|PK81I_PSEFD	40.206	194	112	4	4	195	29	220	2.90e-28	112
2771	sp|A0A3Q8GL18|NEPS1_NEPRA	32.941	255	155	10	4	249	15	262	3.09e-28	111
2771	sp|Q9C826|ABA2_ARATH	32.841	271	147	9	4	251	18	276	3.27e-28	111
2771	sp|P9WGQ5|Y927C_MYCTU	36.863	255	149	5	1	250	5	252	3.50e-28	111
2771	sp|P9WGQ4|Y927C_MYCTO	36.863	255	149	5	1	250	5	252	3.50e-28	111
2771	sp|P0CG22|DR4L1_HUMAN	30.645	248	168	2	4	248	30	276	3.72e-28	111
2771	sp|A0A1A9TAK5|NR_NARPS	31.076	251	168	4	4	252	9	256	3.91e-28	110
2771	sp|A0A1C9II22|NR_NARAP	31.076	251	168	4	4	252	9	256	3.91e-28	110
2771	sp|A0A2I1C3T5|NSRJ_ASPN1	30.739	257	162	5	4	248	10	262	4.65e-28	110
2771	sp|Q9M1K9|ATA1_ARATH	36.398	261	141	8	4	248	8	259	4.85e-28	110
2771	sp|P14697|PHAB_CUPNH	33.202	253	156	5	4	251	1	245	6.14e-28	110
2771	sp|Q9ZW20|TRNHD_ARATH	30.000	250	172	3	4	252	16	263	6.93e-28	110
2771	sp|P50941|FABG_RICPR	32.800	250	149	7	4	249	4	238	7.37e-28	109
2771	sp|P0C0Y4|NMTDH_ALTAL	35.039	254	154	8	4	251	17	265	9.80e-28	110
2771	sp|P16543|DHK2_STRVN	33.597	253	145	8	8	251	10	248	1.27e-27	109
2771	sp|P07772|BEND_ACIAD	32.432	259	150	6	6	248	9	258	1.49e-27	109
2771	sp|Q9ZW03|TRNH3_ARATH	31.600	250	167	3	4	252	16	262	1.82e-27	109
2771	sp|P16542|DHK1_STRVN	36.364	253	148	4	8	249	19	269	1.88e-27	109
2771	sp|P43713|FABG_HAEIN	30.924	249	165	6	4	252	1	242	1.93e-27	108
2771	sp|Q6NUE2|CBR4_XENLA	31.579	247	156	5	6	252	2	235	2.01e-27	108
2771	sp|P52037|YGFF_ECOLI	34.694	245	155	4	8	248	3	246	2.04e-27	108
2771	sp|F1SWA0|ZERSY_ZINZE	31.818	264	156	8	4	251	3	258	2.22e-27	109
2771	sp|A0A3Q8GYY4|NEPS2_NEPRA	34.109	258	152	9	4	249	7	258	2.41e-27	108
2771	sp|Q5C9I9|ISPD_MENPI	33.725	255	158	8	4	251	7	257	2.57e-27	108
2771	sp|Q68VY7|FABG_RICTY	32.389	247	148	7	7	249	7	238	3.16e-27	108
2771	sp|P0DKI3|TRNH1_ARATH	32.540	252	162	5	4	252	12	258	3.67e-27	108
2771	sp|A0A384JQF5|ABA4_BOTFB	33.591	259	145	7	6	248	8	255	4.12e-27	108
2771	sp|Q5BH34|MDPC_EMENI	31.518	257	160	5	4	248	11	263	4.35e-27	108
2771	sp|P0AG84|YGHA_ECOLI	32.794	247	161	3	4	248	47	290	4.36e-27	108
2771	sp|P0AG85|YGHA_ECO57	32.794	247	161	3	4	248	47	290	4.36e-27	108
2771	sp|Q21929|DCXR_CAEEL	34.524	252	155	6	4	252	7	251	5.23e-27	107
2771	sp|P9WEQ5|OLCF_PENCN	31.752	274	144	7	1	250	2	256	5.59e-27	107
2771	sp|A0A4P8DJW8|DMR18_CRYX8	30.739	257	162	5	4	248	10	262	5.59e-27	108
2771	sp|Q53217|Y4VI_SINFN	35.039	254	147	6	7	253	10	252	7.81e-27	111
2771	sp|Q53217|Y4VI_SINFN	30.038	263	145	8	7	253	278	517	3.37e-16	80.9
2771	sp|Q14RS1|ABA4_BOTFU	33.333	261	147	7	4	248	6	255	8.06e-27	107
2771	sp|Q9FZ42|ADRC1_ARATH	30.502	259	168	4	2	252	33	287	8.67e-27	108
2771	sp|P22441|DHMA_FLAS1	35.714	252	152	3	4	250	13	259	9.71e-27	107
2771	sp|Q9ZW04|TRNH4_ARATH	31.837	245	161	4	9	252	21	260	1.05e-26	107
2771	sp|P87219|SOU1_CANAL	33.865	251	160	6	4	251	33	280	1.08e-26	107
2771	sp|Q9WVK3|PECR_RAT	32.031	256	158	7	3	248	15	264	1.20e-26	108
2771	sp|Q9BY49|PECR_HUMAN	30.350	257	167	5	3	251	15	267	1.34e-26	107
2771	sp|Q29529|CBR2_PIG	32.645	242	150	7	9	248	10	240	1.67e-26	106
2771	sp|O34717|FADH_BACSU	31.765	255	163	6	4	252	1	250	2.35e-26	106
2771	sp|A3LZU7|RM1DH_PICST	31.890	254	168	3	3	252	4	256	2.35e-26	106
2771	sp|P0A9P9|IDNO_ECOLI	31.200	250	166	4	4	251	7	252	2.40e-26	106
2771	sp|P0A9Q0|IDNO_ECOL6	31.200	250	166	4	4	251	7	252	2.40e-26	106
2771	sp|A0A5B8YU81|GME73_PESMI	30.739	257	162	5	4	248	12	264	2.72e-26	106
2771	sp|E9Q3D4|DHB14_MOUSE	33.074	257	145	7	7	251	10	251	2.85e-26	106
2771	sp|Q6CEE9|SDR_YARLI	32.411	253	160	8	4	251	31	277	4.03e-26	106
2771	sp|P50160|TS2_MAIZE	33.333	285	149	8	4	253	53	331	4.31e-26	107
2771	sp|P40398|YHXD_BACSU	31.349	252	163	5	4	249	49	296	5.56e-26	106
2771	sp|Q6WVP7|RADH_LENKE	32.143	252	160	7	4	250	5	250	5.72e-26	105
2771	sp|Q56841|HCDS1_XANP2	34.252	254	154	6	3	250	1	247	7.13e-26	104
2771	sp|Q51576|Y3106_PSEAE	36.364	253	148	7	2	250	5	248	8.89e-26	104
2771	sp|P08074|CBR2_MOUSE	32.114	246	146	8	9	248	10	240	9.44e-26	104
2771	sp|A7IQH5|HCDS3_XANP2	33.202	253	163	4	2	250	3	253	9.56e-26	104
2771	sp|A0A8F5XX49|BDH2_SALOF	32.567	261	156	6	4	250	18	272	9.81e-26	105
2771	sp|Q5KTS5|GRDH_DAUCA	30.233	258	169	4	2	252	37	290	1.12e-25	105
2771	sp|Q5TJF5|DHB8_CANLF	33.203	256	156	5	4	249	7	257	1.85e-25	103
2771	sp|Q9RA05|LIMC_RHOER	30.769	273	160	7	7	252	7	277	1.87e-25	104
2771	sp|P31808|YCIK_ECOLI	32.645	242	148	5	2	240	8	237	1.95e-25	103
2771	sp|A7IQF2|HCDS2_XANP2	35.938	192	117	4	63	250	39	228	2.09e-25	103
2771	sp|P16544|ACT3_STRCO	32.941	255	158	5	6	249	6	258	2.42e-25	103
2771	sp|P05406|FIXR_BRADU	32.932	249	150	6	7	248	37	275	2.47e-25	103
2771	sp|A0A8I6GJ95|DHB14_RAT	32.046	259	149	7	5	251	8	251	4.08e-25	103
2771	sp|Q9X6U2|BDHA_CUPNH	31.660	259	159	6	3	248	1	254	4.09e-25	102
2771	sp|A7DY56|TRN1_COCOF	30.204	245	168	3	9	252	21	263	4.96e-25	103
2771	sp|P50200|HDHA_PARSO	30.116	259	166	6	1	251	1	252	5.60e-25	102
2771	sp|Q9ZNN8|BUDC_CORGT	31.111	270	150	6	6	252	2	258	6.08e-25	102
2771	sp|Q1JP75|DCXR_BOVIN	31.707	246	157	5	4	248	5	240	6.63e-25	102
2771	sp|F4J2Z7|SDR4_ARATH	32.171	258	166	4	2	254	42	295	7.15e-25	103
2771	sp|Q92506|DHB8_HUMAN	32.296	257	161	6	2	249	7	259	8.83e-25	102
2771	sp|A0QYC2|DTHD_MYCS2	35.632	261	141	8	4	252	15	260	1.10e-24	102
2771	sp|Q1NEJ0|RHAD_SPHSS	33.071	254	166	4	1	252	1	252	1.28e-24	101
2771	sp|Q68ER2|CBR4_XENTR	32.400	250	148	7	7	252	3	235	1.46e-24	100
2771	sp|Q9L9F8|NOVJ_STRNV	33.065	248	158	4	6	248	16	260	1.52e-24	101
2771	sp|Q75KH3|GRDH_ORYSJ	31.835	267	163	7	2	252	36	299	1.54e-24	102
2771	sp|F4IKM1|TRNHB_ARATH	30.040	253	168	5	4	252	7	254	2.00e-24	102
2771	sp|C0KTJ6|GATDH_CERSP	32.530	249	163	4	4	251	9	253	4.38e-24	100
2771	sp|Q9NUI1|DECR2_HUMAN	30.924	249	168	4	2	248	24	270	4.84e-24	100
2771	sp|Q8P3K4|FUCDH_XANCP	30.830	253	159	6	4	250	57	299	4.95e-24	100
2771	sp|W6QDA7|ANUF_PENRF	30.515	272	169	5	1	252	1	272	8.49e-24	99.8
2771	sp|Q5RBV3|DECR2_PONAB	30.924	249	168	4	2	248	24	270	8.63e-24	100
2771	sp|P57432|FABG_BUCAI	32.669	251	157	8	1	249	1	241	9.14e-24	99.0
2771	sp|Q9Y6Z9|SOU1_SCHPO	33.457	269	141	9	1	250	4	253	9.86e-24	99.4
2771	sp|P57793|PHGR_EUBOX	31.008	258	155	6	7	248	18	268	9.91e-24	99.8
2771	sp|Q49WS9|Y1627_STAS1	30.043	233	150	7	1	229	1	224	9.93e-24	99.0
2771	sp|Q1MLL4|GDH_RHIJ3	31.154	260	155	5	4	251	9	256	1.17e-23	99.0
2771	sp|Q8N4T8|CBR4_HUMAN	31.600	250	151	8	6	251	2	235	1.61e-23	98.2
2771	sp|A0A2I1BSW8|NVFC_ASPN1	32.197	264	156	8	1	250	1	255	1.71e-23	98.6
2771	sp|A3F5F0|SDH_SINHE	32.271	251	165	4	2	248	12	261	1.84e-23	99.0
2771	sp|P19992|HSD_STREX	35.472	265	131	8	1	248	1	242	1.90e-23	98.6
2771	sp|P39333|BDCA_ECOLI	32.400	250	149	8	1	247	1	233	2.71e-23	97.8
2771	sp|P23238|PHAB_SHIZO	35.366	246	146	8	6	248	2	237	3.10e-23	97.4
2771	sp|P22414|FOX2_CANTR	31.837	245	148	7	4	248	320	545	3.12e-23	101
2771	sp|P22414|FOX2_CANTR	34.197	193	113	4	4	187	6	193	3.04e-18	87.4
2771	sp|Q9Z2M4|DECR2_RAT	31.727	249	166	4	2	248	24	270	3.62e-23	98.6
2771	sp|Q9MYP6|DHB14_BOVIN	32.271	251	159	6	5	251	8	251	3.79e-23	98.2
2771	sp|B6HV34|ADRF_PENRW	31.203	266	156	8	1	251	1	254	3.93e-23	97.8
2771	sp|P71534|MABA_MYCS2	30.677	251	153	5	4	251	21	253	3.98e-23	97.8
2771	sp|Q94KL8|SILD_PODPE	32.271	251	165	4	2	248	12	261	4.20e-23	98.2
2771	sp|P0C0Y5|NMTDH_DAVTA	32.540	252	161	6	4	250	18	265	7.48e-23	97.1
2771	sp|O80713|SDR3A_ARATH	31.225	253	164	5	4	251	6	253	8.46e-23	96.7
2771	sp|Q9ZW14|TRNH8_ARATH	30.040	253	168	5	4	252	7	254	1.21e-22	96.7
2771	sp|H1VN83|DPCHG_COLHI	31.225	253	165	5	4	248	11	262	1.25e-22	96.7
2771	sp|Q9ZW18|SAG13_ARATH	30.000	250	171	4	4	252	15	261	1.55e-22	96.3
2771	sp|Q9RPT1|RHLG_PSEAE	31.621	253	165	4	4	251	7	256	1.68e-22	95.9
2771	sp|O52384|NAGB_RALSP	33.955	268	152	11	1	253	1	258	1.91e-22	95.9
2771	sp|Q94K41|SDR3B_ARATH	32.046	259	155	11	4	251	6	254	2.65e-22	95.5
2771	sp|P0C622|CMTB_PSEPU	31.200	250	168	4	4	251	11	258	2.89e-22	95.5
2771	sp|A5W4G5|CMTB_PSEP1	31.200	250	168	4	4	251	11	258	2.89e-22	95.5
2771	sp|P50203|PHAB_ACISR	32.143	252	159	5	6	252	4	248	2.92e-22	95.1
2771	sp|P15047|ENTA_ECOLI	31.250	256	156	5	4	251	3	246	3.17e-22	95.1
2771	sp|Q6MGB5|DHB8_RAT	34.766	256	152	7	4	249	7	257	5.22e-22	94.7
2771	sp|Q920P0|DCXR_RAT	30.894	246	159	5	4	248	5	240	5.88e-22	94.4
2771	sp|Q92GE0|FABG_RICCN	30.435	230	141	7	24	249	24	238	6.89e-22	94.0
2771	sp|E9QUT3|ARP2_ASPFU	31.600	250	155	6	4	241	10	255	7.22e-22	94.7
2771	sp|P0A170|NAHB_PSEU8	30.916	262	160	10	6	253	4	258	7.66e-22	94.4
2771	sp|A0A7T8F1N2|FRZI_CLASX	33.463	257	152	9	4	249	7	255	1.35e-21	93.6
2771	sp|Q91X52|DCXR_MOUSE	30.488	246	160	5	4	248	5	240	1.39e-21	93.2
2771	sp|A4IFA7|CBR4_BOVIN	30.800	250	153	8	6	251	2	235	1.82e-21	92.8
2771	sp|Q9VXJ0|DHB4_DROME	36.979	192	103	5	7	187	13	197	1.99e-21	96.3
2771	sp|Q9WV68|DECR2_MOUSE	30.522	249	169	4	2	248	24	270	2.09e-21	94.0
2771	sp|P19871|3BHD_COMTE	31.765	255	159	7	2	249	3	249	2.39e-21	92.8
2771	sp|P39071|DHBA_BACSU	31.783	258	162	5	4	251	6	259	2.45e-21	92.8
2771	sp|P9WGT3|MABA_MYCTU	31.600	250	152	6	4	251	13	245	2.77e-21	92.4
2771	sp|P9WGT2|MABA_MYCTO	31.600	250	152	6	4	251	13	245	2.77e-21	92.4
2771	sp|P0A5Y5|MABA_MYCBO	31.600	250	152	6	4	251	13	245	2.77e-21	92.4
2771	sp|Q7Z4W1|DCXR_HUMAN	30.769	247	158	7	4	248	5	240	3.84e-21	92.0
2771	sp|Q6P0H7|CBR4_DANRE	33.468	248	149	9	6	251	2	235	3.87e-21	92.0
2771	sp|Q91VT4|CBR4_MOUSE	30.242	248	156	8	6	251	2	234	3.96e-21	92.0
2771	sp|A9CES4|GDH_AGRFC	34.902	255	151	5	4	248	3	252	4.37e-21	92.0
2771	sp|Q91XV4|DCXR_MESAU	30.488	246	160	4	4	248	5	240	4.44e-21	92.0
2771	sp|Q6TMA3|CHNA_RHOS6	33.209	268	152	9	4	250	7	268	4.95e-21	92.4
2771	sp|P0A169|NAHB_PSEPU	30.534	262	161	10	6	253	4	258	5.39e-21	92.0
2771	sp|P50205|PHAB_RHIME	32.932	249	148	8	6	248	2	237	9.20e-21	90.9
2771	sp|Q920N9|DCXR_CAVPO	30.488	246	160	5	4	248	5	240	9.44e-21	90.9
2771	sp|I6Y778|FABG4_MYCTU	35.772	246	148	7	4	247	211	448	1.18e-20	93.6
2771	sp|P70720|FABG_AGGAC	30.453	243	161	5	10	250	6	242	1.23e-20	90.9
2771	sp|Q4UK62|FABG_RICFE	30.435	230	141	7	24	249	24	238	1.54e-20	90.5
2771	sp|A0A075TRB3|PATN_PENEN	30.522	249	160	6	10	251	13	255	2.19e-20	90.5
2771	sp|Q08632|SDR1_PICAB	30.859	256	161	7	4	248	19	269	2.85e-20	90.5
2771	sp|P50204|PHAB_PARDE	33.898	236	147	6	7	241	3	230	3.52e-20	89.4
2771	sp|P37694|HETN_NOSS1	32.979	188	124	2	1	188	1	186	4.55e-20	90.1
2771	sp|P47230|BPHB_RHOGO	32.576	264	156	10	4	252	3	259	5.17e-20	89.7
2771	sp|Q9STY8|HSD2_ARATH	32.323	198	122	6	7	197	47	239	7.16e-20	89.7
2771	sp|P9WES5|FOGB_ASPRC	30.686	277	160	8	1	252	1	270	9.27e-20	89.0
2771	sp|Q7SHI4|SRDC_NEUCR	30.682	264	160	8	9	251	7	268	9.31e-20	89.0
2771	sp|Q9NKW1|MFEA_DICDI	32.824	262	146	7	4	254	5	247	1.05e-19	90.9
2771	sp|Q9SQR4|ADRC3_ARATH	30.268	261	160	8	4	248	14	268	1.20e-19	88.6
2771	sp|Q8NK50|NMTDH_HYPJR	31.496	254	161	9	4	250	17	264	1.25e-19	88.6
2771	sp|Q8JIS3|DER_CHICK	30.579	242	159	4	7	248	10	242	1.43e-19	87.8
2771	sp|Q9STY7|HSD3_ARATH	31.053	190	127	3	4	192	45	231	1.61e-19	89.0
2771	sp|P73016|FABI_SYNY3	31.783	258	160	7	4	251	4	255	1.73e-19	87.8
2771	sp|P45375|PHAB_ALLVD	31.429	245	162	4	7	249	3	243	1.89e-19	87.4
2771	sp|Q9BPX1|DHB14_HUMAN	30.000	240	141	7	24	251	27	251	2.58e-19	87.8
2771	sp|B8H1Z0|XDH_CAUVN	33.143	175	111	5	76	248	76	246	3.04e-19	87.0
2771	sp|Q9A9Z0|XDH_CAUVC	33.143	175	111	5	76	248	76	246	3.04e-19	87.0
2771	sp|Q1NEI6|KDRDH_SPHSS	30.279	251	154	5	5	248	9	245	3.33e-19	87.0
2771	sp|A0A0H3KNE7|LFUCD_BURM1	33.333	252	158	7	4	250	5	251	3.57e-19	87.0
2771	sp|P9WGQ3|Y1714_MYCTU	32.184	261	147	7	6	250	22	268	3.77e-19	87.4
2771	sp|P9WGQ2|Y1714_MYCTO	32.184	261	147	7	6	250	22	268	3.77e-19	87.4
2771	sp|Q53882|DNRE_STRS5	32.283	254	158	5	6	252	5	251	4.98e-19	86.7
2771	sp|P50167|ARDH_PICST	30.418	263	163	10	4	248	14	274	5.33e-19	87.0
2771	sp|P50206|BPHB_PSES1	30.566	265	159	10	4	252	3	258	6.21e-19	86.7
2771	sp|Q1RKB7|FABG_RICBR	34.302	172	109	4	78	249	71	238	6.84e-19	85.9
2771	sp|E3VWK2|PENF_STREX	34.171	199	114	5	4	193	3	193	7.66e-19	86.7
2771	sp|P50171|DHB8_MOUSE	32.941	255	158	5	4	249	7	257	1.20e-18	85.9
2771	sp|P40747|YUXG_BACSU	32.222	270	148	10	4	249	425	683	1.58e-18	87.8
2771	sp|P14802|YOXD_BACSU	36.842	190	112	3	1	187	1	185	1.58e-18	85.1
2771	sp|Q0WRJ2|KDSRA_ARATH	35.714	210	124	6	4	208	37	240	2.08e-18	86.3
2771	sp|O32291|YXNA_BACSU	31.606	193	123	5	6	193	31	219	2.97e-18	85.9
2771	sp|Q23116|DEC12_CAEEL	32.422	256	149	10	7	248	26	271	3.28e-18	85.5
2771	sp|Q22230|DECR_CAEEL	33.203	256	153	10	4	248	23	271	3.55e-18	85.1
2771	sp|P50166|ARDH_CANTR	31.559	263	160	10	4	248	18	278	3.69e-18	84.7
2771	sp|Q04520|BUDC_RAOTE	32.474	194	128	3	6	198	2	193	3.87e-18	84.0
2771	sp|Q99MZ7|PECR_MOUSE	30.078	256	163	6	3	248	15	264	3.91e-18	85.1
2771	sp|P27582|FABG6_BRANA	30.516	213	128	4	40	251	8	201	3.92e-18	83.2
2771	sp|P51659|DHB4_HUMAN	31.950	241	134	8	7	236	10	231	5.67e-18	86.3
2771	sp|Q9LUF2|HSD4B_ARATH	32.787	183	119	4	7	188	48	227	7.68e-18	84.3
2771	sp|P0DKC7|HSD4A_ARATH	32.787	183	119	4	7	188	48	227	7.68e-18	84.3
2771	sp|Q8VCC1|PGDH_MOUSE	32.836	201	104	7	7	193	6	189	8.51e-18	83.6
2771	sp|P43066|ARDH_CANAW	30.916	262	163	8	4	248	17	277	1.03e-17	83.6
2771	sp|A0A223HDI5|NMTDH_AURME	30.588	255	166	8	1	248	12	262	2.15e-17	82.4
2771	sp|Q9XT00|DHB8_PIG	31.496	254	163	4	4	249	7	257	3.00e-17	82.0
2771	sp|P97852|DHB4_RAT	32.365	241	133	9	7	236	10	231	3.32e-17	84.0
2771	sp|F4JZN6|KDSRB_ARATH	35.784	204	118	7	11	208	42	238	4.93e-17	82.4
2771	sp|A0A097ZPC9|ANDC_EMEVA	30.769	260	160	7	1	250	1	250	7.88e-17	80.5
2771	sp|Q01373|FOX2_NEUCR	32.900	231	128	9	7	233	315	522	9.18e-17	82.8
2771	sp|Q01373|FOX2_NEUCR	31.609	174	101	6	25	187	28	194	1.13e-12	70.9
2771	sp|P51660|DHB4_MOUSE	31.950	241	134	9	7	236	10	231	9.38e-17	82.8
2771	sp|O13908|YF3H_SCHPO	30.315	254	157	8	4	250	19	259	1.67e-16	79.7
2771	sp|A7LB60|HSDA_ARAHY	30.729	192	125	5	4	192	45	231	1.90e-16	80.9
2771	sp|A0A6S6QNE4|PLE7_RHOPP	31.034	261	152	7	7	251	4	252	1.99e-16	79.7
2771	sp|A0A140FAN3|HSD_PINMS	32.558	172	111	5	7	176	48	216	2.15e-16	80.9
2771	sp|A0A162J3X8|CITE_MONRU	30.315	254	152	9	7	250	33	271	3.79e-16	79.3
2771	sp|A0A144Y7G4|CITE_MONPU	30.315	254	152	9	7	250	33	271	3.79e-16	79.3
2771	sp|E3VWI6|PNTF_STRAE	32.500	200	116	5	6	193	5	197	5.71e-16	78.6
2771	sp|A6SSW9|BOA17_BOTFB	30.645	186	125	3	7	192	3	184	5.99e-16	78.6
2771	sp|Q0CS96|TAZN_ASPTN	30.041	243	154	8	4	240	38	270	6.05e-16	80.1
2771	sp|Q82IY9|PTLF_STRAW	30.256	195	133	3	4	196	3	196	9.38e-16	77.8
2771	sp|P15428|PGDH_HUMAN	32.000	200	105	7	7	192	6	188	1.32e-15	77.4
2771	sp|Q8MJY8|PGDH_MACFA	32.000	200	105	7	7	192	6	188	1.61e-15	77.4
2771	sp|Q6F7B8|ACR1_ACIAD	31.746	189	125	3	7	193	16	202	2.01e-15	77.4
2771	sp|O06413|OX547_MYCTU	34.759	187	113	4	4	185	38	220	2.70e-15	77.0
2771	sp|O31767|YMFI_BACSU	30.350	257	146	8	6	248	2	239	2.74e-15	76.3
2771	sp|P25970|Y5909_MYXXD	32.461	191	121	3	1	188	1	186	3.32e-15	76.3
2771	sp|P9WEW9|DPFGG_GIBZE	33.508	191	118	5	4	188	11	198	3.73e-15	76.3
2771	sp|Q84ST4|NOL_ORYSJ	30.290	241	153	6	10	243	77	309	4.03e-15	77.0
2771	sp|G0RH19|LXR3_HYPJQ	31.227	269	158	8	4	251	25	287	9.54e-15	75.5
2771	sp|Q9SY73|PTALR_ARATH	30.890	191	129	3	2	192	13	200	1.41e-14	74.3
2771	sp|P55434|Y4EK_SINFN	31.383	188	114	4	7	192	8	182	2.49e-14	73.6
2771	sp|O08699|PGDH_RAT	30.808	198	112	5	7	193	6	189	2.74e-14	73.9
2771	sp|P9WGS3|EPHD_MYCTU	31.694	183	122	3	11	192	329	509	2.82e-14	75.5
2771	sp|P9WGS2|EPHD_MYCTO	31.694	183	122	3	11	192	329	509	2.82e-14	75.5
2771	sp|P66778|EPHD_MYCBO	31.694	183	122	3	11	192	329	509	2.82e-14	75.5
2776	sp|O07614|YHFO_BACSU	42.857	140	80	0	15	154	3	142	3.16e-33	117
2946	sp|Q57594|T1S1_METJA	32.530	415	256	12	2	399	16	423	1.39e-57	197
2946	sp|P10485|T1S1_ECOLX	31.138	167	105	6	6	166	203	365	1.90e-14	77.8
2947	sp|P55546|Y4LF_SINFN	42.553	141	80	1	1	141	1	140	1.19e-36	144
3206	sp|A0A0H3LM39|ZIP_BORBR	60.390	308	117	3	10	312	2	309	3.39e-94	284
3206	sp|Q06916|GUFA_MYXXA	43.802	242	136	0	71	312	13	254	2.36e-47	162
3206	sp|Q3B4G1|ZUPT_CHLL3	34.016	244	148	6	72	304	17	258	6.91e-25	103
3206	sp|Q8N1S5|S39AB_HUMAN	40.625	160	83	3	162	312	186	342	1.66e-23	101
3206	sp|Q6P6S2|S39AB_RAT	40.000	160	84	3	162	312	179	335	2.06e-23	101
3206	sp|Q2YDD4|S39AB_BOVIN	40.000	160	84	3	162	312	185	341	2.66e-23	101
3206	sp|Q8NQK0|ZUPT_CORGL	35.968	253	144	7	67	306	10	257	1.85e-22	97.4
3206	sp|Q8BWY7|S39AB_MOUSE	41.176	153	78	3	169	312	193	342	2.73e-22	98.6
3206	sp|B3ECE6|ZUPT_CHLL2	34.000	250	146	10	71	306	16	260	5.43e-22	96.3
3206	sp|Q28J44|S39AB_XENTR	39.623	159	84	3	163	312	181	336	1.10e-21	96.7
3206	sp|A4SE48|ZUPT_CHLPM	35.484	248	139	9	72	304	17	258	1.60e-21	95.1
3206	sp|C3PFG5|ZUPT_CORA7	31.579	247	160	5	67	306	15	259	3.63e-20	91.3
3206	sp|B4SPV6|ZUPT_STRM5	32.540	252	156	6	59	300	9	256	2.53e-19	89.0
3206	sp|B2FM90|ZUPT_STRMK	32.540	252	156	6	59	300	9	256	1.14e-18	87.0
3206	sp|Q8FTK0|ZUPT_COREF	33.186	226	132	6	95	306	42	262	1.32e-18	87.0
3206	sp|Q8P8Z6|ZUPT_XANCP	34.884	172	99	5	139	300	88	256	1.00e-16	82.0
3206	sp|Q8PKQ5|ZUPT_XANAC	32.258	248	146	9	67	300	17	256	3.52e-16	80.5
3206	sp|B2UL32|ZUPT_AKKM8	31.481	270	146	10	63	307	13	268	3.97e-16	80.1
3206	sp|Q3AU90|ZUPT_CHLCH	30.709	254	157	9	67	306	14	262	4.89e-16	79.7
3206	sp|B3QP89|ZUPT_CHLP8	30.588	255	156	10	67	306	14	262	5.29e-16	79.7
3206	sp|Q9K1H6|ZUPT_NEIMB	32.143	224	134	8	95	306	45	262	1.47e-15	78.6
3206	sp|Q8DRY7|ZUPT_STRMU	31.746	252	161	6	63	306	10	258	1.57e-15	78.2
3206	sp|A1KRK6|ZUPT_NEIMF	33.040	227	133	9	95	307	45	266	2.17e-15	78.2
3206	sp|Q9JX23|ZUPT_NEIMA	33.040	227	133	9	95	307	45	266	2.17e-15	78.2
3206	sp|Q9PIN2|ZUPT_CAMJE	30.712	267	146	11	72	304	21	282	4.13e-13	72.0
3206	sp|B7LQB7|ZUPT_ESCF3	33.200	250	147	8	72	310	14	254	8.92e-13	70.5
3206	sp|P67470|ZUPT_SALTY	35.519	183	104	5	72	249	14	187	1.91e-12	69.3
3206	sp|P67471|ZUPT_SALTI	35.519	183	104	5	72	249	14	187	1.91e-12	69.3
3206	sp|B4TVS2|ZUPT_SALSV	35.519	183	104	5	72	249	14	187	1.91e-12	69.3
3206	sp|C0PYW1|ZUPT_SALPC	35.519	183	104	5	72	249	14	187	1.91e-12	69.3
3206	sp|A9N5W7|ZUPT_SALPB	35.519	183	104	5	72	249	14	187	1.91e-12	69.3
3206	sp|B4T660|ZUPT_SALNS	35.519	183	104	5	72	249	14	187	1.91e-12	69.3
3206	sp|B5REE9|ZUPT_SALG2	35.519	183	104	5	72	249	14	187	1.91e-12	69.3
3206	sp|B5QZ27|ZUPT_SALEP	35.519	183	104	5	72	249	14	187	1.91e-12	69.3
3206	sp|B5FV58|ZUPT_SALDC	35.519	183	104	5	72	249	14	187	1.91e-12	69.3
3206	sp|Q57JS2|ZUPT_SALCH	35.519	183	104	5	72	249	14	187	1.91e-12	69.3
3206	sp|B5F683|ZUPT_SALA4	35.519	183	104	5	72	249	14	187	1.91e-12	69.3
3206	sp|B4TI40|ZUPT_SALHS	35.519	183	104	5	72	249	14	187	1.97e-12	69.3
3206	sp|A4WEI1|ZUPT_ENT38	35.165	182	106	5	72	249	14	187	2.44e-12	69.3
3206	sp|B5BG02|ZUPT_SALPK	37.500	160	86	5	95	249	37	187	2.90e-12	68.9
3206	sp|Q5PMU9|ZUPT_SALPA	37.500	160	86	5	95	249	37	187	2.90e-12	68.9
3206	sp|B7NJQ3|ZUPT_ECO7I	31.481	216	134	6	95	304	37	244	5.53e-12	68.2
3206	sp|Q940Q3|ZTP29_ARATH	31.852	270	135	11	62	304	12	259	6.00e-12	68.2
3206	sp|A9MPX1|ZUPT_SALAR	34.783	184	104	6	72	249	14	187	8.04e-12	67.8
3206	sp|Q9C9Z1|ZTP50_ARATH	33.333	222	135	5	67	287	107	316	9.53e-12	68.9
3206	sp|B7N0I9|ZUPT_ECO81	37.107	159	88	5	95	249	37	187	4.69e-11	65.5
3206	sp|Q32BU5|ZUPT_SHIDS	34.615	182	107	5	72	249	14	187	5.01e-11	65.5
3206	sp|Q3YXK1|ZUPT_SHISS	37.107	159	88	5	95	249	37	187	6.01e-11	65.1
3206	sp|B1LF36|ZUPT_ECOSM	37.107	159	88	5	95	249	37	187	6.01e-11	65.1
3206	sp|B6I411|ZUPT_ECOSE	37.107	159	88	5	95	249	37	187	6.01e-11	65.1
3206	sp|B7ND33|ZUPT_ECOLU	37.107	159	88	5	95	249	37	187	6.01e-11	65.1
3206	sp|P0A8H3|ZUPT_ECOLI	37.107	159	88	5	95	249	37	187	6.01e-11	65.1
3206	sp|B1ISB7|ZUPT_ECOLC	37.107	159	88	5	95	249	37	187	6.01e-11	65.1
3206	sp|P0A8H4|ZUPT_ECOL6	37.107	159	88	5	95	249	37	187	6.01e-11	65.1
3206	sp|Q0TD62|ZUPT_ECOL5	37.107	159	88	5	95	249	37	187	6.01e-11	65.1
3206	sp|A1AFW5|ZUPT_ECOK1	37.107	159	88	5	95	249	37	187	6.01e-11	65.1
3206	sp|A8A4J6|ZUPT_ECOHS	37.107	159	88	5	95	249	37	187	6.01e-11	65.1
3206	sp|B1XG45|ZUPT_ECODH	37.107	159	88	5	95	249	37	187	6.01e-11	65.1
3206	sp|C4ZQV8|ZUPT_ECOBW	37.107	159	88	5	95	249	37	187	6.01e-11	65.1
3206	sp|B7LZI9|ZUPT_ECO8A	37.107	159	88	5	95	249	37	187	6.01e-11	65.1
3206	sp|B5YR85|ZUPT_ECO5E	37.107	159	88	5	95	249	37	187	6.01e-11	65.1
3206	sp|P0A8H5|ZUPT_ECO57	37.107	159	88	5	95	249	37	187	6.01e-11	65.1
3206	sp|B7LGI2|ZUPT_ECO55	37.107	159	88	5	95	249	37	187	6.01e-11	65.1
3206	sp|B7MAB7|ZUPT_ECO45	37.107	159	88	5	95	249	37	187	6.01e-11	65.1
3206	sp|A7ZRS2|ZUPT_ECO24	37.107	159	88	5	95	249	37	187	6.01e-11	65.1
3206	sp|B7UIV3|ZUPT_ECO27	37.107	159	88	5	95	249	37	187	6.74e-11	65.1
3281	sp|P0ADS1|PPNN_SHIFL	54.688	448	198	3	8	450	5	452	8.67e-170	487
3281	sp|P0ADR8|PPNN_ECOLI	54.688	448	198	3	8	450	5	452	8.67e-170	487
3281	sp|P0ADR9|PPNN_ECOL6	54.688	448	198	3	8	450	5	452	8.67e-170	487
3281	sp|P0ADS0|PPNN_ECO57	54.688	448	198	3	8	450	5	452	8.67e-170	487
3283	sp|P09487|PPBT_BOVIN	44.586	471	225	5	95	562	51	488	5.68e-132	398
3283	sp|Q92058|PPBT_CHICK	43.856	472	227	6	95	562	50	487	3.69e-130	393
3283	sp|Q29486|PPBT_FELCA	42.262	504	248	6	72	572	35	498	5.12e-129	390
3283	sp|P08289|PPBT_RAT	41.700	506	256	6	70	572	29	498	6.77e-128	388
3283	sp|P09242|PPBT_MOUSE	41.700	506	256	6	70	572	29	498	2.50e-127	386
3283	sp|P05186|PPBT_HUMAN	43.312	471	231	5	95	562	51	488	2.97e-127	386
3283	sp|P15693|PPBI1_RAT	42.270	511	253	9	57	564	17	488	4.51e-127	386
3283	sp|P24823|PPBN_MOUSE	43.220	472	232	6	94	564	50	486	3.97e-126	383
3283	sp|P10696|PPBN_HUMAN	43.129	473	231	7	94	564	51	487	2.23e-124	379
3283	sp|P09923|PPBI_HUMAN	42.797	472	232	7	95	564	52	487	3.73e-124	378
3283	sp|P05187|PPB1_HUMAN	43.340	473	230	7	94	564	54	490	3.81e-124	379
3283	sp|P83456|PPB_GADMO	41.915	470	238	6	95	562	35	471	2.77e-121	369
3283	sp|P24822|PPBI_MOUSE	42.495	473	233	7	94	564	51	486	7.83e-118	363
3283	sp|P19111|PPBI_BOVIN	41.791	469	237	6	94	561	51	484	1.75e-116	358
3283	sp|P51740|PPBI2_RAT	39.922	511	262	10	58	564	17	486	5.68e-112	348
3283	sp|P29523|PPB_BOMMO	39.189	518	273	10	54	564	33	515	2.97e-108	338
3283	sp|Q24238|APH4_DROME	41.879	511	254	15	70	564	57	540	3.57e-103	326
3283	sp|P21948|PPB_ESCF3	33.509	379	174	16	95	439	65	399	9.12e-34	137
3283	sp|P00634|PPB_ECOLI	32.461	382	174	16	95	439	64	398	8.77e-33	134
3283	sp|P19147|PPB_SERMA	32.374	417	194	15	95	477	68	430	1.04e-32	134
3283	sp|P11491|PPB_YEAST	31.746	378	184	15	78	433	49	374	5.17e-31	130
3283	sp|P19405|PPB3_BACSU	33.425	362	168	16	76	433	31	323	4.66e-30	126
3283	sp|P09401|STRK_STRGR	30.790	367	200	13	95	439	41	375	1.70e-21	100
3284	sp|Q92058|PPBT_CHICK	41.811	519	261	8	10	521	5	489	1.13e-132	398
3284	sp|P09487|PPBT_BOVIN	41.300	523	268	7	5	521	1	490	2.68e-132	397
3284	sp|P08289|PPBT_RAT	42.331	489	244	6	32	515	29	484	6.47e-129	389
3284	sp|P09242|PPBT_MOUSE	41.006	517	266	7	5	515	1	484	6.98e-129	389
3284	sp|P05186|PPBT_HUMAN	40.153	523	274	7	5	521	1	490	2.45e-128	387
3284	sp|Q29486|PPBT_FELCA	40.344	523	273	7	5	521	1	490	4.11e-128	386
3284	sp|P24823|PPBN_MOUSE	40.864	509	259	9	18	521	15	486	2.51e-126	382
3284	sp|P09923|PPBI_HUMAN	41.107	506	256	9	21	521	19	487	1.07e-125	380
3284	sp|P15693|PPBI1_RAT	40.278	504	263	8	21	521	20	488	1.59e-123	375
3284	sp|P10696|PPBN_HUMAN	40.079	504	264	8	21	521	19	487	2.47e-121	369
3284	sp|P05187|PPB1_HUMAN	40.159	503	263	8	22	521	23	490	9.34e-121	368
3284	sp|P24822|PPBI_MOUSE	39.563	503	265	8	22	521	20	486	1.27e-118	363
3284	sp|P83456|PPB_GADMO	39.600	500	266	7	24	521	8	473	1.05e-117	358
3284	sp|P19111|PPBI_BOVIN	40.741	486	251	7	32	515	31	481	2.21e-117	359
3284	sp|P51740|PPBI2_RAT	38.370	503	271	8	22	521	20	486	4.40e-110	341
3284	sp|P29523|PPB_BOMMO	38.596	513	260	11	25	521	42	515	5.40e-109	338
3284	sp|Q24238|APH4_DROME	40.800	500	246	16	43	521	70	540	5.48e-99	314
3284	sp|P19405|PPB3_BACSU	31.633	392	188	17	4	390	7	323	2.26e-31	129
3284	sp|P11491|PPB_YEAST	31.285	358	190	12	46	390	60	374	4.48e-30	127
3284	sp|P19147|PPB_SERMA	31.368	424	193	17	50	434	66	430	1.15e-28	122
3369	sp|P08956|T1RK_ECOLI	40.701	1199	642	23	8	1171	5	1169	0.0	837
3375	sp|Q9V1E9|KTHY_PYRAB	39.073	151	76	5	3	138	4	153	3.16e-15	73.9
3375	sp|B6YSZ4|KTHY_THEON	34.177	158	75	4	4	138	2	153	4.44e-12	65.5
3375	sp|C5A1K2|KTHY_THEGJ	32.903	155	87	5	1	138	1	155	1.18e-11	64.3
3375	sp|C6A0S1|KTHY_THESM	36.076	158	78	7	1	138	1	155	1.19e-11	64.3
3376	sp|Q9K0V1|Y459_NEIMB	39.481	347	208	1	10	356	15	359	2.80e-77	245
3376	sp|Q8E9K5|SOFIC_SHEON	39.266	354	205	5	10	358	14	362	2.20e-75	240
3377	sp|P08957|T1MK_ECOLI	57.576	528	198	9	1	521	1	509	0.0	606
3377	sp|P40813|T1M_SALTY	56.250	528	205	8	1	521	1	509	0.0	597
3377	sp|P07989|T1M_SALPO	56.439	528	204	8	1	521	1	509	0.0	597
3377	sp|Q89Z59|T1M_BACTN	39.265	517	255	10	2	516	7	466	4.19e-108	333
3377	sp|Q47282|T1ME_ECOLX	32.782	363	212	13	98	453	105	442	2.36e-45	169
3378	sp|P06990|T1SB_ECOLX	35.794	447	271	5	4	436	19	463	4.39e-71	238
3378	sp|P06187|T1S_SALTY	43.478	322	162	5	131	436	141	458	6.63e-69	232
3378	sp|P05719|T1SK_ECOLI	48.013	302	140	8	145	436	159	453	5.38e-65	221
3378	sp|P07990|T1S_SALPO	46.333	300	143	9	145	434	159	450	4.18e-57	200
3378	sp|Q58926|T1SX_METJA	38.542	192	116	1	5	194	233	424	7.14e-33	133
3378	sp|P06991|T1SD_ECOLX	54.331	127	58	0	310	436	307	433	1.92e-30	127
3378	sp|P06991|T1SD_ECOLX	45.455	99	54	0	105	203	90	188	2.33e-17	88.2
3380	sp|A9VQW6|PTUB_BACMK	32.402	179	96	8	48	224	50	205	6.97e-12	67.8
3399	sp|Q45584|YBBK_BACSU	42.384	151	81	1	4	154	2	146	6.63e-38	130
3554	sp|P0CF85|INSF_ECO11	46.330	218	117	0	1	218	68	285	1.71e-60	194
3554	sp|P0CF84|INSF6_ECOLI	46.330	218	117	0	1	218	68	285	1.71e-60	194
3554	sp|P0CF83|INSF5_ECOLI	46.330	218	117	0	1	218	68	285	1.71e-60	194
3554	sp|P0CF82|INSF4_ECOLI	46.330	218	117	0	1	218	68	285	1.71e-60	194
3554	sp|P0CF81|INSF3_ECOLI	46.330	218	117	0	1	218	68	285	1.71e-60	194
3554	sp|P0CF80|INSF2_ECOLI	46.330	218	117	0	1	218	68	285	1.71e-60	194
3554	sp|P0CF79|INSF1_ECOLI	46.330	218	117	0	1	218	68	285	1.71e-60	194
3554	sp|Q9JMT3|INSF7_ECOLI	45.872	218	118	0	1	218	68	285	2.51e-59	191
3554	sp|P16940|YIS2_SHISO	41.964	224	129	1	1	223	49	272	6.57e-53	174
3554	sp|P35878|T904_LACLA	43.119	218	122	2	1	217	34	250	1.18e-51	170
3554	sp|O05086|Y1721_HAEIN	40.394	203	116	4	18	219	16	214	2.81e-42	145
3554	sp|P19769|INSK_ECOLI	36.036	222	140	2	1	222	62	281	6.86e-41	144
3554	sp|Q79CE8|T1353_SHIFL	31.390	223	150	2	1	221	290	511	8.96e-28	113
3554	sp|O05023|Y493_HAEIN	41.558	77	45	0	120	196	33	109	1.80e-11	62.4
3557	sp|P39213|INSN_SHIDY	60.000	95	38	0	9	103	18	112	1.99e-36	122
3557	sp|P75679|INSN1_ECOLI	57.143	84	36	0	9	92	18	101	6.69e-29	103
3557	sp|P39212|INSN2_ECOLI	55.556	81	36	0	9	89	6	86	1.83e-27	99.0
3558	sp|Q47718|INSO2_ECOLI	64.539	141	50	0	2	142	35	175	4.62e-63	198
3558	sp|P0CF85|INSF_ECO11	36.866	217	122	3	15	231	82	283	4.80e-39	139
3558	sp|P0CF84|INSF6_ECOLI	36.866	217	122	3	15	231	82	283	4.80e-39	139
3558	sp|P0CF83|INSF5_ECOLI	36.866	217	122	3	15	231	82	283	4.80e-39	139
3558	sp|P0CF82|INSF4_ECOLI	36.866	217	122	3	15	231	82	283	4.80e-39	139
3558	sp|P0CF81|INSF3_ECOLI	36.866	217	122	3	15	231	82	283	4.80e-39	139
3558	sp|P0CF80|INSF2_ECOLI	36.866	217	122	3	15	231	82	283	4.80e-39	139
3558	sp|P0CF79|INSF1_ECOLI	36.866	217	122	3	15	231	82	283	4.80e-39	139
3558	sp|Q9JMT3|INSF7_ECOLI	36.866	217	122	3	15	231	82	283	2.33e-38	137
3558	sp|P16940|YIS2_SHISO	34.685	222	144	1	14	234	46	267	2.37e-38	137
3558	sp|P35878|T904_LACLA	33.621	232	151	2	2	231	19	249	7.01e-37	132
3558	sp|P75680|INSO1_ECOLI	58.427	89	37	0	2	90	36	124	1.61e-30	113
3558	sp|P19769|INSK_ECOLI	31.140	228	156	1	2	229	47	273	2.60e-30	116
3558	sp|O05086|Y1721_HAEIN	31.694	183	122	3	46	228	29	208	2.80e-24	99.4
3558	sp|Q9JMS8|YUAL_ECOLI	49.254	67	34	0	139	205	1	67	3.78e-16	73.6
3558	sp|Q06715|ADPR_LACLL	36.082	97	62	0	138	234	89	185	5.60e-11	64.7
3572	sp|P59445|INSE_SHIFL	39.806	103	53	2	3	105	2	95	2.31e-12	61.2
3572	sp|P0ADH4|INSEP_ECO11	39.806	103	53	2	3	105	2	95	2.31e-12	61.2
3572	sp|P0CF73|INSEC_ECO11	39.806	103	53	2	3	105	2	95	2.31e-12	61.2
3572	sp|P0CF72|INSE7_ECOLI	39.806	103	53	2	3	105	2	95	2.31e-12	61.2
3572	sp|P0CF71|INSE6_ECOLI	39.806	103	53	2	3	105	2	95	2.31e-12	61.2
3572	sp|P0CF70|INSE5_ECOLI	39.806	103	53	2	3	105	2	95	2.31e-12	61.2
3572	sp|P0CF69|INSE4_ECOLI	39.806	103	53	2	3	105	2	95	2.31e-12	61.2
3572	sp|P0CF68|INSE3_ECOLI	39.806	103	53	2	3	105	2	95	2.31e-12	61.2
3572	sp|P0CF67|INSE2_ECOLI	39.806	103	53	2	3	105	2	95	2.31e-12	61.2
3572	sp|P0CF66|INSE1_ECOLI	39.806	103	53	2	3	105	2	95	2.31e-12	61.2
