2	lcl|HF680312.1_prot_CCU73646.1_3197	98.618	217	3	0	1	217	1	217	4.10e-153	420
3	lcl|HF680312.1_prot_CCU73647.1_3198	100.000	333	0	0	1	333	1	333	0.0	690
4	lcl|HF680312.1_prot_CCU73648.1_3199	100.000	267	0	0	1	267	1	267	0.0	543
5	lcl|HF680312.1_prot_CCU73649.1_3200	99.656	291	1	0	1	291	1	291	0.0	592
6	lcl|HF680312.1_prot_CCU73650.1_3201	100.000	496	0	0	1	496	1	496	0.0	1031
7	lcl|HF680312.1_prot_CCU73651.1_3202	99.513	616	3	0	8	623	1	616	0.0	1238
8	lcl|HF680312.1_prot_CCU73652.1_3203	99.748	397	1	0	1	397	1	397	0.0	825
9	lcl|HF680312.1_prot_CCU73653.1_3204	98.611	144	2	0	1	144	1	144	2.37e-106	296
10	lcl|HF680312.1_prot_CCU73654.1_3205	99.512	205	1	0	1	205	1	205	4.75e-157	429
11	lcl|HF680312.1_prot_CCU73655.1_3206	100.000	551	0	0	1	551	1	551	0.0	1137
14	lcl|HF680312.1_prot_CCU73656.1_3207	95.990	399	16	0	1	399	1	399	0.0	801
16	lcl|HF680312.1_prot_CCU73658.1_3209	100.000	354	0	0	1	354	1	354	0.0	734
17	lcl|HF680312.1_prot_CCU73659.1_3210	100.000	387	0	0	2	388	1	387	0.0	772
18	lcl|HF680312.1_prot_CCU73660.1_3211	100.000	335	0	0	1	335	1	335	0.0	687
19	lcl|HF680312.1_prot_CCU73661.1_3212	95.475	221	10	0	1	221	1	221	8.60e-164	447
20	lcl|HF680312.1_prot_CCU73662.1_3213	100.000	374	0	0	2	375	1	374	0.0	780
21	lcl|HF680312.1_prot_CCU73663.1_3214	100.000	307	0	0	1	307	1	307	0.0	644
22	lcl|HF680312.1_prot_CCU73664.1_3215	100.000	506	0	0	1	506	1	506	0.0	1050
23	lcl|HF680312.1_prot_CCU73665.1_3216	100.000	277	0	0	1	277	1	277	0.0	571
24	lcl|HF680312.1_prot_CCU73666.1_3217	99.666	299	1	0	1	299	1	299	0.0	629
25	lcl|HF680312.1_prot_CCU73667.1_3218	99.233	391	3	0	1	391	1	391	0.0	793
26	lcl|HF680312.1_prot_CCU73668.1_3219	98.420	443	7	0	1	443	1	443	0.0	907
27	lcl|HF680312.1_prot_CCU73669.1_3220	98.225	169	3	0	1	169	1	169	9.60e-127	350
28	lcl|HF680312.1_prot_CCU73670.1_3221	99.123	114	1	0	1	114	1	114	7.07e-85	239
29	lcl|HF680312.1_prot_CCU73671.1_3222	97.714	175	4	0	1	175	1	175	1.06e-126	350
30	lcl|HF680312.1_prot_CCU73672.1_3223	99.096	332	3	0	1	332	1	332	0.0	689
31	lcl|HF680312.1_prot_CCU73673.1_3224	97.799	318	7	0	1	318	1	318	0.0	639
32	lcl|HF680312.1_prot_CCU73674.1_3225	99.242	792	6	0	1	792	1	792	0.0	1632
33	lcl|HF680312.1_prot_CCU73675.1_3226	98.969	485	5	0	1	485	1	485	0.0	993
34	lcl|HF680312.1_prot_CCU73676.1_3227	99.014	507	5	0	1	507	1	507	0.0	1025
35	lcl|HF680312.1_prot_CCU73677.1_3228	99.721	359	1	0	1	359	1	359	0.0	708
36	lcl|HF680312.1_prot_CCU73678.1_3229	99.675	308	1	0	1	308	1	308	0.0	603
37	lcl|HF680312.1_prot_CCU73679.1_3230	98.919	370	4	0	1	370	1	370	0.0	756
38	lcl|HF680312.1_prot_CCU73680.1_3231	100.000	483	0	0	1	483	1	483	0.0	1012
39	lcl|HF680312.1_prot_CCU73681.1_3232	99.875	801	1	0	1	801	1	801	0.0	1624
40	lcl|HF680312.1_prot_CCU73682.1_3233	100.000	253	0	0	1	253	1	253	0.0	515
41	lcl|HF680312.1_prot_CCU73683.1_3234	100.000	459	0	0	1	459	1	459	0.0	930
42	lcl|HF680312.1_prot_CCU73684.1_3235	100.000	170	0	0	1	170	1	170	7.00e-126	347
43	lcl|HF680312.1_prot_CCU73685.1_3236	100.000	135	0	0	1	135	1	135	1.28e-94	266
44	lcl|HF680312.1_prot_CCU73686.1_3237	100.000	213	0	0	1	213	1	213	3.85e-158	432
45	lcl|HF680312.1_prot_CCU73687.1_3238	100.000	421	0	0	2	422	1	421	0.0	863
46	lcl|HF680312.1_prot_CCU73688.1_3239	100.000	368	0	0	1	368	1	368	0.0	758
47	lcl|HF680312.1_prot_CCU73690.1_3241	99.537	216	1	0	1	216	1	216	1.02e-164	449
48	lcl|HF680312.1_prot_CCU73691.1_3242	98.802	334	4	0	1	334	1	334	0.0	675
49	lcl|HF680312.1_prot_CCU73692.1_3243	96.652	448	15	0	17	464	1	448	0.0	902
51	lcl|HF680312.1_prot_CCU73695.1_3246	96.418	335	12	0	1	335	1	335	0.0	673
53	lcl|HF680312.1_prot_CCU73696.1_3247	99.261	406	3	0	1	406	5	410	0.0	836
54	lcl|HF680312.1_prot_CCU73697.1_3248	99.449	1271	7	0	1	1271	1	1271	0.0	2593
55	lcl|HF680312.1_prot_CCU73698.1_3249	98.413	126	2	0	1	126	1	126	1.50e-92	259
56	lcl|HF680312.1_prot_CCU73699.1_3250	100.000	356	0	0	1	356	1	356	0.0	731
57	lcl|HF680312.1_prot_CCU73700.1_3251	99.233	391	3	0	1	391	1	391	0.0	798
58	lcl|HF680312.1_prot_CCU73701.1_3252	100.000	221	0	0	1	221	1	221	2.34e-169	462
58	lcl|HF680312.1_prot_CCU73724.1_3275	97.368	38	1	0	68	105	1	38	3.18e-21	80.1
59	lcl|HF680312.1_prot_CCU73702.1_3253	99.351	154	1	0	1	154	1	154	6.60e-109	303
59	lcl|HF680312.1_prot_CCU73725.1_3276	97.297	74	2	0	1	74	1	74	1.84e-45	140
60	lcl|HF680312.1_prot_CCU73703.1_3254	98.438	64	1	0	1	64	1	64	2.87e-42	128
60	lcl|HF680312.1_prot_CCU73726.1_3277	92.188	64	5	0	1	64	1	64	7.46e-40	122
61	lcl|HF680312.1_prot_CCU73704.1_3255	100.000	106	0	0	1	106	1	106	4.69e-76	216
62	lcl|HF680312.1_prot_CCU73705.1_3256	100.000	148	0	0	1	148	1	148	4.73e-109	303
63	lcl|HF680312.1_prot_CCU73706.1_3257	99.010	101	1	0	45	145	1	101	2.34e-73	211
64	lcl|HF680312.1_prot_CCU73728.1_3279	100.000	677	0	0	1	677	1	677	0.0	1396
65	lcl|HF680312.1_prot_CCU73729.1_3280	99.451	182	1	0	1	182	1	182	1.70e-133	368
66	lcl|HF680312.1_prot_CCU73730.1_3281	98.551	207	3	0	1	207	1	207	1.79e-156	428
67	lcl|HF680312.1_prot_CCU73731.1_3282	100.000	465	0	0	1	465	1	465	0.0	954
68	lcl|HF680312.1_prot_CCU73732.1_3283	100.000	148	0	0	1	148	1	148	1.20e-104	292
69	lcl|HF680312.1_prot_CCU73733.1_3284	99.281	278	2	0	1	278	9	286	0.0	546
70	lcl|HF680312.1_prot_CCU73734.1_3285	100.000	76	0	0	1	76	1	76	1.37e-53	157
71	lcl|HF680312.1_prot_CCU73735.1_3286	100.000	145	0	0	1	145	1	145	9.98e-106	295
72	lcl|HF680312.1_prot_CCU73736.1_3287	100.000	86	0	0	1	86	1	86	6.21e-58	169
73	lcl|HF680312.1_prot_CCU73737.1_3288	100.000	123	0	0	1	123	1	123	4.24e-91	256
74	lcl|HF680312.1_prot_CCU73738.1_3289	100.000	141	0	0	1	141	1	141	4.05e-105	293
75	lcl|HF680312.1_prot_CCU73739.1_3290	98.883	179	2	0	1	179	1	179	1.37e-132	365
76	lcl|HF680312.1_prot_CCU73740.1_3291	99.028	926	9	0	1	926	1	926	0.0	1852
77	lcl|HF680312.1_prot_CCU73741.1_3292	100.000	166	0	0	1	166	1	166	1.12e-123	342
78	lcl|HF680312.1_prot_CCU73742.1_3293	99.417	343	2	0	1	343	1	343	0.0	699
79	lcl|HF680312.1_prot_CCU73743.1_3294	100.000	284	0	0	1	284	1	284	0.0	588
80	lcl|HF680312.1_prot_CCU73744.1_3295	99.668	301	1	0	29	329	1	301	0.0	607
81	lcl|HF680312.1_prot_CCU73745.1_3296	100.000	311	0	0	1	311	1	311	0.0	638
82	lcl|HF680312.1_prot_CCU73747.1_3298	100.000	345	0	0	1	345	1	345	0.0	697
83	lcl|HF680312.1_prot_CCU73748.1_3299	98.980	98	1	0	1	98	1	98	1.24e-67	194
84	lcl|HF680312.1_prot_CCU73749.1_3300	99.774	443	1	0	13	455	1	443	0.0	893
85	lcl|HF680312.1_prot_CCU73750.1_3301	99.563	229	1	0	1	229	1	229	1.39e-166	455
86	lcl|HF680312.1_prot_CCU73751.1_3302	100.000	95	0	0	1	95	18	112	5.79e-67	193
87	lcl|HF680312.1_prot_CCU73752.1_3303	100.000	140	0	0	1	140	1	140	4.66e-102	285
88	lcl|HF680312.1_prot_CCU73753.1_3304	98.365	367	6	0	1	367	1	367	0.0	728
89	lcl|HF680312.1_prot_CCU73754.1_3305	98.619	362	5	0	1	362	1	362	0.0	736
90	lcl|HF680312.1_prot_CCU73755.1_3306	100.000	80	0	0	1	80	1	80	3.64e-56	164
91	lcl|HF680312.1_prot_CCU73756.1_3307	99.804	509	1	0	1	509	1	509	0.0	1023
92	lcl|HF680312.1_prot_CCU73757.1_3308	100.000	455	0	0	1	455	1	455	0.0	924
93	lcl|HF680312.1_prot_CCU73758.1_3309	99.275	552	4	0	1	552	1	552	0.0	1134
94	lcl|HF680312.1_prot_CCU73759.1_3310	98.916	369	4	0	1	369	1	369	0.0	760
95	lcl|HF680312.1_prot_CCU73760.1_3311	99.690	323	1	0	1	323	1	323	0.0	675
96	lcl|HF680312.1_prot_CCU73761.1_3312	100.000	384	0	0	1	384	1	384	0.0	775
97	lcl|HF680312.1_prot_CCU73762.1_3313	100.000	1088	0	0	1	1088	1	1088	0.0	2217
98	lcl|HF680312.1_prot_CCU73763.1_3314	100.000	224	0	0	1	224	1	224	4.15e-168	459
99	lcl|HF680312.1_prot_CCU73764.1_3315	100.000	321	0	0	1	321	1	321	0.0	663
100	lcl|HF680312.1_prot_CCU73765.1_3316	97.954	391	8	0	16	406	1	391	0.0	801
101	lcl|HF680312.1_prot_CCU73766.1_3317	100.000	275	0	0	1	275	1	275	0.0	564
102	lcl|HF680312.1_prot_CCU73767.1_3318	100.000	166	0	0	1	166	1	166	4.30e-124	343
103	lcl|HF680312.1_prot_CCU73768.1_3319	100.000	280	0	0	1	280	1	280	0.0	568
104	lcl|HF680312.1_prot_CCU73769.1_3320	100.000	268	0	0	1	268	1	268	0.0	501
105	lcl|HF680312.1_prot_CCU73770.1_3321	100.000	210	0	0	1	210	1	210	8.41e-157	429
106	lcl|HF680312.1_prot_CCU73771.1_3322	100.000	79	0	0	21	99	1	79	2.58e-54	160
107	lcl|HF680312.1_prot_CCU73772.1_3323	100.000	441	0	0	52	492	1	441	0.0	920
108	lcl|HF680312.1_prot_CCU73773.1_3324	99.853	678	1	0	1	678	1	678	0.0	1405
109	lcl|HF680312.1_prot_CCU73774.1_3325	100.000	715	0	0	1	715	1	715	0.0	1488
110	lcl|HF680312.1_prot_CCU73775.1_3326	100.000	141	0	0	1	141	1	141	8.14e-102	284
111	lcl|HF680312.1_prot_CCU73776.1_3327	100.000	133	0	0	1	133	1	133	1.35e-97	273
112	lcl|HF680312.1_prot_CCU73777.1_3328	100.000	435	0	0	1	435	1	435	0.0	862
113	lcl|HF680312.1_prot_CCU73778.1_3329	100.000	127	0	0	1	127	1	127	2.46e-91	257
114	lcl|HF680312.1_prot_CCU73779.1_3330	100.000	318	0	0	1	318	1	318	0.0	642
115	lcl|HF680312.1_prot_CCU73780.1_3331	100.000	424	0	0	1	424	1	424	0.0	856
116	lcl|HF680312.1_prot_CCU73781.1_3332	99.272	412	3	0	1	412	1	412	0.0	835
117	lcl|HF680312.1_prot_CCU73782.1_3333	100.000	1031	0	0	1	1031	1	1031	0.0	2038
118	lcl|HF680312.1_prot_CCU73783.1_3334	100.000	228	0	0	1	228	1	228	3.95e-164	449
119	lcl|HF680312.1_prot_CCU73784.1_3335	100.000	173	0	0	1	173	1	173	1.11e-128	355
120	lcl|HF680312.1_prot_CCU73785.1_3336	100.000	110	0	0	1	110	1	110	7.69e-79	224
121	lcl|HF680312.1_prot_CCU73786.1_3337	100.000	68	0	0	1	68	1	68	1.61e-45	136
122	lcl|HF680312.1_prot_CCU73787.1_3338	100.000	221	0	0	1	221	1	221	1.70e-169	462
123	lcl|HF680312.1_prot_CCU73788.1_3339	100.000	421	0	0	1	421	1	421	0.0	873
124	lcl|HF680312.1_prot_CCU73789.1_3340	100.000	206	0	0	1	206	84	289	4.64e-147	407
125	lcl|HF680312.1_prot_CCU73790.1_3341	98.977	391	4	0	1	391	1	391	0.0	773
126	lcl|HF680312.1_prot_CCU73791.1_3342	99.526	211	1	0	3	213	1	211	1.71e-156	428
127	lcl|HF680312.1_prot_CCU73792.1_3343	99.661	295	1	0	1	295	1	295	0.0	601
128	lcl|HF680312.1_prot_CCU73793.1_3344	98.925	186	2	0	1	186	1	186	7.04e-135	372
129	lcl|HF680312.1_prot_CCU73794.1_3345	100.000	191	0	0	1	191	1	191	1.03e-141	389
130	lcl|HF680312.1_prot_CCU73795.1_3346	100.000	238	0	0	1	238	1	238	6.48e-174	474
131	lcl|HF680312.1_prot_CCU73796.1_3347	100.000	183	0	0	1	183	1	183	1.25e-135	373
132	lcl|HF680312.1_prot_CCU73797.1_3348	100.000	107	0	0	1	107	1	107	2.11e-77	220
133	lcl|HF680312.1_prot_CCU73798.1_3349	100.000	144	0	0	1	144	1	144	5.62e-108	300
134	lcl|HF680312.1_prot_CCU73799.1_3350	99.451	182	1	0	1	182	1	182	2.91e-138	380
135	lcl|HF680312.1_prot_CCU73800.1_3351	100.000	126	0	0	1	126	1	126	5.64e-93	261
136	lcl|HF680312.1_prot_CCU73801.1_3352	100.000	118	0	0	1	118	1	118	1.11e-84	239
137	lcl|HF680312.1_prot_CCU73802.1_3353	100.000	38	0	0	1	38	1	38	2.29e-23	78.6
138	lcl|HF680312.1_prot_CCU73803.1_3354	99.735	377	1	0	1	377	1	377	0.0	753
139	lcl|HF680312.1_prot_CCU73804.1_3355	99.810	526	1	0	1	526	1	526	0.0	1073
140	lcl|HF680312.1_prot_CCU73805.1_3356	100.000	76	0	0	1	76	1	76	6.67e-53	155
141	lcl|HF680312.1_prot_CCU73806.1_3357	100.000	1236	0	0	5	1240	1	1236	0.0	2555
142	lcl|HF680312.1_prot_CCU73808.1_3359	100.000	249	0	0	70	318	1	249	0.0	511
143	lcl|HF680312.1_prot_CCU73809.1_3360	100.000	330	0	0	1	330	1	330	0.0	671
144	lcl|HF680312.1_prot_CCU73810.1_3361	100.000	160	0	0	1	160	1	160	1.08e-112	313
145	lcl|HF680312.1_prot_CCU73811.1_3362	100.000	425	0	0	1	425	1	425	0.0	829
146	lcl|HF680312.1_prot_CCU73813.1_3364	100.000	293	0	0	1	293	1	293	0.0	603
147	lcl|HF680312.1_prot_CCU73814.1_3365	100.000	131	0	0	1	131	1	131	4.55e-96	269
148	lcl|HF680312.1_prot_CCU73815.1_3366	100.000	333	0	0	1	333	1	333	0.0	670
149	lcl|HF680312.1_prot_CCU73816.1_3367	100.000	206	0	0	1	206	1	206	4.62e-154	422
150	lcl|HF680312.1_prot_CCU73817.1_3368	100.000	129	0	0	1	129	1	129	6.10e-94	263
151	lcl|HF680312.1_prot_CCU73818.1_3369	100.000	118	0	0	1	118	1	118	3.04e-85	241
152	lcl|HF680312.1_prot_CCU73819.1_3370	100.000	37	0	0	1	37	1	37	1.22e-21	74.3
153	lcl|HF680312.1_prot_CCU73820.1_3371	99.773	440	1	0	1	440	1	440	0.0	878
154	lcl|HF680312.1_prot_CCU73821.1_3372	100.000	144	0	0	1	144	1	144	4.56e-99	278
155	lcl|HF680312.1_prot_CCU73822.1_3373	100.000	61	0	0	1	61	1	61	1.15e-40	124
156	lcl|HF680312.1_prot_CCU73823.1_3374	100.000	174	0	0	1	174	1	174	3.20e-127	351
157	lcl|HF680312.1_prot_CCU73824.1_3375	100.000	116	0	0	1	116	1	116	4.67e-82	232
158	lcl|HF680312.1_prot_CCU73825.1_3376	100.000	177	0	0	1	177	1	177	2.72e-129	357
159	lcl|HF680312.1_prot_CCU73826.1_3377	100.000	130	0	0	1	130	1	130	1.42e-93	263
160	lcl|HF680312.1_prot_CCU73827.1_3378	100.000	101	0	0	1	101	1	101	2.17e-71	204
161	lcl|HF680312.1_prot_CCU73828.1_3379	100.000	179	0	0	1	179	1	179	1.31e-132	365
162	lcl|HF680312.1_prot_CCU73829.1_3380	100.000	104	0	0	1	104	1	104	1.98e-72	207
163	lcl|HF680312.1_prot_CCU73830.1_3381	100.000	122	0	0	1	122	1	122	9.48e-87	244
164	lcl|HF680312.1_prot_CCU73831.1_3382	100.000	88	0	0	1	88	1	88	4.25e-63	182
165	lcl|HF680312.1_prot_CCU73832.1_3383	100.000	63	0	0	2	64	1	63	1.07e-40	124
166	lcl|HF680312.1_prot_CCU73833.1_3384	100.000	137	0	0	1	137	1	137	3.80e-97	272
167	lcl|HF680312.1_prot_CCU73834.1_3385	100.000	229	0	0	1	229	1	229	1.97e-168	460
168	lcl|HF680312.1_prot_CCU73835.1_3386	100.000	111	0	0	1	111	1	111	3.09e-78	222
169	lcl|HF680312.1_prot_CCU73836.1_3387	98.901	91	1	0	1	91	1	91	2.58e-64	186
170	lcl|HF680312.1_prot_CCU73837.1_3388	100.000	275	0	0	1	275	1	275	0.0	552
171	lcl|HF680312.1_prot_CCU73838.1_3389	100.000	98	0	0	1	98	1	98	2.89e-68	196
172	lcl|HF680312.1_prot_CCU73839.1_3390	100.000	200	0	0	1	200	1	200	7.88e-150	410
173	lcl|HF680312.1_prot_CCU73840.1_3391	100.000	210	0	0	1	210	1	210	6.54e-156	427
174	lcl|HF680312.1_prot_CCU73841.1_3392	100.000	103	0	0	1	103	1	103	3.15e-73	209
175	lcl|HF680312.1_prot_CCU73856.1_3407	100.000	407	0	0	1	407	1	407	0.0	827
175	lcl|HF680312.1_prot_CCU73854.1_3405	99.509	407	2	0	1	407	1	407	0.0	825
175	lcl|HF680312.1_prot_CCU73842.1_3393	99.263	407	3	0	1	407	1	407	0.0	822
176	lcl|HF680312.1_prot_CCU73843.1_3394	99.713	697	2	0	1	697	1	697	0.0	1430
177	lcl|HF680312.1_prot_CCU73844.1_3395	100.000	130	0	0	27	156	1	130	1.65e-93	263
178	lcl|HF680312.1_prot_CCU73845.1_3396	100.000	124	0	0	1	124	1	124	2.46e-89	251
179	lcl|HF680312.1_prot_CCU73846.1_3397	99.929	1407	1	0	1	1407	1	1407	0.0	2883
180	lcl|HF680312.1_prot_CCU73847.1_3398	100.000	1358	0	0	1	1358	1	1358	0.0	2774
181	lcl|HF680312.1_prot_CCU73848.1_3399	100.000	123	0	0	1	123	1	123	4.81e-80	228
182	lcl|HF680312.1_prot_CCU73849.1_3400	99.390	164	1	0	1	164	1	164	1.07e-117	326
183	lcl|HF680312.1_prot_CCU73850.1_3401	100.000	231	0	0	1	231	1	231	4.90e-168	459
184	lcl|HF680312.1_prot_CCU73851.1_3402	99.306	144	1	0	1	144	1	144	1.56e-103	289
185	lcl|HF680312.1_prot_CCU73852.1_3403	100.000	178	0	0	1	178	1	178	9.75e-133	365
186	lcl|HF680312.1_prot_CCU73853.1_3404	100.000	122	0	0	1	122	1	122	3.41e-83	236
187	lcl|HF680312.1_prot_CCU73842.1_3393	100.000	131	0	0	1	131	1	131	4.54e-95	276
187	lcl|HF680312.1_prot_CCU73856.1_3407	100.000	131	0	0	1	131	1	131	4.95e-95	276
187	lcl|HF680312.1_prot_CCU73854.1_3405	100.000	131	0	0	1	131	1	131	4.95e-95	276
188	lcl|HF680312.1_prot_CCU73857.1_3408	100.000	219	0	0	1	219	1	219	1.71e-164	449
189	lcl|HF680312.1_prot_CCU73858.1_3409	99.156	237	2	0	1	237	1	237	6.11e-176	479
190	lcl|HF680312.1_prot_CCU73859.1_3410	99.686	318	1	0	1	318	5	322	0.0	637
191	lcl|HF680312.1_prot_CCU73860.1_3411	99.472	758	4	0	41	798	1	758	0.0	1535
192	lcl|HF680312.1_prot_CCU73861.1_3412	99.214	1654	13	0	1	1654	1	1654	0.0	3372
193	lcl|HF680312.1_prot_CCU73862.1_3413	100.000	274	0	0	11	284	1	274	0.0	568
194	lcl|HF680312.1_prot_CCU73863.1_3414	99.302	716	5	0	1	716	1	716	0.0	1453
195	lcl|HF680312.1_prot_CCU73864.1_3415	100.000	94	0	0	1	94	1	94	7.07e-64	185
196	lcl|HF680312.1_prot_CCU73865.1_3416	100.000	376	0	0	1	376	13	388	0.0	777
197	lcl|HF680312.1_prot_CCU73866.1_3417	100.000	330	0	0	1	330	1	330	0.0	679
198	lcl|HF680312.1_prot_CCU73868.1_3419	99.836	608	1	0	11	618	1	608	0.0	1217
199	lcl|HF680312.1_prot_CCU73869.1_3420	100.000	84	0	0	1	84	1	84	3.43e-55	162
200	lcl|HF680312.1_prot_CCU73870.1_3421	100.000	177	0	0	1	177	1	177	5.31e-130	358
201	lcl|HF680312.1_prot_CCU73871.1_3422	99.602	753	3	0	1	753	1	753	0.0	1434
202	lcl|HF680312.1_prot_CCU73872.1_3423	99.153	236	2	0	1	236	1	236	1.22e-175	479
203	lcl|HF680312.1_prot_CCU73873.1_3424	99.310	435	3	0	1	435	1	435	0.0	898
204	lcl|HF680312.1_prot_CCU73874.1_3425	98.837	258	3	0	1	258	1	258	0.0	534
205	lcl|HF680312.1_prot_CCU73875.1_3426	96.610	59	2	0	14	72	1	59	3.47e-32	115
205	lcl|HF680312.1_prot_CCU73879.1_3430	100.000	47	0	0	706	752	11	57	7.26e-29	106
206	lcl|HF680312.1_prot_CCU73710.1_3261	99.512	205	1	0	1	205	1	205	2.23e-156	427
206	lcl|HF680312.1_prot_CCU73192.1_2743	99.512	205	1	0	1	205	1	205	2.23e-156	427
206	lcl|HF680312.1_prot_CCU72958.1_2509	99.512	205	1	0	1	205	1	205	2.23e-156	427
206	lcl|HF680312.1_prot_CCU72346.1_1897	99.512	205	1	0	1	205	1	205	2.23e-156	427
206	lcl|HF680312.1_prot_CCU71763.1_1314	99.512	205	1	0	1	205	1	205	2.23e-156	427
206	lcl|HF680312.1_prot_CCU70461.1_12	99.512	205	1	0	1	205	1	205	2.23e-156	427
206	lcl|HF680312.1_prot_CCU72337.1_1888	98.537	205	3	0	1	205	1	205	8.52e-155	424
206	lcl|HF680312.1_prot_TOL_2175_2131	97.980	99	2	0	1	99	1	99	3.08e-68	204
206	lcl|HF680312.1_prot_TOL_0423_416	100.000	86	0	0	120	205	1	86	6.13e-61	182
207	lcl|HF680312.1_prot_CCU73711.1_3262	100.000	97	0	0	1	97	1	97	7.67e-69	197
207	lcl|HF680312.1_prot_CCU73193.1_2744	100.000	97	0	0	1	97	1	97	7.67e-69	197
207	lcl|HF680312.1_prot_CCU72959.1_2510	100.000	97	0	0	1	97	1	97	7.67e-69	197
207	lcl|HF680312.1_prot_CCU72581.1_2132	100.000	97	0	0	1	97	1	97	7.67e-69	197
207	lcl|HF680312.1_prot_CCU72347.1_1898	100.000	97	0	0	1	97	1	97	7.67e-69	197
207	lcl|HF680312.1_prot_CCU72336.1_1887	100.000	97	0	0	1	97	1	97	7.67e-69	197
207	lcl|HF680312.1_prot_CCU71762.1_1313	100.000	97	0	0	1	97	1	97	7.67e-69	197
207	lcl|HF680312.1_prot_CCU70460.1_11	100.000	97	0	0	1	97	1	97	7.67e-69	197
259	lcl|HF680312.1_prot_CCU73891.1_3442	100.000	51	0	0	1	51	1	51	1.60e-32	102
260	lcl|HF680312.1_prot_CCU73892.1_3443	98.222	731	9	1	1	731	1	727	0.0	1477
261	lcl|HF680312.1_prot_CCU73893.1_3444	100.000	241	0	0	1	241	1	241	7.26e-171	467
262	lcl|HF680312.1_prot_CCU73894.1_3445	98.776	245	3	0	1	245	1	245	2.58e-176	481
263	lcl|HF680312.1_prot_CCU73895.1_3446	98.788	165	2	0	1	165	1	165	1.16e-123	345
264	lcl|HF680312.1_prot_CCU73876.1_3427	99.079	543	5	0	1	543	1	543	0.0	1113
264	lcl|HF680312.1_prot_CCU73197.1_2748	99.079	543	5	0	1	543	1	543	0.0	1113
264	lcl|HF680312.1_prot_CCU73034.1_2585	99.079	543	5	0	1	543	1	543	0.0	1113
264	lcl|HF680312.1_prot_CCU70866.1_417	98.527	543	8	0	1	543	1	543	0.0	1108
264	lcl|HF680312.1_prot_CCU73517.1_3068	97.790	543	5	1	1	543	1	536	0.0	1091
264	lcl|HF680312.1_prot_CCU73713.1_3264	97.053	543	9	1	1	543	1	536	0.0	1083
264	lcl|HF680312.1_prot_CCU70975.1_526	96.133	543	14	1	1	543	1	536	0.0	1073
264	lcl|HF680312.1_prot_CCU71715.1_1266	96.317	543	20	0	1	543	1	543	0.0	1044
264	lcl|HF680312.1_prot_CCU72672.1_2223	95.212	543	26	0	1	543	1	543	0.0	1031
265	lcl|HF680312.1_prot_CCU73877.1_3428	100.000	118	0	0	1	118	1	118	1.15e-86	244
265	lcl|HF680312.1_prot_CCU73714.1_3265	100.000	118	0	0	1	118	1	118	1.15e-86	244
265	lcl|HF680312.1_prot_CCU73516.1_3067	100.000	118	0	0	1	118	1	118	1.15e-86	244
265	lcl|HF680312.1_prot_CCU73196.1_2747	100.000	118	0	0	1	118	1	118	1.15e-86	244
265	lcl|HF680312.1_prot_CCU73035.1_2586	100.000	118	0	0	1	118	1	118	1.15e-86	244
265	lcl|HF680312.1_prot_CCU71716.1_1267	100.000	118	0	0	1	118	1	118	1.15e-86	244
265	lcl|HF680312.1_prot_CCU70976.1_527	100.000	118	0	0	1	118	1	118	1.15e-86	244
265	lcl|HF680312.1_prot_CCU70867.1_418	100.000	118	0	0	1	118	1	118	1.15e-86	244
265	lcl|HF680312.1_prot_CCU72673.1_2224	99.153	118	1	0	1	118	1	118	5.54e-86	243
266	lcl|HF680312.1_prot_CCU73878.1_3429	98.990	99	1	0	1	99	1	99	4.63e-70	201
266	lcl|HF680312.1_prot_CCU73515.1_3066	98.990	99	1	0	1	99	1	99	4.63e-70	201
266	lcl|HF680312.1_prot_CCU73195.1_2746	98.990	99	1	0	1	99	1	99	4.63e-70	201
266	lcl|HF680312.1_prot_CCU71717.1_1268	98.990	99	1	0	1	99	1	99	4.63e-70	201
266	lcl|HF680312.1_prot_CCU70977.1_528	98.990	99	1	0	1	99	1	99	4.63e-70	201
266	lcl|HF680312.1_prot_CCU70868.1_419	98.990	99	1	0	1	99	1	99	4.63e-70	201
266	lcl|HF680312.1_prot_CCU73715.1_3266	94.949	99	5	0	1	99	1	99	1.67e-66	192
266	lcl|HF680312.1_prot_CCU73036.1_2587	94.949	99	5	0	1	99	1	99	1.67e-66	192
266	lcl|HF680312.1_prot_CCU72674.1_2225	93.939	99	6	0	1	99	1	99	3.02e-66	191
267	lcl|HF680312.1_prot_CCU73895.1_3446	97.701	87	2	0	1	87	173	259	2.47e-58	176
268	lcl|HF680312.1_prot_CCU73896.1_3447	98.979	2253	23	0	1	2253	1	2253	0.0	4296
269	lcl|HF680312.1_prot_CCU73897.1_3448	99.229	389	3	0	1	389	1	389	0.0	814
270	lcl|HF680312.1_prot_CCU73898.1_3449	99.171	362	3	0	1	362	69	430	0.0	723
271	lcl|HF680312.1_prot_CCU73899.1_3450	100.000	178	0	0	1	178	1	178	2.29e-133	367
272	lcl|HF680312.1_prot_CCU73900.1_3451	98.851	174	2	0	1	174	1	174	5.90e-128	353
273	lcl|HF680312.1_prot_CCU73901.1_3452	100.000	173	0	0	1	173	1	173	3.79e-130	358
274	lcl|HF680312.1_prot_CCU73902.1_3453	96.951	164	5	0	1	164	1	164	1.47e-120	333
275	lcl|HF680312.1_prot_CCU73903.1_3454	100.000	86	0	0	9	94	1	86	6.45e-61	177
276	lcl|HF680312.1_prot_CCU73904.1_3455	100.000	324	0	0	1	324	1	324	0.0	676
279	lcl|HF680312.1_prot_CCU73907.1_3458	99.383	162	1	0	1	162	1	162	9.57e-121	334
280	lcl|HF680312.1_prot_CCU73908.1_3459	97.561	82	2	0	1	82	1	82	7.25e-57	166
281	lcl|HF680312.1_prot_CCU73909.1_3460	96.026	151	6	0	1	151	1	151	7.12e-111	308
282	lcl|HF680312.1_prot_CCU73910.1_3461	99.730	371	1	0	1	371	1	371	0.0	765
283	lcl|HF680312.1_prot_CCU73911.1_3462	99.709	344	1	0	1	344	1	344	0.0	705
284	lcl|HF680312.1_prot_CCU73912.1_3463	100.000	228	0	0	1	228	1	228	1.27e-174	476
285	lcl|HF680312.1_prot_CCU73913.1_3464	100.000	272	0	0	1	272	1	272	0.0	548
286	lcl|HF680312.1_prot_CCU73914.1_3465	99.487	195	1	0	1	195	1	195	2.25e-133	369
287	lcl|HF680312.1_prot_CCU73915.1_3466	97.087	103	3	0	1	103	1	103	2.15e-72	207
288	lcl|HF680312.1_prot_CCU73916.1_3467	99.482	386	2	0	1	386	1	386	0.0	809
289	lcl|HF680312.1_prot_CCU73917.1_3468	100.000	200	0	0	1	200	1	200	1.10e-152	418
290	lcl|HF680312.1_prot_CCU73918.1_3469	100.000	155	0	0	1	155	1	155	2.56e-114	317
291	lcl|HF680312.1_prot_CCU73919.1_3470	100.000	199	0	0	1	199	1	199	3.23e-151	414
292	lcl|HF680312.1_prot_CCU73920.1_3471	99.074	108	1	0	1	108	1	108	3.67e-71	204
293	lcl|HF680312.1_prot_CCU73921.1_3472	98.688	381	5	0	1	381	1	381	0.0	777
294	lcl|HF680312.1_prot_CCU73922.1_3473	100.000	287	0	0	1	287	1	287	0.0	597
295	lcl|HF680312.1_prot_CCU73923.1_3474	99.048	315	3	0	1	315	1	315	0.0	633
296	lcl|HF680312.1_prot_CCU73924.1_3475	100.000	497	0	0	1	497	1	497	0.0	1041
297	lcl|HF680312.1_prot_CCU73925.1_3476	99.242	132	1	0	1	132	1	132	3.17e-99	277
298	lcl|HF680312.1_prot_CCU73926.1_3477	99.762	421	1	0	1	421	1	421	0.0	870
299	lcl|HF680312.1_prot_CCU73927.1_3478	100.000	171	0	0	43	213	1	171	1.99e-132	366
300	lcl|HF680312.1_prot_CCU73928.1_3479	99.471	189	1	0	1	189	1	189	2.11e-139	383
301	lcl|HF680312.1_prot_CCU73929.1_3480	99.490	392	2	0	1	392	1	392	0.0	787
302	lcl|HF680312.1_prot_CCU73930.1_3481	99.637	551	2	0	1	551	1	551	0.0	1140
303	lcl|HF680312.1_prot_CCU73931.1_3482	99.541	436	2	0	1	436	1	436	0.0	849
304	lcl|HF680312.1_prot_CCU73932.1_3483	99.507	406	2	0	1	406	1	406	0.0	850
305	lcl|HF680312.1_prot_CCU73933.1_3484	99.160	119	1	0	1	119	1	119	3.39e-88	248
306	lcl|HF680312.1_prot_CCU73934.1_3485	99.345	458	3	0	1	458	1	458	0.0	886
307	lcl|HF680312.1_prot_CCU73935.1_3486	99.234	261	2	0	1	261	1	261	0.0	544
308	lcl|HF680312.1_prot_CCU73937.1_3488	100.000	237	0	0	1	237	1	237	1.26e-177	484
309	lcl|HF680312.1_prot_CCU73938.1_3489	99.524	210	1	0	1	210	1	210	1.17e-155	426
310	lcl|HF680312.1_prot_CCU73939.1_3490	100.000	195	0	0	1	195	1	195	2.52e-143	394
311	lcl|HF680312.1_prot_CCU73940.1_3491	100.000	267	0	0	1	267	1	267	0.0	549
312	lcl|HF680312.1_prot_CCU73941.1_3492	100.000	505	0	0	1	505	1	505	0.0	1034
313	lcl|HF680312.1_prot_CCU73942.1_3493	100.000	224	0	0	1	224	1	224	1.77e-165	452
314	lcl|HF680312.1_prot_CCU73943.1_3494	98.731	867	11	0	37	903	1	867	0.0	1721
315	lcl|HF680312.1_prot_CCU73944.1_3495	99.405	336	2	0	1	336	1	336	0.0	688
316	lcl|HF680312.1_prot_CCU73945.1_3496	100.000	699	0	0	1	699	1	699	0.0	1446
317	lcl|HF680312.1_prot_CCU73946.1_3497	99.000	500	5	0	1	500	3	502	0.0	1013
318	lcl|HF680312.1_prot_CCU73947.1_3498	100.000	108	0	0	1	108	1	108	1.09e-76	218
319	lcl|HF680312.1_prot_CCU73948.1_3499	100.000	420	0	0	1	420	1	420	0.0	847
320	lcl|HF680312.1_prot_CCU73949.1_3500	98.619	362	5	0	1	362	1	362	0.0	739
321	lcl|HF680312.1_prot_CCU73950.1_3501	99.863	732	1	0	1	732	5	736	0.0	1504
322	lcl|HF680312.1_prot_CCU73951.1_3502	99.647	283	1	0	1	283	1	283	0.0	576
323	lcl|HF680312.1_prot_CCU73952.1_3503	100.000	58	0	0	1	58	1	58	4.93e-38	117
324	lcl|HF680312.1_prot_CCU73953.1_3504	99.763	422	1	0	1	422	1	422	0.0	831
325	lcl|HF680312.1_prot_CCU73954.1_3505	100.000	112	0	0	1	112	1	112	1.73e-76	218
326	lcl|HF680312.1_prot_CCU73955.1_3506	100.000	242	0	0	1	242	1	242	1.01e-173	474
327	lcl|HF680312.1_prot_CCU73956.1_3507	97.500	80	2	0	1	80	1	80	2.33e-51	152
328	lcl|HF680312.1_prot_CCU73957.1_3508	99.138	232	2	0	1	232	1	232	4.99e-171	467
329	lcl|HF680312.1_prot_CCU73958.1_3509	99.216	255	2	0	1	255	1	255	0.0	521
330	lcl|HF680312.1_prot_CCU73959.1_3510	99.742	387	1	0	1	387	1	387	0.0	773
331	lcl|HF680312.1_prot_CCU73960.1_3511	99.083	545	5	0	1	545	1	545	0.0	1078
332	lcl|HF680312.1_prot_CCU73961.1_3512	99.771	436	1	0	1	436	1	436	0.0	892
333	lcl|HF680312.1_prot_CCU73962.1_3513	98.696	230	3	0	1	230	1	230	4.66e-172	469
334	lcl|HF680312.1_prot_CCU73963.1_3514	97.705	610	14	0	1	610	1	610	0.0	1221
335	lcl|HF680312.1_prot_CCU73964.1_3515	96.953	919	28	0	1	919	1	919	0.0	1850
336	lcl|HF680312.1_prot_CCU73965.1_3516	98.773	163	2	0	1	163	1	163	1.89e-119	331
337	lcl|HF680312.1_prot_CCU73966.1_3517	99.832	596	1	0	1	596	1	596	0.0	1233
338	lcl|HF680312.1_prot_CCU73967.1_3518	100.000	437	0	0	1	437	1	437	0.0	881
339	lcl|HF680312.1_prot_CCU73968.1_3519	99.742	388	1	0	1	388	1	388	0.0	801
340	lcl|HF680312.1_prot_CCU73969.1_3520	99.769	433	1	0	1	433	1	433	0.0	888
341	lcl|HF680312.1_prot_CCU73970.1_3521	99.225	258	2	0	1	258	1	258	0.0	536
342	lcl|HF680312.1_prot_CCU73971.1_3522	100.000	294	0	0	1	294	1	294	0.0	576
343	lcl|HF680312.1_prot_CCU73972.1_3523	100.000	78	0	0	1	78	1	78	1.70e-52	155
344	lcl|HF680312.1_prot_CCU73973.1_3524	99.701	335	1	0	18	352	1	335	0.0	672
345	lcl|HF680312.1_prot_CCU73974.1_3525	96.981	265	8	0	1	265	1	265	0.0	531
346	lcl|HF680312.1_prot_CCU73713.1_3264	98.881	536	6	0	1	536	1	536	0.0	1095
346	lcl|HF680312.1_prot_CCU73517.1_3068	97.761	536	12	0	1	536	1	536	0.0	1083
346	lcl|HF680312.1_prot_CCU70975.1_526	97.575	536	13	0	1	536	1	536	0.0	1082
346	lcl|HF680312.1_prot_CCU73876.1_3427	96.869	543	10	1	1	536	1	543	0.0	1082
346	lcl|HF680312.1_prot_CCU73197.1_2748	96.869	543	10	1	1	536	1	543	0.0	1082
346	lcl|HF680312.1_prot_CCU73034.1_2585	96.869	543	10	1	1	536	1	543	0.0	1082
346	lcl|HF680312.1_prot_CCU70866.1_417	95.212	543	19	1	1	536	1	543	0.0	1022
346	lcl|HF680312.1_prot_CCU72672.1_2223	94.291	543	24	1	1	536	1	543	0.0	1014
346	lcl|HF680312.1_prot_CCU71715.1_1266	94.475	543	23	1	1	536	1	543	0.0	1014
347	lcl|HF680312.1_prot_CCU73877.1_3428	100.000	118	0	0	1	118	1	118	1.15e-86	244
347	lcl|HF680312.1_prot_CCU73714.1_3265	100.000	118	0	0	1	118	1	118	1.15e-86	244
347	lcl|HF680312.1_prot_CCU73516.1_3067	100.000	118	0	0	1	118	1	118	1.15e-86	244
347	lcl|HF680312.1_prot_CCU73196.1_2747	100.000	118	0	0	1	118	1	118	1.15e-86	244
347	lcl|HF680312.1_prot_CCU73035.1_2586	100.000	118	0	0	1	118	1	118	1.15e-86	244
347	lcl|HF680312.1_prot_CCU71716.1_1267	100.000	118	0	0	1	118	1	118	1.15e-86	244
347	lcl|HF680312.1_prot_CCU70976.1_527	100.000	118	0	0	1	118	1	118	1.15e-86	244
347	lcl|HF680312.1_prot_CCU70867.1_418	100.000	118	0	0	1	118	1	118	1.15e-86	244
347	lcl|HF680312.1_prot_CCU72673.1_2224	99.153	118	1	0	1	118	1	118	5.54e-86	243
348	lcl|HF680312.1_prot_CCU73715.1_3266	97.980	99	2	0	1	99	1	99	2.96e-69	199
348	lcl|HF680312.1_prot_CCU73036.1_2587	97.980	99	2	0	1	99	1	99	2.96e-69	199
348	lcl|HF680312.1_prot_CCU73878.1_3429	97.980	99	2	0	1	99	1	99	3.81e-69	198
348	lcl|HF680312.1_prot_CCU73515.1_3066	97.980	99	2	0	1	99	1	99	3.81e-69	198
348	lcl|HF680312.1_prot_CCU73195.1_2746	97.980	99	2	0	1	99	1	99	3.81e-69	198
348	lcl|HF680312.1_prot_CCU71717.1_1268	97.980	99	2	0	1	99	1	99	3.81e-69	198
348	lcl|HF680312.1_prot_CCU70977.1_528	97.980	99	2	0	1	99	1	99	3.81e-69	198
348	lcl|HF680312.1_prot_CCU70868.1_419	97.980	99	2	0	1	99	1	99	3.81e-69	198
348	lcl|HF680312.1_prot_CCU72674.1_2225	96.970	99	3	0	1	99	1	99	5.85e-69	198
349	lcl|HF680312.1_prot_CCU73974.1_3525	100.000	133	0	0	1	133	297	429	2.94e-96	280
350	lcl|HF680312.1_prot_CCU73975.1_3526	95.455	88	4	0	1	88	1	88	1.04e-46	141
352	lcl|HF680312.1_prot_CCU73979.1_3530	99.720	357	1	0	1	357	1	357	0.0	736
353	lcl|HF680312.1_prot_CCU73980.1_3531	98.765	162	2	0	6	167	1	162	8.64e-121	334
354	lcl|HF680312.1_prot_CCU73981.1_3532	100.000	264	0	0	1	264	1	264	0.0	554
355	lcl|HF680312.1_prot_CCU73982.1_3533	100.000	269	0	0	1	269	1	269	0.0	543
356	lcl|HF680312.1_prot_CCU73983.1_3534	100.000	260	0	0	12	271	1	260	0.0	503
357	lcl|HF680312.1_prot_CCU73984.1_3535	98.431	255	4	0	1	255	28	282	0.0	520
358	lcl|HF680312.1_prot_CCU73985.1_3536	99.492	591	3	0	1	591	9	599	0.0	1217
359	lcl|HF680312.1_prot_CCU73986.1_3537	100.000	180	0	0	1	180	1	180	3.07e-135	372
360	lcl|HF680312.1_prot_CCU73987.1_3538	100.000	760	0	0	1	760	1	760	0.0	1544
361	lcl|HF680312.1_prot_CCU73988.1_3539	100.000	163	0	0	1	163	5	167	9.12e-121	334
362	lcl|HF680312.1_prot_CCU73989.1_3540	99.091	220	2	0	1	220	1	220	7.47e-163	445
363	lcl|HF680312.1_prot_CCU73990.1_3541	99.263	407	3	0	1	407	1	407	0.0	825
364	lcl|HF680312.1_prot_CCU73991.1_3542	100.000	398	0	0	1	398	1	398	0.0	821
365	lcl|HF680312.1_prot_CCU73992.1_3543	99.645	282	1	0	11	292	1	282	0.0	581
366	lcl|HF680312.1_prot_CCU73993.1_3544	99.752	404	1	0	1	404	1	404	0.0	826
367	lcl|HF680312.1_prot_CCU73994.1_3545	98.526	407	6	0	1	407	1	407	0.0	812
368	lcl|HF680312.1_prot_CCU73995.1_3546	99.543	438	2	0	1	438	1	438	0.0	901
369	lcl|HF680312.1_prot_CCU73996.1_3547	99.457	184	1	0	1	184	1	184	1.68e-133	368
370	lcl|HF680312.1_prot_CCU73997.1_3548	100.000	70	0	0	1	70	1	70	2.44e-45	136
371	lcl|HF680312.1_prot_CCU73998.1_3549	100.000	92	0	0	13	104	1	92	2.16e-64	186
372	lcl|HF680312.1_prot_CCU73999.1_3550	100.000	200	0	0	1	200	1	200	1.68e-150	412
373	lcl|HF680312.1_prot_CCU74000.1_3551	100.000	41	0	0	1	41	1	41	1.36e-24	82.0
374	lcl|HF680312.1_prot_CCU74001.1_3552	100.000	151	0	0	1	151	1	151	7.23e-114	315
375	lcl|HF680312.1_prot_CCU74002.1_3553	100.000	139	0	0	1	139	1	139	3.48e-101	283
376	lcl|HF680312.1_prot_CCU74003.1_3554	99.685	317	1	0	1	317	1	317	0.0	649
377	lcl|HF680312.1_prot_CCU74004.1_3555	100.000	468	0	0	1	468	1	468	0.0	977
378	lcl|HF680312.1_prot_CCU74005.1_3556	99.835	605	1	0	1	605	1	605	0.0	1229
379	lcl|HF680312.1_prot_CCU74006.1_3557	99.219	256	2	0	1	256	1	256	0.0	521
380	lcl|HF680312.1_prot_CCU74007.1_3558	99.762	420	1	0	1	420	1	420	0.0	850
381	lcl|HF680312.1_prot_CCU74008.1_3559	99.101	445	4	0	1	445	1	445	0.0	882
382	lcl|HF680312.1_prot_CCU74009.1_3560	99.565	230	1	0	1	230	1	230	6.79e-170	464
383	lcl|HF680312.1_prot_CCU74010.1_3561	100.000	339	0	0	1	339	1	339	0.0	669
384	lcl|HF680312.1_prot_CCU74011.1_3562	99.091	110	1	0	1	110	1	110	6.43e-72	206
385	lcl|HF680312.1_prot_CCU74012.1_3563	100.000	228	0	0	1	228	1	228	4.82e-164	449
386	lcl|HF680312.1_prot_CCU74013.1_3564	99.877	811	1	0	18	828	1	811	0.0	1665
387	lcl|HF680312.1_prot_CCU74014.1_3565	99.465	187	1	0	1	187	1	187	4.74e-135	372
388	lcl|HF680312.1_prot_CCU74015.1_3566	99.083	218	2	0	1	218	1	218	1.61e-162	444
389	lcl|HF680312.1_prot_CCU74016.1_3567	99.259	135	1	0	1	135	9	143	5.05e-98	275
390	lcl|HF680312.1_prot_CCU74017.1_3568	98.596	285	4	0	1	285	1	285	0.0	583
391	lcl|HF680312.1_prot_CCU74018.1_3569	100.000	511	0	0	1	511	1	511	0.0	1063
392	lcl|HF680312.1_prot_CCU74019.1_3570	99.872	780	1	0	1	780	1	780	0.0	1589
393	lcl|HF680312.1_prot_CCU74020.1_3571	99.615	520	2	0	1	520	1	520	0.0	1081
394	lcl|HF680312.1_prot_CCU74021.1_3572	97.351	151	0	1	1	151	1	147	2.90e-107	299
395	lcl|HF680312.1_prot_CCU74023.1_3574	99.438	178	1	0	1	178	1	178	2.69e-130	359
396	lcl|HF680312.1_prot_CCU74024.1_3575	98.726	157	2	0	1	157	1	157	1.22e-116	323
397	lcl|HF680312.1_prot_CCU74025.1_3576	99.692	325	1	0	1	325	1	325	0.0	660
398	lcl|HF680312.1_prot_CCU74026.1_3577	100.000	152	0	0	1	152	1	152	1.44e-110	307
399	lcl|HF680312.1_prot_CCU74027.1_3578	94.262	244	14	0	6	249	1	244	3.41e-174	476
403	lcl|HF680312.1_prot_CCU74029.1_3580	97.598	666	16	0	36	701	1	666	0.0	1354
404	lcl|HF680312.1_prot_CCU74030.1_3581	98.635	293	4	0	1	293	1	293	0.0	595
405	lcl|HF680312.1_prot_CCU74031.1_3582	100.000	143	0	0	1	143	11	153	2.08e-102	286
406	lcl|HF680312.1_prot_CCU74032.1_3583	98.137	161	3	0	1	161	1	161	4.45e-115	320
407	lcl|HF680312.1_prot_CCU74033.1_3584	99.048	630	6	0	1	630	1	630	0.0	1282
409	lcl|HF680312.1_prot_CCU74035.1_3586	100.000	97	0	0	1	97	1	97	1.40e-69	199
410	lcl|HF680312.1_prot_CCU74036.1_3587	99.612	258	1	0	1	258	1	258	0.0	531
411	lcl|HF680312.1_prot_CCU74037.1_3588	98.462	130	2	0	1	130	1	130	7.70e-88	248
412	lcl|HF680312.1_prot_CCU74038.1_3589	99.796	489	1	0	1	489	14	502	0.0	996
413	lcl|HF680312.1_prot_CCU74039.1_3590	99.429	350	2	0	1	350	1	350	0.0	729
414	lcl|HF680312.1_prot_CCU74040.1_3591	100.000	278	0	0	1	278	1	278	0.0	553
415	lcl|HF680312.1_prot_CCU74053.1_3604	92.135	89	7	0	1	89	257	345	8.11e-51	168
416	lcl|HF680312.1_prot_CCU74054.1_3605	100.000	146	0	0	1	146	1	146	2.68e-104	291
417	lcl|HF680312.1_prot_CCU74055.1_3606	98.462	390	6	0	1	390	1	390	0.0	777
418	lcl|HF680312.1_prot_CCU74056.1_3607	97.035	371	11	0	1	371	1	371	0.0	721
419	lcl|HF680312.1_prot_CCU74057.1_3608	98.456	259	4	0	1	259	8	266	0.0	513
420	lcl|HF680312.1_prot_CCU74058.1_3609	99.361	313	2	0	1	313	1	313	0.0	628
421	lcl|HF680312.1_prot_CCU74059.1_3610	98.340	241	4	0	1	241	1	241	5.30e-177	483
422	lcl|HF680312.1_prot_CCU74060.1_3611	98.886	359	4	0	1	359	1	359	0.0	723
423	lcl|HF680312.1_prot_CCU74061.1_3612	99.785	465	1	0	1	465	1	465	0.0	956
424	lcl|HF680312.1_prot_CCU74063.1_3614	100.000	386	0	0	1	386	1	386	0.0	808
425	lcl|HF680312.1_prot_CCU74064.1_3615	100.000	275	0	0	14	288	1	275	0.0	579
426	lcl|HF680312.1_prot_CCU74065.1_3616	99.658	292	1	0	1	292	1	292	0.0	609
427	lcl|HF680312.1_prot_CCU74066.1_3617	99.881	842	1	0	1	842	1	842	0.0	1701
428	lcl|HF680312.1_prot_CCU74067.1_3618	99.644	1125	4	0	1	1125	1	1125	0.0	2317
429	lcl|HF680312.1_prot_CCU74068.1_3619	100.000	311	0	0	1	311	1	311	0.0	641
430	lcl|HF680312.1_prot_CCU74069.1_3620	100.000	487	0	0	1	487	1	487	0.0	1002
431	lcl|HF680312.1_prot_CCU74070.1_3621	97.403	77	2	0	1	77	1	77	2.29e-52	154
432	lcl|HF680312.1_prot_CCU74071.1_3622	97.476	317	8	0	1	317	1	317	0.0	631
433	lcl|HF680312.1_prot_CCU74072.1_3623	99.508	813	4	0	1	813	1	813	0.0	1667
434	lcl|HF680312.1_prot_CCU74073.1_3624	100.000	147	0	0	1	147	1	147	6.62e-107	298
435	lcl|HF680312.1_prot_CCU74074.1_3625	98.689	305	0	1	1	305	1	301	0.0	608
436	lcl|HF680312.1_prot_CCU74075.1_3626	99.376	481	3	0	1	481	1	481	0.0	984
437	lcl|HF680312.1_prot_CCU74076.1_3627	100.000	195	0	0	1	195	1	195	2.77e-145	399
438	lcl|HF680312.1_prot_CCU74077.1_3628	100.000	142	0	0	1	142	1	142	1.34e-102	286
439	lcl|HF680312.1_prot_CCU74078.1_3629	100.000	464	0	0	1	464	1	464	0.0	942
440	lcl|HF680312.1_prot_CCU74079.1_3630	99.650	286	1	0	1	286	1	286	0.0	592
441	lcl|HF680312.1_prot_CCU74080.1_3631	100.000	514	0	0	1	514	1	514	0.0	1050
442	lcl|HF680312.1_prot_CCU74081.1_3632	100.000	178	0	0	1	178	1	178	8.08e-128	353
443	lcl|HF680312.1_prot_CCU74082.1_3633	100.000	135	0	0	1	135	1	135	3.05e-90	254
444	lcl|HF680312.1_prot_CCU74083.1_3634	100.000	75	0	0	1	75	1	75	7.89e-45	135
445	lcl|HF680312.1_prot_CCU74084.1_3635	100.000	299	0	0	1	299	1	299	0.0	600
447	lcl|HF680312.1_prot_CCU74085.1_3636	92.500	80	6	0	17	96	17	96	2.84e-38	120
448	lcl|HF680312.1_prot_CCU74087.1_3638	100.000	304	0	0	1	304	1	304	0.0	610
449	lcl|HF680312.1_prot_CCU74088.1_3639	99.621	264	1	0	1	264	1	264	0.0	539
450	lcl|HF680312.1_prot_CCU74089.1_3640	100.000	216	0	0	1	216	1	216	5.65e-165	450
451	lcl|HF680312.1_prot_CCU74090.1_3641	99.485	388	2	0	1	388	1	388	0.0	760
452	lcl|HF680312.1_prot_CCU74091.1_3642	99.505	202	1	0	1	202	1	202	1.04e-149	410
453	lcl|HF680312.1_prot_CCU74092.1_3643	98.507	134	2	0	1	134	1	134	1.77e-98	275
454	lcl|HF680312.1_prot_CCU74093.1_3644	98.182	220	4	0	1	220	1	220	4.20e-166	453
455	lcl|HF680312.1_prot_CCU74094.1_3645	100.000	99	0	0	1	99	1	99	1.38e-70	202
456	lcl|HF680312.1_prot_CCU74095.1_3646	99.552	223	1	0	1	223	1	223	3.23e-166	454
457	lcl|HF680312.1_prot_CCU74096.1_3647	94.432	449	23	1	1	447	1	449	0.0	761
460	lcl|HF680312.1_prot_CCU74101.1_3652	98.701	77	1	0	1	77	1	77	1.43e-52	155
461	lcl|HF680312.1_prot_CCU74102.1_3653	99.000	100	1	0	1	100	6	105	6.50e-71	203
462	lcl|HF680312.1_prot_CCU74103.1_3654	91.739	460	38	0	1	460	1	460	0.0	847
463	lcl|HF680312.1_prot_CCU74104.1_3655	98.892	632	7	0	1	632	1	632	0.0	1300
464	lcl|HF680312.1_prot_CCU74105.1_3656	99.644	281	1	0	1	281	1	281	0.0	558
465	lcl|HF680312.1_prot_CCU74107.1_3658	100.000	182	0	0	1	182	1	182	1.17e-133	368
466	lcl|HF680312.1_prot_CCU74108.1_3659	100.000	280	0	0	1	280	1	280	0.0	588
468	lcl|HF680312.1_prot_CCU74111.1_3662	99.353	464	3	0	1	464	1	464	0.0	931
469	lcl|HF680312.1_prot_CCU74112.1_3663	96.209	554	21	0	1	554	1	554	0.0	1107
470	lcl|HF680312.1_prot_CCU74113.1_3664	100.000	133	0	0	1	133	1	133	6.24e-95	266
471	lcl|HF680312.1_prot_CCU74114.1_3665	100.000	44	0	0	1	44	1	44	4.21e-26	85.9
472	lcl|HF680312.1_prot_CCU70450.1_1	99.811	529	1	0	1	529	1	529	0.0	1095
473	lcl|HF680312.1_prot_CCU70451.1_2	100.000	366	0	0	1	366	1	366	0.0	740
474	lcl|HF680312.1_prot_CCU70452.1_3	99.444	360	2	0	1	360	1	360	0.0	741
475	lcl|HF680312.1_prot_CCU70453.1_4	100.000	807	0	0	1	807	1	807	0.0	1670
476	lcl|HF680312.1_prot_CCU70463.1_14	100.000	138	0	0	1	138	139	276	7.17e-103	292
477	lcl|HF680312.1_prot_CCU70463.1_14	90.435	115	11	0	1	115	1	115	1.28e-75	222
478	lcl|HF680312.1_prot_CCU70464.1_15	99.187	492	4	0	1	492	1	492	0.0	988
479	lcl|HF680312.1_prot_CCU70465.1_16	98.361	61	1	0	1	61	1	61	2.87e-38	117
480	lcl|HF680312.1_prot_CCU70466.1_17	99.628	269	1	0	1	269	1	269	0.0	550
481	lcl|HF680312.1_prot_CCU70467.1_18	100.000	183	0	0	1	183	1	183	1.06e-138	381
483	lcl|HF680312.1_prot_CCU70469.1_20	99.697	330	1	0	1	330	1	330	0.0	688
484	lcl|HF680312.1_prot_CCU70470.1_21	99.648	284	1	0	1	284	1	284	0.0	590
485	lcl|HF680312.1_prot_CCU70471.1_22	97.923	337	7	0	2	338	1	337	0.0	658
486	lcl|HF680312.1_prot_CCU70472.1_23	96.774	310	10	0	1	310	1	310	0.0	612
487	lcl|HF680312.1_prot_CCU70473.1_24	99.383	162	1	0	1	162	1	162	4.67e-123	340
488	lcl|HF680312.1_prot_CCU70474.1_25	98.473	262	4	0	1	262	12	273	0.0	528
489	lcl|HF680312.1_prot_CCU70475.1_26	100.000	753	0	0	1	753	1	753	0.0	1551
490	lcl|HF680312.1_prot_CCU70476.1_27	98.880	625	7	0	1	625	1	625	0.0	1278
491	lcl|HF680312.1_prot_CCU70477.1_28	100.000	629	0	0	1	629	1	629	0.0	1298
492	lcl|HF680312.1_prot_CCU70478.1_29	99.048	210	2	0	1	210	1	210	2.21e-156	428
493	lcl|HF680312.1_prot_CCU70479.1_30	99.254	268	2	0	1	268	1	268	0.0	553
494	lcl|HF680312.1_prot_CCU70480.1_31	99.338	151	1	0	1	151	1	151	7.39e-114	315
495	lcl|HF680312.1_prot_CCU70481.1_32	100.000	204	0	0	1	204	1	204	6.87e-153	419
496	lcl|HF680312.1_prot_CCU70482.1_33	99.097	443	4	0	1	443	1	443	0.0	881
497	lcl|HF680312.1_prot_CCU70483.1_34	98.100	421	8	0	1	421	1	421	0.0	841
498	lcl|HF680312.1_prot_CCU70484.1_35	99.790	476	1	0	1	476	1	476	0.0	970
499	lcl|HF680312.1_prot_CCU70485.1_36	100.000	323	0	0	1	323	1	323	0.0	670
500	lcl|HF680312.1_prot_CCU70486.1_37	100.000	296	0	0	7	302	1	296	0.0	617
501	lcl|HF680312.1_prot_CCU70489.1_40	97.552	572	14	0	2	573	1	572	0.0	1162
502	lcl|HF680312.1_prot_CCU70490.1_41	100.000	269	0	0	1	269	1	269	0.0	534
503	lcl|HF680312.1_prot_CCU70492.1_43	100.000	407	0	0	1	407	1	407	0.0	846
504	lcl|HF680312.1_prot_CCU70493.1_44	100.000	270	0	0	1	270	1	270	0.0	560
505	lcl|HF680312.1_prot_CCU70494.1_45	100.000	159	0	0	1	159	1	159	1.57e-116	331
506	lcl|HF680312.1_prot_CCU70494.1_45	99.034	207	2	0	1	207	161	367	1.09e-157	437
507	lcl|HF680312.1_prot_CCU70495.1_46	99.130	230	2	0	1	230	1	230	6.22e-176	479
508	lcl|HF680312.1_prot_CCU70496.1_47	99.609	256	1	0	1	256	1	256	0.0	518
509	lcl|HF680312.1_prot_CCU70497.1_48	99.155	355	3	0	1	355	1	355	0.0	714
510	lcl|HF680312.1_prot_CCU70498.1_49	99.437	888	5	0	1	888	1	888	0.0	1777
511	lcl|HF680312.1_prot_CCU70499.1_50	98.416	505	8	0	1	505	1	505	0.0	1004
512	lcl|HF680312.1_prot_CCU70500.1_51	100.000	76	0	0	1	76	9	84	2.64e-52	154
513	lcl|HF680312.1_prot_CCU70501.1_52	99.510	204	1	0	1	204	1	204	7.47e-155	424
514	lcl|HF680312.1_prot_CCU70502.1_53	97.015	67	2	0	1	67	1	67	1.96e-42	129
515	lcl|HF680312.1_prot_CCU70503.1_54	99.065	535	5	0	1	535	1	535	0.0	1085
516	lcl|HF680312.1_prot_CCU70504.1_55	99.852	675	1	0	3	677	1	675	0.0	1404
517	lcl|HF680312.1_prot_CCU70505.1_56	98.968	775	8	0	1	775	1	775	0.0	1550
518	lcl|HF680312.1_prot_CCU70506.1_57	100.000	301	0	0	1	301	1	301	0.0	613
519	lcl|HF680312.1_prot_CCU70507.1_58	99.718	355	1	0	10	364	1	355	0.0	733
521	lcl|HF680312.1_prot_CCU70509.1_60	96.078	153	6	0	13	165	64	216	1.02e-108	306
524	lcl|HF680312.1_prot_CCU70511.1_62	90.385	260	25	0	1	260	1	260	8.39e-177	486
525	lcl|HF680312.1_prot_CCU70512.1_63	100.000	40	0	0	1	40	1	40	6.73e-24	80.1
525	lcl|HF680312.1_prot_CCU70521.1_72	90.000	30	3	0	1	30	508	537	6.96e-14	59.7
526	lcl|HF680312.1_prot_CCU70514.1_65	100.000	336	0	0	1	336	1	336	0.0	696
527	lcl|HF680312.1_prot_CCU70515.1_66	100.000	554	0	0	1	554	1	554	0.0	1135
528	lcl|HF680312.1_prot_CCU70516.1_67	100.000	283	0	0	1	283	1	283	0.0	545
529	lcl|HF680312.1_prot_CCU70517.1_68	99.456	551	3	0	1	551	1	551	0.0	1127
530	lcl|HF680312.1_prot_CCU70518.1_69	99.052	211	2	0	1	211	1	211	5.97e-158	432
531	lcl|HF680312.1_prot_CCU70519.1_70	100.000	389	0	0	1	389	1	389	0.0	792
532	lcl|HF680312.1_prot_CCU70520.1_71	100.000	181	0	0	1	181	1	181	6.81e-131	361
533	lcl|HF680312.1_prot_CCU70521.1_72	99.835	607	1	0	1	607	1	607	0.0	1230
533	lcl|HF680312.1_prot_CCU70512.1_63	90.000	30	3	0	508	537	1	30	1.01e-12	59.7
534	lcl|HF680312.1_prot_CCU70522.1_73	98.872	266	3	0	1	266	1	266	0.0	533
535	lcl|HF680312.1_prot_CCU70523.1_74	98.543	549	8	0	1	549	1	549	0.0	1101
536	lcl|HF680312.1_prot_CCU70524.1_75	98.305	236	4	0	27	262	1	236	1.35e-172	472
537	lcl|HF680312.1_prot_CCU70525.1_76	98.571	210	3	0	1	210	1	210	2.68e-159	435
538	lcl|HF680312.1_prot_CCU70526.1_77	97.000	200	6	0	2	201	1	200	6.71e-146	400
539	lcl|HF680312.1_prot_CCU70527.1_78	100.000	100	0	0	1	100	1	100	1.32e-70	202
540	lcl|HF680312.1_prot_CCU70528.1_79	99.543	219	1	0	7	225	1	219	1.67e-162	444
541	lcl|HF680312.1_prot_CCU70529.1_80	99.353	618	4	0	1	618	1	618	0.0	1261
542	lcl|HF680312.1_prot_CCU70531.1_82	100.000	519	0	0	1	519	1	519	0.0	1075
543	lcl|HF680312.1_prot_CCU70532.1_83	99.247	930	7	0	1	930	1	930	0.0	1899
544	lcl|HF680312.1_prot_CCU70533.1_84	100.000	94	0	0	1	94	1	94	2.52e-67	193
545	lcl|HF680312.1_prot_CCU70534.1_85	98.734	316	4	0	1	316	1	316	0.0	637
546	lcl|HF680312.1_prot_CCU70535.1_86	100.000	372	0	0	1	372	1	372	0.0	785
547	lcl|HF680312.1_prot_CCU70536.1_87	98.734	158	2	0	1	158	1	158	1.06e-115	321
548	lcl|HF680312.1_prot_CCU70537.1_88	98.387	124	2	0	1	124	1	124	1.63e-90	254
549	lcl|HF680312.1_prot_CCU70538.1_89	99.649	285	1	0	1	285	1	285	0.0	585
550	lcl|HF680312.1_prot_CCU70539.1_90	100.000	213	0	0	1	213	1	213	2.70e-155	426
551	lcl|HF680312.1_prot_CCU70540.1_91	100.000	88	0	0	2	89	1	88	7.40e-64	184
552	lcl|HF680312.1_prot_CCU70541.1_92	98.561	695	10	0	1	695	1	695	0.0	1393
554	lcl|HF680312.1_prot_CCU70542.1_93	100.000	295	0	0	1	295	7	301	0.0	593
555	lcl|HF680312.1_prot_CCU70543.1_94	97.084	583	17	0	1	583	1	583	0.0	1164
556	lcl|HF680312.1_prot_CCU70975.1_526	99.067	536	5	0	1	536	1	536	0.0	1096
556	lcl|HF680312.1_prot_CCU73517.1_3068	97.388	536	14	0	1	536	1	536	0.0	1083
556	lcl|HF680312.1_prot_CCU70866.1_417	96.685	543	11	1	1	536	1	543	0.0	1079
556	lcl|HF680312.1_prot_CCU71715.1_1266	96.317	543	13	1	1	536	1	543	0.0	1075
556	lcl|HF680312.1_prot_CCU73713.1_3264	97.015	536	16	0	1	536	1	536	0.0	1075
556	lcl|HF680312.1_prot_CCU73876.1_3427	95.028	543	20	1	1	536	1	543	0.0	1020
556	lcl|HF680312.1_prot_CCU73197.1_2748	95.028	543	20	1	1	536	1	543	0.0	1020
556	lcl|HF680312.1_prot_CCU73034.1_2585	95.028	543	20	1	1	536	1	543	0.0	1020
556	lcl|HF680312.1_prot_CCU72672.1_2223	93.554	543	28	1	1	536	1	543	0.0	1008
557	lcl|HF680312.1_prot_CCU73877.1_3428	100.000	118	0	0	1	118	1	118	1.15e-86	244
557	lcl|HF680312.1_prot_CCU73714.1_3265	100.000	118	0	0	1	118	1	118	1.15e-86	244
557	lcl|HF680312.1_prot_CCU73516.1_3067	100.000	118	0	0	1	118	1	118	1.15e-86	244
557	lcl|HF680312.1_prot_CCU73196.1_2747	100.000	118	0	0	1	118	1	118	1.15e-86	244
557	lcl|HF680312.1_prot_CCU73035.1_2586	100.000	118	0	0	1	118	1	118	1.15e-86	244
557	lcl|HF680312.1_prot_CCU71716.1_1267	100.000	118	0	0	1	118	1	118	1.15e-86	244
557	lcl|HF680312.1_prot_CCU70976.1_527	100.000	118	0	0	1	118	1	118	1.15e-86	244
557	lcl|HF680312.1_prot_CCU70867.1_418	100.000	118	0	0	1	118	1	118	1.15e-86	244
557	lcl|HF680312.1_prot_CCU72673.1_2224	99.153	118	1	0	1	118	1	118	5.54e-86	243
558	lcl|HF680312.1_prot_CCU73878.1_3429	100.000	99	0	0	1	99	1	99	3.63e-71	203
558	lcl|HF680312.1_prot_CCU73515.1_3066	100.000	99	0	0	1	99	1	99	3.63e-71	203
558	lcl|HF680312.1_prot_CCU73195.1_2746	100.000	99	0	0	1	99	1	99	3.63e-71	203
558	lcl|HF680312.1_prot_CCU71717.1_1268	100.000	99	0	0	1	99	1	99	3.63e-71	203
558	lcl|HF680312.1_prot_CCU70977.1_528	100.000	99	0	0	1	99	1	99	3.63e-71	203
558	lcl|HF680312.1_prot_CCU70868.1_419	100.000	99	0	0	1	99	1	99	3.63e-71	203
558	lcl|HF680312.1_prot_CCU73715.1_3266	95.960	99	4	0	1	99	1	99	1.41e-67	194
558	lcl|HF680312.1_prot_CCU73036.1_2587	95.960	99	4	0	1	99	1	99	1.41e-67	194
558	lcl|HF680312.1_prot_CCU72674.1_2225	94.949	99	5	0	1	99	1	99	2.67e-67	194
559	lcl|HF680312.1_prot_CCU70543.1_94	99.711	346	1	0	12	357	581	926	0.0	696
560	lcl|HF680312.1_prot_CCU70544.1_95	100.000	372	0	0	1	372	1	372	0.0	779
561	lcl|HF680312.1_prot_CCU70545.1_96	99.153	354	3	0	1	354	1	354	0.0	714
562	lcl|HF680312.1_prot_CCU70546.1_97	100.000	200	0	0	1	200	1	200	1.88e-148	407
563	lcl|HF680312.1_prot_CCU70547.1_98	99.667	600	2	0	1	600	9	608	0.0	1227
564	lcl|HF680312.1_prot_CCU70548.1_99	98.855	262	3	0	1	262	1	262	0.0	534
565	lcl|HF680312.1_prot_CCU70549.1_100	100.000	87	0	0	1	87	1	87	8.85e-62	179
566	lcl|HF680312.1_prot_CCU70550.1_101	99.566	692	3	0	1	692	1	692	0.0	1433
567	lcl|HF680312.1_prot_CCU70551.1_102	97.884	189	4	0	1	189	1	189	5.38e-138	380
568	lcl|HF680312.1_prot_CCU70552.1_103	100.000	122	0	0	1	122	1	122	6.91e-90	253
569	lcl|HF680312.1_prot_CCU70553.1_104	100.000	116	0	0	1	116	1	116	3.51e-86	243
570	lcl|HF680312.1_prot_CCU70554.1_105	99.578	237	1	0	1	237	1	237	8.87e-176	479
571	lcl|HF680312.1_prot_CCU70555.1_106	99.719	712	2	0	1	712	1	712	0.0	1465
572	lcl|HF680312.1_prot_CCU70556.1_107	100.000	444	0	0	1	444	1	444	0.0	927
573	lcl|HF680312.1_prot_CCU70557.1_108	95.161	62	0	1	1	62	1	59	1.42e-35	111
574	lcl|HF680312.1_prot_CCU70558.1_109	98.315	356	6	0	1	356	1	356	0.0	726
575	lcl|HF680312.1_prot_CCU70559.1_110	99.495	198	1	0	1	198	41	238	1.22e-151	416
576	lcl|HF680312.1_prot_CCU70560.1_111	99.791	479	1	0	1	479	1	479	0.0	989
577	lcl|HF680312.1_prot_CCU70561.1_112	100.000	240	0	0	1	240	1	240	0.0	497
578	lcl|HF680312.1_prot_CCU70562.1_113	99.353	618	4	0	1	618	1	618	0.0	1240
579	lcl|HF680312.1_prot_CCU70563.1_114	100.000	275	0	0	1	275	1	275	0.0	566
580	lcl|HF680312.1_prot_CCU70564.1_115	98.107	317	6	0	1	317	1	317	0.0	652
581	lcl|HF680312.1_prot_CCU70565.1_116	98.343	181	3	0	1	181	1	181	3.02e-132	364
582	lcl|HF680312.1_prot_CCU70567.1_118	98.341	422	7	0	1	422	1	422	0.0	844
583	lcl|HF680312.1_prot_CCU70568.1_119	99.716	352	1	0	1	352	1	352	0.0	715
584	lcl|HF680312.1_prot_CCU70569.1_120	100.000	173	0	0	1	173	1	173	1.46e-128	355
585	lcl|HF680312.1_prot_CCU70570.1_121	100.000	316	0	0	1	316	1	316	0.0	644
586	lcl|HF680312.1_prot_CCU70571.1_122	100.000	417	0	0	33	449	1	417	0.0	862
587	lcl|HF680312.1_prot_CCU70572.1_123	99.344	457	3	0	1	457	1	457	0.0	923
588	lcl|HF680312.1_prot_CCU70573.1_124	98.133	482	9	0	1	482	1	482	0.0	949
589	lcl|HF680312.1_prot_CCU70574.1_125	98.586	495	7	0	1	495	1	495	0.0	979
590	lcl|HF680312.1_prot_CCU70575.1_126	99.293	283	2	0	1	283	1	283	0.0	570
591	lcl|HF680312.1_prot_CCU70576.1_127	98.020	202	4	0	1	202	1	202	2.94e-149	409
592	lcl|HF680312.1_prot_CCU70577.1_128	98.462	65	1	0	1	65	1	65	7.39e-43	129
593	lcl|HF680312.1_prot_CCU70578.1_129	90.551	127	1	1	1	116	1	127	1.19e-68	199
594	lcl|HF680312.1_prot_CCU70579.1_130	99.024	205	2	0	1	205	1	205	2.24e-147	405
595	lcl|HF680312.1_prot_CCU70580.1_131	98.976	293	3	0	9	301	1	293	0.0	597
596	lcl|HF680312.1_prot_CCU70581.1_132	95.985	548	22	0	1	548	1	548	0.0	1085
597	lcl|HF680312.1_prot_CCU70582.1_133	100.000	219	0	0	1	219	1	219	6.74e-165	450
598	lcl|HF680312.1_prot_CCU70583.1_134	99.457	184	1	0	1	184	1	184	1.01e-136	376
599	lcl|HF680312.1_prot_CCU70584.1_135	100.000	254	0	0	1	254	1	254	0.0	517
600	lcl|HF680312.1_prot_CCU70585.1_136	99.763	422	1	0	1	422	1	422	0.0	846
601	lcl|HF680312.1_prot_CCU70586.1_137	99.160	238	2	0	1	238	1	238	3.00e-175	478
602	lcl|HF680312.1_prot_CCU70587.1_138	100.000	347	0	0	1	347	1	347	0.0	692
603	lcl|HF680312.1_prot_CCU70589.1_140	100.000	289	0	0	1	289	1	289	0.0	593
604	lcl|HF680312.1_prot_CCU70590.1_141	97.710	131	3	0	1	131	1	131	7.65e-94	263
605	lcl|HF680312.1_prot_CCU70591.1_142	99.345	458	3	0	1	458	1	458	0.0	865
606	lcl|HF680312.1_prot_CCU70592.1_143	100.000	170	0	0	1	170	1	170	2.45e-124	343
607	lcl|HF680312.1_prot_CCU70593.1_144	100.000	346	0	0	1	346	1	346	0.0	709
608	lcl|HF680312.1_prot_CCU70594.1_145	99.527	423	2	0	35	457	1	423	0.0	831
609	lcl|HF680312.1_prot_CCU70595.1_146	99.765	426	1	0	1	426	1	426	0.0	859
610	lcl|HF680312.1_prot_CCU70596.1_147	100.000	267	0	0	1	267	1	267	0.0	555
611	lcl|HF680312.1_prot_CCU70597.1_148	100.000	240	0	0	1	240	1	240	2.54e-178	486
613	lcl|HF680312.1_prot_CCU70599.1_150	99.522	418	2	0	1	418	1	418	0.0	858
614	lcl|HF680312.1_prot_CCU70600.1_151	100.000	235	0	0	1	235	1	235	2.96e-176	480
620	lcl|HF680312.1_prot_CCU70601.1_152	100.000	163	0	0	1	163	1	163	7.22e-124	342
621	lcl|HF680312.1_prot_CCU70602.1_153	100.000	107	0	0	1	107	1	107	7.43e-75	213
622	lcl|HF680312.1_prot_CCU70603.1_154	99.592	245	1	0	1	245	1	245	0.0	512
623	lcl|HF680312.1_prot_CCU70604.1_155	100.000	268	0	0	1	268	1	268	0.0	539
624	lcl|HF680312.1_prot_CCU70605.1_156	100.000	308	0	0	1	308	1	308	0.0	624
625	lcl|HF680312.1_prot_CCU70606.1_157	100.000	443	0	0	1	443	1	443	0.0	918
626	lcl|HF680312.1_prot_CCU70607.1_158	100.000	234	0	0	1	234	1	234	5.82e-178	484
627	lcl|HF680312.1_prot_CCU70608.1_159	96.656	299	10	0	1	299	9	307	0.0	555
628	lcl|HF680312.1_prot_CCU70610.1_161	100.000	54	0	0	1	54	1	54	2.51e-35	110
629	lcl|HF680312.1_prot_CCU70611.1_162	99.740	385	1	0	1	385	1	385	0.0	779
630	lcl|HF680312.1_prot_CCU70612.1_163	100.000	90	0	0	1	90	1	90	1.12e-60	176
631	lcl|HF680312.1_prot_CCU70613.1_164	100.000	132	0	0	1	132	36	167	2.11e-97	274
632	lcl|HF680312.1_prot_CCU70614.1_165	100.000	122	0	0	1	122	1	122	1.09e-87	247
633	lcl|HF680312.1_prot_CCU70615.1_166	99.764	423	1	0	1	423	1	423	0.0	829
634	lcl|HF680312.1_prot_CCU70616.1_167	98.479	263	4	0	1	263	1	263	0.0	522
635	lcl|HF680312.1_prot_CCU70617.1_168	100.000	467	0	0	1	467	1	467	0.0	966
636	lcl|HF680312.1_prot_CCU70618.1_169	99.566	692	3	0	1	692	1	692	0.0	1405
637	lcl|HF680312.1_prot_CCU70619.1_170	100.000	299	0	0	1	299	1	299	0.0	614
638	lcl|HF680312.1_prot_CCU70620.1_171	100.000	283	0	0	1	283	1	283	0.0	585
639	lcl|HF680312.1_prot_CCU70621.1_172	100.000	126	0	0	1	126	1	126	4.01e-93	261
640	lcl|HF680312.1_prot_CCU70622.1_173	100.000	127	0	0	1	127	1	127	2.12e-92	259
641	lcl|HF680312.1_prot_CCU70623.1_174	99.574	704	3	0	1	704	1	704	0.0	1448
642	lcl|HF680312.1_prot_CCU70624.1_175	100.000	77	0	0	1	77	1	77	1.30e-51	152
643	lcl|HF680312.1_prot_CCU70625.1_176	100.000	207	0	0	1	207	1	207	5.36e-157	429
644	lcl|HF680312.1_prot_CCU70626.1_177	96.255	267	10	0	1	267	1	267	0.0	536
645	lcl|HF680312.1_prot_CCU70627.1_178	91.667	96	8	0	1	96	12	107	1.41e-61	179
646	lcl|HF680312.1_prot_CCU70628.1_179	92.857	448	32	0	1	448	1	448	0.0	869
648	lcl|HF680312.1_prot_CCU70631.1_182	99.010	101	1	0	1	101	5	105	3.66e-71	204
649	lcl|HF680312.1_prot_CCU70632.1_183	93.349	421	23	1	1	421	1	416	0.0	810
657	lcl|HF680312.1_prot_CCU70649.1_200	95.960	297	12	0	1	297	1	297	0.0	581
658	lcl|HF680312.1_prot_CCU70650.1_201	100.000	238	0	0	1	238	1	238	6.50e-179	487
659	lcl|HF680312.1_prot_CCU70651.1_202	100.000	259	0	0	1	259	1	259	0.0	537
660	lcl|HF680312.1_prot_CCU70652.1_203	99.602	251	1	0	1	251	1	251	0.0	508
661	lcl|HF680312.1_prot_CCU70653.1_204	100.000	223	0	0	1	223	1	223	2.85e-162	444
662	lcl|HF680312.1_prot_CCU70654.1_205	100.000	204	0	0	1	204	1	204	3.69e-151	414
663	lcl|HF680312.1_prot_CCU70655.1_206	100.000	301	0	0	1	301	1	301	0.0	602
664	lcl|HF680312.1_prot_CCU70656.1_207	98.918	832	9	0	1	832	1	832	0.0	1697
665	lcl|HF680312.1_prot_CCU70657.1_208	99.338	151	1	0	1	151	1	151	8.99e-110	305
666	lcl|HF680312.1_prot_CCU70658.1_209	99.515	412	2	0	1	412	1	412	0.0	837
667	lcl|HF680312.1_prot_CCU70659.1_210	100.000	224	0	0	1	224	5	228	2.72e-167	457
668	lcl|HF680312.1_prot_CCU70661.1_212	100.000	78	0	0	1	78	1	78	3.32e-54	159
669	lcl|HF680312.1_prot_CCU70662.1_213	100.000	52	0	0	1	52	1	52	7.19e-35	108
670	lcl|HF680312.1_prot_CCU70663.1_214	100.000	269	0	0	1	269	1	269	0.0	550
671	lcl|HF680312.1_prot_CCU70664.1_215	99.398	166	1	0	1	166	1	166	3.53e-124	343
672	lcl|HF680312.1_prot_CCU70665.1_216	99.194	248	2	0	1	248	1	248	0.0	497
673	lcl|HF680312.1_prot_CCU70666.1_217	100.000	573	0	0	1	573	1	573	0.0	1171
674	lcl|HF680312.1_prot_CCU70667.1_218	100.000	85	0	0	1	85	1	85	4.59e-58	169
675	lcl|HF680312.1_prot_CCU70668.1_219	100.000	160	0	0	1	160	1	160	1.37e-117	326
676	lcl|HF680312.1_prot_CCU70669.1_220	99.449	544	3	0	1	544	1	544	0.0	1122
677	lcl|HF680312.1_prot_CCU70670.1_221	100.000	182	0	0	1	182	1	182	5.09e-134	369
678	lcl|HF680312.1_prot_CCU70671.1_222	99.375	480	3	0	1	480	1	480	0.0	998
679	lcl|HF680312.1_prot_CCU70672.1_223	100.000	219	0	0	1	219	1	219	1.50e-166	454
680	lcl|HF680312.1_prot_CCU70673.1_224	100.000	361	0	0	1	361	1	361	0.0	736
681	lcl|HF680312.1_prot_CCU70674.1_225	100.000	265	0	0	1	265	1	265	0.0	555
682	lcl|HF680312.1_prot_CCU70675.1_226	96.721	122	4	0	1	122	1	122	2.90e-86	243
683	lcl|HF680312.1_prot_CCU70676.1_227	98.673	226	3	0	1	226	1	226	1.87e-164	449
684	lcl|HF680312.1_prot_CCU70677.1_228	99.831	590	1	0	1	590	1	590	0.0	1181
685	lcl|HF680312.1_prot_CCU70678.1_229	99.659	293	1	0	1	293	1	293	0.0	577
686	lcl|HF680312.1_prot_CCU70679.1_230	100.000	248	0	0	1	248	1	248	1.91e-178	487
687	lcl|HF680312.1_prot_CCU70680.1_231	99.130	115	1	0	1	115	1	115	2.79e-79	225
688	lcl|HF680312.1_prot_CCU70681.1_232	100.000	82	0	0	1	82	1	82	1.21e-54	160
689	lcl|HF680312.1_prot_CCU70682.1_233	100.000	110	0	0	1	110	1	110	6.09e-80	226
690	lcl|HF680312.1_prot_CCU70683.1_234	100.000	110	0	0	1	110	1	110	2.55e-77	220
691	lcl|HF680312.1_prot_CCU70684.1_235	100.000	125	0	0	1	125	1	125	1.39e-93	262
692	lcl|HF680312.1_prot_CCU70685.1_236	99.818	550	1	0	1	550	1	550	0.0	1121
693	lcl|HF680312.1_prot_CCU70686.1_237	100.000	209	0	0	1	209	1	209	2.31e-154	423
694	lcl|HF680312.1_prot_CCU70687.1_238	100.000	249	0	0	1	249	1	249	0.0	518
695	lcl|HF680312.1_prot_CCU70688.1_239	100.000	83	0	0	1	83	1	83	1.94e-56	165
696	lcl|HF680312.1_prot_CCU70689.1_240	98.951	286	3	0	1	286	1	286	0.0	578
697	lcl|HF680312.1_prot_CCU70690.1_241	99.392	1645	10	0	1	1645	1	1645	0.0	3338
698	lcl|HF680312.1_prot_CCU70691.1_242	98.995	199	2	0	1	199	1	199	2.35e-145	399
699	lcl|HF680312.1_prot_CCU70692.1_243	91.416	699	60	0	1	699	1	699	0.0	1336
700	lcl|HF680312.1_prot_CCU70694.1_245	96.369	358	13	0	1	358	1	358	0.0	699
701	lcl|HF680312.1_prot_CCU70695.1_246	94.350	177	10	0	1	177	1	177	1.29e-124	345
702	lcl|HF680312.1_prot_CCU70696.1_247	94.907	216	11	0	1	216	40	255	5.64e-149	411
703	lcl|HF680312.1_prot_CCU70697.1_248	99.580	238	1	0	1	238	1	238	7.97e-175	477
704	lcl|HF680312.1_prot_CCU70698.1_249	99.035	829	8	0	1	829	1	829	0.0	1618
705	lcl|HF680312.1_prot_CCU70699.1_250	98.738	634	8	0	1	634	1	634	0.0	1284
706	lcl|HF680312.1_prot_CCU70700.1_251	99.490	196	1	0	1	196	1	196	1.12e-144	397
707	lcl|HF680312.1_prot_CCU70701.1_252	100.000	111	0	0	1	111	1	111	4.43e-79	224
708	lcl|HF680312.1_prot_CCU70702.1_253	100.000	63	0	0	1	63	1	63	5.27e-41	125
709	lcl|HF680312.1_prot_CCU70703.1_254	99.038	416	4	0	1	416	1	416	0.0	836
710	lcl|HF680312.1_prot_CCU70704.1_255	100.000	162	0	0	1	162	1	162	4.20e-121	335
711	lcl|HF680312.1_prot_CCU70705.1_256	98.889	90	1	0	1	90	1	90	7.30e-63	182
712	lcl|HF680312.1_prot_CCU70706.1_257	99.574	235	1	0	1	235	1	235	6.94e-178	484
713	lcl|HF680312.1_prot_CCU70707.1_258	100.000	223	0	0	1	223	1	223	6.10e-167	456
714	lcl|HF680312.1_prot_CCU70708.1_259	99.275	276	2	0	1	276	1	276	0.0	562
715	lcl|HF680312.1_prot_CCU70709.1_260	99.279	416	3	0	1	416	1	416	0.0	843
716	lcl|HF680312.1_prot_CCU70710.1_261	100.000	42	0	0	1	42	1	42	1.83e-26	86.7
717	lcl|HF680312.1_prot_CCU70711.1_262	99.782	917	2	0	1	917	1	917	0.0	1883
718	lcl|HF680312.1_prot_CCU70712.1_263	99.527	423	2	0	1	423	1	423	0.0	857
719	lcl|HF680312.1_prot_CCU70713.1_264	100.000	332	0	0	1	332	1	332	0.0	680
720	lcl|HF680312.1_prot_CCU70714.1_265	99.390	164	1	0	1	164	1	164	1.87e-119	331
721	lcl|HF680312.1_prot_CCU70715.1_266	100.000	153	0	0	1	153	1	153	3.10e-113	314
722	lcl|HF680312.1_prot_CCU70716.1_267	100.000	185	0	0	1	185	1	185	2.36e-139	383
723	lcl|HF680312.1_prot_CCU70717.1_268	99.658	292	1	0	1	292	1	292	0.0	601
724	lcl|HF680312.1_prot_CCU70718.1_269	99.363	314	2	0	1	314	1	314	0.0	642
725	lcl|HF680312.1_prot_CCU70719.1_270	100.000	126	0	0	1	126	7	132	2.31e-91	257
726	lcl|HF680312.1_prot_CCU70720.1_271	100.000	123	0	0	1	123	1	123	8.15e-89	250
727	lcl|HF680312.1_prot_CCU70721.1_272	100.000	175	0	0	1	175	1	175	6.29e-128	353
728	lcl|HF680312.1_prot_CCU70722.1_273	100.000	685	0	0	1	685	1	685	0.0	1351
729	lcl|HF680312.1_prot_CCU70723.1_274	100.000	297	0	0	1	297	1	297	0.0	610
730	lcl|HF680312.1_prot_CCU70724.1_275	97.870	2113	43	1	7	2119	1	2111	0.0	4158
731	lcl|HF680312.1_prot_CCU70725.1_276	99.454	366	2	0	1	366	1	366	0.0	749
732	lcl|HF680312.1_prot_CCU70726.1_277	93.038	158	11	0	1	158	1	158	9.10e-110	306
738	lcl|HF680312.1_prot_CCU70733.1_284	93.750	304	19	0	1	304	1	304	0.0	603
739	lcl|HF680312.1_prot_CCU70734.1_285	99.709	344	1	0	1	344	1	344	0.0	705
740	lcl|HF680312.1_prot_CCU70735.1_286	99.476	382	2	0	1	382	1	382	0.0	785
741	lcl|HF680312.1_prot_CCU70736.1_287	99.783	460	1	0	1	460	1	460	0.0	954
742	lcl|HF680312.1_prot_CCU70737.1_288	100.000	403	0	0	1	403	1	403	0.0	830
743	lcl|HF680312.1_prot_CCU70738.1_289	99.701	335	1	0	1	335	1	335	0.0	689
744	lcl|HF680312.1_prot_CCU70739.1_290	100.000	329	0	0	1	329	1	329	0.0	667
745	lcl|HF680312.1_prot_CCU70740.1_291	98.289	409	7	0	1	409	1	409	0.0	827
746	lcl|HF680312.1_prot_CCU70741.1_292	98.639	735	10	0	1	735	1	735	0.0	1504
747	lcl|HF680312.1_prot_CCU70742.1_293	99.225	258	2	0	1	258	1	258	0.0	525
748	lcl|HF680312.1_prot_CCU70743.1_294	99.251	668	5	0	1	668	1	668	0.0	1356
749	lcl|HF680312.1_prot_CCU70744.1_295	99.640	278	1	0	1	278	1	278	0.0	554
750	lcl|HF680312.1_prot_CCU70745.1_296	100.000	309	0	0	1	309	1	309	0.0	645
751	lcl|HF680312.1_prot_CCU70746.1_297	99.588	970	4	0	1	970	1	970	0.0	1986
752	lcl|HF680312.1_prot_CCU70747.1_298	100.000	274	0	0	1	274	1	274	0.0	543
753	lcl|HF680312.1_prot_CCU70748.1_299	100.000	303	0	0	1	303	1	303	0.0	600
754	lcl|HF680312.1_prot_CCU70749.1_300	99.469	377	2	0	1	377	1	377	0.0	780
755	lcl|HF680312.1_prot_CCU70750.1_301	99.180	366	3	0	1	366	1	366	0.0	738
756	lcl|HF680312.1_prot_CCU70752.1_303	99.513	821	4	0	1	821	1	821	0.0	1671
757	lcl|HF680312.1_prot_CCU70753.1_304	100.000	134	0	0	1	134	1	134	8.25e-97	271
758	lcl|HF680312.1_prot_CCU70754.1_305	93.952	496	30	0	1	496	1	496	0.0	947
759	lcl|HF680312.1_prot_CCU70755.1_306	97.970	197	4	0	1	197	1	197	2.11e-138	381
760	lcl|HF680312.1_prot_CCU70756.1_307	99.770	435	1	0	1	435	1	435	0.0	894
761	lcl|HF680312.1_prot_CCU70757.1_308	97.872	141	3	0	1	141	1	141	1.03e-100	281
762	lcl|HF680312.1_prot_CCU70758.1_309	99.482	579	3	0	1	579	1	579	0.0	1144
763	lcl|HF680312.1_prot_CCU70759.1_310	99.709	344	1	0	1	344	1	344	0.0	704
764	lcl|HF680312.1_prot_CCU70760.1_311	99.602	251	1	0	1	251	1	251	0.0	506
765	lcl|HF680312.1_prot_CCU70761.1_312	98.592	142	2	0	1	142	1	142	1.57e-101	284
766	lcl|HF680312.1_prot_CCU70762.1_313	99.130	115	1	0	1	115	1	115	1.07e-80	229
767	lcl|HF680312.1_prot_CCU70763.1_314	97.546	163	4	0	1	163	1	163	5.81e-118	327
768	lcl|HF680312.1_prot_CCU70764.1_315	98.883	358	4	0	1	358	1	358	0.0	729
769	lcl|HF680312.1_prot_CCU70765.1_316	99.529	425	2	0	1	425	1	425	0.0	866
770	lcl|HF680312.1_prot_CCU70766.1_317	100.000	433	0	0	1	433	1	433	0.0	890
773	lcl|HF680312.1_prot_CCU70767.1_318	91.733	375	29	1	15	389	1	373	0.0	701
776	lcl|HF680312.1_prot_CCU70770.1_321	100.000	801	0	0	1	801	1	801	0.0	1600
777	lcl|HF680312.1_prot_CCU70771.1_322	99.806	516	1	0	1	516	1	516	0.0	1050
778	lcl|HF680312.1_prot_CCU70772.1_323	98.444	257	4	0	1	257	1	257	0.0	516
779	lcl|HF680312.1_prot_CCU70773.1_324	99.320	147	1	0	1	147	1	147	2.99e-109	303
780	lcl|HF680312.1_prot_CCU70774.1_325	99.543	219	1	0	1	219	1	219	7.51e-160	437
781	lcl|HF680312.1_prot_CCU70775.1_326	100.000	173	0	0	4	176	1	173	2.53e-129	357
782	lcl|HF680312.1_prot_CCU70776.1_327	100.000	373	0	0	35	407	1	373	0.0	755
783	lcl|HF680312.1_prot_CCU70778.1_329	100.000	335	0	0	1	335	1	335	0.0	679
784	lcl|HF680312.1_prot_CCU70779.1_330	98.752	561	7	0	1	561	1	561	0.0	1145
785	lcl|HF680312.1_prot_CCU70780.1_331	100.000	178	0	0	1	178	1	178	1.48e-131	362
786	lcl|HF680312.1_prot_CCU70781.1_332	99.547	662	3	0	1	662	1	662	0.0	1375
787	lcl|HF680312.1_prot_CCU70782.1_333	98.958	288	3	0	1	288	1	288	0.0	586
789	lcl|HF680312.1_prot_CCU70783.1_334	99.166	719	6	0	1	719	1	719	0.0	1497
790	lcl|HF680312.1_prot_CCU70792.1_343	100.000	88	0	0	1	88	1	88	1.96e-65	188
791	lcl|HF680312.1_prot_CCU70793.1_344	98.854	349	4	0	1	349	1	349	0.0	721
792	lcl|HF680312.1_prot_CCU70794.1_345	100.000	771	0	0	33	803	1	771	0.0	1589
793	lcl|HF680312.1_prot_CCU70795.1_346	99.522	209	1	0	1	209	1	209	8.33e-156	426
794	lcl|HF680312.1_prot_CCU70796.1_347	99.281	139	1	0	1	139	1	139	1.51e-101	283
795	lcl|HF680312.1_prot_CCU70797.1_348	100.000	196	0	0	1	196	1	196	8.92e-148	405
796	lcl|HF680312.1_prot_CCU70798.1_349	100.000	214	0	0	1	214	1	214	2.16e-162	443
797	lcl|HF680312.1_prot_CCU70799.1_350	100.000	246	0	0	1	246	1	246	0.0	494
798	lcl|HF680312.1_prot_CCU70800.1_351	99.606	254	1	0	1	254	1	254	0.0	510
799	lcl|HF680312.1_prot_CCU70801.1_352	99.424	521	3	0	1	521	1	521	0.0	1045
800	lcl|HF680312.1_prot_CCU70802.1_353	99.837	612	1	0	1	612	1	612	0.0	1261
801	lcl|HF680312.1_prot_CCU70803.1_354	100.000	135	0	0	1	135	1	135	3.62e-101	282
802	lcl|HF680312.1_prot_CCU70804.1_355	99.783	460	1	0	1	460	1	460	0.0	946
803	lcl|HF680312.1_prot_CCU70805.1_356	100.000	151	0	0	1	151	1	151	1.64e-106	297
804	lcl|HF680312.1_prot_CCU70806.1_357	100.000	313	0	0	1	313	1	313	0.0	629
805	lcl|HF680312.1_prot_CCU70807.1_358	99.608	765	3	0	104	868	1	765	0.0	1593
806	lcl|HF680312.1_prot_CCU70808.1_359	99.069	537	5	0	1	537	1	537	0.0	1087
807	lcl|HF680312.1_prot_CCU70809.1_360	100.000	177	0	0	2	178	1	177	4.58e-131	361
808	lcl|HF680312.1_prot_CCU70810.1_361	100.000	444	0	0	1	444	1	444	0.0	909
809	lcl|HF680312.1_prot_CCU70811.1_362	99.659	293	1	0	1	293	1	293	0.0	605
810	lcl|HF680312.1_prot_CCU70812.1_363	99.914	1165	1	0	1	1165	1	1165	0.0	2403
811	lcl|HF680312.1_prot_CCU70813.1_364	99.556	225	1	0	1	225	1	225	8.18e-169	461
812	lcl|HF680312.1_prot_CCU70814.1_365	100.000	417	0	0	1	417	1	417	0.0	854
813	lcl|HF680312.1_prot_CCU70815.1_366	100.000	172	0	0	1	172	1	172	1.11e-124	345
814	lcl|HF680312.1_prot_CCU70816.1_367	100.000	494	0	0	1	494	1	494	0.0	1033
815	lcl|HF680312.1_prot_CCU70817.1_368	99.407	506	3	0	1	506	18	523	0.0	1050
816	lcl|HF680312.1_prot_CCU70818.1_369	98.742	159	2	0	1	159	1	159	1.64e-116	323
817	lcl|HF680312.1_prot_CCU70819.1_370	99.672	610	2	0	1	610	1	610	0.0	1253
818	lcl|HF680312.1_prot_CCU70820.1_371	100.000	379	0	0	1	379	1	379	0.0	793
819	lcl|HF680312.1_prot_CCU70821.1_372	98.758	886	11	0	1	886	1	886	0.0	1795
824	lcl|HF680312.1_prot_CCU70827.1_378	98.969	97	1	0	1	97	1	97	3.28e-63	183
825	lcl|HF680312.1_prot_CCU70828.1_379	98.454	194	3	0	1	194	1	194	3.56e-141	388
826	lcl|HF680312.1_prot_CCU70829.1_380	98.885	628	7	0	1	628	1	628	0.0	1283
827	lcl|HF680312.1_prot_CCU70830.1_381	100.000	162	0	0	1	162	1	162	5.67e-119	329
828	lcl|HF680312.1_prot_CCU70831.1_382	100.000	167	0	0	76	242	1	167	8.12e-126	350
829	lcl|HF680312.1_prot_CCU70833.1_384	98.966	290	3	0	5	294	1	290	0.0	594
830	lcl|HF680312.1_prot_CCU70834.1_385	99.854	683	1	0	1	683	1	683	0.0	1387
832	lcl|HF680312.1_prot_CCU70835.1_386	95.113	798	25	1	3	786	2794	3591	0.0	1497
835	lcl|HF680312.1_prot_CCU70838.1_389	98.431	701	11	0	1	701	1	701	0.0	1394
836	lcl|HF680312.1_prot_CCU70839.1_390	100.000	529	0	0	1	529	1	529	0.0	1097
837	lcl|HF680312.1_prot_CCU70840.1_391	100.000	103	0	0	1	103	1	103	1.87e-71	204
838	lcl|HF680312.1_prot_CCU70841.1_392	100.000	143	0	0	1	143	1	143	1.81e-106	296
839	lcl|HF680312.1_prot_CCU70842.1_393	100.000	130	0	0	2	131	1	130	5.83e-93	261
840	lcl|HF680312.1_prot_CCU70843.1_394	100.000	198	0	0	1	198	1	198	3.79e-148	406
841	lcl|HF680312.1_prot_CCU70844.1_395	100.000	410	0	0	1	410	1	410	0.0	835
842	lcl|HF680312.1_prot_CCU70845.1_396	99.206	252	2	0	1	252	1	252	0.0	521
843	lcl|HF680312.1_prot_CCU70846.1_397	100.000	199	0	0	1	199	10	208	5.11e-149	409
844	lcl|HF680312.1_prot_CCU70847.1_398	97.143	140	4	0	1	140	1	140	3.98e-99	277
845	lcl|HF680312.1_prot_CCU70848.1_399	98.936	188	2	0	1	188	1	188	1.84e-138	381
846	lcl|HF680312.1_prot_CCU70849.1_400	100.000	201	0	0	1	201	1	201	2.36e-148	407
847	lcl|HF680312.1_prot_CCU70850.1_401	99.465	187	1	0	1	187	1	187	4.56e-139	382
848	lcl|HF680312.1_prot_CCU70851.1_402	99.571	233	1	0	1	233	1	233	1.37e-171	468
849	lcl|HF680312.1_prot_CCU70852.1_403	100.000	191	0	0	1	191	1	191	8.38e-141	387
850	lcl|HF680312.1_prot_CCU70853.1_404	99.074	216	2	0	1	216	1	216	1.98e-157	431
851	lcl|HF680312.1_prot_CCU70854.1_405	99.314	729	5	0	1	729	1	729	0.0	1513
852	lcl|HF680312.1_prot_CCU70855.1_406	95.782	403	9	1	1	403	1	395	0.0	763
853	lcl|HF680312.1_prot_CCU70856.1_407	99.584	481	2	0	1	481	31	511	0.0	989
854	lcl|HF680312.1_prot_CCU70857.1_408	98.261	115	2	0	1	115	1	115	1.15e-78	224
855	lcl|HF680312.1_prot_CCU70861.1_412	96.218	238	9	0	1	238	1	238	3.38e-177	483
856	lcl|HF680312.1_prot_CCU70862.1_413	97.959	98	2	0	1	98	1	98	1.95e-69	199
857	lcl|HF680312.1_prot_CCU70863.1_414	100.000	85	0	0	1	85	1	85	9.65e-59	171
863	lcl|HF680312.1_prot_CCU73512.1_3063	99.379	483	3	0	1	483	1	483	0.0	991
864	lcl|HF680312.1_prot_CCU73511.1_3062	100.000	484	0	0	3	486	1	484	0.0	1003
865	lcl|HF680312.1_prot_CCU73510.1_3061	100.000	95	0	0	1	95	1	95	7.00e-66	190
866	lcl|HF680312.1_prot_CCU73509.1_3060	99.710	345	1	0	1	345	1	345	0.0	687
867	lcl|HF680312.1_prot_CCU73508.1_3059	100.000	265	0	0	8	272	1	265	0.0	538
868	lcl|HF680312.1_prot_CCU73507.1_3058	100.000	158	0	0	1	158	1	158	6.82e-112	311
869	lcl|HF680312.1_prot_CCU73506.1_3057	99.474	190	1	0	1	190	1	190	9.42e-137	377
870	lcl|HF680312.1_prot_CCU73505.1_3056	100.000	477	0	0	7	483	1	477	0.0	972
871	lcl|HF680312.1_prot_CCU73504.1_3055	99.095	1326	12	0	1	1326	1	1326	0.0	2656
872	lcl|HF680312.1_prot_CCU73503.1_3054	96.565	262	9	0	2	263	1	262	0.0	528
873	lcl|HF680312.1_prot_CCU73502.1_3053	100.000	170	0	0	1	170	1	170	2.09e-127	351
874	lcl|HF680312.1_prot_CCU73501.1_3052	99.335	451	3	0	1	451	1	451	0.0	894
875	lcl|HF680312.1_prot_CCU73500.1_3051	100.000	89	0	0	1	89	1	89	1.05e-61	179
876	lcl|HF680312.1_prot_CCU73499.1_3050	99.656	291	1	0	1	291	1	291	0.0	602
877	lcl|HF680312.1_prot_CCU73498.1_3049	100.000	152	0	0	1	152	1	152	3.03e-110	306
878	lcl|HF680312.1_prot_CCU73497.1_3048	100.000	100	0	0	1	100	1	100	1.63e-70	202
879	lcl|HF680312.1_prot_CCU73496.1_3047	99.800	501	1	0	1	501	1	501	0.0	1027
880	lcl|HF680312.1_prot_CCU73495.1_3046	100.000	241	0	0	1	241	1	241	4.15e-179	488
881	lcl|HF680312.1_prot_CCU73494.1_3045	99.465	187	1	0	11	197	1	187	3.55e-138	380
882	lcl|HF680312.1_prot_CCU73493.1_3044	100.000	189	0	0	1	189	1	189	8.38e-141	387
883	lcl|HF680312.1_prot_CCU73492.1_3043	99.385	325	2	0	1	325	1	325	0.0	658
884	lcl|HF680312.1_prot_CCU73491.1_3042	100.000	318	0	0	1	318	1	318	0.0	611
885	lcl|HF680312.1_prot_CCU73490.1_3041	100.000	270	0	0	1	270	1	270	0.0	540
886	lcl|HF680312.1_prot_CCU73489.1_3040	100.000	260	0	0	1	260	1	260	0.0	504
887	lcl|HF680312.1_prot_CCU73488.1_3039	100.000	152	0	0	1	152	1	152	7.30e-109	303
888	lcl|HF680312.1_prot_CCU73487.1_3038	100.000	102	0	0	1	102	1	102	7.97e-72	205
889	lcl|HF680312.1_prot_CCU73486.1_3037	100.000	77	0	0	1	77	1	77	7.62e-54	158
890	lcl|HF680312.1_prot_CCU73485.1_3036	100.000	420	0	0	1	420	1	420	0.0	848
891	lcl|HF680312.1_prot_CCU73484.1_3035	100.000	216	0	0	1	216	1	216	1.69e-160	439
892	lcl|HF680312.1_prot_CCU73483.1_3034	99.539	434	2	0	1	434	1	434	0.0	882
893	lcl|HF680312.1_prot_CCU73482.1_3033	98.603	358	5	0	1	358	1	358	0.0	727
894	lcl|HF680312.1_prot_CCU73481.1_3032	99.745	392	1	0	1	392	1	392	0.0	785
895	lcl|HF680312.1_prot_CCU73480.1_3031	100.000	253	0	0	1	253	1	253	0.0	519
896	lcl|HF680312.1_prot_CCU73479.1_3030	99.754	407	1	0	1	407	1	407	0.0	824
897	lcl|HF680312.1_prot_CCU73476.1_3027	99.677	310	1	0	1	310	1	310	0.0	605
898	lcl|HF680312.1_prot_CCU73475.1_3026	99.677	310	1	0	1	310	1	310	0.0	610
899	lcl|HF680312.1_prot_CCU73473.1_3024	99.444	540	3	0	1	540	1	540	0.0	1101
900	lcl|HF680312.1_prot_CCU73472.1_3023	100.000	430	0	0	1	430	1	430	0.0	871
901	lcl|HF680312.1_prot_CCU73471.1_3022	98.319	119	2	0	1	119	5	123	1.12e-83	237
902	lcl|HF680312.1_prot_CCU73470.1_3021	99.394	165	1	0	1	165	1	165	2.63e-124	343
903	lcl|HF680312.1_prot_CCU73469.1_3020	98.101	158	3	0	1	158	1	158	5.29e-118	327
904	lcl|HF680312.1_prot_CCU73468.1_3019	98.964	193	2	0	1	193	20	212	5.14e-144	396
906	lcl|HF680312.1_prot_CCU73466.1_3017	100.000	296	0	0	1	296	1	296	0.0	612
907	lcl|HF680312.1_prot_CCU73465.1_3016	100.000	56	0	0	1	56	1	56	2.00e-37	115
908	lcl|HF680312.1_prot_CCU73464.1_3015	91.691	349	29	0	1	349	1	349	0.0	660
910	lcl|HF680312.1_prot_CCU73462.1_3013	98.667	375	5	0	22	396	1	375	0.0	761
911	lcl|HF680312.1_prot_CCU73461.1_3012	100.000	96	0	0	21	116	1	96	4.95e-67	194
912	lcl|HF680312.1_prot_CCU73460.1_3011	98.712	233	3	0	1	233	19	251	2.38e-174	476
913	lcl|HF680312.1_prot_CCU73459.1_3010	100.000	160	0	0	1	160	1	160	4.17e-115	319
914	lcl|HF680312.1_prot_CCU73458.1_3009	99.413	341	2	0	1	341	1	341	0.0	692
915	lcl|HF680312.1_prot_CCU73457.1_3008	100.000	245	0	0	1	245	1	245	0.0	496
916	lcl|HF680312.1_prot_CCU73456.1_3007	99.545	220	1	0	1	220	1	220	1.72e-161	442
917	lcl|HF680312.1_prot_CCU73455.1_3006	100.000	298	0	0	1	298	3	300	0.0	584
918	lcl|HF680312.1_prot_CCU73454.1_3005	99.228	259	2	0	1	259	1	259	0.0	520
919	lcl|HF680312.1_prot_CCU73453.1_3004	99.689	322	1	0	1	322	1	322	0.0	642
923	lcl|HF680312.1_prot_CCU73711.1_3262	100.000	97	0	0	1	97	1	97	7.67e-69	197
923	lcl|HF680312.1_prot_CCU73193.1_2744	100.000	97	0	0	1	97	1	97	7.67e-69	197
923	lcl|HF680312.1_prot_CCU72959.1_2510	100.000	97	0	0	1	97	1	97	7.67e-69	197
923	lcl|HF680312.1_prot_CCU72581.1_2132	100.000	97	0	0	1	97	1	97	7.67e-69	197
923	lcl|HF680312.1_prot_CCU72347.1_1898	100.000	97	0	0	1	97	1	97	7.67e-69	197
923	lcl|HF680312.1_prot_CCU72336.1_1887	100.000	97	0	0	1	97	1	97	7.67e-69	197
923	lcl|HF680312.1_prot_CCU71762.1_1313	100.000	97	0	0	1	97	1	97	7.67e-69	197
923	lcl|HF680312.1_prot_CCU70460.1_11	100.000	97	0	0	1	97	1	97	7.67e-69	197
924	lcl|HF680312.1_prot_CCU73710.1_3261	100.000	205	0	0	1	205	1	205	8.11e-158	431
924	lcl|HF680312.1_prot_CCU73192.1_2743	100.000	205	0	0	1	205	1	205	8.11e-158	431
924	lcl|HF680312.1_prot_CCU72958.1_2509	100.000	205	0	0	1	205	1	205	8.11e-158	431
924	lcl|HF680312.1_prot_CCU72346.1_1897	100.000	205	0	0	1	205	1	205	8.11e-158	431
924	lcl|HF680312.1_prot_CCU71763.1_1314	100.000	205	0	0	1	205	1	205	8.11e-158	431
924	lcl|HF680312.1_prot_CCU70461.1_12	100.000	205	0	0	1	205	1	205	8.11e-158	431
924	lcl|HF680312.1_prot_CCU72337.1_1888	99.024	205	2	0	1	205	1	205	3.07e-156	427
924	lcl|HF680312.1_prot_TOL_2175_2131	96.970	99	3	0	1	99	1	99	8.22e-67	201
924	lcl|HF680312.1_prot_TOL_0423_416	100.000	86	0	0	120	205	1	86	6.84e-61	182
944	lcl|HF680312.1_prot_CCU71419.1_970	91.749	509	37	1	2	510	4	507	0.0	970
951	lcl|HF680312.1_prot_CCU73452.1_3003	99.548	221	1	0	1	221	1	221	3.46e-164	449
952	lcl|HF680312.1_prot_CCU73451.1_3002	98.246	456	8	0	1	456	3	458	0.0	887
953	lcl|HF680312.1_prot_CCU73450.1_3001	100.000	226	0	0	1	226	1	226	1.60e-172	470
954	lcl|HF680312.1_prot_CCU73449.1_3000	99.788	943	2	0	1	943	1	943	0.0	1932
958	lcl|HF680312.1_prot_CCU73446.1_2997	94.170	446	26	0	1	446	11	456	0.0	840
959	lcl|HF680312.1_prot_CCU73445.1_2996	98.214	56	1	0	1	56	1	56	7.93e-34	106
960	lcl|HF680312.1_prot_CCU73444.1_2995	99.254	402	3	0	1	402	1	402	0.0	801
961	lcl|HF680312.1_prot_CCU73443.1_2994	95.578	701	31	0	1	701	1	701	0.0	1368
962	lcl|HF680312.1_prot_CCU73442.1_2993	97.855	606	13	0	1	606	1	606	0.0	1241
963	lcl|HF680312.1_prot_CCU73441.1_2992	93.805	339	21	0	1	339	1	339	0.0	627
964	lcl|HF680312.1_prot_CCU73440.1_2991	100.000	188	0	0	1	188	1	188	1.10e-141	389
965	lcl|HF680312.1_prot_CCU73439.1_2990	99.373	319	2	0	1	319	1	319	0.0	652
966	lcl|HF680312.1_prot_CCU73438.1_2989	100.000	196	0	0	1	196	1	196	5.27e-148	405
967	lcl|HF680312.1_prot_CCU73437.1_2988	98.998	499	5	0	1	499	1	499	0.0	1019
968	lcl|HF680312.1_prot_CCU73436.1_2987	97.674	172	4	0	1	172	1	172	1.85e-127	352
969	lcl|HF680312.1_prot_CCU73435.1_2986	99.342	304	2	0	1	304	1	304	0.0	627
970	lcl|HF680312.1_prot_CCU73434.1_2985	99.649	285	1	0	1	285	1	285	0.0	593
971	lcl|HF680312.1_prot_CCU73433.1_2984	99.642	279	1	0	1	279	1	279	0.0	569
972	lcl|HF680312.1_prot_CCU73432.1_2983	99.129	574	5	0	1	574	1	574	0.0	1177
973	lcl|HF680312.1_prot_CCU73431.1_2982	97.173	283	8	0	1	283	1	283	0.0	560
974	lcl|HF680312.1_prot_CCU73430.1_2981	99.413	341	2	0	1	341	1	341	0.0	694
975	lcl|HF680312.1_prot_CCU73429.1_2980	100.000	342	0	0	1	342	1	342	0.0	707
976	lcl|HF680312.1_prot_CCU73428.1_2979	100.000	180	0	0	1	180	1	180	4.58e-137	377
977	lcl|HF680312.1_prot_CCU73427.1_2978	99.438	356	2	0	1	356	1	356	0.0	737
978	lcl|HF680312.1_prot_CCU73426.1_2977	99.605	506	2	0	1	506	1	506	0.0	1005
979	lcl|HF680312.1_prot_CCU73425.1_2976	99.383	162	1	0	1	162	1	162	1.56e-117	326
980	lcl|HF680312.1_prot_CCU73424.1_2975	99.771	436	1	0	1	436	1	436	0.0	885
981	lcl|HF680312.1_prot_CCU73423.1_2974	99.841	628	1	0	1	628	1	628	0.0	1282
982	lcl|HF680312.1_prot_CCU73422.1_2973	99.692	325	1	0	1	325	1	325	0.0	665
983	lcl|HF680312.1_prot_CCU73421.1_2972	100.000	84	0	0	1	84	1	84	1.55e-59	173
984	lcl|HF680312.1_prot_CCU73420.1_2971	99.542	437	2	0	1	437	1	437	0.0	882
985	lcl|HF680312.1_prot_CCU73419.1_2970	99.747	396	1	0	1	396	1	396	0.0	803
986	lcl|HF680312.1_prot_CCU73418.1_2969	100.000	289	0	0	1	289	1	289	0.0	587
987	lcl|HF680312.1_prot_CCU73416.1_2967	100.000	388	0	0	1	388	1	388	0.0	790
988	lcl|HF680312.1_prot_CCU73415.1_2966	100.000	430	0	0	1	430	1	430	0.0	877
989	lcl|HF680312.1_prot_CCU73414.1_2965	100.000	152	0	0	1	152	1	152	1.31e-113	315
990	lcl|HF680312.1_prot_CCU73413.1_2964	99.211	507	4	0	1	507	1	507	0.0	1049
991	lcl|HF680312.1_prot_CCU73412.1_2963	98.958	288	3	0	1	288	1	288	0.0	590
992	lcl|HF680312.1_prot_CCU73411.1_2962	100.000	373	0	0	1	373	13	385	0.0	764
993	lcl|HF680312.1_prot_CCU73410.1_2961	97.527	283	7	0	1	283	1	283	0.0	580
994	lcl|HF680312.1_prot_CCU73409.1_2960	99.604	505	2	0	1	505	1	505	0.0	1036
995	lcl|HF680312.1_prot_CCU73408.1_2959	99.623	265	1	0	1	265	1	265	0.0	544
998	lcl|HF680312.1_prot_CCU70870.1_421	97.073	205	6	0	1	205	1	205	1.91e-150	425
998	lcl|HF680312.1_prot_CCU73181.1_2732	93.659	205	13	0	1	205	1	205	3.88e-143	407
998	lcl|HF680312.1_prot_CCU71297.1_848	91.707	205	17	0	1	205	1	205	1.90e-140	399
998	lcl|HF680312.1_prot_CCU71285.1_836	96.257	187	7	0	1	187	1	187	1.59e-137	379
998	lcl|HF680312.1_prot_CCU73188.1_2739	97.260	73	2	0	133	205	1	73	9.21e-46	152
999	lcl|HF680312.1_prot_CCU73181.1_2732	91.034	145	10	2	1	145	229	370	8.21e-82	253
999	lcl|HF680312.1_prot_CCU73188.1_2739	94.656	131	7	0	1	131	97	227	3.82e-81	246
999	lcl|HF680312.1_prot_CCU70870.1_421	95.276	127	6	0	1	127	229	355	1.56e-77	242
999	lcl|HF680312.1_prot_CCU73191.1_2742	92.000	75	6	0	1	75	1	75	3.19e-43	139
1002	lcl|HF680312.1_prot_CCU73710.1_3261	99.512	205	1	0	1	205	1	205	2.23e-156	427
1002	lcl|HF680312.1_prot_CCU73192.1_2743	99.512	205	1	0	1	205	1	205	2.23e-156	427
1002	lcl|HF680312.1_prot_CCU72958.1_2509	99.512	205	1	0	1	205	1	205	2.23e-156	427
1002	lcl|HF680312.1_prot_CCU72346.1_1897	99.512	205	1	0	1	205	1	205	2.23e-156	427
1002	lcl|HF680312.1_prot_CCU71763.1_1314	99.512	205	1	0	1	205	1	205	2.23e-156	427
1002	lcl|HF680312.1_prot_CCU70461.1_12	99.512	205	1	0	1	205	1	205	2.23e-156	427
1002	lcl|HF680312.1_prot_CCU72337.1_1888	98.537	205	3	0	1	205	1	205	8.52e-155	424
1002	lcl|HF680312.1_prot_TOL_2175_2131	97.980	99	2	0	1	99	1	99	3.08e-68	204
1002	lcl|HF680312.1_prot_TOL_0423_416	100.000	86	0	0	120	205	1	86	6.13e-61	182
1003	lcl|HF680312.1_prot_CCU73711.1_3262	100.000	97	0	0	1	97	1	97	7.67e-69	197
1003	lcl|HF680312.1_prot_CCU73193.1_2744	100.000	97	0	0	1	97	1	97	7.67e-69	197
1003	lcl|HF680312.1_prot_CCU72959.1_2510	100.000	97	0	0	1	97	1	97	7.67e-69	197
1003	lcl|HF680312.1_prot_CCU72581.1_2132	100.000	97	0	0	1	97	1	97	7.67e-69	197
1003	lcl|HF680312.1_prot_CCU72347.1_1898	100.000	97	0	0	1	97	1	97	7.67e-69	197
1003	lcl|HF680312.1_prot_CCU72336.1_1887	100.000	97	0	0	1	97	1	97	7.67e-69	197
1003	lcl|HF680312.1_prot_CCU71762.1_1313	100.000	97	0	0	1	97	1	97	7.67e-69	197
1003	lcl|HF680312.1_prot_CCU70460.1_11	100.000	97	0	0	1	97	1	97	7.67e-69	197
1004	lcl|HF680312.1_prot_CCU73518.1_3069	100.000	33	0	0	1	33	51	83	1.05e-20	72.8
1005	lcl|HF680312.1_prot_CCU73519.1_3070	98.750	80	1	0	1	80	1	80	1.26e-52	155
1006	lcl|HF680312.1_prot_CCU73520.1_3071	98.596	285	4	0	1	285	1	285	0.0	591
1007	lcl|HF680312.1_prot_CCU73406.1_2957	97.510	241	6	0	1	241	1	241	1.26e-177	484
1008	lcl|HF680312.1_prot_CCU73405.1_2956	99.448	181	1	0	1	181	1	181	2.35e-137	377
1009	lcl|HF680312.1_prot_CCU73404.1_2955	99.517	207	1	0	1	207	1	207	2.15e-157	430
1010	lcl|HF680312.1_prot_CCU73403.1_2954	100.000	334	0	0	1	334	1	334	0.0	684
1011	lcl|HF680312.1_prot_CCU73402.1_2953	99.819	552	1	0	1	552	1	552	0.0	1153
1012	lcl|HF680312.1_prot_CCU73401.1_2952	100.000	126	0	0	1	126	1	126	3.91e-94	264
1013	lcl|HF680312.1_prot_CCU73400.1_2951	99.650	286	1	0	1	286	1	286	0.0	587
1014	lcl|HF680312.1_prot_CCU73399.1_2950	100.000	269	0	0	1	269	1	269	0.0	551
1015	lcl|HF680312.1_prot_CCU73398.1_2949	99.390	164	1	0	1	164	1	164	3.91e-118	327
1016	lcl|HF680312.1_prot_CCU73397.1_2948	99.332	449	3	0	1	449	1	449	0.0	909
1017	lcl|HF680312.1_prot_CCU73396.1_2947	99.574	469	2	0	1	469	1	469	0.0	952
1018	lcl|HF680312.1_prot_CCU73395.1_2946	99.693	976	3	0	1	976	1	976	0.0	1989
1019	lcl|HF680312.1_prot_CCU73394.1_2945	98.333	60	1	0	1	60	1	60	4.32e-39	119
1020	lcl|HF680312.1_prot_CCU73393.1_2944	98.997	299	3	0	1	299	1	299	0.0	603
1021	lcl|HF680312.1_prot_CCU73392.1_2943	100.000	144	0	0	1	144	1	144	4.01e-107	298
1022	lcl|HF680312.1_prot_CCU73391.1_2942	99.744	390	1	0	1	390	1	390	0.0	793
1023	lcl|HF680312.1_prot_CCU73390.1_2941	98.734	237	3	0	1	237	1	237	2.67e-178	486
1024	lcl|HF680312.1_prot_CCU73389.1_2940	99.644	281	1	0	1	281	1	281	0.0	555
1025	lcl|HF680312.1_prot_CCU73388.1_2939	99.805	512	1	0	1	512	1	512	0.0	1068
1026	lcl|HF680312.1_prot_CCU73387.1_2938	97.273	110	3	0	1	110	1	110	6.74e-79	224
1027	lcl|HF680312.1_prot_CCU73386.1_2937	99.697	330	1	0	1	330	5	334	0.0	624
1028	lcl|HF680312.1_prot_CCU73385.1_2936	98.016	252	5	0	1	252	1	252	0.0	497
1029	lcl|HF680312.1_prot_CCU73384.1_2935	99.625	267	1	0	1	267	1	267	0.0	551
1030	lcl|HF680312.1_prot_CCU73383.1_2934	98.230	113	2	0	1	113	1	113	3.56e-80	227
1031	lcl|HF680312.1_prot_CCU73382.1_2933	99.497	796	4	0	1	796	1	796	0.0	1638
1032	lcl|HF680312.1_prot_CCU73381.1_2932	100.000	321	0	0	1	321	1	321	0.0	660
1033	lcl|HF680312.1_prot_CCU73380.1_2931	99.787	470	1	0	1	470	1	470	0.0	937
1034	lcl|HF680312.1_prot_CCU73379.1_2930	99.052	422	4	0	1	422	1	422	0.0	868
1035	lcl|HF680312.1_prot_CCU73378.1_2929	98.303	884	15	0	1	884	1	884	0.0	1734
1036	lcl|HF680312.1_prot_CCU73377.1_2928	98.893	271	3	0	1	271	1	271	0.0	543
1037	lcl|HF680312.1_prot_CCU73376.1_2927	96.943	458	10	1	1	458	1	454	0.0	897
1038	lcl|HF680312.1_prot_CCU73375.1_2926	100.000	375	0	0	1	375	1	375	0.0	762
1039	lcl|HF680312.1_prot_CCU73374.1_2925	99.611	514	2	0	1	514	1	514	0.0	1062
1040	lcl|HF680312.1_prot_CCU73373.1_2924	99.270	137	1	0	1	137	1	137	1.89e-100	280
1041	lcl|HF680312.1_prot_CCU73372.1_2923	98.726	157	2	0	1	157	1	157	1.96e-116	323
1049	lcl|HF680312.1_prot_CCU73361.1_2912	99.351	154	1	0	1	154	1	154	2.55e-117	325
1050	lcl|HF680312.1_prot_CCU73360.1_2911	98.077	312	6	0	1	312	1	312	0.0	624
1051	lcl|HF680312.1_prot_CCU73359.1_2910	98.611	216	3	0	1	216	1	216	8.49e-158	432
1052	lcl|HF680312.1_prot_CCU73358.1_2909	99.095	221	2	0	1	221	1	221	2.98e-161	441
1053	lcl|HF680312.1_prot_CCU73357.1_2908	97.222	108	3	0	1	108	1	108	4.91e-73	209
1054	lcl|HF680312.1_prot_CCU73356.1_2907	97.389	383	5	1	13	395	1	378	0.0	748
1066	lcl|HF680312.1_prot_CCU73355.1_2906	97.115	312	9	0	470	781	1	312	0.0	630
1067	lcl|HF680312.1_prot_CCU73354.1_2905	95.873	945	36	1	1	942	1	945	0.0	1808
1068	lcl|HF680312.1_prot_CCU73353.1_2904	99.789	474	1	0	1	474	1	474	0.0	967
1069	lcl|HF680312.1_prot_CCU73352.1_2903	99.444	360	2	0	1	360	1	360	0.0	722
1070	lcl|HF680312.1_prot_CCU73351.1_2902	100.000	176	0	0	1	176	1	176	2.82e-128	354
1071	lcl|HF680312.1_prot_CCU73350.1_2901	100.000	144	0	0	1	144	1	144	1.19e-104	291
1072	lcl|HF680312.1_prot_CCU73349.1_2900	100.000	98	0	0	27	124	1	98	2.74e-68	197
1073	lcl|HF680312.1_prot_CCU73348.1_2899	100.000	131	0	0	1	131	1	131	7.89e-95	266
1074	lcl|HF680312.1_prot_CCU73347.1_2898	100.000	406	0	0	1	406	44	449	0.0	808
1075	lcl|HF680312.1_prot_CCU73346.1_2897	98.206	446	8	0	1	446	1	446	0.0	901
1076	lcl|HF680312.1_prot_CCU73345.1_2896	99.326	1038	7	0	1	1038	1	1038	0.0	2054
1077	lcl|HF680312.1_prot_CCU73344.1_2895	99.815	542	1	0	1	542	1	542	0.0	1080
1078	lcl|HF680312.1_prot_CCU73343.1_2894	99.078	217	2	0	1	217	1	217	1.55e-163	446
1079	lcl|HF680312.1_prot_CCU73342.1_2893	100.000	202	0	0	1	202	1	202	3.46e-143	394
1081	lcl|HF680312.1_prot_CCU73341.1_2892	99.718	355	1	0	1	355	1	355	0.0	733
1082	lcl|HF680312.1_prot_CCU73340.1_2891	98.473	131	2	0	1	131	1	131	3.72e-93	261
1083	lcl|HF680312.1_prot_CCU73339.1_2890	98.947	380	4	0	1	380	1	380	0.0	777
1084	lcl|HF680312.1_prot_CCU73338.1_2889	100.000	109	0	0	1	109	1	109	6.99e-79	224
1085	lcl|HF680312.1_prot_CCU73337.1_2888	100.000	174	0	0	1	174	1	174	7.07e-125	345
1086	lcl|HF680312.1_prot_CCU73336.1_2887	100.000	86	0	0	1	86	1	86	7.65e-61	176
1087	lcl|HF680312.1_prot_CCU73335.1_2886	99.627	268	1	0	1	268	1	268	0.0	542
1088	lcl|HF680312.1_prot_CCU73334.1_2885	100.000	260	0	0	1	260	1	260	0.0	530
1089	lcl|HF680312.1_prot_CCU73333.1_2884	99.145	117	1	0	1	117	1	117	3.96e-85	240
1090	lcl|HF680312.1_prot_CCU73332.1_2883	100.000	359	0	0	1	359	1	359	0.0	736
1091	lcl|HF680312.1_prot_CCU73331.1_2882	99.482	193	1	0	1	193	1	193	3.92e-142	390
1092	lcl|HF680312.1_prot_CCU73330.1_2881	99.250	400	3	0	1	400	1	400	0.0	823
1093	lcl|HF680312.1_prot_CCU73329.1_2880	100.000	341	0	0	1	341	1	341	0.0	706
1094	lcl|HF680312.1_prot_CCU73328.1_2879	100.000	288	0	0	1	288	1	288	0.0	593
1095	lcl|HF680312.1_prot_CCU73327.1_2878	100.000	114	0	0	1	114	1	114	1.11e-81	231
1096	lcl|HF680312.1_prot_CCU73326.1_2877	100.000	151	0	0	1	151	1	151	1.79e-110	307
1097	lcl|HF680312.1_prot_CCU73325.1_2876	100.000	247	0	0	1	247	1	247	0.0	516
1098	lcl|HF680312.1_prot_CCU73324.1_2875	98.734	158	2	0	15	172	1	158	1.93e-112	313
1099	lcl|HF680312.1_prot_CCU73323.1_2874	99.153	236	2	0	1	236	1	236	3.51e-173	473
1100	lcl|HF680312.1_prot_CCU73322.1_2873	100.000	81	0	0	1	81	1	81	1.52e-57	168
1101	lcl|HF680312.1_prot_CCU73321.1_2872	100.000	375	0	0	1	375	1	375	0.0	772
1102	lcl|HF680312.1_prot_CCU73320.1_2871	99.700	333	1	0	1	333	1	333	0.0	688
1103	lcl|HF680312.1_prot_CCU73319.1_2870	100.000	66	0	0	1	66	1	66	1.22e-39	121
1104	lcl|HF680312.1_prot_CCU73317.1_2868	100.000	171	0	0	1	171	1	171	1.40e-128	354
1105	lcl|HF680312.1_prot_CCU73316.1_2867	100.000	83	0	0	1	83	1	83	3.72e-55	162
1106	lcl|HF680312.1_prot_CCU73315.1_2866	99.306	144	1	0	1	144	1	144	6.84e-104	290
1107	lcl|HF680312.1_prot_CCU73314.1_2865	100.000	232	0	0	1	232	1	232	5.39e-177	482
1108	lcl|HF680312.1_prot_CCU73313.1_2864	100.000	386	0	0	1	386	1	386	0.0	798
1109	lcl|HF680312.1_prot_CCU73312.1_2863	98.990	99	1	0	1	99	1	99	1.39e-68	197
1110	lcl|HF680312.1_prot_CCU73311.1_2862	100.000	56	0	0	1	56	1	56	1.20e-36	113
1111	lcl|HF680312.1_prot_CCU73310.1_2861	95.935	246	10	0	1	246	11	256	0.0	496
1112	lcl|HF680312.1_prot_CCU73309.1_2860	99.688	320	1	0	1	320	1	320	0.0	657
1113	lcl|HF680312.1_prot_CCU73308.1_2859	98.950	381	4	0	1	381	1	381	0.0	750
1114	lcl|HF680312.1_prot_CCU73307.1_2858	99.028	617	6	0	1	617	1	617	0.0	1259
1115	lcl|HF680312.1_prot_CCU73306.1_2857	100.000	155	0	0	1	155	1	155	1.37e-113	315
1116	lcl|HF680312.1_prot_CCU73305.1_2856	99.153	118	1	0	1	118	1	118	1.23e-84	239
1117	lcl|HF680312.1_prot_CCU73304.1_2855	99.533	214	1	0	1	214	1	214	2.98e-161	441
1118	lcl|HF680312.1_prot_CCU73303.1_2854	100.000	418	0	0	1	418	1	418	0.0	847
1119	lcl|HF680312.1_prot_CCU73302.1_2853	100.000	312	0	0	1	312	1	312	0.0	641
1120	lcl|HF680312.1_prot_CCU73301.1_2852	100.000	328	0	0	1	328	1	328	0.0	669
1121	lcl|HF680312.1_prot_CCU73300.1_2851	99.654	289	1	0	1	289	1	289	0.0	594
1122	lcl|HF680312.1_prot_CCU73299.1_2850	99.038	208	2	0	1	208	1	208	2.95e-145	400
1123	lcl|HF680312.1_prot_CCU73298.1_2849	100.000	84	0	0	1	84	1	84	7.64e-58	169
1124	lcl|HF680312.1_prot_CCU73297.1_2848	100.000	113	0	0	1	113	1	113	1.51e-80	228
1125	lcl|HF680312.1_prot_CCU73296.1_2847	99.702	336	1	0	1	336	1	336	0.0	685
1126	lcl|HF680312.1_prot_CCU73295.1_2846	99.338	151	1	0	1	151	1	151	1.58e-113	315
1127	lcl|HF680312.1_prot_CCU73294.1_2845	98.913	92	1	0	2	93	1	92	2.16e-62	181
1128	lcl|HF680312.1_prot_CCU73293.1_2844	99.735	378	1	0	21	398	1	378	0.0	761
1129	lcl|HF680312.1_prot_CCU73292.1_2843	100.000	379	0	0	1	379	1	379	0.0	790
1130	lcl|HF680312.1_prot_CCU73291.1_2842	97.778	90	2	0	1	90	1	90	6.10e-64	184
1131	lcl|HF680312.1_prot_CCU73290.1_2841	99.556	225	1	0	1	225	1	225	4.04e-170	464
1132	lcl|HF680312.1_prot_CCU73289.1_2840	99.688	321	1	0	1	321	1	321	0.0	664
1133	lcl|HF680312.1_prot_CCU73288.1_2839	100.000	80	0	0	1	80	1	80	5.51e-54	159
1134	lcl|HF680312.1_prot_CCU73287.1_2838	99.194	372	3	0	8	379	1	372	0.0	753
1135	lcl|HF680312.1_prot_CCU73286.1_2837	97.959	147	3	0	1	147	1	147	5.06e-109	303
1136	lcl|HF680312.1_prot_CCU73285.1_2836	99.342	608	4	0	1	608	1	608	0.0	1227
1137	lcl|HF680312.1_prot_CCU73284.1_2835	99.068	322	3	0	1	322	1	322	0.0	655
1138	lcl|HF680312.1_prot_CCU73283.1_2834	100.000	103	0	0	1	103	1	103	3.00e-71	204
1139	lcl|HF680312.1_prot_CCU73282.1_2833	100.000	86	0	0	1	86	1	86	1.02e-57	169
1140	lcl|HF680312.1_prot_CCU73281.1_2832	100.000	400	0	0	1	400	1	400	0.0	822
1141	lcl|HF680312.1_prot_CCU73280.1_2831	99.208	379	3	0	1	379	1	379	0.0	755
1142	lcl|HF680312.1_prot_CCU73279.1_2830	99.642	279	1	0	1	279	1	279	0.0	572
1143	lcl|HF680312.1_prot_CCU73278.1_2829	98.864	88	1	0	1	88	1	88	1.00e-59	174
1144	lcl|HF680312.1_prot_CCU73277.1_2828	100.000	524	0	0	1	524	1	524	0.0	1043
1145	lcl|HF680312.1_prot_CCU73276.1_2827	100.000	317	0	0	1	317	1	317	0.0	651
1146	lcl|HF680312.1_prot_CCU73275.1_2826	99.793	964	2	0	1	964	1	964	0.0	1999
1147	lcl|HF680312.1_prot_CCU73274.1_2825	99.412	170	1	0	1	170	1	170	4.35e-122	338
1148	lcl|HF680312.1_prot_CCU73273.1_2824	100.000	147	0	0	1	147	1	147	4.91e-108	300
1149	lcl|HF680312.1_prot_CCU73272.1_2823	99.048	315	3	0	1	315	1	315	0.0	642
1150	lcl|HF680312.1_prot_CCU73271.1_2822	99.315	146	1	0	1	146	1	146	4.91e-108	300
1151	lcl|HF680312.1_prot_CCU73270.1_2821	99.209	253	2	0	33	285	1	253	0.0	507
1152	lcl|HF680312.1_prot_CCU73269.1_2820	100.000	184	0	0	8	191	1	184	5.65e-136	374
1153	lcl|HF680312.1_prot_CCU73268.1_2819	100.000	96	0	0	67	162	1	96	5.24e-69	201
1154	lcl|HF680312.1_prot_CCU73267.1_2818	99.912	1136	1	0	1	1136	1	1136	0.0	2319
1155	lcl|HF680312.1_prot_CCU73266.1_2817	100.000	144	0	0	30	173	1	144	7.75e-105	293
1156	lcl|HF680312.1_prot_CCU73265.1_2816	98.919	185	2	0	1	185	1	185	7.16e-138	379
1157	lcl|HF680312.1_prot_CCU73264.1_2815	92.936	453	32	0	1	453	1	453	0.0	882
1158	lcl|HF680312.1_prot_CCU73263.1_2814	100.000	505	0	0	1	505	30	534	0.0	1038
1159	lcl|HF680312.1_prot_CCU73262.1_2813	99.815	540	1	0	1	540	1	540	0.0	1108
1160	lcl|HF680312.1_prot_CCU73260.1_2811	99.634	273	1	0	1	273	1	273	0.0	559
1161	lcl|HF680312.1_prot_CCU73259.1_2810	100.000	320	0	0	1	320	1	320	0.0	660
1162	lcl|HF680312.1_prot_CCU73258.1_2809	97.531	243	6	0	1	243	1	243	6.24e-178	485
1163	lcl|HF680312.1_prot_CCU73257.1_2808	99.826	574	1	0	1	574	1	574	0.0	1191
1164	lcl|HF680312.1_prot_CCU73256.1_2807	100.000	163	0	0	1	163	1	163	8.36e-117	324
1165	lcl|HF680312.1_prot_CCU73255.1_2806	99.537	216	1	0	1	216	1	216	9.48e-164	447
1166	lcl|HF680312.1_prot_CCU73254.1_2805	99.799	497	1	0	1	497	1	497	0.0	1002
1167	lcl|HF680312.1_prot_CCU73253.1_2804	99.622	794	3	0	1	794	1	794	0.0	1615
1168	lcl|HF680312.1_prot_CCU73252.1_2803	99.767	429	1	0	1	429	1	429	0.0	873
1169	lcl|HF680312.1_prot_CCU73251.1_2802	100.000	533	0	0	1	533	1	533	0.0	1086
1170	lcl|HF680312.1_prot_CCU73250.1_2801	100.000	105	0	0	1	105	1	105	9.39e-76	216
1171	lcl|HF680312.1_prot_CCU73249.1_2800	100.000	321	0	0	1	321	38	358	0.0	663
1172	lcl|HF680312.1_prot_CCU73248.1_2799	98.329	778	13	0	3	780	1	778	0.0	1544
1173	lcl|HF680312.1_prot_CCU73247.1_2798	100.000	296	0	0	1	296	1	296	0.0	602
1174	lcl|HF680312.1_prot_CCU73246.1_2797	100.000	151	0	0	1	151	1	151	2.94e-109	304
1175	lcl|HF680312.1_prot_CCU73245.1_2796	100.000	210	0	0	17	226	1	210	8.99e-159	435
1176	lcl|HF680312.1_prot_CCU73244.1_2795	100.000	660	0	0	1	660	1	660	0.0	1339
1177	lcl|HF680312.1_prot_CCU73243.1_2794	100.000	146	0	0	1	146	1	146	2.72e-108	301
1178	lcl|HF680312.1_prot_CCU73242.1_2793	100.000	221	0	0	1	221	1	221	9.17e-171	465
1179	lcl|HF680312.1_prot_CCU73241.1_2792	99.256	1210	9	0	1	1210	1	1210	0.0	2472
1180	lcl|HF680312.1_prot_CCU73240.1_2791	99.650	286	1	0	1	286	1	286	0.0	575
1181	lcl|HF680312.1_prot_CCU73238.1_2789	100.000	520	0	0	9	528	1	520	0.0	1077
1182	lcl|HF680312.1_prot_CCU73237.1_2788	99.325	593	4	0	1	593	1	593	0.0	1205
1183	lcl|HF680312.1_prot_CCU73236.1_2787	100.000	423	0	0	1	423	56	478	0.0	875
1184	lcl|HF680312.1_prot_CCU73235.1_2786	100.000	114	0	0	1	114	1	114	7.47e-85	239
1185	lcl|HF680312.1_prot_CCU73234.1_2785	99.368	633	4	0	1	633	1	633	0.0	1280
1186	lcl|HF680312.1_prot_CCU73233.1_2784	98.083	678	12	1	1	677	1	678	0.0	1348
1187	lcl|HF680312.1_prot_CCU73232.1_2783	100.000	106	0	0	1	106	1	106	1.26e-78	223
1188	lcl|HF680312.1_prot_CCU73231.1_2782	99.740	385	1	0	1	385	1	385	0.0	796
1189	lcl|HF680312.1_prot_CCU73230.1_2781	98.000	400	8	0	1	400	9	408	0.0	803
1190	lcl|HF680312.1_prot_CCU73229.1_2780	99.691	648	2	0	1	648	1	648	0.0	1335
1191	lcl|HF680312.1_prot_CCU73228.1_2779	100.000	190	0	0	1	190	1	190	4.49e-140	385
1192	lcl|HF680312.1_prot_CCU73227.1_2778	99.148	587	5	0	1	587	1	587	0.0	1182
1194	lcl|HF680312.1_prot_CCU73226.1_2777	98.952	668	7	0	1	668	1	668	0.0	1363
1195	lcl|HF680312.1_prot_CCU73225.1_2776	98.675	302	4	0	1	302	13	314	0.0	616
1196	lcl|HF680312.1_prot_CCU73224.1_2775	99.125	343	3	0	1	343	1	343	0.0	701
1197	lcl|HF680312.1_prot_CCU73223.1_2774	100.000	161	0	0	1	161	1	161	9.53e-118	326
1198	lcl|HF680312.1_prot_CCU73222.1_2773	99.091	440	4	0	24	463	1	440	0.0	872
1199	lcl|HF680312.1_prot_CCU73220.1_2771	99.015	1015	10	0	1	1015	13	1027	0.0	2090
1200	lcl|HF680312.1_prot_CCU73219.1_2770	99.182	489	4	0	1	489	3	491	0.0	989
1201	lcl|HF680312.1_prot_CCU73218.1_2769	99.531	213	1	0	1	213	1	213	9.08e-157	429
1202	lcl|HF680312.1_prot_CCU73216.1_2767	99.270	274	2	0	3	276	1	274	0.0	573
1203	lcl|HF680312.1_prot_CCU73215.1_2766	99.379	322	2	0	1	322	1	322	0.0	662
1204	lcl|HF680312.1_prot_CCU73214.1_2765	98.647	665	9	0	16	680	1	665	0.0	1353
1205	lcl|HF680312.1_prot_CCU73213.1_2764	98.276	232	4	0	1	232	1	232	2.89e-170	465
1206	lcl|HF680312.1_prot_CCU73212.1_2763	98.343	181	3	0	1	181	1	181	7.94e-131	361
1207	lcl|HF680312.1_prot_CCU73211.1_2762	100.000	417	0	0	1	417	1	417	0.0	866
1208	lcl|HF680312.1_prot_CCU73210.1_2761	99.306	288	2	0	1	288	1	288	0.0	602
1209	lcl|HF680312.1_prot_CCU73209.1_2760	99.524	420	2	0	1	420	1	420	0.0	882
1210	lcl|HF680312.1_prot_CCU73208.1_2759	100.000	267	0	0	1	267	1	267	0.0	555
1211	lcl|HF680312.1_prot_CCU73207.1_2758	100.000	149	0	0	1	149	1	149	7.08e-114	315
1212	lcl|HF680312.1_prot_CCU73206.1_2757	98.750	320	4	0	1	320	1	320	0.0	655
1213	lcl|HF680312.1_prot_CCU73205.1_2756	99.788	471	1	0	1	471	1	471	0.0	987
1214	lcl|HF680312.1_prot_CCU73204.1_2755	100.000	289	0	0	1	289	1	289	0.0	603
1215	lcl|HF680312.1_prot_CCU73203.1_2754	100.000	338	0	0	1	338	1	338	0.0	709
1216	lcl|HF680312.1_prot_CCU73202.1_2753	100.000	133	0	0	1	133	1	133	9.43e-97	271
1217	lcl|HF680312.1_prot_CCU73201.1_2752	97.508	321	8	0	1	321	1	321	0.0	645
1218	lcl|HF680312.1_prot_CCU73200.1_2751	99.830	589	1	0	1	589	1	589	0.0	1217
1219	lcl|HF680312.1_prot_CCU73199.1_2750	99.340	303	2	0	1	303	1	303	0.0	614
1220	lcl|HF680312.1_prot_CCU73198.1_2749	100.000	109	0	0	1	109	1	109	1.43e-80	228
1221	lcl|HF680312.1_prot_CCU73189.1_2740	94.928	138	7	0	1	138	1	138	1.72e-94	266
1223	lcl|HF680312.1_prot_CCU73181.1_2732	93.382	136	9	0	1	136	228	363	1.18e-80	250
1223	lcl|HF680312.1_prot_CCU73188.1_2739	91.045	134	12	0	1	134	96	229	2.90e-79	241
1223	lcl|HF680312.1_prot_CCU70870.1_421	94.531	128	7	0	1	128	228	355	1.67e-76	238
1223	lcl|HF680312.1_prot_CCU73191.1_2742	92.000	75	6	0	2	76	1	75	3.93e-43	139
1224	lcl|HF680312.1_prot_CCU73181.1_2732	100.000	137	0	0	1	137	1	137	1.75e-97	287
1224	lcl|HF680312.1_prot_CCU71285.1_836	91.241	137	12	0	1	137	1	137	1.66e-91	260
1224	lcl|HF680312.1_prot_CCU70870.1_421	91.971	137	11	0	1	137	1	137	1.30e-87	261
1224	lcl|HF680312.1_prot_CCU73184.1_2735	98.925	93	1	0	45	137	1	93	8.61e-66	191
1225	lcl|HF680312.1_prot_CCU73180.1_2731	100.000	505	0	0	1	505	1	505	0.0	1040
1226	lcl|HF680312.1_prot_CCU73179.1_2730	99.376	481	3	0	1	481	25	505	0.0	996
1227	lcl|HF680312.1_prot_CCU73178.1_2729	99.415	171	1	0	1	171	1	171	1.56e-128	354
1228	lcl|HF680312.1_prot_CCU73177.1_2728	98.479	263	4	0	1	263	13	275	0.0	513
1229	lcl|HF680312.1_prot_CCU73176.1_2727	100.000	227	0	0	1	227	1	227	1.10e-161	443
1230	lcl|HF680312.1_prot_CCU73175.1_2726	99.180	366	3	0	1	366	1	366	0.0	731
1231	lcl|HF680312.1_prot_CCU73174.1_2725	98.707	464	6	0	1	464	1	464	0.0	947
1232	lcl|HF680312.1_prot_CCU73172.1_2723	99.018	509	5	0	1	509	1	509	0.0	1063
1233	lcl|HF680312.1_prot_CCU73171.1_2722	98.936	94	1	0	1	94	1	94	9.41e-64	184
1234	lcl|HF680312.1_prot_CCU73170.1_2721	100.000	425	0	0	1	425	1	425	0.0	867
1235	lcl|HF680312.1_prot_CCU73169.1_2720	100.000	598	0	0	1	598	1	598	0.0	1235
1236	lcl|HF680312.1_prot_CCU73168.1_2719	99.742	387	1	0	1	387	1	387	0.0	782
1237	lcl|HF680312.1_prot_CCU73167.1_2718	100.000	146	0	0	1	146	1	146	6.96e-109	303
1238	lcl|HF680312.1_prot_CCU73166.1_2717	100.000	475	0	0	1	475	1	475	0.0	975
1239	lcl|HF680312.1_prot_CCU73165.1_2716	99.686	318	1	0	1	318	1	318	0.0	662
1240	lcl|HF680312.1_prot_CCU73164.1_2715	98.387	372	6	0	1	372	1	372	0.0	763
1241	lcl|HF680312.1_prot_CCU73163.1_2714	98.498	333	5	0	1	333	1	333	0.0	667
1242	lcl|HF680312.1_prot_CCU73162.1_2713	99.115	226	2	0	1	226	1	226	2.12e-168	459
1243	lcl|HF680312.1_prot_CCU73161.1_2712	99.191	371	3	0	1	371	1	371	0.0	748
1244	lcl|HF680312.1_prot_CCU73160.1_2711	99.172	483	4	0	1	483	294	776	0.0	988
1245	lcl|HF680312.1_prot_CCU73160.1_2711	96.063	254	10	0	1	254	1	254	1.97e-175	499
1246	lcl|HF680312.1_prot_CCU73159.1_2710	91.635	263	22	0	1	263	1	263	9.00e-180	491
1247	lcl|HF680312.1_prot_CCU73158.1_2709	95.205	146	7	0	1	146	1	146	6.23e-100	280
1248	lcl|HF680312.1_prot_CCU73157.1_2708	97.183	142	4	0	4	145	1	142	1.04e-99	279
1249	lcl|HF680312.1_prot_CCU73156.1_2707	100.000	224	0	0	1	224	1	224	1.06e-163	447
1250	lcl|HF680312.1_prot_CCU73155.1_2706	98.990	594	6	0	1	594	1	594	0.0	1204
1251	lcl|HF680312.1_prot_CCU73154.1_2705	99.307	577	4	0	1	577	9	585	0.0	1194
1252	lcl|HF680312.1_prot_CCU73153.1_2704	97.771	628	14	0	7	634	1	628	0.0	1274
1253	lcl|HF680312.1_prot_CCU73151.1_2702	97.719	789	18	0	1	789	1	789	0.0	1595
1257	lcl|HF680312.1_prot_CCU73147.1_2698	97.015	201	6	0	1	201	1	201	4.37e-148	406
1258	lcl|HF680312.1_prot_CCU73146.1_2697	99.048	315	3	0	1	315	1	315	0.0	642
1259	lcl|HF680312.1_prot_CCU73145.1_2696	96.630	1098	34	1	1	1095	1	1098	0.0	2206
1260	lcl|HF680312.1_prot_CCU73144.1_2695	99.375	160	1	0	1	160	31	190	7.36e-120	333
1261	lcl|HF680312.1_prot_CCU73143.1_2694	99.195	497	4	0	1	497	1	497	0.0	984
1262	lcl|HF680312.1_prot_CCU73142.1_2693	100.000	143	0	0	1	143	1	143	2.01e-107	298
1263	lcl|HF680312.1_prot_CCU73141.1_2692	98.980	98	1	0	1	98	1	98	3.50e-66	191
1264	lcl|HF680312.1_prot_CCU73140.1_2691	100.000	132	0	0	1	132	1	132	9.29e-99	276
1265	lcl|HF680312.1_prot_CCU73139.1_2690	100.000	134	0	0	1	134	1	134	2.72e-97	272
1266	lcl|HF680312.1_prot_CCU73138.1_2689	100.000	557	0	0	1	557	1	557	0.0	1133
1267	lcl|HF680312.1_prot_CCU73137.1_2688	100.000	190	0	0	1	190	9	198	4.91e-139	383
1268	lcl|HF680312.1_prot_CCU73136.1_2687	100.000	636	0	0	1	636	1	636	0.0	1274
1269	lcl|HF680312.1_prot_CCU73135.1_2686	100.000	378	0	0	1	378	1	378	0.0	767
1270	lcl|HF680312.1_prot_CCU73134.1_2685	99.625	267	1	0	1	267	1	267	0.0	540
1271	lcl|HF680312.1_prot_CCU73133.1_2684	99.187	246	1	1	1	246	1	245	0.0	495
1272	lcl|HF680312.1_prot_CCU73132.1_2683	99.507	203	1	0	1	203	1	203	7.86e-151	413
1273	lcl|HF680312.1_prot_CCU73130.1_2681	99.476	382	2	0	1	382	1	382	0.0	788
1274	lcl|HF680312.1_prot_CCU73129.1_2680	99.720	1072	3	0	1	1072	1	1072	0.0	2197
1275	lcl|HF680312.1_prot_CCU73128.1_2679	100.000	158	0	0	1	158	1	158	3.40e-114	317
1276	lcl|HF680312.1_prot_CCU73127.1_2678	99.410	339	2	0	1	339	1	339	0.0	697
1277	lcl|HF680312.1_prot_CCU73126.1_2677	99.625	267	1	0	1	267	1	267	0.0	541
1278	lcl|HF680312.1_prot_CCU73125.1_2676	99.419	172	1	0	1	172	1	172	2.91e-130	358
1279	lcl|HF680312.1_prot_CCU73124.1_2675	100.000	372	0	0	1	372	1	372	0.0	777
1280	lcl|HF680312.1_prot_CCU73123.1_2674	100.000	101	0	0	1	101	1	101	5.62e-69	198
1281	lcl|HF680312.1_prot_CCU73122.1_2673	100.000	206	0	0	1	206	1	206	1.48e-152	418
1282	lcl|HF680312.1_prot_CCU73121.1_2672	100.000	640	0	0	1	640	1	640	0.0	1311
1283	lcl|HF680312.1_prot_CCU73120.1_2671	99.643	280	1	0	1	280	1	280	0.0	567
1284	lcl|HF680312.1_prot_CCU73119.1_2670	100.000	444	0	0	1	444	1	444	0.0	907
1285	lcl|HF680312.1_prot_CCU73118.1_2669	100.000	247	0	0	1	247	1	247	0.0	504
1286	lcl|HF680312.1_prot_CCU73117.1_2668	100.000	132	0	0	1	132	1	132	4.15e-92	259
1287	lcl|HF680312.1_prot_CCU73116.1_2667	99.342	152	1	0	1	152	1	152	1.02e-111	310
1288	lcl|HF680312.1_prot_CCU73115.1_2666	99.799	498	1	0	1	498	1	498	0.0	1000
1289	lcl|HF680312.1_prot_CCU73114.1_2665	100.000	849	0	0	1	849	1	849	0.0	1714
1290	lcl|HF680312.1_prot_CCU73113.1_2664	100.000	132	0	0	1	132	1	132	1.67e-96	270
1291	lcl|HF680312.1_prot_CCU73112.1_2663	99.691	324	1	0	1	324	1	324	0.0	657
1292	lcl|HF680312.1_prot_CCU73111.1_2662	100.000	89	0	0	1	89	1	89	1.07e-62	181
1293	lcl|HF680312.1_prot_CCU73109.1_2660	99.857	700	1	0	1	700	1	700	0.0	1424
1294	lcl|HF680312.1_prot_CCU73108.1_2659	100.000	365	0	0	1	365	1	365	0.0	767
1295	lcl|HF680312.1_prot_CCU73107.1_2658	99.288	562	4	0	1	562	1	562	0.0	1126
1296	lcl|HF680312.1_prot_CCU73106.1_2657	99.679	312	1	0	1	312	1	312	0.0	620
1297	lcl|HF680312.1_prot_CCU73105.1_2656	100.000	98	0	0	1	98	1	98	4.89e-68	196
1298	lcl|HF680312.1_prot_CCU73104.1_2655	100.000	273	0	0	1	273	1	273	0.0	553
1299	lcl|HF680312.1_prot_CCU73103.1_2654	99.342	456	3	0	1	456	1	456	0.0	941
1300	lcl|HF680312.1_prot_CCU73102.1_2653	99.797	493	1	0	13	505	1	493	0.0	1003
1301	lcl|HF680312.1_prot_CCU73101.1_2652	98.653	297	4	0	1	297	1	297	0.0	600
1302	lcl|HF680312.1_prot_CCU73100.1_2651	99.754	814	2	0	1	814	1	814	0.0	1679
1303	lcl|HF680312.1_prot_CCU73099.1_2650	99.184	245	2	0	1	245	1	245	0.0	503
1304	lcl|HF680312.1_prot_CCU73098.1_2649	99.500	200	1	0	1	200	1	200	5.91e-145	398
1305	lcl|HF680312.1_prot_CCU73097.1_2648	98.972	389	4	0	1	389	29	417	0.0	786
1306	lcl|HF680312.1_prot_CCU73096.1_2647	100.000	224	0	0	1	224	35	258	3.96e-167	457
1307	lcl|HF680312.1_prot_CCU73095.1_2646	97.510	241	6	0	1	241	1	241	1.58e-178	486
1308	lcl|HF680312.1_prot_CCU73094.1_2645	99.409	508	3	0	1	508	1	508	0.0	1025
1309	lcl|HF680312.1_prot_CCU73093.1_2644	99.330	597	4	0	1	597	1	597	0.0	1224
1310	lcl|HF680312.1_prot_CCU73092.1_2643	99.170	241	2	0	1	241	1	241	0.0	492
1311	lcl|HF680312.1_prot_CCU73091.1_2642	100.000	342	0	0	1	342	1	342	0.0	702
1312	lcl|HF680312.1_prot_CCU73090.1_2641	98.559	347	5	0	1	347	1	347	0.0	709
1313	lcl|HF680312.1_prot_CCU73089.1_2640	100.000	81	0	0	1	81	1	81	1.51e-53	157
1314	lcl|HF680312.1_prot_CCU73088.1_2639	99.830	588	1	0	1	588	1	588	0.0	1197
1315	lcl|HF680312.1_prot_CCU73087.1_2638	100.000	390	0	0	1	390	1	390	0.0	772
1316	lcl|HF680312.1_prot_CCU73086.1_2637	100.000	93	0	0	1	93	1	93	1.10e-67	194
1317	lcl|HF680312.1_prot_CCU73085.1_2636	99.029	103	1	0	1	103	1	103	2.14e-73	209
1318	lcl|HF680312.1_prot_CCU73084.1_2635	100.000	79	0	0	2	80	1	79	2.86e-57	167
1319	lcl|HF680312.1_prot_CCU73083.1_2634	99.582	239	1	0	3	241	1	239	0.0	499
1320	lcl|HF680312.1_prot_CCU73082.1_2633	100.000	60	0	0	26	85	1	60	2.06e-40	124
1321	lcl|HF680312.1_prot_CCU73081.1_2632	99.101	890	8	0	1	890	1	890	0.0	1803
1322	lcl|HF680312.1_prot_CCU73080.1_2631	98.925	93	1	0	1	93	1	93	5.66e-66	190
1323	lcl|HF680312.1_prot_CCU73079.1_2630	99.841	627	1	0	1	627	1	627	0.0	1277
1324	lcl|HF680312.1_prot_CCU73078.1_2629	99.194	124	1	0	1	124	1	124	2.21e-92	259
1325	lcl|HF680312.1_prot_CCU73077.1_2628	99.756	410	1	0	1	410	1	410	0.0	846
1326	lcl|HF680312.1_prot_CCU73076.1_2627	99.720	357	1	0	1	357	1	357	0.0	729
1327	lcl|HF680312.1_prot_CCU73075.1_2626	100.000	348	0	0	1	348	1	348	0.0	731
1328	lcl|HF680312.1_prot_CCU73074.1_2625	100.000	229	0	0	1	229	1	229	7.75e-169	461
1329	lcl|HF680312.1_prot_CCU73073.1_2624	99.606	254	1	0	1	254	1	254	0.0	516
1330	lcl|HF680312.1_prot_CCU73072.1_2623	99.492	394	2	0	1	394	1	394	0.0	795
1331	lcl|HF680312.1_prot_CCU73071.1_2622	100.000	308	0	0	1	308	1	308	0.0	610
1332	lcl|HF680312.1_prot_CCU73070.1_2621	100.000	417	0	0	1	417	1	417	0.0	856
1333	lcl|HF680312.1_prot_CCU73069.1_2620	99.648	1137	4	0	1	1137	12	1148	0.0	2323
1334	lcl|HF680312.1_prot_CCU73068.1_2619	99.669	302	1	0	1	302	1	302	0.0	614
1335	lcl|HF680312.1_prot_CCU73067.1_2618	99.482	193	1	0	1	193	1	193	1.13e-143	394
1336	lcl|HF680312.1_prot_CCU73066.1_2617	100.000	203	0	0	1	203	1	203	7.73e-154	421
1337	lcl|HF680312.1_prot_CCU73065.1_2616	99.103	223	2	0	1	223	1	223	2.13e-167	457
1338	lcl|HF680312.1_prot_CCU73064.1_2615	97.396	192	5	0	1	192	1	192	5.23e-141	387
1339	lcl|HF680312.1_prot_CCU73063.1_2614	100.000	317	0	0	1	317	1	317	0.0	663
1340	lcl|HF680312.1_prot_CCU73062.1_2613	100.000	468	0	0	1	468	1	468	0.0	972
1341	lcl|HF680312.1_prot_CCU73061.1_2612	99.656	291	1	0	1	291	1	291	0.0	589
1342	lcl|HF680312.1_prot_CCU73060.1_2611	99.358	467	3	0	1	467	1	467	0.0	892
1343	lcl|HF680312.1_prot_CCU73059.1_2610	99.375	160	1	0	1	160	1	160	2.15e-116	323
1344	lcl|HF680312.1_prot_CCU73058.1_2609	100.000	138	0	0	1	138	1	138	2.92e-105	293
1345	lcl|HF680312.1_prot_CCU73057.1_2608	97.135	349	10	0	1	349	1	349	0.0	701
1346	lcl|HF680312.1_prot_CCU73056.1_2607	100.000	386	0	0	1	386	1	386	0.0	785
1347	lcl|HF680312.1_prot_CCU73055.1_2606	99.616	782	3	0	1	782	1	782	0.0	1611
1348	lcl|HF680312.1_prot_CCU73054.1_2605	100.000	161	0	0	1	161	1	161	7.70e-115	319
1349	lcl|HF680312.1_prot_CCU73053.1_2604	100.000	70	0	0	1	70	1	70	5.31e-48	143
1350	lcl|HF680312.1_prot_CCU73052.1_2603	99.322	590	4	0	2	591	1	590	0.0	1207
1351	lcl|HF680312.1_prot_CCU73051.1_2602	100.000	125	0	0	1	125	1	125	4.17e-92	258
1352	lcl|HF680312.1_prot_CCU73050.1_2601	99.646	565	2	0	1	565	1	565	0.0	1175
1353	lcl|HF680312.1_prot_CCU73049.1_2600	100.000	167	0	0	1	167	1	167	3.27e-123	340
1354	lcl|HF680312.1_prot_CCU73048.1_2599	98.708	542	7	0	1	542	1	542	0.0	1081
1355	lcl|HF680312.1_prot_CCU73047.1_2598	100.000	119	0	0	1	119	1	119	8.57e-82	232
1356	lcl|HF680312.1_prot_CCU73046.1_2597	99.448	181	1	0	2	182	1	181	9.14e-136	374
1357	lcl|HF680312.1_prot_CCU73045.1_2596	99.673	612	2	0	1	612	1	612	0.0	1210
1358	lcl|HF680312.1_prot_CCU73044.1_2595	100.000	131	0	0	1	131	1	131	2.31e-98	275
1359	lcl|HF680312.1_prot_CCU73043.1_2594	98.266	173	3	0	1	173	1	173	1.83e-126	349
1360	lcl|HF680312.1_prot_CCU73042.1_2593	99.582	479	2	0	1	479	1	479	0.0	981
1361	lcl|HF680312.1_prot_CCU73041.1_2592	99.613	1291	5	0	1	1291	1	1291	0.0	2662
1362	lcl|HF680312.1_prot_CCU73040.1_2591	98.630	73	1	0	1	73	1	73	4.30e-49	146
1363	lcl|HF680312.1_prot_CCU73039.1_2590	100.000	28	0	0	1	28	1	28	5.73e-12	50.1
1364	lcl|HF680312.1_prot_CCU73038.1_2589	100.000	241	0	0	1	241	1	241	0.0	507
1364	lcl|HF680312.1_prot_CCU73033.1_2584	100.000	74	0	0	1	74	1	74	4.04e-48	150
1365	lcl|HF680312.1_prot_CCU73032.1_2583	100.000	176	0	0	1	176	1	176	1.01e-128	355
1365	lcl|HF680312.1_prot_CCU73037.1_2588	100.000	50	0	0	1	50	1	50	1.43e-30	103
1366	lcl|HF680312.1_prot_CCU73031.1_2582	100.000	268	0	0	1	268	1	268	0.0	535
1367	lcl|HF680312.1_prot_CCU73030.1_2581	100.000	390	0	0	1	390	1	390	0.0	767
1368	lcl|HF680312.1_prot_CCU73029.1_2580	100.000	558	0	0	22	579	1	558	0.0	1139
1369	lcl|HF680312.1_prot_CCU73028.1_2579	100.000	158	0	0	16	173	1	158	1.16e-115	321
1370	lcl|HF680312.1_prot_CCU73027.1_2578	99.107	112	1	0	1	112	1	112	9.47e-77	219
1371	lcl|HF680312.1_prot_CCU73026.1_2577	100.000	83	0	0	1	83	1	83	6.30e-58	169
1372	lcl|HF680312.1_prot_CCU73025.1_2576	99.425	174	1	0	1	174	1	174	1.19e-126	350
1373	lcl|HF680312.1_prot_CCU73024.1_2575	99.602	251	1	0	1	251	1	251	0.0	514
1374	lcl|HF680312.1_prot_CCU73023.1_2574	100.000	117	0	0	1	117	1	117	5.02e-83	235
1375	lcl|HF680312.1_prot_CCU73022.1_2573	100.000	286	0	0	1	286	1	286	0.0	588
1376	lcl|HF680312.1_prot_CCU73021.1_2572	99.627	268	1	0	1	268	1	268	0.0	550
1377	lcl|HF680312.1_prot_CCU73020.1_2571	97.561	287	7	0	1	287	1	287	0.0	575
1378	lcl|HF680312.1_prot_CCU73019.1_2570	97.863	936	20	0	1	936	1	936	0.0	1874
1379	lcl|HF680312.1_prot_CCU73018.1_2569	99.808	521	1	0	1	521	1	521	0.0	1040
1380	lcl|HF680312.1_prot_CCU73017.1_2568	100.000	138	0	0	1	138	1	138	5.46e-101	282
1381	lcl|HF680312.1_prot_CCU73016.1_2567	99.782	459	1	0	1	459	1	459	0.0	946
1382	lcl|HF680312.1_prot_CCU73015.1_2566	100.000	295	0	0	44	338	1	295	0.0	607
1383	lcl|HF680312.1_prot_CCU73014.1_2565	100.000	331	0	0	1	331	1	331	0.0	686
1384	lcl|HF680312.1_prot_CCU73013.1_2564	100.000	704	0	0	1	704	1	704	0.0	1424
1385	lcl|HF680312.1_prot_CCU73012.1_2563	100.000	239	0	0	1	239	1	239	8.87e-177	482
1386	lcl|HF680312.1_prot_CCU73011.1_2562	100.000	318	0	0	1	318	1	318	0.0	655
1387	lcl|HF680312.1_prot_CCU73010.1_2561	99.281	278	2	0	1	278	1	278	0.0	568
1388	lcl|HF680312.1_prot_CCU73009.1_2560	100.000	150	0	0	1	150	1	150	2.50e-108	301
1389	lcl|HF680312.1_prot_CCU73008.1_2559	100.000	106	0	0	1	106	1	106	7.97e-75	213
1390	lcl|HF680312.1_prot_CCU73007.1_2558	100.000	838	0	0	1	838	1	838	0.0	1725
1391	lcl|HF680312.1_prot_CCU73006.1_2557	100.000	412	0	0	1	412	1	412	0.0	836
1392	lcl|HF680312.1_prot_CCU73005.1_2556	100.000	236	0	0	1	236	1	236	6.51e-177	482
1393	lcl|HF680312.1_prot_CCU73004.1_2555	100.000	153	0	0	1	153	1	153	4.53e-116	321
1394	lcl|HF680312.1_prot_CCU73003.1_2554	99.024	205	2	0	1	205	1	205	1.79e-151	415
1395	lcl|HF680312.1_prot_CCU73002.1_2553	98.649	296	4	0	1	296	1	296	0.0	606
1396	lcl|HF680312.1_prot_CCU73001.1_2552	99.448	362	2	0	1	362	1	362	0.0	752
1397	lcl|HF680312.1_prot_CCU73000.1_2551	99.552	223	1	0	1	223	1	223	5.17e-167	456
1409	lcl|HF680312.1_prot_CCU72999.1_2550	99.590	244	1	0	1	244	1	244	0.0	505
1410	lcl|HF680312.1_prot_CCU72998.1_2549	100.000	156	0	0	1	156	1	156	4.06e-114	317
1411	lcl|HF680312.1_prot_CCU72997.1_2548	100.000	101	0	0	10	110	1	101	5.51e-72	206
1412	lcl|HF680312.1_prot_CCU72996.1_2547	100.000	231	0	0	1	231	1	231	1.96e-173	473
1413	lcl|HF680312.1_prot_CCU72995.1_2546	99.676	309	1	0	1	309	1	309	0.0	629
1414	lcl|HF680312.1_prot_CCU72994.1_2545	100.000	272	0	0	1	272	1	272	0.0	568
1415	lcl|HF680312.1_prot_CCU72993.1_2544	100.000	135	0	0	1	135	1	135	3.13e-98	275
1416	lcl|HF680312.1_prot_CCU72992.1_2543	100.000	149	0	0	1	149	1	149	5.08e-111	308
1417	lcl|HF680312.1_prot_CCU72991.1_2542	98.855	262	3	0	1	262	1	262	0.0	520
1418	lcl|HF680312.1_prot_CCU72990.1_2541	99.668	1206	4	0	1	1206	1	1206	0.0	2357
1419	lcl|HF680312.1_prot_CCU72988.1_2539	97.984	248	5	0	1	248	1	248	0.0	495
1420	lcl|HF680312.1_prot_CCU72987.1_2538	99.234	261	2	0	1	261	1	261	0.0	522
1421	lcl|HF680312.1_prot_CCU72986.1_2537	99.111	225	2	0	1	225	1	225	2.60e-165	452
1422	lcl|HF680312.1_prot_CCU72982.1_2533	99.726	365	1	0	1	365	1	365	0.0	725
1423	lcl|HF680312.1_prot_CCU72983.1_2534	98.000	100	2	0	1	100	1	100	1.18e-64	187
1424	lcl|HF680312.1_prot_CCU72981.1_2532	98.867	353	4	0	1	353	1	353	0.0	719
1425	lcl|HF680312.1_prot_CCU72980.1_2531	99.597	993	4	0	1	993	1	993	0.0	1982
1426	lcl|HF680312.1_prot_CCU72979.1_2530	100.000	412	0	0	1	412	1	412	0.0	828
1427	lcl|HF680312.1_prot_CCU72978.1_2529	99.543	219	1	0	1	219	1	219	4.58e-166	453
1428	lcl|HF680312.1_prot_CCU72977.1_2528	99.335	451	3	0	1	451	1	451	0.0	897
1430	lcl|HF680312.1_prot_CCU72974.1_2525	98.039	204	4	0	1	204	1	204	7.84e-153	418
1431	lcl|HF680312.1_prot_CCU72973.1_2524	99.083	327	3	0	1	327	1	327	0.0	670
1441	lcl|HF680312.1_prot_CCU72963.1_2514	94.375	160	9	0	1	160	1	160	8.76e-112	311
1442	lcl|HF680312.1_prot_CCU72953.1_2504	97.030	101	3	0	1	101	1	101	6.05e-70	201
1443	lcl|HF680312.1_prot_CCU72952.1_2503	97.842	139	3	0	1	139	1	139	7.66e-101	281
1448	lcl|HF680312.1_prot_CCU72951.1_2502	92.063	504	30	2	1	504	1	494	0.0	954
1449	lcl|HF680312.1_prot_CCU72947.1_2498	95.238	84	4	0	8	91	1	84	3.54e-57	167
1450	lcl|HF680312.1_prot_CCU72946.1_2497	99.293	283	2	0	1	283	1	283	0.0	587
1451	lcl|HF680312.1_prot_CCU72944.1_2495	98.990	99	1	0	1	99	1	99	3.44e-70	201
1452	lcl|HF680312.1_prot_CCU72943.1_2494	100.000	138	0	0	1	138	1	138	1.70e-102	286
1453	lcl|HF680312.1_prot_CCU72941.1_2492	96.067	356	14	0	1	356	1	356	0.0	706
1454	lcl|HF680312.1_prot_CCU72940.1_2491	97.924	289	6	0	1	289	1	289	0.0	577
1455	lcl|HF680312.1_prot_CCU72939.1_2490	97.312	186	5	0	1	186	1	186	2.57e-135	373
1456	lcl|HF680312.1_prot_CCU72938.1_2489	96.246	293	11	0	1	293	3	295	0.0	573
1457	lcl|HF680312.1_prot_CCU72937.1_2488	100.000	388	0	0	1	388	1	388	0.0	790
1458	lcl|HF680312.1_prot_CCU72936.1_2487	100.000	472	0	0	1	472	1	472	0.0	973
1459	lcl|HF680312.1_prot_CCU72935.1_2486	99.786	467	1	0	1	467	1	467	0.0	963
1460	lcl|HF680312.1_prot_CCU72933.1_2484	94.763	401	19	1	1	399	1	401	0.0	748
1461	lcl|HF680312.1_prot_CCU72932.1_2483	99.454	183	1	0	1	183	1	183	3.18e-132	365
1462	lcl|HF680312.1_prot_CCU72931.1_2482	99.726	729	2	0	9	737	1	729	0.0	1480
1463	lcl|HF680312.1_prot_CCU72930.1_2481	100.000	213	0	0	1	213	1	213	1.05e-157	431
1465	lcl|HF680312.1_prot_CCU72929.1_2480	99.749	1194	3	0	1	1194	1	1194	0.0	2258
1466	lcl|HF680312.1_prot_CCU72928.1_2479	100.000	119	0	0	9	127	1	119	1.54e-84	239
1467	lcl|HF680312.1_prot_CCU72927.1_2478	99.620	1317	5	0	1	1317	1	1317	0.0	2575
1468	lcl|HF680312.1_prot_CCU72926.1_2477	100.000	64	0	0	1	64	7	70	2.96e-43	130
1469	lcl|HF680312.1_prot_CCU72925.1_2476	99.677	310	1	0	1	310	1	310	0.0	637
1470	lcl|HF680312.1_prot_CCU72924.1_2475	99.803	507	1	0	1	507	1	507	0.0	1045
1471	lcl|HF680312.1_prot_CCU72923.1_2474	99.559	227	1	0	1	227	1	227	6.08e-170	464
1472	lcl|HF680312.1_prot_CCU72922.1_2473	99.853	678	1	0	1	678	1	678	0.0	1404
1473	lcl|HF680312.1_prot_CCU72921.1_2472	100.000	152	0	0	2	153	1	152	2.92e-110	306
1474	lcl|HF680312.1_prot_CCU72920.1_2471	99.793	484	1	0	1	484	1	484	0.0	992
1475	lcl|HF680312.1_prot_CCU72919.1_2470	99.746	393	1	0	11	403	1	393	0.0	801
1476	lcl|HF680312.1_prot_CCU72918.1_2469	100.000	452	0	0	1	452	1	452	0.0	924
1477	lcl|HF680312.1_prot_CCU72917.1_2468	100.000	145	0	0	1	145	1	145	2.01e-105	294
1478	lcl|HF680312.1_prot_CCU72916.1_2467	97.701	435	8	1	1	435	1	433	0.0	849
1479	lcl|HF680312.1_prot_CCU72916.1_2467	99.310	145	1	0	1	145	426	570	6.38e-101	297
1480	lcl|HF680312.1_prot_CCU72915.1_2466	99.405	336	2	0	6	341	1	336	0.0	666
1481	lcl|HF680312.1_prot_CCU72914.1_2465	96.369	358	3	1	1	348	1	358	0.0	690
1482	lcl|HF680312.1_prot_CCU72913.1_2464	100.000	443	0	0	1	443	1	443	0.0	889
1483	lcl|HF680312.1_prot_CCU72912.1_2463	99.346	153	1	0	1	153	1	153	3.85e-110	306
1484	lcl|HF680312.1_prot_CCU72911.1_2462	98.947	95	1	0	1	95	1	95	3.97e-65	188
1485	lcl|HF680312.1_prot_CCU72910.1_2461	99.167	120	1	0	1	120	1	120	5.96e-86	243
1486	lcl|HF680312.1_prot_CCU72909.1_2460	99.568	694	3	0	1	694	1	694	0.0	1408
1487	lcl|HF680312.1_prot_CCU72908.1_2459	100.000	169	0	0	1	169	1	169	8.49e-123	340
1488	lcl|HF680312.1_prot_CCU72907.1_2458	98.865	793	9	0	1	793	1	793	0.0	1607
1489	lcl|HF680312.1_prot_CCU72906.1_2457	98.868	265	3	0	18	282	1	265	0.0	548
1490	lcl|HF680312.1_prot_CCU72905.1_2456	99.078	217	2	0	1	217	1	217	3.86e-164	448
1491	lcl|HF680312.1_prot_CCU72904.1_2455	98.857	350	4	0	1	350	1	350	0.0	701
1492	lcl|HF680312.1_prot_CCU72903.1_2454	99.010	101	1	0	1	101	1	101	3.48e-71	204
1493	lcl|HF680312.1_prot_CCU72902.1_2453	98.424	571	9	0	1	571	1	571	0.0	1168
1494	lcl|HF680312.1_prot_CCU72901.1_2452	99.099	111	1	0	1	111	1	111	2.52e-76	218
1495	lcl|HF680312.1_prot_CCU72900.1_2451	98.161	435	6	1	15	449	1	433	0.0	835
1496	lcl|HF680312.1_prot_CCU72899.1_2450	100.000	177	0	0	1	177	1	177	2.51e-125	347
1497	lcl|HF680312.1_prot_CCU72898.1_2449	99.689	322	1	0	1	322	1	322	0.0	650
1498	lcl|HF680312.1_prot_CCU72897.1_2448	100.000	180	0	0	1	180	1	180	2.32e-126	350
1499	lcl|HF680312.1_prot_CCU72896.1_2447	99.359	156	1	0	17	172	1	156	2.33e-108	303
1500	lcl|HF680312.1_prot_CCU72895.1_2446	99.630	270	1	0	1	270	1	270	0.0	525
1501	lcl|HF680312.1_prot_CCU72894.1_2445	97.753	89	2	0	1	89	1	89	3.82e-58	170
1502	lcl|HF680312.1_prot_CCU72893.1_2444	100.000	258	0	0	1	258	1	258	0.0	497
1503	lcl|HF680312.1_prot_CCU72892.1_2443	100.000	381	0	0	1	381	1	381	0.0	778
1505	lcl|HF680312.1_prot_CCU72891.1_2442	100.000	734	0	0	1	734	1	734	0.0	1473
1506	lcl|HF680312.1_prot_CCU72890.1_2441	100.000	459	0	0	1	459	1	459	0.0	940
1507	lcl|HF680312.1_prot_CCU72889.1_2440	100.000	272	0	0	1	272	1	272	0.0	550
1508	lcl|HF680312.1_prot_CCU72888.1_2439	100.000	244	0	0	1	244	1	244	0.0	500
1509	lcl|HF680312.1_prot_CCU72887.1_2438	100.000	124	0	0	1	124	1	124	3.49e-89	251
1510	lcl|HF680312.1_prot_CCU72886.1_2437	99.612	258	1	0	1	258	1	258	0.0	515
1511	lcl|HF680312.1_prot_CCU72885.1_2436	99.340	758	4	1	1	758	1	757	0.0	1506
1512	lcl|HF680312.1_prot_CCU72884.1_2435	99.410	339	2	0	1	339	1	339	0.0	683
1513	lcl|HF680312.1_prot_CCU72883.1_2434	100.000	260	0	0	1	260	4	263	0.0	533
1514	lcl|HF680312.1_prot_CCU72882.1_2433	99.153	118	1	0	1	118	1	118	4.19e-84	238
1515	lcl|HF680312.1_prot_CCU72881.1_2432	98.596	285	0	1	1	281	1	285	0.0	556
1516	lcl|HF680312.1_prot_CCU72880.1_2431	100.000	160	0	0	1	160	1	160	1.15e-116	323
1517	lcl|HF680312.1_prot_CCU72879.1_2430	100.000	126	0	0	1	126	1	126	4.61e-90	253
1518	lcl|HF680312.1_prot_CCU72878.1_2429	98.734	79	1	0	1	79	1	79	1.26e-56	165
1519	lcl|HF680312.1_prot_CCU72877.1_2428	99.194	124	1	0	1	124	1	124	9.67e-90	252
1520	lcl|HF680312.1_prot_CCU72876.1_2427	100.000	114	0	0	1	114	1	114	2.73e-84	238
1521	lcl|HF680312.1_prot_CCU72875.1_2426	98.726	157	2	0	1	157	2	158	3.96e-111	309
1522	lcl|HF680312.1_prot_CCU72874.1_2425	99.703	337	1	0	1	337	1	337	0.0	692
1523	lcl|HF680312.1_prot_CCU72873.1_2424	100.000	157	0	0	1	157	1	157	2.06e-118	328
1524	lcl|HF680312.1_prot_CCU72872.1_2423	98.844	173	2	0	1	173	1	173	5.61e-126	348
1525	lcl|HF680312.1_prot_CCU72871.1_2422	99.734	376	1	0	1	376	1	376	0.0	786
1526	lcl|HF680312.1_prot_CCU72870.1_2421	100.000	758	0	0	1	758	1	758	0.0	1579
1527	lcl|HF680312.1_prot_CCU72869.1_2420	100.000	246	0	0	1	246	1	246	1.40e-180	492
1528	lcl|HF680312.1_prot_CCU72868.1_2419	99.802	506	1	0	1	506	1	506	0.0	1027
1529	lcl|HF680312.1_prot_CCU72867.1_2418	100.000	306	0	0	1	306	1	306	0.0	627
1530	lcl|HF680312.1_prot_CCU72866.1_2417	98.643	516	7	0	1	516	1	516	0.0	1053
1531	lcl|HF680312.1_prot_CCU72865.1_2416	99.797	492	1	0	1	492	1	492	0.0	1011
1532	lcl|HF680312.1_prot_CCU72864.1_2415	100.000	363	0	0	1	363	1	363	0.0	727
1533	lcl|HF680312.1_prot_CCU72863.1_2414	100.000	294	0	0	8	301	1	294	0.0	609
1534	lcl|HF680312.1_prot_CCU72862.1_2413	99.742	388	1	0	1	388	1	388	0.0	790
1535	lcl|HF680312.1_prot_CCU72861.1_2412	100.000	301	0	0	1	301	1	301	0.0	609
1536	lcl|HF680312.1_prot_CCU72860.1_2411	100.000	136	0	0	1	136	1	136	6.18e-101	281
1537	lcl|HF680312.1_prot_CCU72859.1_2410	100.000	115	0	0	1	115	1	115	4.80e-85	240
1538	lcl|HF680312.1_prot_CCU72858.1_2409	100.000	273	0	0	10	282	1	273	0.0	562
1539	lcl|HF680312.1_prot_CCU72857.1_2408	99.375	320	2	0	1	320	1	320	0.0	643
1540	lcl|HF680312.1_prot_CCU72856.1_2407	100.000	234	0	0	1	234	1	234	3.46e-180	490
1541	lcl|HF680312.1_prot_CCU72855.1_2406	99.545	220	1	0	1	220	1	220	1.43e-167	457
1543	lcl|HF680312.1_prot_CCU72854.1_2405	91.391	151	13	0	1	151	3	153	2.64e-104	291
1544	lcl|HF680312.1_prot_CCU72853.1_2404	97.059	272	8	0	1	272	1	272	0.0	543
1545	lcl|HF680312.1_prot_CCU72852.1_2403	99.346	459	3	0	1	459	1	459	0.0	936
1546	lcl|HF680312.1_prot_CCU72851.1_2402	93.929	280	17	0	1	280	1	280	0.0	549
1547	lcl|HF680312.1_prot_CCU72850.1_2401	99.665	895	3	0	5	899	1	895	0.0	1850
1548	lcl|HF680312.1_prot_CCU72849.1_2400	100.000	259	0	0	1	259	1	259	0.0	539
1549	lcl|HF680312.1_prot_CCU72848.1_2399	100.000	248	0	0	1	248	1	248	0.0	509
1550	lcl|HF680312.1_prot_CCU72847.1_2398	100.000	284	0	0	1	284	1	284	0.0	558
1551	lcl|HF680312.1_prot_CCU72846.1_2397	100.000	243	0	0	1	243	1	243	3.80e-180	491
1552	lcl|HF680312.1_prot_CCU72845.1_2396	100.000	185	0	0	1	185	1	185	7.76e-136	374
1553	lcl|HF680312.1_prot_CCU72844.1_2395	99.608	255	1	0	1	255	1	255	0.0	523
1554	lcl|HF680312.1_prot_CCU72843.1_2394	100.000	281	0	0	1	281	5	285	0.0	561
1555	lcl|HF680312.1_prot_CCU72842.1_2393	99.745	392	1	0	1	392	1	392	0.0	802
1556	lcl|HF680312.1_prot_CCU72841.1_2392	100.000	446	0	0	1	446	1	446	0.0	887
1557	lcl|HF680312.1_prot_CCU72840.1_2391	100.000	852	0	0	1	852	1	852	0.0	1730
1558	lcl|HF680312.1_prot_CCU72839.1_2390	100.000	164	0	0	1	164	1	164	7.66e-116	322
1559	lcl|HF680312.1_prot_CCU72838.1_2389	100.000	340	0	0	1	340	1	340	0.0	681
1560	lcl|HF680312.1_prot_CCU72837.1_2388	100.000	154	0	0	1	154	1	154	2.88e-116	322
1561	lcl|HF680312.1_prot_CCU72836.1_2387	100.000	256	0	0	1	256	1	256	0.0	525
1562	lcl|HF680312.1_prot_CCU72835.1_2386	99.736	379	1	0	1	379	1	379	0.0	771
1563	lcl|HF680312.1_prot_CCU72834.1_2385	98.585	212	3	0	1	212	1	212	7.43e-152	417
1564	lcl|HF680312.1_prot_CCU72833.1_2384	100.000	266	0	0	1	266	1	266	0.0	541
1565	lcl|HF680312.1_prot_CCU72832.1_2383	99.497	398	2	0	1	398	1	398	0.0	821
1566	lcl|HF680312.1_prot_CCU72830.1_2381	99.779	452	1	0	1	452	1	452	0.0	910
1567	lcl|HF680312.1_prot_CCU72829.1_2380	100.000	184	0	0	1	184	1	184	6.41e-139	382
1568	lcl|HF680312.1_prot_CCU72828.1_2379	100.000	313	0	0	1	313	1	313	0.0	648
1569	lcl|HF680312.1_prot_CCU72827.1_2378	100.000	559	0	0	1	559	1	559	0.0	1140
1570	lcl|HF680312.1_prot_CCU72826.1_2377	100.000	533	0	0	1	533	1	533	0.0	1111
1571	lcl|HF680312.1_prot_CCU72825.1_2376	100.000	375	0	0	1	375	1	375	0.0	780
1572	lcl|HF680312.1_prot_CCU72824.1_2375	100.000	372	0	0	1	372	1	372	0.0	784
1573	lcl|HF680312.1_prot_CCU72823.1_2374	100.000	366	0	0	1	366	1	366	0.0	753
1574	lcl|HF680312.1_prot_CCU72822.1_2373	100.000	346	0	0	1	346	26	371	0.0	709
1575	lcl|HF680312.1_prot_CCU72821.1_2372	100.000	251	0	0	1	251	1	251	0.0	505
1576	lcl|HF680312.1_prot_CCU72820.1_2371	99.421	1210	7	0	1	1210	1	1210	0.0	2494
1577	lcl|HF680312.1_prot_CCU72819.1_2370	99.528	212	1	0	1	212	1	212	1.28e-162	444
1578	lcl|HF680312.1_prot_CCU72818.1_2369	99.606	254	1	0	1	254	1	254	0.0	534
1580	lcl|HF680312.1_prot_CCU72817.1_2368	100.000	324	0	0	1	324	1	324	0.0	655
1581	lcl|HF680312.1_prot_CCU72816.1_2367	100.000	284	0	0	1	284	33	316	0.0	575
1582	lcl|HF680312.1_prot_CCU72815.1_2366	100.000	302	0	0	1	302	1	302	0.0	624
1583	lcl|HF680312.1_prot_CCU72814.1_2365	99.222	257	2	0	1	257	1	257	0.0	529
1584	lcl|HF680312.1_prot_CCU72813.1_2364	99.781	456	1	0	1	456	1	456	0.0	952
1585	lcl|HF680312.1_prot_CCU72812.1_2363	100.000	149	0	0	1	149	1	149	3.35e-110	306
1586	lcl|HF680312.1_prot_CCU72811.1_2362	99.678	311	1	0	1	311	1	311	0.0	645
1587	lcl|HF680312.1_prot_CCU72810.1_2361	99.000	300	3	0	1	300	1	300	0.0	581
1588	lcl|HF680312.1_prot_CCU72809.1_2360	100.000	169	0	0	1	169	1	169	2.88e-121	336
1589	lcl|HF680312.1_prot_CCU72808.1_2359	99.748	397	1	0	1	397	1	397	0.0	823
1590	lcl|HF680312.1_prot_CCU72807.1_2358	99.769	432	1	0	1	432	1	432	0.0	857
1592	lcl|HF680312.1_prot_CCU72806.1_2357	100.000	311	0	0	1	311	1	311	0.0	639
1593	lcl|HF680312.1_prot_CCU72805.1_2356	97.037	135	4	0	1	135	1	135	1.35e-97	273
1594	lcl|HF680312.1_prot_CCU72804.1_2355	97.872	329	7	0	1	329	1	329	0.0	659
1595	lcl|HF680312.1_prot_CCU72803.1_2354	98.339	301	5	0	1	301	1	301	0.0	620
1596	lcl|HF680312.1_prot_CCU72802.1_2353	96.855	159	5	0	1	159	1	159	1.56e-102	288
1597	lcl|HF680312.1_prot_CCU72800.1_2351	100.000	101	0	0	1	101	1	101	4.64e-74	211
1598	lcl|HF680312.1_prot_CCU72799.1_2350	100.000	126	0	0	1	126	1	126	8.33e-91	255
1599	lcl|HF680312.1_prot_CCU72798.1_2349	100.000	221	0	0	1	221	1	221	1.69e-166	454
1600	lcl|HF680312.1_prot_CCU72797.1_2348	99.709	344	1	0	1	344	1	344	0.0	712
1601	lcl|HF680312.1_prot_CCU72796.1_2347	100.000	314	0	0	1	314	1	314	0.0	657
1602	lcl|HF680312.1_prot_CCU72795.1_2346	100.000	406	0	0	1	406	1	406	0.0	833
1603	lcl|HF680312.1_prot_CCU72794.1_2345	98.837	86	1	0	1	86	1	86	4.53e-60	174
1604	lcl|HF680312.1_prot_CCU72793.1_2344	100.000	117	0	0	1	117	1	117	5.20e-86	243
1607	lcl|HF680312.1_prot_CCU73878.1_3429	100.000	99	0	0	1	99	1	99	3.63e-71	203
1607	lcl|HF680312.1_prot_CCU73515.1_3066	100.000	99	0	0	1	99	1	99	3.63e-71	203
1607	lcl|HF680312.1_prot_CCU73195.1_2746	100.000	99	0	0	1	99	1	99	3.63e-71	203
1607	lcl|HF680312.1_prot_CCU71717.1_1268	100.000	99	0	0	1	99	1	99	3.63e-71	203
1607	lcl|HF680312.1_prot_CCU70977.1_528	100.000	99	0	0	1	99	1	99	3.63e-71	203
1607	lcl|HF680312.1_prot_CCU70868.1_419	100.000	99	0	0	1	99	1	99	3.63e-71	203
1607	lcl|HF680312.1_prot_CCU73715.1_3266	95.960	99	4	0	1	99	1	99	1.41e-67	194
1607	lcl|HF680312.1_prot_CCU73036.1_2587	95.960	99	4	0	1	99	1	99	1.41e-67	194
1607	lcl|HF680312.1_prot_CCU72674.1_2225	94.949	99	5	0	1	99	1	99	2.67e-67	194
1608	lcl|HF680312.1_prot_CCU73877.1_3428	100.000	118	0	0	1	118	1	118	1.15e-86	244
1608	lcl|HF680312.1_prot_CCU73714.1_3265	100.000	118	0	0	1	118	1	118	1.15e-86	244
1608	lcl|HF680312.1_prot_CCU73516.1_3067	100.000	118	0	0	1	118	1	118	1.15e-86	244
1608	lcl|HF680312.1_prot_CCU73196.1_2747	100.000	118	0	0	1	118	1	118	1.15e-86	244
1608	lcl|HF680312.1_prot_CCU73035.1_2586	100.000	118	0	0	1	118	1	118	1.15e-86	244
1608	lcl|HF680312.1_prot_CCU71716.1_1267	100.000	118	0	0	1	118	1	118	1.15e-86	244
1608	lcl|HF680312.1_prot_CCU70976.1_527	100.000	118	0	0	1	118	1	118	1.15e-86	244
1608	lcl|HF680312.1_prot_CCU70867.1_418	100.000	118	0	0	1	118	1	118	1.15e-86	244
1608	lcl|HF680312.1_prot_CCU72673.1_2224	99.153	118	1	0	1	118	1	118	5.54e-86	243
1609	lcl|HF680312.1_prot_CCU70975.1_526	99.067	536	5	0	1	536	1	536	0.0	1096
1609	lcl|HF680312.1_prot_CCU73517.1_3068	97.388	536	14	0	1	536	1	536	0.0	1083
1609	lcl|HF680312.1_prot_CCU70866.1_417	96.685	543	11	1	1	536	1	543	0.0	1079
1609	lcl|HF680312.1_prot_CCU71715.1_1266	96.317	543	13	1	1	536	1	543	0.0	1075
1609	lcl|HF680312.1_prot_CCU73713.1_3264	97.015	536	16	0	1	536	1	536	0.0	1075
1609	lcl|HF680312.1_prot_CCU73876.1_3427	95.028	543	20	1	1	536	1	543	0.0	1020
1609	lcl|HF680312.1_prot_CCU73197.1_2748	95.028	543	20	1	1	536	1	543	0.0	1020
1609	lcl|HF680312.1_prot_CCU73034.1_2585	95.028	543	20	1	1	536	1	543	0.0	1020
1609	lcl|HF680312.1_prot_CCU72672.1_2223	93.554	543	28	1	1	536	1	543	0.0	1008
1612	lcl|HF680312.1_prot_CCU72786.1_2337	98.209	335	6	0	1	335	1	335	0.0	691
1612	lcl|HF680312.1_prot_CCU72281.1_1832	98.209	335	6	0	1	335	1	335	0.0	691
1612	lcl|HF680312.1_prot_CCU72583.1_2134	98.209	335	6	0	1	335	1	335	0.0	690
1612	lcl|HF680312.1_prot_CCU71221.1_772	97.313	335	9	0	1	335	1	335	0.0	684
1614	lcl|HF680312.1_prot_CCU72784.1_2335	98.276	116	2	0	1	116	1	116	9.83e-83	234
1615	lcl|HF680312.1_prot_CCU72783.1_2334	98.319	238	4	0	1	238	1	238	3.40e-179	488
1616	lcl|HF680312.1_prot_CCU72782.1_2333	100.000	278	0	0	59	336	1	278	0.0	577
1616	lcl|HF680312.1_prot_CCU72781.1_2332	100.000	33	0	0	1	33	44	76	1.98e-17	72.8
1619	lcl|HF680312.1_prot_CCU72779.1_2330	99.580	238	1	0	1	238	1	238	4.55e-176	480
1620	lcl|HF680312.1_prot_CCU72778.1_2329	98.592	71	1	0	1	71	1	71	7.58e-48	142
1621	lcl|HF680312.1_prot_CCU72777.1_2328	99.408	169	1	0	1	169	1	169	3.83e-126	348
1622	lcl|HF680312.1_prot_CCU72776.1_2327	100.000	77	0	0	1	77	1	77	1.96e-53	157
1623	lcl|HF680312.1_prot_CCU72775.1_2326	97.963	540	11	0	1	540	1	540	0.0	1097
1624	lcl|HF680312.1_prot_CCU72774.1_2325	99.663	297	1	0	1	297	1	297	0.0	610
1625	lcl|HF680312.1_prot_CCU72773.1_2324	100.000	257	0	0	1	257	1	257	0.0	527
1626	lcl|HF680312.1_prot_CCU72772.1_2323	99.412	170	1	0	1	170	1	170	1.42e-126	349
1627	lcl|HF680312.1_prot_CCU72771.1_2322	99.293	283	2	0	1	283	1	283	0.0	549
1628	lcl|HF680312.1_prot_CCU72770.1_2321	100.000	149	0	0	1	149	1	149	4.49e-112	311
1629	lcl|HF680312.1_prot_CCU72769.1_2320	99.401	334	2	0	1	334	1	334	0.0	681
1630	lcl|HF680312.1_prot_CCU72768.1_2319	99.730	371	1	0	1	371	1	371	0.0	751
1631	lcl|HF680312.1_prot_CCU72767.1_2318	98.873	621	7	0	1	621	1	621	0.0	1235
1632	lcl|HF680312.1_prot_CCU72766.1_2317	99.254	134	1	0	1	134	1	134	6.30e-99	276
1633	lcl|HF680312.1_prot_CCU72765.1_2316	99.526	211	1	0	1	211	1	211	5.23e-159	434
1634	lcl|HF680312.1_prot_CCU72764.1_2315	99.242	132	1	0	1	132	1	132	6.85e-94	263
1635	lcl|HF680312.1_prot_CCU72762.1_2313	99.739	383	1	0	1	383	1	383	0.0	783
1636	lcl|HF680312.1_prot_CCU72761.1_2312	99.708	342	1	0	1	342	1	342	0.0	689
1637	lcl|HF680312.1_prot_CCU72760.1_2311	99.130	115	1	0	1	115	1	115	3.51e-83	235
1638	lcl|HF680312.1_prot_CCU72759.1_2310	99.312	1018	7	0	1	1018	3	1020	0.0	2059
1639	lcl|HF680312.1_prot_CCU72757.1_2308	98.048	666	13	0	1	666	1	666	0.0	1315
1640	lcl|HF680312.1_prot_CCU72756.1_2307	97.790	181	4	0	1	181	33	213	3.99e-131	363
1641	lcl|HF680312.1_prot_CCU72755.1_2306	97.399	346	9	0	73	418	1	346	0.0	713
1642	lcl|HF680312.1_prot_CCU72754.1_2305	100.000	175	0	0	1	175	1	175	4.41e-130	358
1643	lcl|HF680312.1_prot_CCU72753.1_2304	100.000	119	0	0	1	119	1	119	1.01e-87	247
1644	lcl|HF680312.1_prot_CCU72752.1_2303	100.000	407	0	0	1	407	1	407	0.0	843
1645	lcl|HF680312.1_prot_CCU72751.1_2302	99.549	443	2	0	1	443	1	443	0.0	912
1646	lcl|HF680312.1_prot_CCU72750.1_2301	100.000	252	0	0	1	252	1	252	0.0	515
1647	lcl|HF680312.1_prot_CCU72749.1_2300	99.792	480	1	0	1	480	1	480	0.0	1001
1648	lcl|HF680312.1_prot_CCU72748.1_2299	100.000	155	0	0	1	155	1	155	1.19e-113	315
1649	lcl|HF680312.1_prot_CCU72747.1_2298	97.531	81	2	0	1	81	1	81	1.47e-54	160
1650	lcl|HF680312.1_prot_CCU72746.1_2297	99.621	264	1	0	1	264	1	264	0.0	542
1651	lcl|HF680312.1_prot_CCU72745.1_2296	100.000	88	0	0	1	88	1	88	2.98e-58	170
1652	lcl|HF680312.1_prot_CCU72744.1_2295	99.730	371	1	0	1	371	1	371	0.0	744
1653	lcl|HF680312.1_prot_CCU72743.1_2294	99.782	459	1	0	1	459	1	459	0.0	937
1654	lcl|HF680312.1_prot_CCU72742.1_2293	100.000	458	0	0	1	458	1	458	0.0	940
1655	lcl|HF680312.1_prot_CCU72741.1_2292	100.000	373	0	0	1	373	1	373	0.0	778
1656	lcl|HF680312.1_prot_CCU72740.1_2291	100.000	131	0	0	1	131	1	131	7.57e-94	263
1657	lcl|HF680312.1_prot_CCU72739.1_2290	100.000	201	0	0	1	201	1	201	5.70e-153	419
1658	lcl|HF680312.1_prot_CCU72738.1_2289	100.000	159	0	0	1	159	1	159	4.44e-112	311
1659	lcl|HF680312.1_prot_CCU72737.1_2288	99.780	455	1	0	1	455	1	455	0.0	941
1660	lcl|HF680312.1_prot_CCU72736.1_2287	100.000	209	0	0	1	209	1	209	1.54e-150	413
1661	lcl|HF680312.1_prot_CCU72735.1_2286	99.378	804	5	0	1	804	1	804	0.0	1660
1662	lcl|HF680312.1_prot_CCU72734.1_2285	98.649	222	3	0	1	222	1	222	2.83e-166	454
1663	lcl|HF680312.1_prot_CCU72733.1_2284	98.834	772	9	0	1	772	1	772	0.0	1557
1664	lcl|HF680312.1_prot_CCU72732.1_2283	100.000	77	0	0	1	77	1	77	3.28e-53	156
1665	lcl|HF680312.1_prot_CCU72731.1_2282	100.000	147	0	0	1	147	1	147	1.21e-109	305
1666	lcl|HF680312.1_prot_CCU72730.1_2281	100.000	129	0	0	1	129	1	129	3.16e-89	251
1667	lcl|HF680312.1_prot_CCU72729.1_2280	100.000	200	0	0	1	200	1	200	1.54e-150	412
1668	lcl|HF680312.1_prot_CCU72728.1_2279	100.000	116	0	0	1	116	1	116	1.17e-82	234
1669	lcl|HF680312.1_prot_CCU72727.1_2278	100.000	405	0	0	1	405	1	405	0.0	818
1670	lcl|HF680312.1_prot_CCU72726.1_2277	100.000	454	0	0	1	454	1	454	0.0	932
1671	lcl|HF680312.1_prot_CCU72725.1_2276	100.000	159	0	0	1	159	1	159	4.26e-116	322
1672	lcl|HF680312.1_prot_CCU72724.1_2275	99.293	283	2	0	1	283	1	283	0.0	571
1673	lcl|HF680312.1_prot_CCU72723.1_2274	98.931	655	7	0	1	655	1	655	0.0	1328
1674	lcl|HF680312.1_prot_CCU72722.1_2273	99.659	293	1	0	1	293	1	293	0.0	604
1675	lcl|HF680312.1_prot_CCU72721.1_2272	99.674	307	1	0	1	307	1	307	0.0	631
1676	lcl|HF680312.1_prot_CCU72720.1_2271	99.683	315	1	0	1	315	1	315	0.0	647
1677	lcl|HF680312.1_prot_CCU72719.1_2270	100.000	368	0	0	1	368	1	368	0.0	756
1678	lcl|HF680312.1_prot_CCU72718.1_2269	99.488	391	2	0	1	391	1	391	0.0	781
1679	lcl|HF680312.1_prot_CCU72717.1_2268	100.000	83	0	0	1	83	1	83	1.26e-57	168
1680	lcl|HF680312.1_prot_CCU72716.1_2267	100.000	130	0	0	1	130	1	130	6.27e-91	256
1681	lcl|HF680312.1_prot_CCU72715.1_2266	99.835	605	1	0	1	605	1	605	0.0	1253
1682	lcl|HF680312.1_prot_CCU72714.1_2265	99.320	147	1	0	1	147	1	147	1.60e-109	304
1683	lcl|HF680312.1_prot_CCU72713.1_2264	98.864	88	1	0	1	88	1	88	2.73e-61	177
1684	lcl|HF680312.1_prot_CCU72712.1_2263	96.460	678	24	0	1	678	7	684	0.0	1362
1685	lcl|HF680312.1_prot_CCU72711.1_2262	99.656	291	1	0	2	292	1	291	0.0	563
1686	lcl|HF680312.1_prot_CCU72710.1_2261	99.485	194	1	0	1	194	1	194	2.07e-144	396
1687	lcl|HF680312.1_prot_CCU72709.1_2260	100.000	105	0	0	1	105	1	105	9.57e-77	218
1688	lcl|HF680312.1_prot_CCU72708.1_2259	99.548	221	1	0	1	221	1	221	9.25e-160	437
1689	lcl|HF680312.1_prot_CCU72707.1_2258	100.000	99	0	0	1	99	1	99	1.78e-70	202
1690	lcl|HF680312.1_prot_CCU72706.1_2257	100.000	201	0	0	1	201	1	201	1.84e-146	402
1691	lcl|HF680312.1_prot_CCU72705.1_2256	98.561	278	4	0	1	278	1	278	0.0	566
1692	lcl|HF680312.1_prot_CCU72704.1_2255	98.544	206	3	0	1	206	1	206	6.16e-153	419
1693	lcl|HF680312.1_prot_CCU72703.1_2254	100.000	338	0	0	1	338	1	338	0.0	703
1694	lcl|HF680312.1_prot_CCU72702.1_2253	99.257	404	3	0	1	404	1	404	0.0	837
1695	lcl|HF680312.1_prot_CCU72701.1_2252	99.643	280	1	0	1	280	1	280	0.0	553
1696	lcl|HF680312.1_prot_CCU72700.1_2251	98.438	320	5	0	1	320	1	320	0.0	629
1697	lcl|HF680312.1_prot_CCU72699.1_2250	99.647	283	1	0	1	283	1	283	0.0	573
1698	lcl|HF680312.1_prot_CCU72698.1_2249	99.692	325	1	0	1	325	1	325	0.0	668
1699	lcl|HF680312.1_prot_CCU72697.1_2248	99.595	247	1	0	1	247	1	247	0.0	506
1700	lcl|HF680312.1_prot_CCU72696.1_2247	99.550	222	1	0	1	222	1	222	1.10e-166	455
1701	lcl|HF680312.1_prot_CCU72695.1_2246	99.187	246	2	0	1	246	1	246	0.0	507
1702	lcl|HF680312.1_prot_CCU72694.1_2245	99.544	439	2	0	1	439	1	439	0.0	903
1703	lcl|HF680312.1_prot_CCU72693.1_2244	99.776	891	2	0	1	891	1	891	0.0	1804
1704	lcl|HF680312.1_prot_CCU72692.1_2243	98.172	383	7	0	1	383	1	383	0.0	764
1705	lcl|HF680312.1_prot_CCU72691.1_2242	99.167	360	3	0	1	360	1	360	0.0	740
1706	lcl|HF680312.1_prot_CCU72690.1_2241	100.000	363	0	0	1	363	1	363	0.0	756
1707	lcl|HF680312.1_prot_CCU72689.1_2240	99.194	372	3	0	1	372	1	372	0.0	749
1708	lcl|HF680312.1_prot_CCU72688.1_2239	99.331	747	5	0	1	747	1	747	0.0	1498
1709	lcl|HF680312.1_prot_CCU72687.1_2238	100.000	226	0	0	1	226	1	226	8.82e-163	445
1710	lcl|HF680312.1_prot_CCU72686.1_2237	100.000	562	0	0	1	562	1	562	0.0	1125
1711	lcl|HF680312.1_prot_CCU72685.1_2236	98.990	99	1	0	1	99	1	99	1.64e-69	199
1712	lcl|HF680312.1_prot_CCU72684.1_2235	99.490	392	2	0	1	392	1	392	0.0	796
1713	lcl|HF680312.1_prot_CCU72683.1_2234	98.340	241	4	0	1	241	1	241	5.00e-179	488
1714	lcl|HF680312.1_prot_CCU72681.1_2232	100.000	405	0	0	1	405	1	405	0.0	836
1715	lcl|HF680312.1_prot_CCU72680.1_2231	99.873	786	1	0	1	786	1	786	0.0	1624
1716	lcl|HF680312.1_prot_CCU72679.1_2230	100.000	428	0	0	1	428	1	428	0.0	871
1717	lcl|HF680312.1_prot_CCU72678.1_2229	100.000	382	0	0	1	382	1	382	0.0	777
1718	lcl|HF680312.1_prot_CCU72677.1_2228	100.000	626	0	0	1	626	1	626	0.0	1265
1719	lcl|HF680312.1_prot_CCU72675.1_2226	100.000	338	0	0	2	339	1	338	0.0	691
1720	lcl|HF680312.1_prot_CCU73710.1_3261	98.537	205	3	0	38	242	1	205	1.42e-154	424
1720	lcl|HF680312.1_prot_CCU73192.1_2743	98.537	205	3	0	38	242	1	205	1.42e-154	424
1720	lcl|HF680312.1_prot_CCU72958.1_2509	98.537	205	3	0	38	242	1	205	1.42e-154	424
1720	lcl|HF680312.1_prot_CCU72346.1_1897	98.537	205	3	0	38	242	1	205	1.42e-154	424
1720	lcl|HF680312.1_prot_CCU71763.1_1314	98.537	205	3	0	38	242	1	205	1.42e-154	424
1720	lcl|HF680312.1_prot_CCU70461.1_12	98.537	205	3	0	38	242	1	205	1.42e-154	424
1720	lcl|HF680312.1_prot_CCU72337.1_1888	97.561	205	5	0	38	242	1	205	5.08e-153	421
1720	lcl|HF680312.1_prot_TOL_2175_2131	95.960	99	4	0	38	136	1	99	1.42e-65	199
1720	lcl|HF680312.1_prot_TOL_0423_416	97.674	86	2	0	157	242	1	86	1.64e-58	177
1721	lcl|HF680312.1_prot_CCU72670.1_2221	100.000	318	0	0	1	318	1	318	0.0	644
1722	lcl|HF680312.1_prot_CCU72669.1_2220	100.000	134	0	0	1	134	1	134	4.18e-97	272
1723	lcl|HF680312.1_prot_CCU72668.1_2219	100.000	630	0	0	1	630	1	630	0.0	1299
1724	lcl|HF680312.1_prot_CCU72667.1_2218	97.989	348	7	0	1	348	1	348	0.0	699
1725	lcl|HF680312.1_prot_CCU72666.1_2217	100.000	193	0	0	1	193	1	193	1.05e-143	394
1726	lcl|HF680312.1_prot_CCU72665.1_2216	99.605	253	1	0	1	253	1	253	0.0	521
1727	lcl|HF680312.1_prot_CCU72664.1_2215	99.123	228	2	0	1	228	1	228	1.17e-171	468
1728	lcl|HF680312.1_prot_CCU72663.1_2214	100.000	349	0	0	1	349	1	349	0.0	708
1729	lcl|HF680312.1_prot_CCU72662.1_2213	98.810	336	4	0	1	336	1	336	0.0	673
1730	lcl|HF680312.1_prot_CCU72661.1_2212	100.000	231	0	0	1	231	1	231	2.26e-173	473
1731	lcl|HF680312.1_prot_CCU72660.1_2211	99.491	393	2	0	1	393	1	393	0.0	801
1732	lcl|HF680312.1_prot_CCU72659.1_2210	99.705	678	2	0	1	678	1	678	0.0	1394
1733	lcl|HF680312.1_prot_CCU72658.1_2209	98.583	635	9	0	1	635	1	635	0.0	1296
1734	lcl|HF680312.1_prot_CCU72657.1_2208	97.912	910	19	0	1	910	1	910	0.0	1818
1735	lcl|HF680312.1_prot_CCU72656.1_2207	99.648	284	1	0	1	284	21	304	0.0	587
1736	lcl|HF680312.1_prot_CCU72655.1_2206	96.562	349	12	0	1	349	1	349	0.0	702
1737	lcl|HF680312.1_prot_CCU72654.1_2205	98.404	188	3	0	1	188	1	188	1.32e-139	384
1738	lcl|HF680312.1_prot_CCU72652.1_2203	99.696	658	2	0	1	658	1	658	0.0	1335
1740	lcl|HF680312.1_prot_CCU72650.1_2201	94.898	196	10	0	1	196	1	196	2.05e-136	376
1741	lcl|HF680312.1_prot_CCU72649.1_2200	98.239	1022	18	0	10	1031	1	1022	0.0	2082
1750	lcl|HF680312.1_prot_CCU72632.1_2183	98.750	80	1	0	1	80	1	80	3.78e-55	162
1753	lcl|HF680312.1_prot_CCU72626.1_2177	99.281	139	1	0	1	139	1	139	2.71e-100	280
1754	lcl|HF680312.1_prot_CCU72625.1_2176	99.038	312	3	0	43	354	1	312	0.0	626
1755	lcl|HF680312.1_prot_CCU72624.1_2175	98.011	352	7	0	19	370	1	352	0.0	716
1756	lcl|HF680312.1_prot_CCU72623.1_2174	100.000	286	0	0	1	286	1	286	0.0	581
1757	lcl|HF680312.1_prot_CCU72622.1_2173	99.565	230	1	0	1	230	1	230	3.11e-170	464
1758	lcl|HF680312.1_prot_CCU72621.1_2172	99.599	499	2	0	15	513	1	499	0.0	989
1759	lcl|HF680312.1_prot_CCU72620.1_2171	100.000	284	0	0	1	284	1	284	0.0	588
1760	lcl|HF680312.1_prot_CCU72619.1_2170	99.410	339	2	0	1	339	1	339	0.0	682
1761	lcl|HF680312.1_prot_CCU72618.1_2169	99.696	329	1	0	1	329	1	329	0.0	674
1762	lcl|HF680312.1_prot_CCU72617.1_2168	99.645	282	1	0	1	282	1	282	0.0	584
1763	lcl|HF680312.1_prot_CCU72616.1_2167	100.000	183	0	0	1	183	1	183	1.74e-133	368
1764	lcl|HF680312.1_prot_CCU72615.1_2166	100.000	194	0	0	1	194	1	194	8.64e-142	390
1765	lcl|HF680312.1_prot_CCU72614.1_2165	98.684	76	1	0	1	76	1	76	1.02e-50	150
1766	lcl|HF680312.1_prot_CCU72613.1_2164	100.000	193	0	0	1	193	1	193	3.04e-144	396
1767	lcl|HF680312.1_prot_CCU72612.1_2163	98.745	478	6	0	1	478	1	478	0.0	974
1768	lcl|HF680312.1_prot_CCU72611.1_2162	99.213	254	2	0	1	254	1	254	0.0	521
1769	lcl|HF680312.1_prot_CCU72610.1_2161	100.000	356	0	0	1	356	1	356	0.0	741
1770	lcl|HF680312.1_prot_CCU72609.1_2160	99.757	412	1	0	14	425	1	412	0.0	842
1771	lcl|HF680312.1_prot_CCU72608.1_2159	99.776	894	2	0	1	894	12	905	0.0	1788
1772	lcl|HF680312.1_prot_CCU72607.1_2158	100.000	194	0	0	1	194	1	194	1.34e-142	392
1773	lcl|HF680312.1_prot_CCU72606.1_2157	100.000	194	0	0	1	194	1	194	3.67e-142	390
1774	lcl|HF680312.1_prot_CCU72605.1_2156	100.000	332	0	0	1	332	36	367	0.0	671
1775	lcl|HF680312.1_prot_CCU72604.1_2155	99.008	504	3	1	3	506	1	502	0.0	1014
1776	lcl|HF680312.1_prot_CCU72603.1_2154	99.797	492	1	0	1	492	1	492	0.0	967
1777	lcl|HF680312.1_prot_CCU72602.1_2153	99.524	420	2	0	1	420	5	424	0.0	842
1778	lcl|HF680312.1_prot_CCU72601.1_2152	99.609	512	2	0	1	512	1	512	0.0	1043
1779	lcl|HF680312.1_prot_CCU72600.1_2151	98.870	531	6	0	1	531	1	531	0.0	1059
1780	lcl|HF680312.1_prot_CCU72599.1_2150	99.592	245	1	0	1	245	1	245	0.0	497
1781	lcl|HF680312.1_prot_CCU72598.1_2149	99.730	370	1	0	1	370	1	370	0.0	769
1782	lcl|HF680312.1_prot_CCU72597.1_2148	100.000	197	0	0	1	197	1	197	1.10e-147	405
1783	lcl|HF680312.1_prot_CCU72596.1_2147	100.000	216	0	0	1	216	1	216	7.50e-166	452
1784	lcl|HF680312.1_prot_CCU72595.1_2146	98.218	449	8	0	1	449	1	449	0.0	912
1785	lcl|HF680312.1_prot_CCU72594.1_2145	98.804	418	5	0	1	418	1	418	0.0	844
1786	lcl|HF680312.1_prot_CCU72593.1_2144	99.844	643	1	0	1	643	14	656	0.0	1339
1787	lcl|HF680312.1_prot_CCU72592.1_2143	99.346	153	1	0	1	153	1	153	3.17e-109	304
1788	lcl|HF680312.1_prot_CCU72591.1_2142	100.000	64	0	0	1	64	1	64	1.43e-41	126
1789	lcl|HF680312.1_prot_CCU72590.1_2141	100.000	117	0	0	1	117	1	117	2.77e-79	225
1790	lcl|HF680312.1_prot_CCU72589.1_2140	100.000	334	0	0	1	334	1	334	0.0	694
1791	lcl|HF680312.1_prot_CCU72588.1_2139	99.368	791	5	0	1	791	1	791	0.0	1606
1792	lcl|HF680312.1_prot_CCU72587.1_2138	100.000	101	0	0	1	101	1	101	2.27e-71	204
1793	lcl|HF680312.1_prot_CCU72586.1_2137	100.000	119	0	0	1	119	1	119	7.64e-88	247
1795	lcl|HF680312.1_prot_CCU72283.1_1834	99.160	119	1	0	1	119	1	119	1.54e-83	236
1795	lcl|HF680312.1_prot_CCU71653.1_1204	98.319	119	2	0	1	119	1	119	7.02e-83	234
1795	lcl|HF680312.1_prot_CCU71933.1_1484	95.798	119	5	0	1	119	1	119	8.79e-81	229
1795	lcl|HF680312.1_prot_CCU71592.1_1143	95.798	119	5	0	1	119	1	119	8.79e-81	229
1795	lcl|HF680312.1_prot_CCU71865.1_1416	96.774	62	2	0	1	62	1	62	1.36e-41	129
1795	lcl|HF680312.1_prot_CCU71222.1_773	98.485	66	1	0	54	119	7	72	6.18e-40	125
1795	lcl|HF680312.1_prot_CCU71866.1_1417	100.000	43	0	0	1	43	1	43	1.93e-27	92.8
1796	lcl|HF680312.1_prot_CCU71593.1_1144	97.388	268	7	0	1	268	1	268	0.0	546
1796	lcl|HF680312.1_prot_CCU71934.1_1485	99.216	255	2	0	1	255	1	255	0.0	527
1796	lcl|HF680312.1_prot_CCU71654.1_1205	93.886	229	14	0	1	229	1	229	2.17e-163	449
1796	lcl|HF680312.1_prot_TOL_1866_1833	99.355	155	1	0	1	155	1	155	1.91e-113	320
1796	lcl|HF680312.1_prot_CCU71223.1_774	95.968	124	5	0	1	124	1	124	1.02e-84	247
1807	lcl|HF680312.1_prot_CCU72577.1_2128	97.241	290	8	0	1	290	1	290	0.0	535
1808	lcl|HF680312.1_prot_CCU72574.1_2125	98.558	208	3	0	27	234	1	208	7.48e-156	427
1809	lcl|HF680312.1_prot_CCU72573.1_2124	100.000	398	0	0	1	398	1	398	0.0	789
1810	lcl|HF680312.1_prot_CCU72572.1_2123	99.753	405	1	0	1	405	1	405	0.0	806
1811	lcl|HF680312.1_prot_CCU72571.1_2122	100.000	224	0	0	1	224	1	224	6.05e-165	451
1812	lcl|HF680312.1_prot_CCU72570.1_2121	99.479	384	2	0	1	384	1	384	0.0	764
1813	lcl|HF680312.1_prot_CCU72569.1_2120	99.476	191	1	0	1	191	1	191	1.96e-143	394
1814	lcl|HF680312.1_prot_CCU72568.1_2119	100.000	189	0	0	1	189	1	189	1.54e-143	394
1815	lcl|HF680312.1_prot_CCU72567.1_2118	100.000	220	0	0	1	220	1	220	2.13e-170	464
1816	lcl|HF680312.1_prot_CCU72566.1_2117	100.000	180	0	0	1	180	1	180	1.47e-129	358
1817	lcl|HF680312.1_prot_CCU72565.1_2116	99.441	358	2	0	1	358	1	358	0.0	730
1818	lcl|HF680312.1_prot_CCU72564.1_2115	99.390	164	1	0	1	164	1	164	5.28e-116	322
1819	lcl|HF680312.1_prot_CCU72563.1_2114	100.000	347	0	0	1	347	9	355	0.0	716
1820	lcl|HF680312.1_prot_CCU72562.1_2113	99.671	608	2	0	1	608	17	624	0.0	1273
1821	lcl|HF680312.1_prot_CCU72561.1_2112	100.000	403	0	0	1	403	1	403	0.0	825
1822	lcl|HF680312.1_prot_CCU72560.1_2111	99.538	433	2	0	1	433	1	433	0.0	887
1823	lcl|HF680312.1_prot_CCU72559.1_2110	99.281	278	2	0	1	278	1	278	0.0	566
1824	lcl|HF680312.1_prot_CCU72558.1_2109	99.490	196	1	0	1	196	1	196	3.34e-145	399
1825	lcl|HF680312.1_prot_CCU72557.1_2108	99.860	712	1	0	1	712	1	712	0.0	1457
1826	lcl|HF680312.1_prot_CCU72556.1_2107	99.329	149	1	0	1	149	1	149	3.04e-110	306
1827	lcl|HF680312.1_prot_CCU72555.1_2106	100.000	298	0	0	1	298	1	298	0.0	614
1828	lcl|HF680312.1_prot_CCU72554.1_2105	99.631	271	1	0	15	285	1	271	0.0	538
1829	lcl|HF680312.1_prot_CCU72553.1_2104	99.884	861	1	0	1	861	1	861	0.0	1735
1830	lcl|HF680312.1_prot_CCU72552.1_2103	100.000	129	0	0	1	129	1	129	2.52e-96	270
1831	lcl|HF680312.1_prot_CCU72551.1_2102	99.419	172	1	0	1	172	1	172	3.36e-125	346
1832	lcl|HF680312.1_prot_CCU72550.1_2101	99.507	203	1	0	1	203	1	203	2.77e-151	414
1833	lcl|HF680312.1_prot_CCU72549.1_2100	100.000	347	0	0	1	347	1	347	0.0	694
1834	lcl|HF680312.1_prot_CCU72548.1_2099	100.000	146	0	0	1	146	1	146	1.22e-107	300
1835	lcl|HF680312.1_prot_CCU72547.1_2098	100.000	232	0	0	5	236	1	232	2.35e-174	475
1836	lcl|HF680312.1_prot_CCU72546.1_2097	99.324	148	1	0	1	148	1	148	2.31e-105	294
1837	lcl|HF680312.1_prot_CCU72545.1_2096	99.298	285	2	0	1	285	1	285	0.0	551
1838	lcl|HF680312.1_prot_CCU72544.1_2095	99.765	426	1	0	1	426	1	426	0.0	873
1839	lcl|HF680312.1_prot_CCU72543.1_2094	100.000	187	0	0	1	187	1	187	4.47e-137	377
1840	lcl|HF680312.1_prot_CCU72542.1_2093	100.000	191	0	0	81	271	1	191	8.92e-142	393
1841	lcl|HF680312.1_prot_CCU72541.1_2092	99.422	346	2	0	1	346	1	346	0.0	710
1842	lcl|HF680312.1_prot_CCU72540.1_2091	99.785	465	1	0	1	465	1	465	0.0	938
1843	lcl|HF680312.1_prot_CCU72539.1_2090	98.750	80	1	0	1	80	12	91	2.11e-55	162
1844	lcl|HF680312.1_prot_CCU72538.1_2089	99.718	354	1	0	1	354	1	354	0.0	691
1845	lcl|HF680312.1_prot_CCU72537.1_2088	100.000	291	0	0	1	291	1	291	0.0	590
1846	lcl|HF680312.1_prot_CCU72536.1_2087	100.000	206	0	0	1	206	1	206	5.54e-151	414
1847	lcl|HF680312.1_prot_CCU72535.1_2086	100.000	221	0	0	36	256	1	221	3.10e-167	458
1848	lcl|HF680312.1_prot_CCU72534.1_2085	100.000	236	0	0	1	236	1	236	1.22e-175	479
1849	lcl|HF680312.1_prot_CCU72533.1_2084	91.700	253	18	2	1	250	1	253	1.11e-165	455
1850	lcl|HF680312.1_prot_CCU72532.1_2083	99.715	351	1	0	1	351	1	351	0.0	702
1851	lcl|HF680312.1_prot_CCU72531.1_2082	99.721	359	1	0	1	359	1	359	0.0	719
1852	lcl|HF680312.1_prot_CCU72530.1_2081	100.000	275	0	0	1	275	1	275	0.0	573
1853	lcl|HF680312.1_prot_CCU72529.1_2080	100.000	71	0	0	1	71	1	71	1.89e-49	146
1854	lcl|HF680312.1_prot_CCU72528.1_2079	99.142	233	2	0	1	233	1	233	5.94e-172	469
1855	lcl|HF680312.1_prot_CCU72526.1_2077	100.000	277	0	0	1	277	1	277	0.0	567
1856	lcl|HF680312.1_prot_CCU72524.1_2075	99.794	485	1	0	1	485	1	485	0.0	1005
1857	lcl|HF680312.1_prot_CCU72523.1_2074	100.000	233	0	0	1	233	1	233	1.05e-178	486
1858	lcl|HF680312.1_prot_CCU72522.1_2073	100.000	607	0	0	1	607	1	607	0.0	1245
1859	lcl|HF680312.1_prot_CCU72521.1_2072	100.000	202	0	0	1	202	1	202	5.15e-149	409
1860	lcl|HF680312.1_prot_CCU72520.1_2071	99.828	581	1	0	1	581	1	581	0.0	1204
1861	lcl|HF680312.1_prot_CCU72519.1_2070	100.000	308	0	0	1	308	1	308	0.0	635
1862	lcl|HF680312.1_prot_CCU72518.1_2069	100.000	286	0	0	1	286	1	286	0.0	583
1863	lcl|HF680312.1_prot_CCU72517.1_2068	99.752	403	1	0	1	403	1	403	0.0	833
1864	lcl|HF680312.1_prot_CCU72516.1_2067	100.000	273	0	0	1	273	1	273	0.0	567
1865	lcl|HF680312.1_prot_CCU72515.1_2066	99.686	318	1	0	1	318	1	318	0.0	655
1866	lcl|HF680312.1_prot_CCU72514.1_2065	100.000	282	0	0	1	282	1	282	0.0	587
1867	lcl|HF680312.1_prot_CCU72513.1_2064	99.329	894	6	0	1	894	1	894	0.0	1823
1868	lcl|HF680312.1_prot_CCU72512.1_2063	99.110	337	3	0	1	337	1	337	0.0	690
1869	lcl|HF680312.1_prot_CCU72511.1_2062	100.000	322	0	0	1	322	1	322	0.0	672
1870	lcl|HF680312.1_prot_CCU72510.1_2061	100.000	204	0	0	1	204	1	204	1.60e-152	417
1871	lcl|HF680312.1_prot_CCU72509.1_2060	100.000	124	0	0	1	124	1	124	4.79e-90	253
1872	lcl|HF680312.1_prot_CCU72508.1_2059	100.000	271	0	0	1	271	1	271	0.0	569
1873	lcl|HF680312.1_prot_CCU72507.1_2058	99.415	171	1	0	1	171	1	171	1.21e-126	350
1874	lcl|HF680312.1_prot_CCU72506.1_2057	100.000	149	0	0	1	149	1	149	4.39e-112	311
1875	lcl|HF680312.1_prot_CCU72505.1_2056	99.367	632	4	0	1	632	1	632	0.0	1316
1876	lcl|HF680312.1_prot_CCU72504.1_2055	94.898	392	20	0	1	392	1	392	0.0	751
1877	lcl|HF680312.1_prot_CCU72503.1_2054	97.674	86	2	0	1	86	1	86	9.06e-60	174
1878	lcl|HF680312.1_prot_CCU72502.1_2053	98.893	271	3	0	1	271	1	271	0.0	545
1879	lcl|HF680312.1_prot_CCU72501.1_2052	98.805	502	6	0	1	502	34	535	0.0	1015
1880	lcl|HF680312.1_prot_CCU72500.1_2051	99.527	634	3	0	1	634	1	634	0.0	1294
1881	lcl|HF680312.1_prot_CCU72499.1_2050	100.000	191	0	0	1	191	1	191	1.32e-139	384
1882	lcl|HF680312.1_prot_CCU72498.1_2049	100.000	162	0	0	1	162	12	173	5.69e-118	327
1883	lcl|HF680312.1_prot_CCU72497.1_2048	100.000	83	0	0	1	83	1	83	8.60e-57	166
1884	lcl|HF680312.1_prot_CCU72496.1_2047	98.026	152	3	0	1	152	1	152	4.51e-109	303
1885	lcl|HF680312.1_prot_CCU72495.1_2046	99.497	199	1	0	1	199	1	199	8.35e-148	405
1886	lcl|HF680312.1_prot_CCU72494.1_2045	100.000	216	0	0	1	216	1	216	1.41e-161	441
1887	lcl|HF680312.1_prot_CCU72493.1_2044	100.000	172	0	0	1	172	1	172	1.40e-129	357
1888	lcl|HF680312.1_prot_CCU72492.1_2043	100.000	346	0	0	1	346	1	346	0.0	713
1889	lcl|HF680312.1_prot_CCU72491.1_2042	99.615	260	1	0	1	260	1	260	0.0	531
1890	lcl|HF680312.1_prot_CCU72490.1_2041	100.000	258	0	0	1	258	1	258	0.0	542
1891	lcl|HF680312.1_prot_CCU72489.1_2040	100.000	134	0	0	1	134	1	134	1.06e-96	271
1892	lcl|HF680312.1_prot_CCU72488.1_2039	98.846	260	3	0	1	260	1	260	0.0	533
1893	lcl|HF680312.1_prot_CCU72487.1_2038	99.652	1150	4	0	1	1150	1	1150	0.0	2347
1894	lcl|HF680312.1_prot_CCU72486.1_2037	99.793	482	1	0	1	482	1	482	0.0	983
1895	lcl|HF680312.1_prot_CCU72485.1_2036	100.000	444	0	0	1	444	1	444	0.0	907
1896	lcl|HF680312.1_prot_CCU72484.1_2035	100.000	403	0	0	1	403	1	403	0.0	809
1897	lcl|HF680312.1_prot_CCU72483.1_2034	99.623	265	1	0	1	265	1	265	0.0	536
1898	lcl|HF680312.1_prot_CCU72482.1_2033	100.000	220	0	0	1	220	1	220	8.74e-161	440
1899	lcl|HF680312.1_prot_CCU72481.1_2032	100.000	204	0	0	1	204	1	204	2.01e-146	402
1900	lcl|HF680312.1_prot_CCU72480.1_2031	99.263	407	3	0	1	407	1	407	0.0	837
1901	lcl|HF680312.1_prot_CCU72479.1_2030	99.736	379	1	0	1	379	1	379	0.0	787
1902	lcl|HF680312.1_prot_CCU72478.1_2029	99.618	262	1	0	1	262	1	262	0.0	532
1903	lcl|HF680312.1_prot_CCU72477.1_2028	100.000	223	0	0	2	224	1	223	1.51e-165	452
1904	lcl|HF680312.1_prot_CCU72476.1_2027	100.000	119	0	0	2	120	1	119	1.09e-89	252
1905	lcl|HF680312.1_prot_CCU72475.1_2026	100.000	222	0	0	1	222	1	222	2.62e-166	454
1906	lcl|HF680312.1_prot_CCU72474.1_2025	97.000	100	3	0	1	100	1	100	2.27e-69	199
1912	lcl|HF680312.1_prot_CCU73715.1_3266	100.000	99	0	0	1	99	1	99	5.75e-71	203
1912	lcl|HF680312.1_prot_CCU73036.1_2587	100.000	99	0	0	1	99	1	99	5.75e-71	203
1912	lcl|HF680312.1_prot_CCU72674.1_2225	95.960	99	4	0	1	99	1	99	4.27e-68	196
1912	lcl|HF680312.1_prot_CCU73878.1_3429	95.960	99	4	0	1	99	1	99	1.41e-67	194
1912	lcl|HF680312.1_prot_CCU73515.1_3066	95.960	99	4	0	1	99	1	99	1.41e-67	194
1912	lcl|HF680312.1_prot_CCU73195.1_2746	95.960	99	4	0	1	99	1	99	1.41e-67	194
1912	lcl|HF680312.1_prot_CCU71717.1_1268	95.960	99	4	0	1	99	1	99	1.41e-67	194
1912	lcl|HF680312.1_prot_CCU70977.1_528	95.960	99	4	0	1	99	1	99	1.41e-67	194
1912	lcl|HF680312.1_prot_CCU70868.1_419	95.960	99	4	0	1	99	1	99	1.41e-67	194
1913	lcl|HF680312.1_prot_CCU73876.1_3427	98.895	543	6	0	1	543	1	543	0.0	1110
1913	lcl|HF680312.1_prot_CCU73197.1_2748	98.895	543	6	0	1	543	1	543	0.0	1110
1913	lcl|HF680312.1_prot_CCU73034.1_2585	98.895	543	6	0	1	543	1	543	0.0	1110
1913	lcl|HF680312.1_prot_CCU73713.1_3264	98.343	543	2	1	1	543	1	536	0.0	1096
1913	lcl|HF680312.1_prot_CCU70866.1_417	97.238	543	15	0	1	543	1	543	0.0	1093
1913	lcl|HF680312.1_prot_CCU73517.1_3068	96.501	543	12	1	1	543	1	536	0.0	1075
1913	lcl|HF680312.1_prot_CCU70975.1_526	96.317	543	13	1	1	543	1	536	0.0	1075
1913	lcl|HF680312.1_prot_CCU72672.1_2223	95.764	543	23	0	1	543	1	543	0.0	1036
1913	lcl|HF680312.1_prot_CCU71715.1_1266	95.028	543	27	0	1	543	1	543	0.0	1028
1914	lcl|HF680312.1_prot_CCU73877.1_3428	100.000	118	0	0	1	118	1	118	1.15e-86	244
1914	lcl|HF680312.1_prot_CCU73714.1_3265	100.000	118	0	0	1	118	1	118	1.15e-86	244
1914	lcl|HF680312.1_prot_CCU73516.1_3067	100.000	118	0	0	1	118	1	118	1.15e-86	244
1914	lcl|HF680312.1_prot_CCU73196.1_2747	100.000	118	0	0	1	118	1	118	1.15e-86	244
1914	lcl|HF680312.1_prot_CCU73035.1_2586	100.000	118	0	0	1	118	1	118	1.15e-86	244
1914	lcl|HF680312.1_prot_CCU71716.1_1267	100.000	118	0	0	1	118	1	118	1.15e-86	244
1914	lcl|HF680312.1_prot_CCU70976.1_527	100.000	118	0	0	1	118	1	118	1.15e-86	244
1914	lcl|HF680312.1_prot_CCU70867.1_418	100.000	118	0	0	1	118	1	118	1.15e-86	244
1914	lcl|HF680312.1_prot_CCU72673.1_2224	99.153	118	1	0	1	118	1	118	5.54e-86	243
1915	lcl|HF680312.1_prot_CCU73715.1_3266	100.000	99	0	0	1	99	1	99	5.75e-71	203
1915	lcl|HF680312.1_prot_CCU73036.1_2587	100.000	99	0	0	1	99	1	99	5.75e-71	203
1915	lcl|HF680312.1_prot_CCU72674.1_2225	95.960	99	4	0	1	99	1	99	4.27e-68	196
1915	lcl|HF680312.1_prot_CCU73878.1_3429	95.960	99	4	0	1	99	1	99	1.41e-67	194
1915	lcl|HF680312.1_prot_CCU73515.1_3066	95.960	99	4	0	1	99	1	99	1.41e-67	194
1915	lcl|HF680312.1_prot_CCU73195.1_2746	95.960	99	4	0	1	99	1	99	1.41e-67	194
1915	lcl|HF680312.1_prot_CCU71717.1_1268	95.960	99	4	0	1	99	1	99	1.41e-67	194
1915	lcl|HF680312.1_prot_CCU70977.1_528	95.960	99	4	0	1	99	1	99	1.41e-67	194
1915	lcl|HF680312.1_prot_CCU70868.1_419	95.960	99	4	0	1	99	1	99	1.41e-67	194
1933	lcl|HF680312.1_prot_CCU72466.1_2017	97.015	134	4	0	12	145	5	138	6.66e-97	272
1936	lcl|HF680312.1_prot_CCU72465.1_2016	99.775	445	1	0	1	445	1	445	0.0	917
1937	lcl|HF680312.1_prot_CCU72464.1_2015	100.000	112	0	0	1	112	1	112	1.93e-80	228
1938	lcl|HF680312.1_prot_CCU72463.1_2014	96.914	162	5	0	1	162	1	162	5.13e-120	332
1939	lcl|HF680312.1_prot_CCU72462.1_2013	100.000	334	0	0	1	334	1	334	0.0	655
1940	lcl|HF680312.1_prot_CCU72461.1_2012	99.412	170	1	0	7	176	3	172	4.39e-128	353
1941	lcl|HF680312.1_prot_CCU72460.1_2011	100.000	196	0	0	54	249	1	196	1.86e-144	399
1942	lcl|HF680312.1_prot_CCU72459.1_2010	98.695	1073	14	0	1	1073	1	1073	0.0	2195
1943	lcl|HF680312.1_prot_CCU72458.1_2009	99.363	157	1	0	1	157	1	157	4.43e-114	317
1944	lcl|HF680312.1_prot_CCU72457.1_2008	100.000	280	0	0	1	280	1	280	0.0	588
1945	lcl|HF680312.1_prot_CCU72456.1_2007	99.558	453	2	0	1	453	1	453	0.0	918
1946	lcl|HF680312.1_prot_CCU72455.1_2006	100.000	182	0	0	1	182	1	182	2.37e-138	380
1947	lcl|HF680312.1_prot_CCU72454.1_2005	99.194	124	1	0	1	124	1	124	4.68e-86	243
1948	lcl|HF680312.1_prot_CCU72453.1_2004	99.089	439	4	0	1	439	1	439	0.0	911
1949	lcl|HF680312.1_prot_CCU72452.1_2003	98.701	154	2	0	1	154	1	154	4.13e-112	311
1950	lcl|HF680312.1_prot_CCU72451.1_2002	99.691	647	2	0	1	647	1	647	0.0	1336
1952	lcl|HF680312.1_prot_CCU72449.1_2000	99.455	367	2	0	1	367	1	367	0.0	761
1953	lcl|HF680312.1_prot_CCU72448.1_1999	100.000	345	0	0	1	345	1	345	0.0	708
1954	lcl|HF680312.1_prot_CCU72447.1_1998	99.826	576	1	0	1	576	1	576	0.0	1194
1955	lcl|HF680312.1_prot_CCU72446.1_1997	99.500	600	3	0	1	600	1	600	0.0	1249
1956	lcl|HF680312.1_prot_CCU72445.1_1996	99.112	563	5	0	33	595	1	563	0.0	1162
1957	lcl|HF680312.1_prot_CCU72444.1_1995	100.000	191	0	0	1	191	1	191	6.04e-140	385
1958	lcl|HF680312.1_prot_CCU72443.1_1994	99.595	247	1	0	1	247	1	247	0.0	506
1959	lcl|HF680312.1_prot_CCU72442.1_1993	100.000	465	0	0	1	465	1	465	0.0	969
1960	lcl|HF680312.1_prot_CCU72441.1_1992	100.000	183	0	0	1	183	1	183	1.48e-138	380
1961	lcl|HF680312.1_prot_CCU72440.1_1991	98.507	268	4	0	1	268	1	268	0.0	541
1962	lcl|HF680312.1_prot_CCU72439.1_1990	99.396	331	2	0	1	331	1	331	0.0	678
1963	lcl|HF680312.1_prot_CCU72438.1_1989	98.413	189	3	0	1	189	1	189	3.25e-137	378
1964	lcl|HF680312.1_prot_CCU72437.1_1988	99.379	161	1	0	1	161	1	161	3.84e-117	325
1965	lcl|HF680312.1_prot_CCU72436.1_1987	99.644	562	2	0	1	562	1	562	0.0	1119
1966	lcl|HF680312.1_prot_CCU72435.1_1986	99.107	112	1	0	1	112	1	112	4.75e-80	227
1967	lcl|HF680312.1_prot_CCU72434.1_1985	99.303	287	2	0	1	287	1	287	0.0	582
1968	lcl|HF680312.1_prot_CCU72433.1_1984	98.639	147	2	0	1	147	1	147	2.20e-108	301
1969	lcl|HF680312.1_prot_CCU72432.1_1983	99.000	300	3	0	1	300	1	300	0.0	611
1970	lcl|HF680312.1_prot_CCU72431.1_1982	100.000	63	0	0	1	63	1	63	4.52e-43	130
1971	lcl|HF680312.1_prot_CCU72430.1_1981	100.000	219	0	0	1	219	1	219	3.76e-160	438
1972	lcl|HF680312.1_prot_CCU72429.1_1980	95.146	103	5	0	1	103	1	103	4.44e-72	206
1973	lcl|HF680312.1_prot_CCU72428.1_1979	93.333	210	14	0	3	212	1	210	2.24e-150	413
1974	lcl|HF680312.1_prot_CCU72427.1_1978	100.000	479	0	0	1	479	1	479	0.0	978
1975	lcl|HF680312.1_prot_CCU72426.1_1977	100.000	192	0	0	1	192	1	192	1.73e-140	386
1976	lcl|HF680312.1_prot_CCU72425.1_1976	100.000	234	0	0	1	234	1	234	2.89e-176	480
1977	lcl|HF680312.1_prot_CCU72424.1_1975	99.432	352	2	0	2	353	1	352	0.0	726
1978	lcl|HF680312.1_prot_CCU72423.1_1974	97.706	218	5	0	1	218	1	218	1.31e-159	437
1979	lcl|HF680312.1_prot_CCU72422.1_1973	99.099	111	1	0	1	111	1	111	2.14e-76	218
1980	lcl|HF680312.1_prot_CCU72421.1_1972	99.454	183	1	0	1	183	1	183	7.48e-133	366
1981	lcl|HF680312.1_prot_CCU72420.1_1971	99.415	171	1	0	1	171	1	171	3.77e-128	353
1982	lcl|HF680312.1_prot_CCU72419.1_1970	100.000	283	0	0	1	283	1	283	0.0	590
1983	lcl|HF680312.1_prot_CCU72418.1_1969	100.000	165	0	0	1	165	1	165	7.89e-123	339
1984	lcl|HF680312.1_prot_CCU72417.1_1968	98.444	257	4	0	1	257	1	257	0.0	522
1985	lcl|HF680312.1_prot_CCU72416.1_1967	95.516	223	10	0	1	223	1	223	1.79e-142	394
1986	lcl|HF680312.1_prot_CCU72415.1_1966	94.286	70	4	0	1	70	1	70	1.22e-44	134
1987	lcl|HF680312.1_prot_CCU72414.1_1965	96.450	817	29	0	1	817	1	817	0.0	1615
1988	lcl|HF680312.1_prot_CCU72413.1_1964	100.000	166	0	0	1	166	1	166	1.14e-123	342
1989	lcl|HF680312.1_prot_CCU72412.1_1963	97.872	470	10	0	1	470	1	470	0.0	966
1990	lcl|HF680312.1_prot_CCU72411.1_1962	100.000	303	0	0	1	303	1	303	0.0	631
1991	lcl|HF680312.1_prot_CCU72410.1_1961	100.000	58	0	0	1	58	1	58	2.93e-39	120
1992	lcl|HF680312.1_prot_CCU72409.1_1960	99.502	201	1	0	1	201	1	201	1.75e-151	415
1993	lcl|HF680312.1_prot_CCU72408.1_1959	99.791	478	1	0	1	478	1	478	0.0	963
1994	lcl|HF680312.1_prot_CCU72407.1_1958	98.673	226	3	0	1	226	1	226	2.81e-171	467
1995	lcl|HF680312.1_prot_CCU72406.1_1957	100.000	93	0	0	1	93	1	93	1.03e-66	192
1996	lcl|HF680312.1_prot_CCU72405.1_1956	98.119	319	6	0	1	319	1	319	0.0	645
1997	lcl|HF680312.1_prot_CCU72403.1_1954	100.000	34	0	0	209	242	106	139	2.20e-17	73.9
1998	lcl|HF680312.1_prot_CCU72401.1_1952	100.000	132	0	0	1	132	1	132	1.54e-98	275
1999	lcl|HF680312.1_prot_CCU72400.1_1951	98.298	235	4	0	1	235	1	235	4.17e-174	475
2000	lcl|HF680312.1_prot_CCU72399.1_1950	99.476	572	3	0	1	572	1	572	0.0	1178
2001	lcl|HF680312.1_prot_CCU72398.1_1949	99.133	346	3	0	1	346	1	346	0.0	701
2002	lcl|HF680312.1_prot_CCU72397.1_1948	98.697	614	8	0	1	614	1	614	0.0	1248
2003	lcl|HF680312.1_prot_CCU72396.1_1947	99.752	805	2	0	1	805	1	805	0.0	1654
2004	lcl|HF680312.1_prot_CCU72395.1_1946	96.959	296	9	0	1	296	1	296	0.0	602
2005	lcl|HF680312.1_prot_CCU72394.1_1945	100.000	460	0	0	1	460	1	460	0.0	953
2006	lcl|HF680312.1_prot_CCU72393.1_1944	95.302	298	14	0	1	298	1	298	0.0	583
2007	lcl|HF680312.1_prot_CCU72392.1_1943	96.799	1312	42	0	20	1331	1	1312	0.0	2634
2008	lcl|HF680312.1_prot_CCU72391.1_1942	99.383	162	1	0	1	162	1	162	1.90e-117	325
2009	lcl|HF680312.1_prot_CCU72390.1_1941	99.640	278	1	0	1	278	1	278	0.0	562
2010	lcl|HF680312.1_prot_CCU72389.1_1940	97.955	489	10	0	1	489	1	489	0.0	1000
2011	lcl|HF680312.1_prot_CCU72388.1_1939	98.050	359	7	0	1	359	3	361	0.0	733
2012	lcl|HF680312.1_prot_CCU72387.1_1938	100.000	70	0	0	1	70	1	70	6.50e-47	140
2013	lcl|HF680312.1_prot_CCU72386.1_1937	99.741	386	1	0	1	386	1	386	0.0	810
2014	lcl|HF680312.1_prot_CCU72385.1_1936	94.737	152	8	0	1	152	1	152	3.18e-107	299
2015	lcl|HF680312.1_prot_CCU72384.1_1935	93.130	262	18	0	1	262	1	262	0.0	518
2016	lcl|HF680312.1_prot_CCU72383.1_1934	99.225	129	0	1	1	129	1	128	7.66e-86	243
2017	lcl|HF680312.1_prot_CCU72382.1_1933	100.000	272	0	0	1	272	1	272	0.0	559
2018	lcl|HF680312.1_prot_CCU72381.1_1932	100.000	592	0	0	1	592	1	592	0.0	1221
2019	lcl|HF680312.1_prot_CCU72379.1_1930	99.735	378	1	0	134	511	1	378	0.0	743
2020	lcl|HF680312.1_prot_CCU72378.1_1929	90.187	214	1	1	1	214	1	194	5.47e-110	310
2021	lcl|HF680312.1_prot_CCU72377.1_1928	98.294	293	5	0	1	293	1	293	0.0	603
2022	lcl|HF680312.1_prot_CCU72376.1_1927	96.870	639	20	0	1	639	1	639	0.0	1263
2024	lcl|HF680312.1_prot_CCU72374.1_1925	98.596	285	4	0	1	285	1	285	0.0	573
2025	lcl|HF680312.1_prot_CCU72373.1_1924	97.122	278	8	0	1	278	1	278	0.0	561
2026	lcl|HF680312.1_prot_CCU72372.1_1923	98.232	905	16	0	1	905	1	905	0.0	1828
2029	lcl|HF680312.1_prot_CCU72365.1_1916	94.522	931	51	0	1	931	1	931	0.0	1816
2030	lcl|HF680312.1_prot_CCU72363.1_1914	97.743	709	16	0	1	709	1	709	0.0	1433
2031	lcl|HF680312.1_prot_CCU72362.1_1913	99.737	380	1	0	1	380	1	380	0.0	778
2032	lcl|HF680312.1_prot_CCU72361.1_1912	100.000	130	0	0	1	130	1	130	5.75e-95	266
2033	lcl|HF680312.1_prot_CCU72360.1_1911	100.000	405	0	0	1	405	1	405	0.0	842
2034	lcl|HF680312.1_prot_CCU72359.1_1910	94.776	134	7	0	1	134	1	134	1.56e-95	268
2035	lcl|HF680312.1_prot_CCU72358.1_1909	99.379	161	1	0	1	161	1	161	1.11e-119	331
2036	lcl|HF680312.1_prot_CCU72357.1_1908	98.077	156	3	0	1	156	1	156	1.92e-115	320
2037	lcl|HF680312.1_prot_CCU72356.1_1907	100.000	249	0	0	1	249	1	249	0.0	509
2038	lcl|HF680312.1_prot_CCU72354.1_1905	100.000	125	0	0	1	125	1	125	3.95e-91	256
2039	lcl|HF680312.1_prot_CCU72353.1_1904	100.000	306	0	0	1	306	1	306	0.0	629
2040	lcl|HF680312.1_prot_CCU72352.1_1903	100.000	258	0	0	1	258	1	258	0.0	505
2041	lcl|HF680312.1_prot_CCU72351.1_1902	98.561	278	4	0	1	278	1	278	0.0	570
2042	lcl|HF680312.1_prot_CCU72350.1_1901	100.000	462	0	0	1	462	1	462	0.0	961
2043	lcl|HF680312.1_prot_CCU72349.1_1900	100.000	193	0	0	1	193	1	193	3.54e-144	395
2044	lcl|HF680312.1_prot_CCU72348.1_1899	100.000	174	0	0	1	174	1	174	6.65e-128	353
2045	lcl|HF680312.1_prot_CCU73711.1_3262	100.000	97	0	0	1	97	1	97	7.67e-69	197
2045	lcl|HF680312.1_prot_CCU73193.1_2744	100.000	97	0	0	1	97	1	97	7.67e-69	197
2045	lcl|HF680312.1_prot_CCU72959.1_2510	100.000	97	0	0	1	97	1	97	7.67e-69	197
2045	lcl|HF680312.1_prot_CCU72581.1_2132	100.000	97	0	0	1	97	1	97	7.67e-69	197
2045	lcl|HF680312.1_prot_CCU72347.1_1898	100.000	97	0	0	1	97	1	97	7.67e-69	197
2045	lcl|HF680312.1_prot_CCU72336.1_1887	100.000	97	0	0	1	97	1	97	7.67e-69	197
2045	lcl|HF680312.1_prot_CCU71762.1_1313	100.000	97	0	0	1	97	1	97	7.67e-69	197
2045	lcl|HF680312.1_prot_CCU70460.1_11	100.000	97	0	0	1	97	1	97	7.67e-69	197
2046	lcl|HF680312.1_prot_CCU73710.1_3261	100.000	205	0	0	1	205	1	205	8.11e-158	431
2046	lcl|HF680312.1_prot_CCU73192.1_2743	100.000	205	0	0	1	205	1	205	8.11e-158	431
2046	lcl|HF680312.1_prot_CCU72958.1_2509	100.000	205	0	0	1	205	1	205	8.11e-158	431
2046	lcl|HF680312.1_prot_CCU72346.1_1897	100.000	205	0	0	1	205	1	205	8.11e-158	431
2046	lcl|HF680312.1_prot_CCU71763.1_1314	100.000	205	0	0	1	205	1	205	8.11e-158	431
2046	lcl|HF680312.1_prot_CCU70461.1_12	100.000	205	0	0	1	205	1	205	8.11e-158	431
2046	lcl|HF680312.1_prot_CCU72337.1_1888	99.024	205	2	0	1	205	1	205	3.07e-156	427
2046	lcl|HF680312.1_prot_TOL_2175_2131	96.970	99	3	0	1	99	1	99	8.22e-67	201
2046	lcl|HF680312.1_prot_TOL_0423_416	100.000	86	0	0	120	205	1	86	6.84e-61	182
2047	lcl|HF680312.1_prot_CCU72345.1_1896	99.567	231	1	0	1	231	1	231	5.02e-174	474
2048	lcl|HF680312.1_prot_CCU72344.1_1895	100.000	215	0	0	1	215	4	218	2.54e-156	428
2049	lcl|HF680312.1_prot_CCU72343.1_1894	100.000	434	0	0	1	434	1	434	0.0	869
2050	lcl|HF680312.1_prot_CCU72342.1_1893	99.654	578	2	0	1	578	1	578	0.0	1199
2051	lcl|HF680312.1_prot_CCU72341.1_1892	99.693	326	1	0	1	326	1	326	0.0	670
2052	lcl|HF680312.1_prot_CCU72340.1_1891	98.690	229	3	0	1	229	1	229	1.63e-160	440
2053	lcl|HF680312.1_prot_CCU72339.1_1890	100.000	191	0	0	1	191	1	191	8.14e-139	382
2054	lcl|HF680312.1_prot_CCU72338.1_1889	99.810	525	1	0	1	525	1	525	0.0	1082
2056	lcl|HF680312.1_prot_CCU73710.1_3261	100.000	205	0	0	1	205	1	205	8.11e-158	431
2056	lcl|HF680312.1_prot_CCU73192.1_2743	100.000	205	0	0	1	205	1	205	8.11e-158	431
2056	lcl|HF680312.1_prot_CCU72958.1_2509	100.000	205	0	0	1	205	1	205	8.11e-158	431
2056	lcl|HF680312.1_prot_CCU72346.1_1897	100.000	205	0	0	1	205	1	205	8.11e-158	431
2056	lcl|HF680312.1_prot_CCU71763.1_1314	100.000	205	0	0	1	205	1	205	8.11e-158	431
2056	lcl|HF680312.1_prot_CCU70461.1_12	100.000	205	0	0	1	205	1	205	8.11e-158	431
2056	lcl|HF680312.1_prot_CCU72337.1_1888	99.024	205	2	0	1	205	1	205	3.07e-156	427
2056	lcl|HF680312.1_prot_TOL_2175_2131	96.970	99	3	0	1	99	1	99	8.22e-67	201
2056	lcl|HF680312.1_prot_TOL_0423_416	100.000	86	0	0	120	205	1	86	6.84e-61	182
2057	lcl|HF680312.1_prot_CCU73711.1_3262	100.000	97	0	0	1	97	1	97	7.67e-69	197
2057	lcl|HF680312.1_prot_CCU73193.1_2744	100.000	97	0	0	1	97	1	97	7.67e-69	197
2057	lcl|HF680312.1_prot_CCU72959.1_2510	100.000	97	0	0	1	97	1	97	7.67e-69	197
2057	lcl|HF680312.1_prot_CCU72581.1_2132	100.000	97	0	0	1	97	1	97	7.67e-69	197
2057	lcl|HF680312.1_prot_CCU72347.1_1898	100.000	97	0	0	1	97	1	97	7.67e-69	197
2057	lcl|HF680312.1_prot_CCU72336.1_1887	100.000	97	0	0	1	97	1	97	7.67e-69	197
2057	lcl|HF680312.1_prot_CCU71762.1_1313	100.000	97	0	0	1	97	1	97	7.67e-69	197
2057	lcl|HF680312.1_prot_CCU70460.1_11	100.000	97	0	0	1	97	1	97	7.67e-69	197
2058	lcl|HF680312.1_prot_CCU72329.1_1880	100.000	136	0	0	1	136	108	243	5.61e-100	283
2060	lcl|HF680312.1_prot_CCU72328.1_1879	100.000	67	0	0	1	67	1	67	9.75e-44	132
2061	lcl|HF680312.1_prot_CCU72327.1_1878	100.000	280	0	0	1	280	1	280	0.0	570
2062	lcl|HF680312.1_prot_CCU72326.1_1877	99.054	317	3	0	3	319	1	317	0.0	644
2065	lcl|HF680312.1_prot_CCU72325.1_1876	98.623	363	5	0	1	363	1	363	0.0	743
2066	lcl|HF680312.1_prot_CCU72324.1_1875	99.665	597	2	0	1	597	1	597	0.0	1211
2067	lcl|HF680312.1_prot_CCU72323.1_1874	98.551	207	3	0	1	207	1	207	4.59e-151	414
2068	lcl|HF680312.1_prot_CCU72322.1_1873	99.733	375	1	0	1	375	1	375	0.0	764
2069	lcl|HF680312.1_prot_CCU72321.1_1872	99.802	504	1	0	1	504	1	504	0.0	1038
2070	lcl|HF680312.1_prot_CCU72320.1_1871	99.462	186	1	0	1	186	1	186	5.76e-137	377
2071	lcl|HF680312.1_prot_CCU72319.1_1870	99.403	335	2	0	1	335	1	335	0.0	690
2072	lcl|HF680312.1_prot_CCU72318.1_1869	100.000	254	0	0	1	254	1	254	0.0	521
2073	lcl|HF680312.1_prot_CCU72317.1_1868	98.639	147	2	0	1	147	1	147	5.80e-102	285
2074	lcl|HF680312.1_prot_CCU72316.1_1867	99.340	303	2	0	1	303	1	303	0.0	622
2075	lcl|HF680312.1_prot_CCU72315.1_1866	99.241	395	3	0	3	397	1	395	0.0	806
2076	lcl|HF680312.1_prot_CCU72314.1_1865	99.780	455	1	0	1	455	1	455	0.0	939
2077	lcl|HF680312.1_prot_CCU72313.1_1864	99.465	187	1	0	1	187	1	187	1.71e-134	370
2078	lcl|HF680312.1_prot_CCU72312.1_1863	98.921	278	3	0	1	278	1	278	0.0	575
2079	lcl|HF680312.1_prot_CCU72310.1_1861	98.982	982	10	0	1	982	1	982	0.0	1956
2080	lcl|HF680312.1_prot_CCU72309.1_1860	100.000	70	0	0	1	70	1	70	1.69e-48	144
2081	lcl|HF680312.1_prot_CCU72308.1_1859	99.862	725	1	0	1	725	1	725	0.0	1502
2082	lcl|HF680312.1_prot_CCU72307.1_1858	99.589	974	4	0	1	974	1	974	0.0	1959
2083	lcl|HF680312.1_prot_CCU72306.1_1857	98.418	316	5	0	27	342	1	316	0.0	646
2084	lcl|HF680312.1_prot_CCU72305.1_1856	99.380	484	3	0	1	484	1	484	0.0	988
2085	lcl|HF680312.1_prot_CCU72304.1_1855	97.768	224	5	0	1	224	1	224	3.02e-159	436
2086	lcl|HF680312.1_prot_CCU72303.1_1854	100.000	697	0	0	1	697	1	697	0.0	1434
2087	lcl|HF680312.1_prot_CCU72302.1_1853	100.000	421	0	0	1	421	1	421	0.0	870
2088	lcl|HF680312.1_prot_CCU72301.1_1852	99.510	204	1	0	1	204	1	204	2.78e-150	412
2089	lcl|HF680312.1_prot_CCU72300.1_1851	99.519	416	2	0	1	416	1	416	0.0	826
2090	lcl|HF680312.1_prot_CCU72299.1_1850	98.684	228	3	0	1	228	1	228	1.53e-167	457
2091	lcl|HF680312.1_prot_CCU72298.1_1849	99.180	122	1	0	61	182	1	122	5.18e-86	245
2092	lcl|HF680312.1_prot_CCU72297.1_1848	98.986	690	7	0	94	783	1	690	0.0	1377
2093	lcl|HF680312.1_prot_CCU72296.1_1847	100.000	214	0	0	1	214	1	214	2.36e-155	426
2094	lcl|HF680312.1_prot_CCU72295.1_1846	99.286	140	1	0	1	140	1	140	1.38e-100	281
2095	lcl|HF680312.1_prot_CCU72294.1_1845	99.813	535	1	0	46	580	1	535	0.0	1083
2096	lcl|HF680312.1_prot_CCU72293.1_1844	98.802	334	4	0	1	334	1	334	0.0	682
2097	lcl|HF680312.1_prot_CCU72292.1_1843	98.667	75	1	0	1	75	1	75	2.56e-52	154
2098	lcl|HF680312.1_prot_CCU72291.1_1842	99.401	167	1	0	1	167	1	167	3.57e-124	343
2099	lcl|HF680312.1_prot_CCU72290.1_1841	94.030	335	20	0	1	335	1	335	0.0	655
2100	lcl|HF680312.1_prot_CCU72289.1_1840	98.340	241	4	0	1	241	1	241	0.0	492
2101	lcl|HF680312.1_prot_CCU72288.1_1839	99.390	164	1	0	1	164	1	164	3.97e-121	335
2102	lcl|HF680312.1_prot_CCU72287.1_1838	99.821	560	1	0	1	560	3	562	0.0	1172
2103	lcl|HF680312.1_prot_CCU72286.1_1837	98.246	456	8	0	1	456	1	456	0.0	935
2108	lcl|HF680312.1_prot_CCU71653.1_1204	96.610	118	4	0	1	118	1	118	2.26e-81	231
2108	lcl|HF680312.1_prot_CCU72283.1_1834	95.763	118	5	0	1	118	1	118	5.94e-81	230
2108	lcl|HF680312.1_prot_CCU71933.1_1484	95.763	118	5	0	1	118	1	118	1.78e-79	226
2108	lcl|HF680312.1_prot_CCU71592.1_1143	95.763	118	5	0	1	118	1	118	1.78e-79	226
2108	lcl|HF680312.1_prot_CCU71865.1_1416	96.774	62	2	0	1	62	1	62	9.06e-42	129
2108	lcl|HF680312.1_prot_CCU71222.1_773	95.385	65	3	0	54	118	7	71	3.13e-38	121
2108	lcl|HF680312.1_prot_CCU71866.1_1417	95.349	43	2	0	1	43	1	43	1.85e-26	90.5
2110	lcl|HF680312.1_prot_CCU72786.1_2337	97.910	335	7	0	1	335	1	335	0.0	689
2110	lcl|HF680312.1_prot_CCU72583.1_2134	97.313	335	9	0	1	335	1	335	0.0	684
2110	lcl|HF680312.1_prot_CCU72281.1_1832	97.313	335	9	0	1	335	1	335	0.0	684
2110	lcl|HF680312.1_prot_CCU71221.1_772	96.418	335	12	0	1	335	1	335	0.0	677
2113	lcl|HF680312.1_prot_CCU72583.1_2134	93.333	45	3	0	21	65	210	254	3.63e-27	97.4
2113	lcl|HF680312.1_prot_CCU72281.1_1832	93.333	45	3	0	21	65	210	254	3.71e-27	97.4
2113	lcl|HF680312.1_prot_CCU72786.1_2337	93.333	45	3	0	21	65	210	254	4.82e-27	97.1
2113	lcl|HF680312.1_prot_CCU71221.1_772	91.111	45	4	0	21	65	210	254	1.24e-25	93.2
2115	lcl|HF680312.1_prot_CCU72280.1_1831	97.500	40	1	0	1	40	1	40	3.03e-25	83.6
2116	lcl|HF680312.1_prot_CCU72279.1_1830	99.029	206	2	0	1	206	1	206	7.62e-150	411
2117	lcl|HF680312.1_prot_CCU72278.1_1829	98.020	202	4	0	1	202	1	202	9.63e-148	405
2118	lcl|HF680312.1_prot_CCU72277.1_1828	100.000	217	0	0	1	217	1	217	1.35e-166	454
2119	lcl|HF680312.1_prot_CCU72276.1_1827	99.647	283	1	0	1	283	1	283	0.0	588
2120	lcl|HF680312.1_prot_CCU72275.1_1826	99.459	370	2	0	1	370	1	370	0.0	749
2121	lcl|HF680312.1_prot_CCU72274.1_1825	100.000	285	0	0	1	285	1	285	0.0	573
2122	lcl|HF680312.1_prot_CCU72273.1_1824	100.000	437	0	0	1	437	1	437	0.0	880
2123	lcl|HF680312.1_prot_CCU72272.1_1823	100.000	207	0	0	1	207	1	207	9.27e-157	429
2124	lcl|HF680312.1_prot_CCU72271.1_1822	100.000	428	0	0	1	428	1	428	0.0	863
2125	lcl|HF680312.1_prot_CCU72270.1_1821	99.623	796	3	0	1	796	1	796	0.0	1603
2126	lcl|HF680312.1_prot_CCU72269.1_1820	98.889	90	1	0	1	90	1	90	9.18e-60	174
2127	lcl|HF680312.1_prot_CCU72268.1_1819	99.671	607	2	0	1	607	1	607	0.0	1224
2128	lcl|HF680312.1_prot_CCU72267.1_1818	99.628	269	1	0	1	269	1	269	0.0	556
2129	lcl|HF680312.1_prot_CCU72266.1_1817	99.292	424	3	0	1	424	104	527	0.0	867
2130	lcl|HF680312.1_prot_CCU72265.1_1816	100.000	516	0	0	1	516	67	582	0.0	1063
2131	lcl|HF680312.1_prot_CCU72264.1_1815	100.000	264	0	0	1	264	1	264	0.0	543
2132	lcl|HF680312.1_prot_CCU72263.1_1814	98.611	144	2	0	1	144	1	144	1.52e-104	291
2133	lcl|HF680312.1_prot_CCU72262.1_1813	99.573	234	1	0	1	234	1	234	2.00e-174	476
2134	lcl|HF680312.1_prot_CCU72261.1_1812	99.602	503	2	0	1	503	1	503	0.0	1006
2135	lcl|HF680312.1_prot_CCU72260.1_1811	100.000	546	0	0	1	546	1	546	0.0	1100
2136	lcl|HF680312.1_prot_CCU72259.1_1810	100.000	213	0	0	1	213	1	213	8.45e-154	422
2137	lcl|HF680312.1_prot_CCU72258.1_1809	100.000	104	0	0	1	104	1	104	5.07e-74	211
2138	lcl|HF680312.1_prot_CCU72257.1_1808	99.718	354	1	0	1	354	1	354	0.0	717
2139	lcl|HF680312.1_prot_CCU72256.1_1807	98.788	330	4	0	1	330	1	330	0.0	652
2140	lcl|HF680312.1_prot_CCU72255.1_1806	99.223	386	3	0	1	386	1	386	0.0	752
2141	lcl|HF680312.1_prot_CCU72254.1_1805	98.658	149	2	0	1	149	1	149	1.25e-106	297
2142	lcl|HF680312.1_prot_CCU72253.1_1804	99.642	558	2	0	1	558	1	558	0.0	1153
2143	lcl|HF680312.1_prot_CCU72252.1_1803	100.000	259	0	0	1	259	1	259	0.0	529
2144	lcl|HF680312.1_prot_CCU72251.1_1802	99.564	459	2	0	1	459	1	459	0.0	894
2145	lcl|HF680312.1_prot_CCU72250.1_1801	99.435	1239	7	0	1	1239	1	1239	0.0	2545
2146	lcl|HF680312.1_prot_CCU72249.1_1800	100.000	196	0	0	1	196	1	196	1.30e-147	404
2147	lcl|HF680312.1_prot_CCU72248.1_1799	98.000	100	2	0	1	100	1	100	2.59e-69	199
2148	lcl|HF680312.1_prot_CCU72247.1_1798	99.744	390	1	0	1	390	1	390	0.0	786
2149	lcl|HF680312.1_prot_CCU72246.1_1797	100.000	164	0	0	1	164	1	164	1.56e-121	336
2150	lcl|HF680312.1_prot_CCU72245.1_1796	99.413	341	2	0	1	341	1	341	0.0	691
2151	lcl|HF680312.1_prot_CCU72244.1_1795	100.000	91	0	0	1	91	1	91	8.26e-64	184
2152	lcl|HF680312.1_prot_CCU72243.1_1794	100.000	154	0	0	1	154	1	154	8.46e-111	308
2153	lcl|HF680312.1_prot_CCU72242.1_1793	100.000	261	0	0	1	261	1	261	0.0	541
2154	lcl|HF680312.1_prot_CCU72241.1_1792	99.654	289	1	0	1	289	1	289	0.0	585
2155	lcl|HF680312.1_prot_CCU72240.1_1791	98.140	215	4	0	21	235	1	215	2.03e-154	424
2156	lcl|HF680312.1_prot_CCU72239.1_1790	99.512	205	1	0	1	205	1	205	2.52e-155	425
2157	lcl|HF680312.1_prot_CCU72238.1_1789	98.876	445	5	0	1	445	1	445	0.0	925
2158	lcl|HF680312.1_prot_CCU72237.1_1788	99.425	174	1	0	1	174	1	174	5.17e-128	353
2159	lcl|HF680312.1_prot_CCU72236.1_1787	99.160	119	1	0	1	119	1	119	1.28e-88	249
2160	lcl|HF680312.1_prot_CCU72235.1_1786	99.719	356	1	0	1	356	1	356	0.0	735
2161	lcl|HF680312.1_prot_CCU72234.1_1785	100.000	124	0	0	1	124	1	124	3.84e-86	243
2162	lcl|HF680312.1_prot_CCU72233.1_1784	99.361	313	2	0	1	313	1	313	0.0	602
2163	lcl|HF680312.1_prot_CCU72232.1_1783	99.349	307	2	0	1	307	1	307	0.0	634
2164	lcl|HF680312.1_prot_CCU72231.1_1782	100.000	110	0	0	1	110	1	110	3.76e-80	227
2165	lcl|HF680312.1_prot_CCU72230.1_1781	98.883	358	4	0	1	358	1	358	0.0	722
2166	lcl|HF680312.1_prot_CCU72229.1_1780	100.000	77	0	0	1	77	1	77	5.90e-52	153
2167	lcl|HF680312.1_prot_CCU72228.1_1779	100.000	463	0	0	1	463	1	463	0.0	962
2168	lcl|HF680312.1_prot_CCU72227.1_1778	99.648	284	1	0	1	284	1	284	0.0	582
2169	lcl|HF680312.1_prot_CCU72226.1_1777	99.310	145	1	0	1	145	1	145	8.43e-103	287
2170	lcl|HF680312.1_prot_CCU72225.1_1776	99.684	316	1	0	1	316	1	316	0.0	650
2171	lcl|HF680312.1_prot_CCU72224.1_1775	100.000	107	0	0	1	107	42	148	5.11e-78	223
2172	lcl|HF680312.1_prot_CCU72223.1_1774	99.424	347	2	0	1	347	1	347	0.0	726
2173	lcl|HF680312.1_prot_CCU72222.1_1773	100.000	211	0	0	1	211	1	211	5.23e-159	434
2174	lcl|HF680312.1_prot_CCU72221.1_1772	100.000	367	0	0	1	367	1	367	0.0	766
2175	lcl|HF680312.1_prot_CCU72220.1_1771	99.329	149	1	0	1	149	1	149	1.44e-109	305
2176	lcl|HF680312.1_prot_CCU72219.1_1770	99.563	229	1	0	1	229	1	229	4.31e-173	472
2177	lcl|HF680312.1_prot_CCU72218.1_1769	99.865	742	1	0	1	742	1	742	0.0	1526
2178	lcl|HF680312.1_prot_CCU72217.1_1768	100.000	89	0	0	1	89	1	89	5.59e-65	187
2179	lcl|HF680312.1_prot_CCU72216.1_1767	100.000	119	0	0	1	119	1	119	2.72e-88	248
2180	lcl|HF680312.1_prot_CCU72215.1_1766	99.867	752	1	0	1	752	1	752	0.0	1532
2181	lcl|HF680312.1_prot_CCU72214.1_1765	100.000	72	0	0	1	72	1	72	5.93e-50	148
2182	lcl|HF680312.1_prot_CCU72213.1_1764	99.142	233	2	0	1	233	1	233	4.97e-180	489
2183	lcl|HF680312.1_prot_CCU72212.1_1763	98.298	235	4	0	1	235	1	235	6.16e-177	482
2184	lcl|HF680312.1_prot_CCU72211.1_1762	98.073	882	17	0	1	882	1	882	0.0	1749
2185	lcl|HF680312.1_prot_CCU72210.1_1761	100.000	215	0	0	1	215	1	215	2.32e-160	438
2186	lcl|HF680312.1_prot_CCU72209.1_1760	99.317	439	3	0	1	439	1	439	0.0	898
2187	lcl|HF680312.1_prot_CCU72208.1_1759	99.194	124	1	0	1	124	1	124	8.09e-87	245
2188	lcl|HF680312.1_prot_CCU72207.1_1758	99.767	429	1	0	1	429	1	429	0.0	884
2189	lcl|HF680312.1_prot_CCU72206.1_1757	98.684	456	6	0	1	456	1	456	0.0	919
2190	lcl|HF680312.1_prot_CCU72205.1_1756	99.395	496	3	0	1	496	44	539	0.0	976
2191	lcl|HF680312.1_prot_CCU72204.1_1755	99.688	321	1	0	1	321	1	321	0.0	671
2192	lcl|HF680312.1_prot_CCU72203.1_1754	99.029	103	1	0	1	103	1	103	8.43e-74	211
2193	lcl|HF680312.1_prot_CCU72202.1_1753	98.913	92	1	0	1	92	1	92	4.06e-65	187
2194	lcl|HF680312.1_prot_CCU72201.1_1752	99.130	115	1	0	1	115	1	115	6.05e-85	239
2195	lcl|HF680312.1_prot_CCU72200.1_1751	97.674	129	3	0	1	129	1	129	3.76e-94	264
2196	lcl|HF680312.1_prot_CCU72199.1_1750	99.677	310	1	0	1	310	1	310	0.0	644
2197	lcl|HF680312.1_prot_CCU72198.1_1749	100.000	904	0	0	1	904	1	904	0.0	1847
2198	lcl|HF680312.1_prot_CCU72197.1_1748	99.535	215	1	0	1	215	1	215	8.13e-158	432
2199	lcl|HF680312.1_prot_CCU72196.1_1747	99.659	586	2	0	1	586	1	586	0.0	1201
2200	lcl|HF680312.1_prot_CCU72195.1_1746	100.000	182	0	0	1	182	1	182	4.11e-130	359
2201	lcl|HF680312.1_prot_CCU72194.1_1745	100.000	259	0	0	1	259	37	295	0.0	529
2202	lcl|HF680312.1_prot_CCU72193.1_1744	98.837	172	2	0	8	179	1	172	2.72e-126	349
2203	lcl|HF680312.1_prot_CCU72192.1_1743	99.654	289	1	0	1	289	1	289	0.0	568
2204	lcl|HF680312.1_prot_CCU72191.1_1742	99.634	546	2	0	1	546	1	546	0.0	1129
2205	lcl|HF680312.1_prot_CCU72190.1_1741	100.000	249	0	0	1	249	1	249	6.98e-179	488
2206	lcl|HF680312.1_prot_CCU72189.1_1740	99.676	309	1	0	1	309	1	309	0.0	603
2207	lcl|HF680312.1_prot_CCU72188.1_1739	98.661	448	6	0	1	448	1	448	0.0	911
2208	lcl|HF680312.1_prot_CCU72187.1_1738	99.805	514	1	0	1	514	1	514	0.0	1031
2209	lcl|HF680312.1_prot_CCU72186.1_1737	99.752	403	1	0	1	403	1	403	0.0	810
2210	lcl|HF680312.1_prot_CCU72185.1_1736	98.601	143	2	0	1	143	1	143	7.76e-102	285
2211	lcl|HF680312.1_prot_CCU72184.1_1735	100.000	197	0	0	1	197	1	197	5.19e-144	395
2212	lcl|HF680312.1_prot_CCU72183.1_1734	99.180	122	1	0	1	122	1	122	1.98e-86	244
2213	lcl|HF680312.1_prot_CCU72182.1_1733	99.561	228	1	0	24	251	1	228	6.49e-170	464
2214	lcl|HF680312.1_prot_CCU72181.1_1732	99.157	356	3	0	1	356	1	356	0.0	726
2215	lcl|HF680312.1_prot_CCU72180.1_1731	99.492	394	2	0	1	394	1	394	0.0	802
2216	lcl|HF680312.1_prot_CCU72179.1_1730	98.857	175	2	0	1	175	1	175	2.71e-126	349
2217	lcl|HF680312.1_prot_CCU72178.1_1729	98.675	453	6	0	1	453	1	453	0.0	917
2218	lcl|HF680312.1_prot_CCU72177.1_1728	99.342	912	6	0	1	912	1	912	0.0	1855
2226	lcl|HF680312.1_prot_CCU72176.1_1727	94.900	549	28	0	8	556	1	549	0.0	1080
2227	lcl|HF680312.1_prot_CCU72175.1_1726	95.517	290	13	0	1	290	1	290	0.0	587
2228	lcl|HF680312.1_prot_CCU72155.1_1706	100.000	122	0	0	1	122	35	156	4.42e-89	252
2229	lcl|HF680312.1_prot_CCU72154.1_1705	100.000	168	0	0	27	194	1	168	7.45e-126	348
2230	lcl|HF680312.1_prot_CCU72153.1_1704	100.000	562	0	0	1	562	1	562	0.0	1171
2231	lcl|HF680312.1_prot_CCU72152.1_1703	100.000	123	0	0	1	123	1	123	1.49e-91	257
2232	lcl|HF680312.1_prot_CCU72151.1_1702	100.000	207	0	0	1	207	12	218	3.44e-154	422
2235	lcl|HF680312.1_prot_CCU72149.1_1700	100.000	88	0	0	1	88	1	88	3.05e-61	177
2236	lcl|HF680312.1_prot_CCU72148.1_1699	99.145	117	1	0	1	117	1	117	7.72e-86	242
2237	lcl|HF680312.1_prot_CCU72147.1_1698	100.000	121	0	0	1	121	1	121	2.46e-87	246
2238	lcl|HF680312.1_prot_CCU72146.1_1697	99.870	769	1	0	1	769	1	769	0.0	1548
2239	lcl|HF680312.1_prot_CCU72145.1_1696	100.000	143	0	0	1	143	1	143	1.48e-107	299
2240	lcl|HF680312.1_prot_CCU72144.1_1695	92.562	121	9	0	1	121	1	121	6.46e-58	172
2241	lcl|HF680312.1_prot_CCU72138.1_1689	100.000	154	0	0	29	182	1	154	2.44e-117	326
2242	lcl|HF680312.1_prot_CCU72137.1_1688	91.667	108	9	0	1	108	1	108	4.77e-52	156
2243	lcl|HF680312.1_prot_CCU72136.1_1687	99.074	324	3	0	1	324	1	324	0.0	664
2244	lcl|HF680312.1_prot_CCU72135.1_1686	100.000	438	0	0	1	438	161	598	0.0	908
2245	lcl|HF680312.1_prot_CCU72135.1_1686	100.000	90	0	0	1	90	1	90	2.24e-56	180
2246	lcl|HF680312.1_prot_CCU72134.1_1685	100.000	228	0	0	1	228	1	228	7.29e-166	453
2247	lcl|HF680312.1_prot_CCU72133.1_1684	100.000	467	0	0	2	468	1	467	0.0	952
2248	lcl|HF680312.1_prot_CCU72132.1_1683	99.551	445	2	0	1	445	1	445	0.0	878
2249	lcl|HF680312.1_prot_CCU72131.1_1682	100.000	152	0	0	1	152	1	152	2.09e-114	317
2250	lcl|HF680312.1_prot_CCU72130.1_1681	99.523	419	2	0	1	419	15	433	0.0	867
2251	lcl|HF680312.1_prot_CCU72129.1_1680	96.491	114	4	0	1	114	1	114	3.54e-77	220
2252	lcl|HF680312.1_prot_CCU72128.1_1679	99.324	1036	7	0	1	1036	1	1036	0.0	2078
2253	lcl|HF680312.1_prot_CCU72127.1_1678	97.504	561	9	1	1	556	1	561	0.0	1123
2254	lcl|HF680312.1_prot_CCU72126.1_1677	99.782	459	1	0	1	459	1	459	0.0	934
2255	lcl|HF680312.1_prot_CCU72125.1_1676	99.383	162	1	0	1	162	1	162	6.73e-121	334
2256	lcl|HF680312.1_prot_CCU72122.1_1673	98.182	55	1	0	26	80	1	55	2.81e-35	110
2257	lcl|HF680312.1_prot_CCU72121.1_1672	100.000	191	0	0	17	207	1	191	8.71e-140	385
2258	lcl|HF680312.1_prot_CCU72120.1_1671	100.000	167	0	0	1	167	1	167	7.01e-126	347
2259	lcl|HF680312.1_prot_CCU72119.1_1670	99.512	205	1	0	84	288	1	205	1.32e-154	427
2260	lcl|HF680312.1_prot_CCU72117.1_1668	98.808	923	11	0	1	923	1	923	0.0	1889
2261	lcl|HF680312.1_prot_CCU72116.1_1667	98.551	69	1	0	1	69	1	69	1.07e-43	134
2262	lcl|HF680312.1_prot_CCU72115.1_1666	97.768	448	10	0	1	448	1	448	0.0	874
2263	lcl|HF680312.1_prot_CCU72107.1_1658	99.583	240	1	0	100	339	1	240	5.99e-176	484
2263	lcl|HF680312.1_prot_CCU72114.1_1665	98.750	80	1	0	1	80	1	80	8.11e-52	164
2264	lcl|HF680312.1_prot_CCU72106.1_1657	98.554	830	12	0	1	830	1	830	0.0	1641
2264	lcl|HF680312.1_prot_CCU70989.1_540	92.410	830	63	0	1	830	1	830	0.0	1519
2267	lcl|HF680312.1_prot_CCU72104.1_1655	99.679	312	1	0	1	312	1	312	0.0	622
2268	lcl|HF680312.1_prot_CCU72103.1_1654	100.000	91	0	0	1	91	1	91	9.12e-64	184
2269	lcl|HF680312.1_prot_CCU72102.1_1653	99.758	413	1	0	1	413	1	413	0.0	860
2270	lcl|HF680312.1_prot_CCU72101.1_1652	99.597	248	1	0	1	248	1	248	0.0	509
2271	lcl|HF680312.1_prot_CCU72099.1_1650	100.000	493	0	0	1	493	1	493	0.0	1019
2272	lcl|HF680312.1_prot_CCU72098.1_1649	100.000	82	0	0	1	82	1	82	8.45e-60	173
2273	lcl|HF680312.1_prot_CCU72097.1_1648	99.200	125	1	0	1	125	1	125	2.11e-92	259
2274	lcl|HF680312.1_prot_CCU70975.1_526	99.067	536	5	0	1	536	1	536	0.0	1096
2274	lcl|HF680312.1_prot_CCU73517.1_3068	97.388	536	14	0	1	536	1	536	0.0	1083
2274	lcl|HF680312.1_prot_CCU70866.1_417	96.685	543	11	1	1	536	1	543	0.0	1079
2274	lcl|HF680312.1_prot_CCU71715.1_1266	96.317	543	13	1	1	536	1	543	0.0	1075
2274	lcl|HF680312.1_prot_CCU73713.1_3264	97.015	536	16	0	1	536	1	536	0.0	1075
2274	lcl|HF680312.1_prot_CCU73876.1_3427	95.028	543	20	1	1	536	1	543	0.0	1020
2274	lcl|HF680312.1_prot_CCU73197.1_2748	95.028	543	20	1	1	536	1	543	0.0	1020
2274	lcl|HF680312.1_prot_CCU73034.1_2585	95.028	543	20	1	1	536	1	543	0.0	1020
2274	lcl|HF680312.1_prot_CCU72672.1_2223	93.554	543	28	1	1	536	1	543	0.0	1008
2275	lcl|HF680312.1_prot_CCU73877.1_3428	100.000	118	0	0	1	118	1	118	1.15e-86	244
2275	lcl|HF680312.1_prot_CCU73714.1_3265	100.000	118	0	0	1	118	1	118	1.15e-86	244
2275	lcl|HF680312.1_prot_CCU73516.1_3067	100.000	118	0	0	1	118	1	118	1.15e-86	244
2275	lcl|HF680312.1_prot_CCU73196.1_2747	100.000	118	0	0	1	118	1	118	1.15e-86	244
2275	lcl|HF680312.1_prot_CCU73035.1_2586	100.000	118	0	0	1	118	1	118	1.15e-86	244
2275	lcl|HF680312.1_prot_CCU71716.1_1267	100.000	118	0	0	1	118	1	118	1.15e-86	244
2275	lcl|HF680312.1_prot_CCU70976.1_527	100.000	118	0	0	1	118	1	118	1.15e-86	244
2275	lcl|HF680312.1_prot_CCU70867.1_418	100.000	118	0	0	1	118	1	118	1.15e-86	244
2275	lcl|HF680312.1_prot_CCU72673.1_2224	99.153	118	1	0	1	118	1	118	5.54e-86	243
2276	lcl|HF680312.1_prot_CCU73878.1_3429	100.000	99	0	0	1	99	1	99	3.63e-71	203
2276	lcl|HF680312.1_prot_CCU73515.1_3066	100.000	99	0	0	1	99	1	99	3.63e-71	203
2276	lcl|HF680312.1_prot_CCU73195.1_2746	100.000	99	0	0	1	99	1	99	3.63e-71	203
2276	lcl|HF680312.1_prot_CCU71717.1_1268	100.000	99	0	0	1	99	1	99	3.63e-71	203
2276	lcl|HF680312.1_prot_CCU70977.1_528	100.000	99	0	0	1	99	1	99	3.63e-71	203
2276	lcl|HF680312.1_prot_CCU70868.1_419	100.000	99	0	0	1	99	1	99	3.63e-71	203
2276	lcl|HF680312.1_prot_CCU73715.1_3266	95.960	99	4	0	1	99	1	99	1.41e-67	194
2276	lcl|HF680312.1_prot_CCU73036.1_2587	95.960	99	4	0	1	99	1	99	1.41e-67	194
2276	lcl|HF680312.1_prot_CCU72674.1_2225	94.949	99	5	0	1	99	1	99	2.67e-67	194
2277	lcl|HF680312.1_prot_CCU72094.1_1645	97.037	270	8	0	1	270	1	270	0.0	551
2278	lcl|HF680312.1_prot_CCU72093.1_1644	97.115	728	21	0	1	728	1	728	0.0	1363
2279	lcl|HF680312.1_prot_CCU72092.1_1643	97.826	414	9	0	1	414	1	414	0.0	804
2280	lcl|HF680312.1_prot_CCU72091.1_1642	100.000	209	0	0	1	209	1	209	5.17e-153	419
2281	lcl|HF680312.1_prot_CCU72090.1_1641	100.000	135	0	0	1	135	1	135	7.81e-96	269
2282	lcl|HF680312.1_prot_CCU72089.1_1640	99.444	180	1	0	1	180	1	180	2.38e-129	357
2283	lcl|HF680312.1_prot_CCU72088.1_1639	99.788	471	1	0	1	471	1	471	0.0	930
2284	lcl|HF680312.1_prot_CCU72087.1_1638	99.298	285	2	0	1	285	1	285	0.0	570
2285	lcl|HF680312.1_prot_CCU72086.1_1637	99.492	984	5	0	1	984	1	984	0.0	2036
2286	lcl|HF680312.1_prot_CCU72085.1_1636	98.969	388	4	0	1	388	1	388	0.0	795
2287	lcl|HF680312.1_prot_CCU72084.1_1635	100.000	312	0	0	1	312	1	312	0.0	631
2288	lcl|HF680312.1_prot_CCU72083.1_1634	99.383	811	5	0	1	811	1	811	0.0	1671
2289	lcl|HF680312.1_prot_CCU72082.1_1633	99.775	444	1	0	1	444	1	444	0.0	917
2290	lcl|HF680312.1_prot_CCU72081.1_1632	97.523	444	11	0	1	444	1	444	0.0	878
2291	lcl|HF680312.1_prot_CCU72080.1_1631	98.113	159	3	0	1	159	1	159	1.30e-113	315
2292	lcl|HF680312.1_prot_CCU72079.1_1630	100.000	224	0	0	1	224	1	224	7.34e-168	458
2293	lcl|HF680312.1_prot_CCU72078.1_1629	100.000	114	0	0	1	114	1	114	4.97e-82	232
2294	lcl|HF680312.1_prot_CCU72077.1_1628	99.419	344	2	0	1	344	3	346	0.0	701
2295	lcl|HF680312.1_prot_CCU72076.1_1627	100.000	215	0	0	1	215	1	215	1.34e-159	436
2296	lcl|HF680312.1_prot_CCU72075.1_1626	99.180	366	3	0	1	366	1	366	0.0	742
2297	lcl|HF680312.1_prot_CCU72074.1_1625	99.643	280	1	0	1	280	1	280	0.0	570
2298	lcl|HF680312.1_prot_CCU72073.1_1624	100.000	77	0	0	1	77	1	77	2.33e-51	152
2299	lcl|HF680312.1_prot_CCU72072.1_1623	100.000	246	0	0	1	246	1	246	0.0	497
2300	lcl|HF680312.1_prot_CCU72071.1_1622	100.000	312	0	0	1	312	1	312	0.0	625
2301	lcl|HF680312.1_prot_CCU72070.1_1621	100.000	339	0	0	1	339	1	339	0.0	694
2302	lcl|HF680312.1_prot_CCU72069.1_1620	100.000	61	0	0	1	61	1	61	4.11e-41	125
2303	lcl|HF680312.1_prot_CCU72068.1_1619	99.438	178	1	0	1	178	1	178	6.48e-134	369
2304	lcl|HF680312.1_prot_CCU72067.1_1618	100.000	324	0	0	1	324	1	324	0.0	661
2305	lcl|HF680312.1_prot_CCU72066.1_1617	100.000	221	0	0	1	221	1	221	1.40e-167	457
2306	lcl|HF680312.1_prot_CCU72065.1_1616	100.000	325	0	0	1	325	6	330	0.0	663
2307	lcl|HF680312.1_prot_CCU72064.1_1615	99.617	1044	1	1	1	1041	1	1044	0.0	2081
2308	lcl|HF680312.1_prot_CCU72063.1_1614	99.235	392	3	0	1	392	1	392	0.0	795
2309	lcl|HF680312.1_prot_CCU72062.1_1613	98.387	248	4	0	1	248	159	406	8.59e-177	489
2310	lcl|HF680312.1_prot_CCU72062.1_1613	99.254	134	1	0	1	134	1	134	4.05e-87	256
2311	lcl|HF680312.1_prot_CCU72061.1_1612	99.885	868	1	0	1	868	1	868	0.0	1783
2312	lcl|HF680312.1_prot_CCU72060.1_1611	99.467	375	2	0	1	375	1	375	0.0	783
2313	lcl|HF680312.1_prot_CCU72059.1_1610	100.000	296	0	0	1	296	1	296	0.0	610
2314	lcl|HF680312.1_prot_CCU72058.1_1609	99.552	223	1	0	1	223	1	223	3.83e-163	446
2315	lcl|HF680312.1_prot_CCU72057.1_1608	99.513	411	2	0	1	411	1	411	0.0	841
2316	lcl|HF680312.1_prot_CCU72056.1_1607	100.000	163	0	0	1	163	1	163	1.58e-120	333
2317	lcl|HF680312.1_prot_CCU72055.1_1606	100.000	214	0	0	1	214	1	214	4.18e-161	440
2318	lcl|HF680312.1_prot_CCU72054.1_1605	100.000	312	0	0	1	312	1	312	0.0	638
2319	lcl|HF680312.1_prot_CCU72053.1_1604	99.873	789	1	0	1	789	1	789	0.0	1619
2320	lcl|HF680312.1_prot_CCU72052.1_1603	100.000	273	0	0	1	273	1	273	0.0	560
2321	lcl|HF680312.1_prot_CCU72051.1_1602	100.000	289	0	0	1	289	1	289	0.0	594
2322	lcl|HF680312.1_prot_CCU72050.1_1601	99.567	231	1	0	1	231	77	307	1.42e-173	476
2323	lcl|HF680312.1_prot_CCU72049.1_1600	96.898	548	15	1	1	548	1	546	0.0	1086
2324	lcl|HF680312.1_prot_CCU72048.1_1599	97.746	355	8	0	1	355	1	355	0.0	702
2325	lcl|HF680312.1_prot_CCU72047.1_1598	95.623	297	13	0	1	297	1	297	0.0	591
2327	lcl|HF680312.1_prot_CCU72045.1_1596	96.028	428	17	0	1	428	1	428	0.0	857
2328	lcl|HF680312.1_prot_CCU72044.1_1595	99.512	205	1	0	1	205	1	205	2.98e-153	419
2329	lcl|HF680312.1_prot_CCU72043.1_1594	100.000	241	0	0	1	241	1	241	0.0	506
2330	lcl|HF680312.1_prot_CCU72042.1_1593	99.691	324	1	0	1	324	1	324	0.0	672
2331	lcl|HF680312.1_prot_CCU72041.1_1592	99.611	257	1	0	1	257	1	257	0.0	499
2332	lcl|HF680312.1_prot_CCU72040.1_1591	98.276	58	1	0	1	58	1	58	3.23e-37	115
2333	lcl|HF680312.1_prot_CCU72039.1_1590	100.000	438	0	0	1	438	1	438	0.0	908
2334	lcl|HF680312.1_prot_CCU72038.1_1589	100.000	244	0	0	1	244	1	244	5.00e-180	491
2335	lcl|HF680312.1_prot_CCU72037.1_1588	100.000	259	0	0	1	259	1	259	0.0	533
2336	lcl|HF680312.1_prot_CCU72036.1_1587	100.000	290	0	0	1	290	1	290	0.0	596
2337	lcl|HF680312.1_prot_CCU72035.1_1586	100.000	121	0	0	1	121	1	121	9.01e-77	219
2338	lcl|HF680312.1_prot_CCU72034.1_1585	100.000	1303	0	0	1	1303	1	1303	0.0	2663
2339	lcl|HF680312.1_prot_CCU72033.1_1584	99.821	559	1	0	1	559	1	559	0.0	1152
2340	lcl|HF680312.1_prot_CCU72032.1_1583	99.371	159	1	0	1	159	1	159	5.41e-117	324
2341	lcl|HF680312.1_prot_CCU72031.1_1582	100.000	319	0	0	1	319	1	319	0.0	630
2342	lcl|HF680312.1_prot_CCU72030.1_1581	100.000	166	0	0	1	166	1	166	2.52e-122	338
2343	lcl|HF680312.1_prot_CCU72029.1_1580	100.000	171	0	0	1	171	1	171	3.09e-123	341
2344	lcl|HF680312.1_prot_CCU72028.1_1579	100.000	219	0	0	1	219	1	219	4.20e-160	438
2345	lcl|HF680312.1_prot_CCU72027.1_1578	99.057	106	1	0	1	106	1	106	4.91e-75	214
2346	lcl|HF680312.1_prot_CCU72026.1_1577	97.516	322	8	0	1	322	1	322	0.0	628
2347	lcl|HF680312.1_prot_CCU72025.1_1576	99.786	935	2	0	1	935	1	935	0.0	1903
2348	lcl|HF680312.1_prot_CCU72024.1_1575	99.206	630	5	0	14	643	1	630	0.0	1272
2349	lcl|HF680312.1_prot_CCU72023.1_1574	100.000	166	0	0	1	166	1	166	4.81e-123	340
2350	lcl|HF680312.1_prot_CCU72022.1_1573	99.375	160	1	0	1	160	1	160	6.97e-116	322
2351	lcl|HF680312.1_prot_CCU72021.1_1572	97.537	203	5	0	1	203	1	203	1.33e-149	410
2352	lcl|HF680312.1_prot_CCU72020.1_1571	99.163	239	2	0	1	239	1	239	9.19e-175	477
2353	lcl|HF680312.1_prot_CCU72019.1_1570	99.746	393	1	0	1	393	1	393	0.0	822
2354	lcl|HF680312.1_prot_CCU72018.1_1569	100.000	280	0	0	1	280	1	280	0.0	575
2355	lcl|HF680312.1_prot_CCU72017.1_1568	98.777	736	9	0	1	736	5	740	0.0	1463
2356	lcl|HF680312.1_prot_CCU72016.1_1567	100.000	222	0	0	1	222	1	222	1.05e-164	450
2357	lcl|HF680312.1_prot_CCU72015.1_1566	99.180	122	1	0	1	122	1	122	7.42e-84	237
2358	lcl|HF680312.1_prot_CCU72014.1_1565	100.000	146	0	0	1	146	1	146	1.10e-110	307
2359	lcl|HF680312.1_prot_CCU72013.1_1564	97.872	94	2	0	1	94	1	94	8.34e-64	184
2360	lcl|HF680312.1_prot_CCU72012.1_1563	100.000	390	0	0	1	390	1	390	0.0	799
2361	lcl|HF680312.1_prot_CCU72011.1_1562	98.889	180	2	0	1	180	1	180	1.12e-130	360
2362	lcl|HF680312.1_prot_CCU72010.1_1561	100.000	108	0	0	1	108	1	108	4.14e-75	214
2363	lcl|HF680312.1_prot_CCU72009.1_1560	99.110	674	6	0	1	674	1	674	0.0	1365
2364	lcl|HF680312.1_prot_CCU72008.1_1559	100.000	89	0	0	1	89	1	89	1.08e-63	184
2365	lcl|HF680312.1_prot_CCU72007.1_1558	100.000	796	0	0	1	796	1	796	0.0	1644
2366	lcl|HF680312.1_prot_CCU72006.1_1557	99.817	546	1	0	1	546	1	546	0.0	1111
2368	lcl|HF680312.1_prot_CCU72003.1_1554	99.351	154	1	0	1	154	1	154	8.85e-110	305
2369	lcl|HF680312.1_prot_CCU72002.1_1553	100.000	295	0	0	1	295	1	295	0.0	612
2370	lcl|HF680312.1_prot_CCU72001.1_1552	100.000	61	0	0	1	61	1	61	1.86e-39	120
2371	lcl|HF680312.1_prot_CCU72000.1_1551	98.068	207	4	0	1	207	1	207	4.20e-152	417
2372	lcl|HF680312.1_prot_CCU71999.1_1550	98.540	137	2	0	1	137	1	137	6.28e-98	274
2373	lcl|HF680312.1_prot_CCU71998.1_1549	99.611	257	1	0	1	257	1	257	0.0	523
2374	lcl|HF680312.1_prot_CCU71997.1_1548	99.021	613	6	0	1	613	1	613	0.0	1234
2376	lcl|HF680312.1_prot_CCU71996.1_1547	99.425	348	2	0	1	348	1	348	0.0	722
2377	lcl|HF680312.1_prot_CCU71995.1_1546	100.000	239	0	0	1	239	1	239	9.76e-179	487
2378	lcl|HF680312.1_prot_CCU71994.1_1545	98.795	249	3	0	1	249	1	249	0.0	509
2379	lcl|HF680312.1_prot_CCU71993.1_1544	98.551	207	3	0	9	215	1	207	4.50e-155	425
2380	lcl|HF680312.1_prot_CCU71992.1_1543	99.788	471	1	0	1	471	1	471	0.0	968
2381	lcl|HF680312.1_prot_CCU71991.1_1542	98.058	206	4	0	1	206	1	206	3.85e-152	417
2382	lcl|HF680312.1_prot_CCU71990.1_1541	99.342	456	3	0	1	456	1	456	0.0	905
2383	lcl|HF680312.1_prot_CCU71989.1_1540	98.571	140	2	0	1	140	1	140	2.34e-96	270
2384	lcl|HF680312.1_prot_CCU71988.1_1539	99.554	224	1	0	1	224	1	224	2.10e-167	457
2385	lcl|HF680312.1_prot_CCU71987.1_1538	99.699	332	1	0	1	332	1	332	0.0	676
2386	lcl|HF680312.1_prot_CCU71986.1_1537	99.811	529	1	0	1	529	1	529	0.0	1090
2387	lcl|HF680312.1_prot_CCU71985.1_1536	99.468	188	1	0	58	245	1	188	1.66e-141	391
2388	lcl|HF680312.1_prot_CCU71983.1_1534	99.603	252	1	0	1	252	1	252	0.0	510
2389	lcl|HF680312.1_prot_CCU71982.1_1533	99.091	550	5	0	1	550	1	550	0.0	1099
2390	lcl|HF680312.1_prot_CCU71981.1_1532	100.000	99	0	0	1	99	1	99	5.79e-65	188
2391	lcl|HF680312.1_prot_CCU71980.1_1531	99.617	783	3	0	1	783	1	783	0.0	1592
2392	lcl|HF680312.1_prot_CCU71979.1_1530	99.074	108	1	0	1	108	1	108	2.67e-78	222
2393	lcl|HF680312.1_prot_CCU71978.1_1529	98.780	164	2	0	1	164	1	164	4.45e-124	342
2394	lcl|HF680312.1_prot_CCU71977.1_1528	99.419	172	1	0	1	172	1	172	4.72e-125	345
2395	lcl|HF680312.1_prot_CCU71976.1_1527	100.000	355	0	0	1	355	1	355	0.0	738
2396	lcl|HF680312.1_prot_CCU71975.1_1526	99.634	547	2	0	1	547	1	547	0.0	1117
2397	lcl|HF680312.1_prot_CCU71973.1_1524	98.361	244	4	0	1	244	1	244	1.77e-177	484
2398	lcl|HF680312.1_prot_CCU71972.1_1523	100.000	219	0	0	1	219	22	240	1.16e-166	456
2399	lcl|HF680312.1_prot_CCU71971.1_1522	99.854	687	1	0	1	687	1	687	0.0	1400
2400	lcl|HF680312.1_prot_CCU71970.1_1521	100.000	299	0	0	22	320	1	299	0.0	616
2401	lcl|HF680312.1_prot_CCU71969.1_1520	99.672	305	1	0	1	305	1	305	0.0	612
2402	lcl|HF680312.1_prot_CCU71968.1_1519	100.000	404	0	0	1	404	1	404	0.0	836
2403	lcl|HF680312.1_prot_CCU71967.1_1518	100.000	507	0	0	1	507	1	507	0.0	1050
2404	lcl|HF680312.1_prot_CCU71966.1_1517	100.000	164	0	0	1	164	1	164	2.96e-115	320
2405	lcl|HF680312.1_prot_CCU71965.1_1516	100.000	184	0	0	1	184	1	184	1.06e-135	374
2406	lcl|HF680312.1_prot_CCU71964.1_1515	98.837	430	5	0	1	430	1	430	0.0	867
2407	lcl|HF680312.1_prot_CCU71963.1_1514	99.625	267	1	0	1	267	1	267	0.0	538
2408	lcl|HF680312.1_prot_CCU71962.1_1513	98.515	404	6	0	1	404	1	404	0.0	828
2409	lcl|HF680312.1_prot_CCU71961.1_1512	100.000	213	0	0	1	213	1	213	4.97e-157	430
2410	lcl|HF680312.1_prot_CCU71960.1_1511	97.994	349	7	0	1	349	1	349	0.0	702
2411	lcl|HF680312.1_prot_CCU71959.1_1510	98.452	323	5	0	1	323	1	323	0.0	647
2412	lcl|HF680312.1_prot_CCU71958.1_1509	99.635	274	1	0	1	274	1	274	0.0	571
2413	lcl|HF680312.1_prot_CCU71957.1_1508	99.143	1050	7	2	1	1049	1	1049	0.0	2017
2414	lcl|HF680312.1_prot_CCU71956.1_1507	99.733	374	1	0	1	374	1	374	0.0	766
2415	lcl|HF680312.1_prot_CCU71955.1_1506	99.721	359	1	0	1	359	1	359	0.0	722
2416	lcl|HF680312.1_prot_CCU71954.1_1505	99.065	214	2	0	1	214	1	214	9.15e-159	434
2417	lcl|HF680312.1_prot_CCU71953.1_1504	100.000	472	0	0	1	472	1	472	0.0	974
2418	lcl|HF680312.1_prot_CCU71952.1_1503	100.000	288	0	0	1	288	1	288	0.0	589
2419	lcl|HF680312.1_prot_CCU71951.1_1502	100.000	308	0	0	1	308	1	308	0.0	630
2420	lcl|HF680312.1_prot_CCU71950.1_1501	100.000	323	0	0	1	323	1	323	0.0	635
2421	lcl|HF680312.1_prot_CCU71949.1_1500	99.223	386	3	0	1	386	1	386	0.0	802
2422	lcl|HF680312.1_prot_CCU71948.1_1499	98.821	424	5	0	1	424	1	424	0.0	868
2423	lcl|HF680312.1_prot_CCU71947.1_1498	98.853	436	5	0	1	436	1	436	0.0	902
2424	lcl|HF680312.1_prot_CCU71946.1_1497	99.558	453	2	0	1	453	1	453	0.0	920
2425	lcl|HF680312.1_prot_CCU71945.1_1496	100.000	154	0	0	1	154	1	154	1.15e-115	320
2426	lcl|HF680312.1_prot_CCU71944.1_1495	98.098	631	12	0	1	631	1	631	0.0	1285
2428	lcl|HF680312.1_prot_CCU71942.1_1493	98.723	235	3	0	1	235	1	235	7.66e-178	484
2429	lcl|HF680312.1_prot_CCU71941.1_1492	96.575	146	5	0	1	146	1	146	1.62e-104	291
2430	lcl|HF680312.1_prot_CCU71939.1_1490	97.959	49	1	0	1	49	1	49	1.47e-31	100
2432	lcl|HF680312.1_prot_CCU71937.1_1488	100.000	75	0	0	1	75	1	75	3.14e-51	153
2433	lcl|HF680312.1_prot_CCU71935.1_1486	98.667	75	1	0	1	75	1	75	2.47e-53	157
2434	lcl|HF680312.1_prot_CCU71593.1_1144	98.333	180	3	0	1	180	89	268	1.88e-134	374
2434	lcl|HF680312.1_prot_CCU71934.1_1485	98.802	167	2	0	1	167	89	255	1.97e-123	345
2434	lcl|HF680312.1_prot_CCU71654.1_1205	96.429	140	5	0	1	140	89	228	8.65e-98	279
2434	lcl|HF680312.1_prot_TOL_1866_1833	100.000	67	0	0	1	67	89	155	5.99e-44	140
2434	lcl|HF680312.1_prot_CCU71223.1_774	100.000	36	0	0	1	36	89	124	4.46e-19	76.6
2435	lcl|HF680312.1_prot_TOL_1866_1833	97.468	79	2	0	1	79	1	79	3.03e-54	162
2435	lcl|HF680312.1_prot_CCU71934.1_1485	97.468	79	2	0	1	79	1	79	2.35e-53	163
2435	lcl|HF680312.1_prot_CCU71593.1_1144	94.937	79	4	0	1	79	1	79	3.22e-51	158
2435	lcl|HF680312.1_prot_CCU71654.1_1205	91.139	79	7	0	1	79	1	79	4.41e-51	156
2435	lcl|HF680312.1_prot_CCU71223.1_774	92.405	79	6	0	1	79	1	79	4.53e-51	154
2436	lcl|HF680312.1_prot_CCU71653.1_1204	99.160	119	1	0	1	119	1	119	1.43e-83	236
2436	lcl|HF680312.1_prot_CCU71933.1_1484	98.319	119	2	0	1	119	1	119	4.19e-83	235
2436	lcl|HF680312.1_prot_CCU71592.1_1143	98.319	119	2	0	1	119	1	119	4.19e-83	235
2436	lcl|HF680312.1_prot_CCU72283.1_1834	98.319	119	2	0	1	119	1	119	5.11e-83	235
2436	lcl|HF680312.1_prot_CCU71865.1_1416	98.387	62	1	0	1	62	1	62	4.31e-42	130
2436	lcl|HF680312.1_prot_CCU71222.1_773	98.485	66	1	0	54	119	7	72	3.17e-40	125
2436	lcl|HF680312.1_prot_CCU71866.1_1417	97.674	43	1	0	1	43	1	43	8.25e-27	90.9
2443	lcl|HF680312.1_prot_CCU71923.1_1474	100.000	290	0	0	1	290	1	290	0.0	580
2444	lcl|HF680312.1_prot_CCU71922.1_1473	99.742	388	1	0	1	388	1	388	0.0	780
2445	lcl|HF680312.1_prot_CCU71921.1_1472	100.000	479	0	0	1	479	1	479	0.0	974
2446	lcl|HF680312.1_prot_CCU71920.1_1471	99.507	406	2	0	1	406	1	406	0.0	818
2447	lcl|HF680312.1_prot_CCU71919.1_1470	100.000	945	0	0	1	945	1	945	0.0	1968
2448	lcl|HF680312.1_prot_CCU71918.1_1469	100.000	236	0	0	1	236	1	236	2.24e-179	488
2449	lcl|HF680312.1_prot_CCU71917.1_1468	100.000	590	0	0	1	590	1	590	0.0	1222
2450	lcl|HF680312.1_prot_CCU71916.1_1467	100.000	115	0	0	1	115	1	115	1.10e-79	226
2451	lcl|HF680312.1_prot_CCU71915.1_1466	98.824	85	1	0	1	85	1	85	8.12e-55	161
2452	lcl|HF680312.1_prot_CCU71914.1_1465	99.765	426	1	0	1	426	1	426	0.0	887
2453	lcl|HF680312.1_prot_CCU71913.1_1464	98.653	297	4	0	1	297	1	297	0.0	607
2454	lcl|HF680312.1_prot_CCU71912.1_1463	99.479	192	1	0	1	192	1	192	2.55e-143	393
2455	lcl|HF680312.1_prot_CCU71911.1_1462	99.679	312	1	0	1	312	1	312	0.0	640
2456	lcl|HF680312.1_prot_CCU71910.1_1461	98.705	386	5	0	21	406	1	386	0.0	781
2457	lcl|HF680312.1_prot_CCU71909.1_1460	98.548	551	8	0	1	551	1	551	0.0	1113
2458	lcl|HF680312.1_prot_CCU71908.1_1459	99.458	369	2	0	1	369	1	369	0.0	760
2459	lcl|HF680312.1_prot_CCU71907.1_1458	98.824	340	4	0	1	340	1	340	0.0	696
2460	lcl|HF680312.1_prot_CCU71905.1_1456	98.701	308	4	0	1	308	1	308	0.0	601
2461	lcl|HF680312.1_prot_CCU71904.1_1455	100.000	352	0	0	1	352	1	352	0.0	730
2462	lcl|HF680312.1_prot_CCU71903.1_1454	100.000	532	0	0	1	532	1	532	0.0	1067
2463	lcl|HF680312.1_prot_CCU71902.1_1453	98.846	260	3	0	1	260	1	260	0.0	519
2464	lcl|HF680312.1_prot_CCU71901.1_1452	99.752	403	1	0	1	403	1	403	0.0	827
2465	lcl|HF680312.1_prot_CCU71900.1_1451	99.878	1640	2	0	1	1640	1	1640	0.0	3406
2466	lcl|HF680312.1_prot_CCU71899.1_1450	97.802	910	20	0	1	910	1	910	0.0	1799
2467	lcl|HF680312.1_prot_CCU71898.1_1449	99.225	645	5	0	1	645	1	645	0.0	1317
2468	lcl|HF680312.1_prot_CCU71897.1_1448	97.070	1263	37	0	1	1263	1	1263	0.0	2524
2469	lcl|HF680312.1_prot_CCU71896.1_1447	97.572	1153	24	1	1	1153	1	1149	0.0	2298
2474	lcl|HF680312.1_prot_CCU71894.1_1445	96.795	156	5	0	1	156	1	156	2.94e-116	322
2477	lcl|HF680312.1_prot_CCU71892.1_1443	96.234	717	27	0	1	717	8	724	0.0	1435
2478	lcl|HF680312.1_prot_CCU71891.1_1442	94.102	373	22	0	1	373	1	373	0.0	714
2479	lcl|HF680312.1_prot_CCU71890.1_1441	97.000	200	6	0	1	200	1	200	6.31e-145	398
2480	lcl|HF680312.1_prot_CCU71889.1_1440	93.522	741	48	0	1	741	1	741	0.0	1425
2481	lcl|HF680312.1_prot_CCU71888.1_1439	98.990	99	1	0	1	99	1	99	2.50e-67	194
2482	lcl|HF680312.1_prot_CCU71887.1_1438	99.288	562	4	0	1	562	1	562	0.0	1159
2483	lcl|HF680312.1_prot_CCU71885.1_1436	99.020	102	1	0	1	102	1	102	1.36e-64	187
2484	lcl|HF680312.1_prot_CCU71884.1_1435	99.851	673	1	0	34	706	1	673	0.0	1404
2485	lcl|HF680312.1_prot_CCU71883.1_1434	99.512	205	1	0	1	205	1	205	1.01e-150	413
2486	lcl|HF680312.1_prot_CCU71882.1_1433	99.748	397	1	0	1	397	1	397	0.0	816
2487	lcl|HF680312.1_prot_CCU71881.1_1432	99.566	461	2	0	1	461	1	461	0.0	944
2488	lcl|HF680312.1_prot_CCU71880.1_1431	100.000	334	0	0	1	334	1	334	0.0	674
2489	lcl|HF680312.1_prot_CCU71879.1_1430	100.000	283	0	0	1	283	1	283	0.0	585
2490	lcl|HF680312.1_prot_CCU71878.1_1429	100.000	378	0	0	1	378	1	378	0.0	754
2491	lcl|HF680312.1_prot_CCU71877.1_1428	98.305	413	7	0	1	413	1	413	0.0	829
2492	lcl|HF680312.1_prot_CCU71876.1_1427	91.795	195	16	0	9	203	1	195	1.34e-129	359
2493	lcl|HF680312.1_prot_CCU71875.1_1426	99.485	583	3	0	1	583	1	583	0.0	1211
2494	lcl|HF680312.1_prot_CCU71874.1_1425	99.796	490	1	0	1	490	1	490	0.0	983
2495	lcl|HF680312.1_prot_CCU71873.1_1424	100.000	122	0	0	1	122	1	122	2.60e-90	254
2496	lcl|HF680312.1_prot_CCU71872.1_1423	99.531	852	4	0	1	852	1	852	0.0	1750
2497	lcl|HF680312.1_prot_CCU71871.1_1422	99.559	908	4	0	2	909	1	908	0.0	1891
2498	lcl|HF680312.1_prot_CCU71870.1_1421	99.621	264	1	0	1	264	1	264	0.0	541
2509	lcl|HF680312.1_prot_CCU71864.1_1415	94.762	210	11	0	1	210	1	210	6.65e-153	419
2510	lcl|HF680312.1_prot_CCU71863.1_1414	91.304	115	10	0	1	115	1	115	3.41e-78	223
2511	lcl|HF680312.1_prot_CCU71861.1_1412	100.000	190	0	0	1	190	1	190	1.02e-146	402
2512	lcl|HF680312.1_prot_CCU71860.1_1411	98.148	216	4	0	1	216	1	216	3.36e-161	441
2513	lcl|HF680312.1_prot_CCU71859.1_1410	99.136	579	5	0	1	579	1	579	0.0	1190
2514	lcl|HF680312.1_prot_CCU71858.1_1409	100.000	203	0	0	1	203	1	203	9.83e-155	423
2514	lcl|HF680312.1_prot_CCU71850.1_1401	94.737	57	3	0	147	203	1	57	2.49e-37	121
2516	lcl|HF680312.1_prot_CCU71856.1_1407	97.078	308	9	0	1	308	1	308	0.0	624
2517	lcl|HF680312.1_prot_CCU71855.1_1406	99.191	371	3	0	1	371	1	371	0.0	761
2518	lcl|HF680312.1_prot_CCU71854.1_1405	99.787	469	1	0	1	469	1	469	0.0	922
2519	lcl|HF680312.1_prot_CCU71853.1_1404	100.000	94	0	0	1	94	1	94	3.81e-62	180
2520	lcl|HF680312.1_prot_CCU71852.1_1403	99.735	378	1	0	1	378	1	378	0.0	772
2521	lcl|HF680312.1_prot_CCU71851.1_1402	97.769	493	11	0	1	493	1	493	0.0	998
2522	lcl|HF680312.1_prot_CCU71850.1_1401	100.000	57	0	0	1	57	1	57	7.23e-40	121
2522	lcl|HF680312.1_prot_CCU71858.1_1409	94.737	57	3	0	1	57	147	203	6.98e-38	121
2523	lcl|HF680312.1_prot_CCU71849.1_1400	100.000	856	0	0	17	872	1	856	0.0	1786
2524	lcl|HF680312.1_prot_CCU71848.1_1399	100.000	391	0	0	1	391	1	391	0.0	811
2525	lcl|HF680312.1_prot_CCU71847.1_1398	100.000	151	0	0	1	151	1	151	1.95e-110	307
2526	lcl|HF680312.1_prot_CCU71846.1_1397	100.000	483	0	0	1	483	1	483	0.0	999
2527	lcl|HF680312.1_prot_CCU71845.1_1396	100.000	531	0	0	1	531	1	531	0.0	1102
2528	lcl|HF680312.1_prot_CCU71844.1_1395	99.590	244	1	0	1	244	1	244	0.0	506
2529	lcl|HF680312.1_prot_CCU71843.1_1394	100.000	135	0	0	1	135	1	135	6.99e-101	281
2530	lcl|HF680312.1_prot_CCU71842.1_1393	99.754	1220	3	0	1	1220	1	1220	0.0	2521
2531	lcl|HF680312.1_prot_CCU71841.1_1392	95.192	312	8	1	1	305	1	312	0.0	590
2532	lcl|HF680312.1_prot_CCU71840.1_1391	98.971	486	5	0	1	486	1	486	0.0	986
2533	lcl|HF680312.1_prot_CCU71839.1_1390	100.000	171	0	0	1	171	1	171	9.36e-128	352
2534	lcl|HF680312.1_prot_CCU71838.1_1389	99.495	792	4	0	1	792	1	792	0.0	1628
2535	lcl|HF680312.1_prot_CCU71837.1_1388	99.559	680	3	0	1	680	7	686	0.0	1403
2536	lcl|HF680312.1_prot_CCU71836.1_1387	99.725	364	1	0	1	364	1	364	0.0	744
2537	lcl|HF680312.1_prot_CCU71835.1_1386	99.174	484	4	0	1	484	1	484	0.0	970
2538	lcl|HF680312.1_prot_CCU71834.1_1385	98.925	93	1	0	1	93	1	93	2.76e-64	186
2539	lcl|HF680312.1_prot_CCU71833.1_1384	99.814	538	1	0	1	538	1	538	0.0	1092
2540	lcl|HF680312.1_prot_CCU71832.1_1383	100.000	467	0	0	11	477	1	467	0.0	943
2541	lcl|HF680312.1_prot_CCU71831.1_1382	99.692	325	1	0	1	325	1	325	0.0	644
2542	lcl|HF680312.1_prot_CCU71830.1_1381	99.588	729	3	0	1	729	26	754	0.0	1506
2543	lcl|HF680312.1_prot_CCU71829.1_1380	99.780	909	2	0	1	909	1	909	0.0	1855
2544	lcl|HF680312.1_prot_CCU71828.1_1379	100.000	213	0	0	1	213	1	213	2.10e-152	418
2545	lcl|HF680312.1_prot_CCU71827.1_1378	100.000	202	0	0	1	202	1	202	4.66e-149	409
2546	lcl|HF680312.1_prot_CCU71826.1_1377	99.178	730	6	0	1	730	1	730	0.0	1471
2547	lcl|HF680312.1_prot_CCU71825.1_1376	100.000	348	0	0	1	348	1	348	0.0	697
2548	lcl|HF680312.1_prot_CCU71824.1_1375	100.000	231	0	0	1	231	1	231	7.65e-171	466
2549	lcl|HF680312.1_prot_CCU71823.1_1374	99.578	237	1	0	1	237	1	237	6.41e-173	472
2550	lcl|HF680312.1_prot_CCU71822.1_1373	100.000	232	0	0	11	242	1	232	1.73e-175	478
2551	lcl|HF680312.1_prot_CCU71821.1_1372	100.000	334	0	0	1	334	1	334	0.0	693
2552	lcl|HF680312.1_prot_CCU71820.1_1371	99.479	192	1	0	1	192	1	192	7.52e-146	400
2553	lcl|HF680312.1_prot_CCU71819.1_1370	99.177	243	2	0	1	243	1	243	1.99e-180	491
2555	lcl|HF680312.1_prot_CCU71817.1_1368	90.909	429	39	0	1	429	1	429	0.0	810
2556	lcl|HF680312.1_prot_CCU71816.1_1367	94.929	493	25	0	1	493	1	493	0.0	815
2557	lcl|HF680312.1_prot_CCU71815.1_1366	93.970	199	12	0	1	199	1	199	8.76e-139	382
2558	lcl|HF680312.1_prot_CCU71814.1_1365	96.057	279	11	0	1	279	1	279	0.0	548
2559	lcl|HF680312.1_prot_CCU71813.1_1364	99.145	117	1	0	1	117	1	117	9.21e-86	242
2567	lcl|HF680312.1_prot_CCU71593.1_1144	98.333	180	3	0	1	180	89	268	1.88e-134	374
2567	lcl|HF680312.1_prot_CCU71934.1_1485	98.802	167	2	0	1	167	89	255	1.97e-123	345
2567	lcl|HF680312.1_prot_CCU71654.1_1205	96.429	140	5	0	1	140	89	228	8.65e-98	279
2567	lcl|HF680312.1_prot_TOL_1866_1833	100.000	67	0	0	1	67	89	155	5.99e-44	140
2567	lcl|HF680312.1_prot_CCU71223.1_774	100.000	36	0	0	1	36	89	124	4.46e-19	76.6
2568	lcl|HF680312.1_prot_TOL_1866_1833	97.468	79	2	0	1	79	1	79	3.03e-54	162
2568	lcl|HF680312.1_prot_CCU71934.1_1485	97.468	79	2	0	1	79	1	79	2.35e-53	163
2568	lcl|HF680312.1_prot_CCU71593.1_1144	94.937	79	4	0	1	79	1	79	3.22e-51	158
2568	lcl|HF680312.1_prot_CCU71654.1_1205	91.139	79	7	0	1	79	1	79	4.41e-51	156
2568	lcl|HF680312.1_prot_CCU71223.1_774	92.405	79	6	0	1	79	1	79	4.53e-51	154
2569	lcl|HF680312.1_prot_CCU71653.1_1204	99.160	119	1	0	1	119	1	119	1.43e-83	236
2569	lcl|HF680312.1_prot_CCU71933.1_1484	98.319	119	2	0	1	119	1	119	4.19e-83	235
2569	lcl|HF680312.1_prot_CCU71592.1_1143	98.319	119	2	0	1	119	1	119	4.19e-83	235
2569	lcl|HF680312.1_prot_CCU72283.1_1834	98.319	119	2	0	1	119	1	119	5.11e-83	235
2569	lcl|HF680312.1_prot_CCU71865.1_1416	98.387	62	1	0	1	62	1	62	4.31e-42	130
2569	lcl|HF680312.1_prot_CCU71222.1_773	98.485	66	1	0	54	119	7	72	3.17e-40	125
2569	lcl|HF680312.1_prot_CCU71866.1_1417	97.674	43	1	0	1	43	1	43	8.25e-27	90.9
2572	lcl|HF680312.1_prot_CCU71809.1_1360	98.377	493	8	0	1	493	1	493	0.0	1004
2573	lcl|HF680312.1_prot_CCU71808.1_1359	96.795	312	10	0	1	312	1	312	0.0	622
2574	lcl|HF680312.1_prot_CCU71807.1_1358	98.876	178	2	0	1	178	1	178	3.89e-132	364
2575	lcl|HF680312.1_prot_CCU71806.1_1357	98.667	225	3	0	1	225	3	227	9.60e-169	461
2576	lcl|HF680312.1_prot_CCU71805.1_1356	99.340	758	5	0	1	758	1	758	0.0	1556
2577	lcl|HF680312.1_prot_CCU71804.1_1355	98.522	203	3	0	1	203	1	203	1.65e-153	420
2578	lcl|HF680312.1_prot_CCU71803.1_1354	99.754	407	1	0	1	407	1	407	0.0	813
2579	lcl|HF680312.1_prot_CCU71802.1_1353	100.000	139	0	0	1	139	1	139	2.93e-104	290
2580	lcl|HF680312.1_prot_CCU71799.1_1350	96.753	154	5	0	1	154	1	154	7.49e-106	296
2581	lcl|HF680312.1_prot_CCU71798.1_1349	99.749	398	1	0	1	398	1	398	0.0	807
2582	lcl|HF680312.1_prot_CCU71797.1_1348	98.438	64	1	0	1	64	1	64	2.16e-44	133
2583	lcl|HF680312.1_prot_CCU71796.1_1347	99.425	174	1	0	1	174	1	174	1.13e-127	352
2584	lcl|HF680312.1_prot_CCU71795.1_1346	100.000	192	0	0	1	192	1	192	1.41e-142	392
2585	lcl|HF680312.1_prot_CCU71793.1_1344	98.230	113	2	0	1	113	1	113	3.67e-81	230
2586	lcl|HF680312.1_prot_CCU71791.1_1342	99.465	187	1	0	1	187	1	187	7.94e-141	387
2587	lcl|HF680312.1_prot_CCU71790.1_1341	99.029	103	1	0	1	103	1	103	1.15e-73	210
2589	lcl|HF680312.1_prot_CCU71789.1_1340	99.265	136	1	0	1	136	1	136	1.54e-100	281
2590	lcl|HF680312.1_prot_CCU71788.1_1339	100.000	183	0	0	2	184	1	183	3.14e-138	380
2591	lcl|HF680312.1_prot_CCU71787.1_1338	100.000	50	0	0	1	50	1	50	5.18e-32	101
2592	lcl|HF680312.1_prot_CCU71786.1_1337	98.000	350	7	0	1	350	1	350	0.0	696
2593	lcl|HF680312.1_prot_CCU71785.1_1336	99.158	1069	9	0	1	1069	1	1069	0.0	2143
2594	lcl|HF680312.1_prot_CCU71784.1_1335	99.042	522	5	0	1	522	1	522	0.0	1053
2595	lcl|HF680312.1_prot_CCU71783.1_1334	100.000	1038	0	0	1	1038	1	1038	0.0	2096
2596	lcl|HF680312.1_prot_CCU71782.1_1333	99.736	379	1	0	1	379	1	379	0.0	755
2597	lcl|HF680312.1_prot_CCU71781.1_1332	99.766	427	1	0	1	427	1	427	0.0	843
2598	lcl|HF680312.1_prot_CCU71779.1_1330	99.512	410	2	0	1	410	1	410	0.0	833
2599	lcl|HF680312.1_prot_CCU71778.1_1329	99.612	258	1	0	1	258	1	258	0.0	540
2600	lcl|HF680312.1_prot_CCU71777.1_1328	99.492	788	4	0	1	788	1	788	0.0	1595
2601	lcl|HF680312.1_prot_CCU71776.1_1327	99.373	319	2	0	1	319	1	319	0.0	668
2602	lcl|HF680312.1_prot_CCU71775.1_1326	100.000	162	0	0	1	162	1	162	1.21e-118	328
2603	lcl|HF680312.1_prot_CCU71774.1_1325	100.000	187	0	0	1	187	1	187	1.02e-141	389
2604	lcl|HF680312.1_prot_CCU71773.1_1324	97.312	186	5	0	1	186	1	186	5.78e-135	372
2605	lcl|HF680312.1_prot_CCU71772.1_1323	99.467	375	2	0	1	375	1	375	0.0	769
2606	lcl|HF680312.1_prot_CCU71771.1_1322	97.924	289	6	0	1	289	1	289	0.0	588
2607	lcl|HF680312.1_prot_CCU71770.1_1321	97.386	153	4	0	1	153	1	153	1.50e-109	305
2609	lcl|HF680312.1_prot_CCU71768.1_1319	99.286	980	7	0	1	980	1	980	0.0	2011
2618	lcl|HF680312.1_prot_CCU71755.1_1306	95.763	118	5	0	2	119	1	118	1.16e-82	234
2619	lcl|HF680312.1_prot_CCU71754.1_1305	97.895	95	2	0	1	95	1	95	3.38e-64	186
2620	lcl|HF680312.1_prot_CCU71753.1_1304	98.198	222	4	0	1	222	1	222	7.84e-167	455
2621	lcl|HF680312.1_prot_CCU71752.1_1303	98.000	100	2	0	1	100	1	100	8.70e-71	202
2622	lcl|HF680312.1_prot_CCU71751.1_1302	100.000	141	0	0	1	141	1	141	1.25e-102	286
2625	lcl|HF680312.1_prot_CCU71748.1_1299	99.038	312	3	0	1	312	1	312	0.0	627
2626	lcl|HF680312.1_prot_CCU71746.1_1297	98.571	70	1	0	1	70	1	70	5.69e-47	140
2627	lcl|HF680312.1_prot_CCU71745.1_1296	100.000	107	0	0	1	107	1	107	8.36e-76	216
2628	lcl|HF680312.1_prot_CCU71744.1_1295	98.990	99	1	0	1	99	1	99	1.19e-70	202
2629	lcl|HF680312.1_prot_CCU71743.1_1294	100.000	245	0	0	1	245	1	245	6.47e-177	483
2630	lcl|HF680312.1_prot_CCU71742.1_1293	100.000	307	0	0	1	307	1	307	0.0	635
2631	lcl|HF680312.1_prot_CCU71741.1_1292	100.000	377	0	0	1	377	1	377	0.0	770
2632	lcl|HF680312.1_prot_CCU71740.1_1291	99.645	282	1	0	1	282	1	282	0.0	586
2633	lcl|HF680312.1_prot_CCU71739.1_1290	99.669	302	1	0	1	302	1	302	0.0	599
2634	lcl|HF680312.1_prot_CCU71738.1_1289	99.192	619	5	0	1	619	1	619	0.0	1236
2635	lcl|HF680312.1_prot_CCU71737.1_1288	100.000	121	0	0	1	121	1	121	4.19e-85	240
2636	lcl|HF680312.1_prot_CCU71736.1_1287	99.747	395	1	0	1	395	1	395	0.0	822
2637	lcl|HF680312.1_prot_CCU71735.1_1286	98.684	304	4	0	49	352	1	304	0.0	614
2638	lcl|HF680312.1_prot_CCU71734.1_1285	100.000	198	0	0	1	198	1	198	1.99e-146	402
2639	lcl|HF680312.1_prot_CCU71733.1_1284	98.350	303	5	0	1	303	1	303	0.0	618
2640	lcl|HF680312.1_prot_CCU71732.1_1283	99.227	647	5	0	1	647	1	647	0.0	1318
2641	lcl|HF680312.1_prot_CCU71731.1_1282	99.221	770	6	0	1	770	1	770	0.0	1586
2642	lcl|HF680312.1_prot_CCU71730.1_1281	99.779	453	1	0	1	453	1	453	0.0	934
2643	lcl|HF680312.1_prot_CCU71729.1_1280	98.788	165	2	0	1	165	1	165	2.72e-123	340
2644	lcl|HF680312.1_prot_CCU71728.1_1279	100.000	69	0	0	1	69	1	69	3.48e-48	143
2645	lcl|HF680312.1_prot_CCU71727.1_1278	98.721	391	5	0	1	391	1	391	0.0	790
2646	lcl|HF680312.1_prot_CCU71726.1_1277	98.611	288	4	0	1	288	1	288	0.0	590
2647	lcl|HF680312.1_prot_CCU71725.1_1276	97.143	280	8	0	1	280	1	280	0.0	561
2648	lcl|HF680312.1_prot_CCU71724.1_1275	98.551	138	2	0	1	138	50	187	1.77e-96	275
2649	lcl|HF680312.1_prot_CCU71724.1_1275	95.918	49	2	0	1	49	1	49	1.45e-29	99.4
2650	lcl|HF680312.1_prot_CCU71723.1_1274	99.730	371	1	0	1	371	1	371	0.0	769
2651	lcl|HF680312.1_prot_CCU71722.1_1273	100.000	209	0	0	1	209	1	209	1.08e-156	429
2652	lcl|HF680312.1_prot_CCU71721.1_1272	99.007	302	3	0	1	302	1	302	0.0	624
2653	lcl|HF680312.1_prot_CCU71720.1_1271	100.000	536	0	0	1	536	1	536	0.0	1103
2654	lcl|HF680312.1_prot_CCU71706.1_1257	98.947	190	2	0	1	190	1	190	4.01e-142	390
2655	lcl|HF680312.1_prot_CCU71705.1_1256	99.248	133	1	0	1	133	1	133	2.90e-94	265
2656	lcl|HF680312.1_prot_CCU71704.1_1255	100.000	306	0	0	1	306	1	306	0.0	640
2657	lcl|HF680312.1_prot_CCU71703.1_1254	99.057	212	2	0	1	212	1	212	4.24e-160	437
2658	lcl|HF680312.1_prot_CCU71702.1_1253	95.946	148	6	0	1	148	1	148	2.85e-105	293
2659	lcl|HF680312.1_prot_CCU71701.1_1252	99.435	354	2	0	1	354	1	354	0.0	718
2660	lcl|HF680312.1_prot_CCU71700.1_1251	99.700	333	1	0	24	356	1	333	0.0	668
2661	lcl|HF680312.1_prot_CCU71699.1_1250	99.387	489	3	0	1	489	1	489	0.0	988
2662	lcl|HF680312.1_prot_CCU71698.1_1249	99.545	220	1	0	1	220	1	220	1.68e-168	459
2663	lcl|HF680312.1_prot_CCU71697.1_1248	96.774	403	13	0	1	403	1	403	0.0	809
2664	lcl|HF680312.1_prot_CCU71696.1_1247	92.726	1966	139	3	728	2691	1306	3269	0.0	3298
2664	lcl|HF680312.1_prot_CCU71696.1_1247	90.514	1381	129	2	488	1868	1	1379	0.0	2294
2664	lcl|HF680312.1_prot_CCU71695.1_1246	96.058	482	19	0	1	482	1	482	0.0	949
2665	lcl|HF680312.1_prot_CCU71694.1_1245	100.000	526	0	0	1	526	1	526	0.0	1083
2666	lcl|HF680312.1_prot_CCU71693.1_1244	99.798	494	1	0	1	494	1	494	0.0	993
2667	lcl|HF680312.1_prot_CCU71692.1_1243	97.595	291	7	0	1	291	1	291	0.0	585
2668	lcl|HF680312.1_prot_CCU71691.1_1242	93.770	626	39	0	1	626	1	626	0.0	1221
2670	lcl|HF680312.1_prot_CCU71689.1_1240	99.782	458	1	0	1	458	1	458	0.0	919
2671	lcl|HF680312.1_prot_CCU71688.1_1239	99.286	280	2	0	1	280	5	284	0.0	578
2672	lcl|HF680312.1_prot_CCU71687.1_1238	93.421	76	5	0	1	76	1	76	7.73e-49	145
2673	lcl|HF680312.1_prot_CCU71686.1_1237	98.370	184	3	0	1	184	1	184	8.63e-138	379
2674	lcl|HF680312.1_prot_CCU71685.1_1236	99.658	292	1	0	1	292	1	292	0.0	604
2675	lcl|HF680312.1_prot_CCU71684.1_1235	99.734	376	1	0	1	376	1	376	0.0	783
2676	lcl|HF680312.1_prot_CCU71683.1_1234	99.782	459	1	0	1	459	1	459	0.0	941
2677	lcl|HF680312.1_prot_CCU71682.1_1233	99.206	378	3	0	1	378	1	378	0.0	776
2686	lcl|HF680312.1_prot_CCU71681.1_1232	99.013	304	3	0	1	304	1	304	0.0	620
2687	lcl|HF680312.1_prot_CCU71680.1_1231	98.824	85	1	0	1	85	1	85	2.02e-60	175
2688	lcl|HF680312.1_prot_CCU71677.1_1228	100.000	225	0	0	1	225	1	225	2.38e-171	467
2689	lcl|HF680312.1_prot_CCU71676.1_1227	99.153	118	1	0	1	118	1	118	3.57e-86	243
2690	lcl|HF680312.1_prot_CCU71675.1_1226	98.958	480	5	0	1	480	1	480	0.0	991
2691	lcl|HF680312.1_prot_CCU71674.1_1225	100.000	323	0	0	1	323	1	323	0.0	669
2692	lcl|HF680312.1_prot_CCU71673.1_1224	99.777	897	2	0	1	897	1	897	0.0	1799
2693	lcl|HF680312.1_prot_CCU71672.1_1223	96.172	653	25	0	1	653	1	653	0.0	1135
2694	lcl|HF680312.1_prot_CCU71671.1_1222	100.000	81	0	0	1	81	1	81	3.32e-56	164
2695	lcl|HF680312.1_prot_CCU71670.1_1221	98.783	411	3	1	1	409	1	411	0.0	808
2696	lcl|HF680312.1_prot_CCU71669.1_1220	99.768	431	1	0	1	431	1	431	0.0	886
2697	lcl|HF680312.1_prot_CCU71667.1_1218	99.364	472	3	0	1	472	1	472	0.0	962
2698	lcl|HF680312.1_prot_CCU71666.1_1217	100.000	143	0	0	1	143	1	143	1.19e-105	294
2699	lcl|HF680312.1_prot_CCU71665.1_1216	99.405	168	1	0	1	168	1	168	1.97e-124	343
2700	lcl|HF680312.1_prot_CCU71663.1_1214	100.000	117	0	0	1	117	1	117	6.05e-83	234
2701	lcl|HF680312.1_prot_CCU71662.1_1213	99.542	437	2	0	1	437	1	437	0.0	904
2702	lcl|HF680312.1_prot_CCU71661.1_1212	99.387	163	1	0	1	163	1	163	3.01e-123	340
2703	lcl|HF680312.1_prot_CCU71660.1_1211	99.632	272	1	0	1	272	1	272	0.0	536
2704	lcl|HF680312.1_prot_CCU71659.1_1210	99.858	703	1	0	1	703	1	703	0.0	1425
2705	lcl|HF680312.1_prot_CCU71658.1_1209	98.507	67	1	0	1	67	1	67	1.56e-43	131
2706	lcl|HF680312.1_prot_CCU71657.1_1208	100.000	60	0	0	1	60	1	60	1.39e-37	116
2707	lcl|HF680312.1_prot_CCU71656.1_1207	98.180	824	15	0	1	824	16	839	0.0	1645
2708	lcl|HF680312.1_prot_CCU71655.1_1206	93.750	32	2	0	21	52	220	251	1.05e-12	56.6
2712	lcl|HF680312.1_prot_CCU71593.1_1144	95.149	268	13	0	1	268	1	268	0.0	537
2712	lcl|HF680312.1_prot_CCU71934.1_1485	96.078	255	10	0	1	255	1	255	0.0	514
2712	lcl|HF680312.1_prot_CCU71654.1_1205	96.943	229	7	0	1	229	1	229	8.70e-168	460
2712	lcl|HF680312.1_prot_TOL_1866_1833	94.839	155	8	0	1	155	1	155	6.81e-109	308
2712	lcl|HF680312.1_prot_CCU71223.1_774	90.323	124	12	0	1	124	1	124	3.19e-80	236
2713	lcl|HF680312.1_prot_CCU71653.1_1204	99.160	119	1	0	1	119	1	119	7.23e-84	237
2713	lcl|HF680312.1_prot_CCU72283.1_1834	98.319	119	2	0	1	119	1	119	2.17e-83	236
2713	lcl|HF680312.1_prot_CCU71933.1_1484	96.639	119	4	0	1	119	1	119	8.03e-82	232
2713	lcl|HF680312.1_prot_CCU71592.1_1143	96.639	119	4	0	1	119	1	119	8.03e-82	232
2713	lcl|HF680312.1_prot_CCU71865.1_1416	100.000	62	0	0	1	62	1	62	7.63e-43	132
2713	lcl|HF680312.1_prot_CCU71222.1_773	100.000	66	0	0	54	119	7	72	3.13e-41	128
2713	lcl|HF680312.1_prot_CCU71866.1_1417	95.349	43	2	0	1	43	1	43	2.63e-26	89.7
2714	lcl|HF680312.1_prot_CCU71651.1_1202	100.000	84	0	0	1	84	1	84	8.78e-59	171
2718	lcl|HF680312.1_prot_CCU71643.1_1194	96.644	149	5	0	1	149	1	149	4.48e-103	288
2719	lcl|HF680312.1_prot_CCU71642.1_1193	98.065	1085	20	1	1	1085	1	1084	0.0	2069
2720	lcl|HF680312.1_prot_CCU71641.1_1192	99.602	251	1	0	1	251	1	251	9.32e-175	478
2721	lcl|HF680312.1_prot_CCU71640.1_1191	100.000	79	0	0	1	79	1	79	7.02e-58	168
2722	lcl|HF680312.1_prot_CCU71639.1_1190	100.000	216	0	0	1	216	1	216	1.04e-160	439
2723	lcl|HF680312.1_prot_CCU71638.1_1189	99.476	382	2	0	1	382	1	382	0.0	785
2724	lcl|HF680312.1_prot_CCU71637.1_1188	99.138	232	2	0	1	232	1	232	3.26e-176	480
2725	lcl|HF680312.1_prot_CCU71636.1_1187	100.000	364	0	0	1	364	1	364	0.0	749
2726	lcl|HF680312.1_prot_CCU71635.1_1186	99.612	1031	4	0	1	1031	1	1031	0.0	2087
2727	lcl|HF680312.1_prot_CCU71634.1_1185	100.000	92	0	0	1	92	1	92	7.81e-63	182
2728	lcl|HF680312.1_prot_CCU71633.1_1184	98.718	78	1	0	1	78	1	78	2.73e-54	159
2729	lcl|HF680312.1_prot_CCU71632.1_1183	98.185	1047	18	1	1	1047	1	1046	0.0	2158
2733	lcl|HF680312.1_prot_CCU71628.1_1179	97.281	331	9	0	1	331	1	331	0.0	667
2734	lcl|HF680312.1_prot_CCU71627.1_1178	97.304	408	11	0	1	408	1	408	0.0	786
2735	lcl|HF680312.1_prot_CCU71626.1_1177	99.860	713	1	0	1	713	1	713	0.0	1480
2736	lcl|HF680312.1_prot_CCU71625.1_1176	100.000	64	0	0	1	64	1	64	5.33e-44	132
2737	lcl|HF680312.1_prot_CCU71624.1_1175	100.000	342	0	0	1	342	8	349	0.0	695
2738	lcl|HF680312.1_prot_CCU71623.1_1174	98.649	74	1	0	1	74	1	74	1.24e-49	147
2739	lcl|HF680312.1_prot_CCU71622.1_1173	98.892	361	4	0	17	377	1	361	0.0	738
2740	lcl|HF680312.1_prot_CCU71621.1_1172	99.690	1611	5	0	1	1611	1	1611	0.0	3338
2741	lcl|HF680312.1_prot_CCU71619.1_1170	100.000	319	0	0	1	319	1	319	0.0	649
2742	lcl|HF680312.1_prot_CCU71618.1_1169	98.397	312	5	0	1	312	1	312	0.0	626
2743	lcl|HF680312.1_prot_CCU71617.1_1168	99.425	174	1	0	1	174	1	174	1.33e-127	352
2744	lcl|HF680312.1_prot_CCU71616.1_1167	99.703	337	1	0	1	337	1	337	0.0	677
2745	lcl|HF680312.1_prot_CCU71615.1_1166	96.329	681	25	0	1	681	1	681	0.0	1323
2746	lcl|HF680312.1_prot_CCU71614.1_1165	100.000	561	0	0	1	561	1	561	0.0	1152
2748	lcl|HF680312.1_prot_CCU71613.1_1164	98.684	76	1	0	1	76	1	76	4.05e-51	151
2749	lcl|HF680312.1_prot_CCU71612.1_1163	98.476	328	5	0	1	328	1	328	0.0	643
2752	lcl|HF680312.1_prot_CCU71611.1_1162	100.000	163	0	0	1	163	1	163	1.00e-124	344
2753	lcl|HF680312.1_prot_CCU71610.1_1161	100.000	135	0	0	1	135	1	135	4.16e-102	285
2754	lcl|HF680312.1_prot_CCU71609.1_1160	98.261	230	4	0	1	230	1	230	2.26e-171	468
2755	lcl|HF680312.1_prot_CCU71607.1_1158	98.584	706	5	1	1	706	1	701	0.0	1420
2756	lcl|HF680312.1_prot_CCU71606.1_1157	99.746	394	1	0	1	394	28	421	0.0	799
2757	lcl|HF680312.1_prot_CCU71605.1_1156	98.372	1167	19	0	1	1167	1	1167	0.0	2321
2758	lcl|HF680312.1_prot_CCU71604.1_1155	100.000	219	0	0	1	219	1	219	1.15e-164	449
2759	lcl|HF680312.1_prot_CCU71603.1_1154	99.739	383	1	0	1	383	1	383	0.0	790
2760	lcl|HF680312.1_prot_CCU71602.1_1153	97.125	313	2	1	1	313	1	306	0.0	629
2761	lcl|HF680312.1_prot_CCU71601.1_1152	99.291	423	3	0	1	423	1	423	0.0	883
2762	lcl|HF680312.1_prot_CCU71600.1_1151	99.585	241	1	0	1	241	1	241	2.64e-180	491
2763	lcl|HF680312.1_prot_CCU71599.1_1150	99.411	509	3	0	1	509	1	509	0.0	1001
2764	lcl|HF680312.1_prot_CCU71598.1_1149	98.801	417	5	0	1	417	1	417	0.0	852
2766	lcl|HF680312.1_prot_CCU71597.1_1148	99.438	356	2	0	1	356	1	356	0.0	729
2767	lcl|HF680312.1_prot_CCU71596.1_1147	100.000	184	0	0	1	184	1	184	9.34e-137	376
2768	lcl|HF680312.1_prot_CCU71595.1_1146	100.000	94	0	0	1	94	1	94	2.16e-67	194
2769	lcl|HF680312.1_prot_CCU71594.1_1145	98.235	170	3	0	1	170	1	170	4.05e-125	345
2772	lcl|HF680312.1_prot_CCU73520.1_3071	98.947	285	3	0	1	285	1	285	0.0	591
2773	lcl|HF680312.1_prot_CCU73519.1_3070	98.750	80	1	0	1	80	1	80	6.89e-53	156
2777	lcl|HF680312.1_prot_CCU71593.1_1144	92.308	65	5	0	6	70	204	268	7.72e-42	133
2777	lcl|HF680312.1_prot_CCU71934.1_1485	90.385	52	5	0	6	57	204	255	2.27e-31	106
2778	lcl|HF680312.1_prot_CCU71933.1_1484	100.000	119	0	0	1	119	1	119	8.79e-85	239
2778	lcl|HF680312.1_prot_CCU71592.1_1143	100.000	119	0	0	1	119	1	119	8.79e-85	239
2778	lcl|HF680312.1_prot_CCU71653.1_1204	97.479	119	3	0	1	119	1	119	2.10e-82	233
2778	lcl|HF680312.1_prot_CCU72283.1_1834	96.639	119	4	0	1	119	1	119	7.35e-82	232
2778	lcl|HF680312.1_prot_CCU71865.1_1416	96.774	62	2	0	1	62	1	62	6.33e-42	129
2778	lcl|HF680312.1_prot_CCU71222.1_773	96.970	66	2	0	54	119	7	72	4.11e-39	122
2778	lcl|HF680312.1_prot_CCU71866.1_1417	95.349	43	2	0	1	43	1	43	1.16e-26	90.5
2779	lcl|HF680312.1_prot_CCU71653.1_1204	99.115	113	1	0	1	113	1	113	7.18e-80	227
2779	lcl|HF680312.1_prot_CCU72283.1_1834	98.230	113	2	0	1	113	1	113	2.25e-79	226
2779	lcl|HF680312.1_prot_CCU71933.1_1484	98.230	113	2	0	1	113	1	113	3.42e-78	223
2779	lcl|HF680312.1_prot_CCU71592.1_1143	98.230	113	2	0	1	113	1	113	3.42e-78	223
2779	lcl|HF680312.1_prot_CCU71865.1_1416	96.774	62	2	0	1	62	1	62	7.78e-42	129
2779	lcl|HF680312.1_prot_CCU71222.1_773	100.000	60	0	0	54	113	7	66	5.00e-37	117
2779	lcl|HF680312.1_prot_CCU71866.1_1417	95.349	43	2	0	1	43	1	43	1.05e-26	90.5
2781	lcl|HF680312.1_prot_CCU71928.1_1479	100.000	173	0	0	1	173	1	173	1.66e-130	359
2783	lcl|HF680312.1_prot_CCU71924.1_1475	97.143	35	1	0	1	35	1	35	1.51e-19	75.1
2784	lcl|HF680312.1_prot_CCU71587.1_1138	98.024	253	5	0	1	253	29	281	1.32e-176	484
2785	lcl|HF680312.1_prot_CCU71586.1_1137	100.000	391	0	0	1	391	1	391	0.0	810
2786	lcl|HF680312.1_prot_CCU71585.1_1136	99.860	715	1	0	1	715	1	715	0.0	1452
2788	lcl|HF680312.1_prot_CCU71583.1_1134	99.367	158	1	0	1	158	1	158	2.08e-117	325
2789	lcl|HF680312.1_prot_CCU71582.1_1133	100.000	637	0	0	18	654	1	637	0.0	1300
2790	lcl|HF680312.1_prot_CCU71581.1_1132	99.722	360	1	0	1	360	1	360	0.0	721
2791	lcl|HF680312.1_prot_CCU71580.1_1131	99.903	1034	1	0	1	1034	1	1034	0.0	2066
2792	lcl|HF680312.1_prot_CCU71579.1_1130	99.714	350	1	0	1	350	1	350	0.0	721
2793	lcl|HF680312.1_prot_CCU71578.1_1129	99.649	285	1	0	1	285	1	285	0.0	566
2794	lcl|HF680312.1_prot_CCU71577.1_1128	99.758	827	2	0	1	827	1	827	0.0	1691
2795	lcl|HF680312.1_prot_CCU71576.1_1127	99.259	405	3	0	1	405	1	405	0.0	812
2796	lcl|HF680312.1_prot_CCU71575.1_1126	99.565	460	2	0	1	460	1	460	0.0	947
2797	lcl|HF680312.1_prot_CCU71574.1_1125	99.543	875	4	0	1	875	1	875	0.0	1821
2798	lcl|HF680312.1_prot_CCU71573.1_1124	99.634	273	1	0	1	273	1	273	0.0	575
2799	lcl|HF680312.1_prot_CCU71572.1_1123	100.000	81	0	0	1	81	1	81	3.26e-58	169
2800	lcl|HF680312.1_prot_CCU71571.1_1122	100.000	280	0	0	1	280	1	280	0.0	559
2801	lcl|HF680312.1_prot_CCU71570.1_1121	99.686	318	1	0	1	318	1	318	0.0	668
2802	lcl|HF680312.1_prot_CCU71569.1_1120	100.000	294	0	0	1	294	1	294	0.0	598
2803	lcl|HF680312.1_prot_CCU71568.1_1119	96.540	289	10	0	1	289	1	289	0.0	576
2804	lcl|HF680312.1_prot_CCU71567.1_1118	99.670	303	1	0	1	303	1	303	0.0	617
2805	lcl|HF680312.1_prot_CCU71566.1_1117	99.618	262	1	0	1	262	1	262	0.0	529
2806	lcl|HF680312.1_prot_CCU71564.1_1115	99.776	893	2	0	1	893	1	893	0.0	1852
2807	lcl|HF680312.1_prot_CCU71562.1_1113	100.000	95	0	0	1	95	1	95	2.53e-65	188
2808	lcl|HF680312.1_prot_CCU71561.1_1112	99.583	240	1	0	1	240	1	240	0.0	496
2809	lcl|HF680312.1_prot_CCU71560.1_1111	98.795	83	1	0	1	83	1	83	3.15e-58	169
2810	lcl|HF680312.1_prot_CCU71559.1_1110	99.725	363	1	0	1	363	1	363	0.0	733
2811	lcl|HF680312.1_prot_CCU71558.1_1109	100.000	103	0	0	11	113	1	103	6.39e-74	211
2812	lcl|HF680312.1_prot_CCU71557.1_1108	100.000	338	0	0	1	338	1	338	0.0	700
2813	lcl|HF680312.1_prot_CCU71556.1_1107	98.973	292	3	0	1	292	1	292	0.0	610
2814	lcl|HF680312.1_prot_CCU71555.1_1106	99.265	136	1	0	1	136	1	136	6.21e-99	276
2815	lcl|HF680312.1_prot_CCU71554.1_1105	100.000	226	0	0	1	226	1	226	3.68e-167	456
2816	lcl|HF680312.1_prot_CCU71553.1_1104	100.000	348	0	0	1	348	1	348	0.0	724
2817	lcl|HF680312.1_prot_CCU71552.1_1103	99.459	185	1	0	1	185	1	185	2.04e-140	385
2818	lcl|HF680312.1_prot_CCU71551.1_1102	100.000	114	0	0	82	195	1	114	2.63e-78	226
2819	lcl|HF680312.1_prot_CCU71550.1_1101	100.000	693	0	0	1	693	1	693	0.0	1404
2820	lcl|HF680312.1_prot_CCU71549.1_1100	98.802	334	4	0	1	334	1	334	0.0	689
2821	lcl|HF680312.1_prot_CCU71548.1_1099	98.347	121	2	0	1	121	1	121	1.47e-87	247
2823	lcl|HF680312.1_prot_CCU71547.1_1098	99.275	276	2	0	1	276	1	276	0.0	563
2824	lcl|HF680312.1_prot_CCU71546.1_1097	99.707	341	1	0	1	341	23	363	0.0	695
2825	lcl|HF680312.1_prot_CCU71545.1_1096	98.858	438	5	0	1	438	1	438	0.0	872
2826	lcl|HF680312.1_prot_CCU71544.1_1095	99.777	449	1	0	1	449	1	449	0.0	931
2827	lcl|HF680312.1_prot_CCU71543.1_1094	99.485	776	4	0	1	776	1	776	0.0	1568
2828	lcl|HF680312.1_prot_CCU71542.1_1093	100.000	210	0	0	1	210	1	210	6.35e-147	404
2829	lcl|HF680312.1_prot_CCU71541.1_1092	99.607	763	3	0	1	763	1	763	0.0	1588
2830	lcl|HF680312.1_prot_CCU71540.1_1091	100.000	89	0	0	1	89	1	89	1.05e-61	179
2831	lcl|HF680312.1_prot_CCU71539.1_1090	99.662	591	2	0	1	591	1	591	0.0	1188
2832	lcl|HF680312.1_prot_CCU71538.1_1089	99.658	292	1	0	1	292	1	292	0.0	598
2833	lcl|HF680312.1_prot_CCU71537.1_1088	99.390	164	1	0	1	164	1	164	6.07e-117	324
2834	lcl|HF680312.1_prot_CCU71536.1_1087	100.000	140	0	0	1	140	1	140	5.10e-105	292
2835	lcl|HF680312.1_prot_CCU71535.1_1086	100.000	287	0	0	1	287	1	287	0.0	584
2836	lcl|HF680312.1_prot_CCU71534.1_1085	99.747	790	2	0	1	790	1	790	0.0	1612
2837	lcl|HF680312.1_prot_CCU71533.1_1084	99.130	230	2	0	1	230	1	230	2.81e-173	472
2838	lcl|HF680312.1_prot_CCU71532.1_1083	100.000	207	0	0	1	207	1	207	2.55e-156	427
2839	lcl|HF680312.1_prot_CCU71531.1_1082	100.000	599	0	0	1	599	1	599	0.0	1221
2840	lcl|HF680312.1_prot_CCU71530.1_1081	98.753	481	6	0	46	526	1	481	0.0	923
2841	lcl|HF680312.1_prot_CCU71529.1_1080	99.153	118	1	0	1	118	1	118	4.91e-86	243
2842	lcl|HF680312.1_prot_CCU71528.1_1079	99.216	1148	9	0	1	1148	1	1148	0.0	2337
2843	lcl|HF680312.1_prot_CCU71527.1_1078	99.127	229	2	0	1	229	1	229	2.80e-168	459
2844	lcl|HF680312.1_prot_CCU71526.1_1077	100.000	649	0	0	1	649	1	649	0.0	1341
2845	lcl|HF680312.1_prot_CCU71524.1_1075	99.731	372	1	0	1	372	1	372	0.0	756
2846	lcl|HF680312.1_prot_CCU71522.1_1073	99.029	927	9	0	424	1350	1	927	0.0	1804
2846	lcl|HF680312.1_prot_CCU71523.1_1074	99.279	416	3	0	1	416	15	430	0.0	822
2846	lcl|HF680312.1_prot_CCU71521.1_1072	95.172	145	7	0	1393	1537	1	145	2.29e-91	288
2847	lcl|HF680312.1_prot_CCU71520.1_1071	99.699	332	1	0	1	332	1	332	0.0	625
2848	lcl|HF680312.1_prot_CCU71519.1_1070	100.000	152	0	0	1	152	1	152	2.20e-110	307
2849	lcl|HF680312.1_prot_CCU71518.1_1069	97.838	370	8	0	1	370	1	370	0.0	688
2850	lcl|HF680312.1_prot_CCU71517.1_1068	99.312	1454	10	0	1	1454	1	1454	0.0	2942
2850	lcl|HF680312.1_prot_CCU71516.1_1067	99.569	464	2	0	1486	1949	1	464	0.0	973
2851	lcl|HF680312.1_prot_CCU71515.1_1066	100.000	340	0	0	1	340	1	340	0.0	709
2852	lcl|HF680312.1_prot_CCU71514.1_1065	99.757	411	1	0	1	411	1	411	0.0	812
2853	lcl|HF680312.1_prot_CCU71513.1_1064	99.387	163	1	0	1	163	1	163	1.49e-119	331
2854	lcl|HF680312.1_prot_CCU71512.1_1063	100.000	173	0	0	1	173	1	173	1.44e-129	357
2855	lcl|HF680312.1_prot_CCU71511.1_1062	99.548	664	3	0	1	664	1	664	0.0	1315
2856	lcl|HF680312.1_prot_CCU71510.1_1061	100.000	151	0	0	1	151	1	151	7.88e-110	305
2857	lcl|HF680312.1_prot_CCU71509.1_1060	100.000	62	0	0	1	62	1	62	1.24e-42	129
2858	lcl|HF680312.1_prot_CCU71508.1_1059	99.600	250	1	0	1	250	1	250	0.0	499
2859	lcl|HF680312.1_prot_CCU71507.1_1058	99.550	222	1	0	1	222	1	222	9.75e-153	420
2860	lcl|HF680312.1_prot_CCU71506.1_1057	99.535	215	1	0	1	215	1	215	2.18e-158	433
2861	lcl|HF680312.1_prot_CCU71505.1_1056	96.682	633	8	1	1	620	1	633	0.0	1218
2862	lcl|HF680312.1_prot_CCU71504.1_1055	98.936	94	1	0	1	94	1	94	7.26e-66	190
2863	lcl|HF680312.1_prot_CCU71502.1_1053	95.652	322	10	1	1	322	1	318	0.0	639
2864	lcl|HF680312.1_prot_CCU71501.1_1052	99.099	333	3	0	1	333	1	333	0.0	680
2865	lcl|HF680312.1_prot_CCU71500.1_1051	99.545	220	1	0	1	220	1	220	6.30e-166	453
2866	lcl|HF680312.1_prot_CCU71499.1_1050	100.000	458	0	0	1	458	1	458	0.0	951
2867	lcl|HF680312.1_prot_CCU71498.1_1049	100.000	175	0	0	1	175	1	175	1.46e-130	360
2868	lcl|HF680312.1_prot_CCU71497.1_1048	100.000	194	0	0	1	194	1	194	8.28e-147	402
2869	lcl|HF680312.1_prot_CCU71496.1_1047	100.000	251	0	0	1	251	1	251	0.0	516
2870	lcl|HF680312.1_prot_CCU71495.1_1046	100.000	159	0	0	1	159	1	159	1.00e-119	331
2871	lcl|HF680312.1_prot_CCU71494.1_1045	100.000	108	0	0	1	108	1	108	5.07e-77	219
2872	lcl|HF680312.1_prot_CCU71493.1_1044	99.359	312	2	0	3	314	1	312	0.0	630
2873	lcl|HF680312.1_prot_CCU71492.1_1043	99.213	254	2	0	1	254	1	254	0.0	521
2874	lcl|HF680312.1_prot_CCU71491.1_1042	99.259	135	1	0	1	135	1	135	3.70e-101	282
2875	lcl|HF680312.1_prot_CCU71490.1_1041	99.237	393	3	0	1	393	1	393	0.0	806
2876	lcl|HF680312.1_prot_CCU71489.1_1040	99.292	706	5	0	1	706	1	706	0.0	1413
2877	lcl|HF680312.1_prot_CCU71488.1_1039	99.322	295	2	0	1	295	1	295	0.0	606
2878	lcl|HF680312.1_prot_CCU71486.1_1037	97.899	238	5	0	1	238	1	238	1.25e-171	476
2878	lcl|HF680312.1_prot_CCU71487.1_1038	97.857	140	3	0	278	417	1	140	1.85e-98	287
2879	lcl|HF680312.1_prot_CCU71485.1_1036	100.000	314	0	0	1	314	1	314	0.0	643
2880	lcl|HF680312.1_prot_CCU71484.1_1035	99.471	189	1	0	1	189	18	206	5.17e-143	393
2881	lcl|HF680312.1_prot_CCU71483.1_1034	99.673	306	1	0	1	306	1	306	0.0	626
2882	lcl|HF680312.1_prot_CCU71482.1_1033	100.000	271	0	0	17	287	1	271	0.0	544
2883	lcl|HF680312.1_prot_CCU71481.1_1032	98.611	288	4	0	1	288	1	288	0.0	573
2884	lcl|HF680312.1_prot_CCU71479.1_1030	99.621	264	1	0	1	264	16	279	0.0	535
2885	lcl|HF680312.1_prot_CCU71478.1_1029	99.728	368	1	0	1	368	1	368	0.0	745
2886	lcl|HF680312.1_prot_CCU71477.1_1028	100.000	317	0	0	1	317	64	380	0.0	647
2887	lcl|HF680312.1_prot_CCU71476.1_1027	99.248	133	1	0	1	133	1	133	3.20e-95	267
2888	lcl|HF680312.1_prot_CCU71475.1_1026	98.540	685	10	0	1	685	1	685	0.0	1380
2889	lcl|HF680312.1_prot_CCU71474.1_1025	99.448	181	1	0	1	181	1	181	1.93e-135	372
2890	lcl|HF680312.1_prot_CCU71473.1_1024	99.801	503	1	0	1	503	1	503	0.0	1036
2891	lcl|HF680312.1_prot_CCU71472.1_1023	97.674	86	2	0	1	86	1	86	2.70e-58	170
2892	lcl|HF680312.1_prot_CCU71471.1_1022	100.000	953	0	0	1	953	1	953	0.0	1966
2893	lcl|HF680312.1_prot_CCU71470.1_1021	100.000	343	0	0	1	343	1	343	0.0	701
2894	lcl|HF680312.1_prot_CCU71469.1_1020	99.174	484	4	0	1	484	1	484	0.0	1014
2895	lcl|HF680312.1_prot_CCU71468.1_1019	100.000	256	0	0	1	256	1	256	0.0	535
2896	lcl|HF680312.1_prot_CCU71467.1_1018	100.000	104	0	0	1	104	1	104	5.08e-77	219
2897	lcl|HF680312.1_prot_CCU71466.1_1017	99.685	635	2	0	1	635	1	635	0.0	1271
2898	lcl|HF680312.1_prot_CCU71465.1_1016	100.000	169	0	0	1	169	1	169	2.94e-121	336
2899	lcl|HF680312.1_prot_CCU71464.1_1015	99.847	654	1	0	1	654	1	654	0.0	1342
2900	lcl|HF680312.1_prot_CCU71463.1_1014	98.724	392	5	0	1	392	1	392	0.0	796
2901	lcl|HF680312.1_prot_CCU71462.1_1013	100.000	336	0	0	1	336	1	336	0.0	675
2902	lcl|HF680312.1_prot_CCU71461.1_1012	100.000	1043	0	0	1	1043	1	1043	0.0	2108
2903	lcl|HF680312.1_prot_CCU71460.1_1011	95.270	148	7	0	1	148	1	148	7.96e-107	298
2904	lcl|HF680312.1_prot_CCU71459.1_1010	99.824	568	1	0	1	568	1	568	0.0	1143
2905	lcl|HF680312.1_prot_CCU71458.1_1009	99.301	286	2	0	1	286	1	286	0.0	575
2906	lcl|HF680312.1_prot_CCU71457.1_1008	100.000	140	0	0	1	140	1	140	3.25e-105	293
2907	lcl|HF680312.1_prot_CCU71456.1_1007	98.298	235	4	0	1	235	1	235	4.89e-178	485
2908	lcl|HF680312.1_prot_CCU71455.1_1006	98.065	155	3	0	1	155	1	155	3.99e-105	301
2909	lcl|HF680312.1_prot_CCU71455.1_1006	99.495	198	1	0	14	211	152	349	6.33e-149	414
2910	lcl|HF680312.1_prot_CCU71454.1_1005	98.895	181	2	0	1	181	1	181	4.23e-133	367
2911	lcl|HF680312.1_prot_CCU71453.1_1004	98.684	228	3	0	1	228	1	228	1.27e-163	447
2912	lcl|HF680312.1_prot_CCU71452.1_1003	99.162	358	3	0	1	358	1	358	0.0	736
2913	lcl|HF680312.1_prot_CCU71451.1_1002	99.115	452	4	0	1	452	1	452	0.0	924
2914	lcl|HF680312.1_prot_CCU71450.1_1001	100.000	200	0	0	1	200	1	200	1.89e-145	399
2915	lcl|HF680312.1_prot_CCU71449.1_1000	98.502	267	4	0	1	267	1	267	0.0	540
2916	lcl|HF680312.1_prot_CCU71448.1_999	100.000	212	0	0	18	229	1	212	6.33e-163	445
2917	lcl|HF680312.1_prot_CCU71447.1_998	99.565	230	1	0	1	230	1	230	1.93e-174	475
2918	lcl|HF680312.1_prot_CCU71446.1_997	98.624	218	3	0	1	218	1	218	7.47e-163	445
2919	lcl|HF680312.1_prot_CCU71445.1_996	100.000	643	0	0	1	643	1	643	0.0	1332
2920	lcl|HF680312.1_prot_CCU71444.1_995	99.367	158	1	0	1	158	1	158	2.26e-116	322
2921	lcl|HF680312.1_prot_CCU71443.1_994	98.734	79	1	0	1	79	1	79	1.86e-52	155
2922	lcl|HF680312.1_prot_CCU71442.1_993	99.608	765	3	0	1	765	1	765	0.0	1551
2923	lcl|HF680312.1_prot_CCU71441.1_992	98.030	203	4	0	1	203	1	203	1.26e-151	415
2924	lcl|HF680312.1_prot_CCU71440.1_991	100.000	322	0	0	1	322	1	322	0.0	643
2925	lcl|HF680312.1_prot_CCU71439.1_990	100.000	161	0	0	13	173	1	161	1.03e-119	332
2926	lcl|HF680312.1_prot_CCU71437.1_988	100.000	69	0	0	1	69	1	69	1.36e-47	142
2927	lcl|HF680312.1_prot_CCU71436.1_987	100.000	176	0	0	1	176	1	176	5.98e-131	361
2928	lcl|HF680312.1_prot_CCU71435.1_986	99.620	263	1	0	1	263	1	263	0.0	548
2929	lcl|HF680312.1_prot_CCU71434.1_985	99.660	294	1	0	1	294	1	294	0.0	595
2930	lcl|HF680312.1_prot_CCU71433.1_984	99.636	275	1	0	1	275	1	275	0.0	568
2931	lcl|HF680312.1_prot_CCU71432.1_983	99.685	317	1	0	1	317	1	317	0.0	644
2932	lcl|HF680312.1_prot_CCU71431.1_982	99.803	508	1	0	1	508	1	508	0.0	1025
2933	lcl|HF680312.1_prot_CCU71430.1_981	100.000	256	0	0	1	256	1	256	0.0	532
2934	lcl|HF680312.1_prot_CCU71429.1_980	100.000	156	0	0	1	156	1	156	8.00e-115	318
2935	lcl|HF680312.1_prot_CCU71428.1_979	100.000	154	0	0	1	154	1	154	1.98e-112	312
2936	lcl|HF680312.1_prot_CCU71427.1_978	100.000	156	0	0	1	156	1	156	2.32e-119	330
2937	lcl|HF680312.1_prot_CCU71426.1_977	100.000	468	0	0	1	468	1	468	0.0	972
2938	lcl|HF680312.1_prot_CCU71425.1_976	99.107	112	1	0	1	112	1	112	7.88e-80	226
2939	lcl|HF680312.1_prot_CCU71424.1_975	99.401	167	1	0	1	167	1	167	1.80e-121	336
2940	lcl|HF680312.1_prot_CCU71423.1_974	100.000	374	0	0	1	374	1	374	0.0	773
2941	lcl|HF680312.1_prot_CCU71422.1_973	98.246	228	0	1	1	228	1	224	2.54e-165	452
2942	lcl|HF680312.1_prot_CCU71421.1_972	100.000	83	0	0	1	83	1	83	4.02e-58	169
2943	lcl|HF680312.1_prot_CCU71420.1_971	97.500	200	5	0	1	200	1	200	7.16e-148	405
2944	lcl|HF680312.1_prot_CCU71419.1_970	98.228	508	9	0	1	508	1	508	0.0	1036
2945	lcl|HF680312.1_prot_CCU71418.1_969	99.712	347	1	0	1	347	1	347	0.0	715
2949	lcl|HF680312.1_prot_CCU71416.1_967	96.657	359	5	1	16	374	294	645	0.0	706
2951	lcl|HF680312.1_prot_CCU71415.1_966	98.841	345	4	0	1	345	1	345	0.0	712
2952	lcl|HF680312.1_prot_CCU71414.1_965	98.378	1110	18	0	1	1110	1	1110	0.0	2266
2953	lcl|HF680312.1_prot_CCU71413.1_964	98.394	249	4	0	1	249	1	249	0.0	511
2954	lcl|HF680312.1_prot_CCU71412.1_963	98.561	139	2	0	1	139	1	139	1.64e-102	286
2955	lcl|HF680312.1_prot_CCU71411.1_962	98.889	270	3	0	1	270	1	270	0.0	553
2956	lcl|HF680312.1_prot_CCU71410.1_961	100.000	463	0	0	1	463	1	463	0.0	923
2957	lcl|HF680312.1_prot_CCU71409.1_960	100.000	268	0	0	1	268	1	268	0.0	531
2958	lcl|HF680312.1_prot_CCU71408.1_959	99.534	429	2	0	1	429	1	429	0.0	875
2959	lcl|HF680312.1_prot_CCU71407.1_958	99.433	705	4	0	1	705	1	705	0.0	1466
2960	lcl|HF680312.1_prot_CCU71406.1_957	99.320	294	2	0	1	294	1	294	0.0	595
2961	lcl|HF680312.1_prot_CCU71405.1_956	100.000	100	0	0	2	101	1	100	1.64e-70	202
2962	lcl|HF680312.1_prot_CCU71404.1_955	100.000	106	0	0	1	106	1	106	5.08e-75	214
2963	lcl|HF680312.1_prot_CCU71403.1_954	100.000	574	0	0	1	574	1	574	0.0	1189
2964	lcl|HF680312.1_prot_CCU71402.1_953	98.193	166	0	1	1	163	1	166	7.28e-118	327
2965	lcl|HF680312.1_prot_CCU71401.1_952	99.180	244	2	0	1	244	4	247	6.05e-178	485
2966	lcl|HF680312.1_prot_CCU71400.1_951	100.000	213	0	0	1	213	1	213	3.89e-158	432
2967	lcl|HF680312.1_prot_CCU71399.1_950	96.277	188	7	0	1	188	1	188	2.47e-123	342
2968	lcl|HF680312.1_prot_CCU71398.1_949	100.000	188	0	0	1	188	1	188	2.28e-140	385
2969	lcl|HF680312.1_prot_CCU71397.1_948	98.408	377	6	0	1	377	1	377	0.0	759
2970	lcl|HF680312.1_prot_CCU71396.1_947	98.524	271	4	0	1	271	1	271	0.0	548
2971	lcl|HF680312.1_prot_CCU71395.1_946	99.091	220	2	0	1	220	12	231	4.63e-162	444
2972	lcl|HF680312.1_prot_CCU71394.1_945	100.000	326	0	0	1	326	1	326	0.0	674
2973	lcl|HF680312.1_prot_CCU71393.1_944	98.993	596	6	0	1	596	1	596	0.0	1234
2974	lcl|HF680312.1_prot_CCU71392.1_943	98.456	259	4	0	1	259	1	259	0.0	529
2975	lcl|HF680312.1_prot_CCU71391.1_942	99.198	499	4	0	1	499	1	499	0.0	1021
2976	lcl|HF680312.1_prot_CCU71390.1_941	100.000	397	0	0	1	397	1	397	0.0	799
2977	lcl|HF680312.1_prot_CCU71389.1_940	100.000	220	0	0	1	220	1	220	4.45e-158	433
2978	lcl|HF680312.1_prot_CCU71388.1_939	100.000	426	0	0	1	426	1	426	0.0	878
2979	lcl|HF680312.1_prot_CCU71387.1_938	99.731	372	1	0	1	372	1	372	0.0	749
2980	lcl|HF680312.1_prot_CCU71386.1_937	100.000	243	0	0	1	243	23	265	0.0	503
2981	lcl|HF680312.1_prot_CCU71385.1_936	99.738	382	1	0	1	382	1	382	0.0	793
2982	lcl|HF680312.1_prot_CCU71384.1_935	99.291	141	1	0	1	141	1	141	1.29e-100	281
2983	lcl|HF680312.1_prot_CCU71383.1_934	100.000	387	0	0	1	387	1	387	0.0	790
2984	lcl|HF680312.1_prot_CCU71382.1_933	100.000	160	0	0	1	160	1	160	5.46e-117	324
2985	lcl|HF680312.1_prot_CCU71381.1_932	99.642	279	1	0	1	279	1	279	0.0	569
2986	lcl|HF680312.1_prot_CCU71380.1_931	100.000	265	0	0	1	265	1	265	0.0	547
2987	lcl|HF680312.1_prot_CCU71379.1_930	100.000	257	0	0	1	257	1	257	0.0	525
2988	lcl|HF680312.1_prot_CCU71378.1_929	100.000	31	0	0	1	31	1	31	1.09e-17	63.9
2989	lcl|HF680312.1_prot_CCU71377.1_928	100.000	163	0	0	1	163	1	163	2.32e-115	320
2990	lcl|HF680312.1_prot_CCU71376.1_927	100.000	81	0	0	1	81	1	81	3.83e-56	164
2991	lcl|HF680312.1_prot_CCU71375.1_926	100.000	817	0	0	1	817	1	817	0.0	1689
2992	lcl|HF680312.1_prot_CCU71374.1_925	99.614	259	1	0	1	259	1	259	0.0	518
2993	lcl|HF680312.1_prot_CCU71373.1_924	99.245	265	2	0	1	265	1	265	0.0	513
2994	lcl|HF680312.1_prot_CCU71372.1_923	99.565	230	1	0	1	230	1	230	4.18e-171	467
2995	lcl|HF680312.1_prot_CCU71371.1_922	100.000	400	0	0	1	400	1	400	0.0	666
2996	lcl|HF680312.1_prot_CCU71369.1_920	99.078	217	2	0	1	217	1	217	4.64e-158	433
2997	lcl|HF680312.1_prot_CCU71367.1_918	99.658	877	3	0	1	877	1	877	0.0	1786
2998	lcl|HF680312.1_prot_CCU71366.1_917	98.897	272	3	0	1	272	1	272	0.0	549
2999	lcl|HF680312.1_prot_CCU71365.1_916	100.000	750	0	0	1	750	1	750	0.0	1533
3000	lcl|HF680312.1_prot_CCU71364.1_915	99.553	447	2	0	1	447	1	447	0.0	920
3001	lcl|HF680312.1_prot_CCU71363.1_914	99.355	310	2	0	1	310	1	310	0.0	634
3002	lcl|HF680312.1_prot_CCU71362.1_913	99.682	943	3	0	1	943	1	943	0.0	1932
3003	lcl|HF680312.1_prot_CCU71361.1_912	97.761	134	3	0	1	134	1	134	2.20e-93	263
3004	lcl|HF680312.1_prot_CCU71360.1_911	99.592	245	1	0	1	245	1	245	5.84e-179	488
3005	lcl|HF680312.1_prot_CCU71359.1_910	99.061	213	2	0	1	213	1	213	9.05e-159	434
3006	lcl|HF680312.1_prot_CCU71358.1_909	100.000	296	0	0	1	296	1	296	0.0	608
3007	lcl|HF680312.1_prot_CCU71357.1_908	99.127	229	2	0	1	229	1	229	1.86e-169	462
3008	lcl|HF680312.1_prot_CCU71356.1_907	100.000	121	0	0	1	121	1	121	3.90e-87	246
3009	lcl|HF680312.1_prot_CCU71355.1_906	99.833	599	1	0	1	599	1	599	0.0	1224
3010	lcl|HF680312.1_prot_CCU71354.1_905	100.000	461	0	0	1	461	1	461	0.0	926
3011	lcl|HF680312.1_prot_CCU71353.1_904	100.000	147	0	0	1	147	1	147	2.13e-104	291
3012	lcl|HF680312.1_prot_CCU71352.1_903	99.690	323	1	0	12	334	1	323	0.0	670
3013	lcl|HF680312.1_prot_CCU71351.1_902	100.000	228	0	0	1	228	1	228	6.80e-168	458
3014	lcl|HF680312.1_prot_CCU71350.1_901	99.531	213	1	0	1	213	1	213	8.29e-159	434
3015	lcl|HF680312.1_prot_CCU71349.1_900	100.000	535	0	0	1	535	1	535	0.0	1101
3016	lcl|HF680312.1_prot_CCU71348.1_899	98.901	91	1	0	50	140	1	91	3.68e-62	182
3017	lcl|HF680312.1_prot_CCU71347.1_898	98.864	88	1	0	1	88	1	88	5.38e-62	179
3018	lcl|HF680312.1_prot_CCU71346.1_897	90.385	312	30	0	1	312	1	312	0.0	598
3019	lcl|HF680312.1_prot_CCU71345.1_896	100.000	281	0	0	1	281	1	281	0.0	571
3020	lcl|HF680312.1_prot_CCU71344.1_895	100.000	374	0	0	1	374	1	374	0.0	778
3021	lcl|HF680312.1_prot_CCU71343.1_894	98.643	221	3	0	1	221	1	221	4.71e-164	448
3022	lcl|HF680312.1_prot_CCU71342.1_893	99.060	319	3	0	1	319	1	319	0.0	660
3023	lcl|HF680312.1_prot_CCU71341.1_892	91.525	59	5	0	77	135	10	68	6.96e-35	112
3024	lcl|HF680312.1_prot_CCU71340.1_891	100.000	160	0	0	1	160	1	160	4.61e-119	329
3025	lcl|HF680312.1_prot_CCU71339.1_890	99.306	432	3	0	1	432	1	432	0.0	867
3026	lcl|HF680312.1_prot_CCU71338.1_889	100.000	214	0	0	1	214	1	214	8.31e-158	432
3027	lcl|HF680312.1_prot_CCU71337.1_888	100.000	136	0	0	1	136	1	136	7.91e-99	276
3028	lcl|HF680312.1_prot_CCU71336.1_887	100.000	173	0	0	1	173	1	173	1.95e-127	352
3029	lcl|HF680312.1_prot_CCU71335.1_886	100.000	458	0	0	1	458	1	458	0.0	924
3030	lcl|HF680312.1_prot_CCU71334.1_885	100.000	262	0	0	1	262	1	262	0.0	528
3033	lcl|HF680312.1_prot_CCU71331.1_882	99.377	321	2	0	2	322	1	321	0.0	654
3034	lcl|HF680312.1_prot_CCU71330.1_881	98.667	1125	15	0	81	1205	83	1207	0.0	2229
3035	lcl|HF680312.1_prot_CCU71328.1_879	99.140	349	3	0	1	349	1	349	0.0	704
3036	lcl|HF680312.1_prot_CCU71327.1_878	99.459	185	1	0	5	189	292	476	3.76e-133	378
3037	lcl|HF680312.1_prot_CCU71327.1_878	99.654	289	1	0	1	289	1	289	0.0	582
3038	lcl|HF680312.1_prot_CCU71326.1_877	98.776	245	3	0	1	245	1	245	0.0	497
3039	lcl|HF680312.1_prot_CCU71325.1_876	100.000	222	0	0	1	222	1	222	1.01e-168	460
3040	lcl|HF680312.1_prot_CCU71324.1_875	99.468	188	1	0	1	188	1	188	6.66e-141	387
3041	lcl|HF680312.1_prot_CCU71323.1_874	100.000	280	0	0	1	280	1	280	0.0	585
3042	lcl|HF680312.1_prot_CCU71322.1_873	100.000	347	0	0	1	347	1	347	0.0	717
3043	lcl|HF680312.1_prot_CCU71321.1_872	99.312	436	3	0	1	436	1	436	0.0	893
3044	lcl|HF680312.1_prot_CCU71319.1_870	100.000	198	0	0	46	243	1	198	3.10e-149	411
3045	lcl|HF680312.1_prot_CCU71318.1_869	99.742	387	1	0	1	387	1	387	0.0	799
3046	lcl|HF680312.1_prot_CCU71317.1_868	99.347	613	4	0	27	639	1	613	0.0	1251
3047	lcl|HF680312.1_prot_CCU71316.1_867	92.961	753	39	3	1	747	1	745	0.0	1428
3048	lcl|HF680312.1_prot_CCU71315.1_866	98.663	374	5	0	1	374	1	374	0.0	769
3049	lcl|HF680312.1_prot_CCU71314.1_865	99.112	338	3	0	1	338	1	338	0.0	687
3050	lcl|HF680312.1_prot_CCU71313.1_864	99.638	276	1	0	1	276	1	276	0.0	571
3051	lcl|HF680312.1_prot_CCU71312.1_863	99.396	331	2	0	1	331	1	331	0.0	685
3052	lcl|HF680312.1_prot_CCU71311.1_862	99.790	477	1	0	1	477	1	477	0.0	989
3053	lcl|HF680312.1_prot_CCU71310.1_861	99.677	310	1	0	1	310	1	310	0.0	635
3054	lcl|HF680312.1_prot_CCU71309.1_860	98.084	261	5	0	1	261	1	261	0.0	534
3055	lcl|HF680312.1_prot_CCU71308.1_859	100.000	237	0	0	1	237	1	237	5.68e-180	490
3056	lcl|HF680312.1_prot_CCU71307.1_858	98.864	176	2	0	1	176	1	176	5.41e-132	363
3057	lcl|HF680312.1_prot_CCU71306.1_857	97.965	344	7	0	1	344	1	344	0.0	692
3058	lcl|HF680312.1_prot_CCU71305.1_856	99.698	331	1	0	1	331	1	331	0.0	657
3059	lcl|HF680312.1_prot_CCU71304.1_855	98.973	487	5	0	1	487	1	487	0.0	985
3060	lcl|HF680312.1_prot_CCU71290.1_841	98.932	281	3	0	1	281	1	281	0.0	564
3061	lcl|HF680312.1_prot_CCU71289.1_840	97.778	225	5	0	1	225	63	287	5.11e-170	466
3062	lcl|HF680312.1_prot_CCU71288.1_839	95.620	137	6	0	1	137	1	137	3.61e-96	270
3063	lcl|HF680312.1_prot_CCU71287.1_838	91.960	199	16	0	1	199	1	199	2.00e-142	392
3064	lcl|HF680312.1_prot_CCU71286.1_837	100.000	133	0	0	1	133	1	133	7.06e-94	264
3065	lcl|HF680312.1_prot_CCU71285.1_836	100.000	187	0	0	1	187	1	187	9.85e-143	391
3065	lcl|HF680312.1_prot_CCU70870.1_421	94.652	187	10	0	1	187	1	187	2.94e-132	377
3065	lcl|HF680312.1_prot_CCU73181.1_2732	93.048	187	13	0	1	187	1	187	6.64e-127	365
3065	lcl|HF680312.1_prot_CCU73188.1_2739	100.000	55	0	0	133	187	1	55	8.39e-33	117
3066	lcl|HF680312.1_prot_CCU71284.1_835	95.082	122	6	0	79	200	20	141	5.01e-83	239
3066	lcl|HF680312.1_prot_CCU70870.1_421	94.488	127	7	0	1	127	229	355	9.12e-79	241
3066	lcl|HF680312.1_prot_CCU73181.1_2732	92.913	127	9	0	1	127	229	355	1.37e-77	239
3066	lcl|HF680312.1_prot_CCU73191.1_2742	90.667	75	7	0	1	75	1	75	3.54e-43	136
3067	lcl|HF680312.1_prot_CCU71283.1_834	99.115	113	1	0	1	113	11	123	1.01e-79	230
3068	lcl|HF680312.1_prot_CCU71283.1_834	100.000	67	0	0	1	67	147	213	1.17e-45	141
3069	lcl|HF680312.1_prot_CCU71282.1_833	99.435	177	1	0	1	177	1	177	1.83e-130	360
3070	lcl|HF680312.1_prot_CCU71281.1_832	99.355	155	1	0	1	155	1	155	7.26e-110	306
3071	lcl|HF680312.1_prot_CCU71280.1_831	100.000	286	0	0	1	286	1	286	0.0	585
3072	lcl|HF680312.1_prot_CCU71279.1_830	99.379	644	4	0	1	644	1	644	0.0	1307
3073	lcl|HF680312.1_prot_CCU71278.1_829	100.000	134	0	0	1	134	1	134	1.32e-100	281
3074	lcl|HF680312.1_prot_CCU71277.1_828	98.969	194	2	0	1	194	1	194	1.16e-142	392
3075	lcl|HF680312.1_prot_CCU71276.1_827	99.155	355	3	0	1	355	1	355	0.0	720
3076	lcl|HF680312.1_prot_CCU71275.1_826	99.294	425	3	0	1	425	1	425	0.0	878
3077	lcl|HF680312.1_prot_CCU71274.1_825	99.597	248	1	0	1	248	1	248	0.0	502
3078	lcl|HF680312.1_prot_CCU71273.1_824	99.655	290	1	0	1	290	1	290	0.0	588
3079	lcl|HF680312.1_prot_CCU71272.1_823	99.446	361	2	0	1	361	1	361	0.0	736
3080	lcl|HF680312.1_prot_CCU71271.1_822	100.000	425	0	0	1	425	1	425	0.0	865
3081	lcl|HF680312.1_prot_CCU71270.1_821	99.834	601	1	0	1	601	1	601	0.0	1219
3082	lcl|HF680312.1_prot_CCU71269.1_820	100.000	173	0	0	1	173	1	173	8.62e-130	358
3083	lcl|HF680312.1_prot_CCU71268.1_819	100.000	285	0	0	1	285	1	285	0.0	586
3084	lcl|HF680312.1_prot_CCU71267.1_818	99.681	313	1	0	1	313	1	313	0.0	628
3085	lcl|HF680312.1_prot_CCU71266.1_817	100.000	209	0	0	1	209	1	209	2.07e-155	425
3086	lcl|HF680312.1_prot_CCU71265.1_816	100.000	195	0	0	1	195	1	195	2.43e-145	399
3087	lcl|HF680312.1_prot_CCU71264.1_815	100.000	363	0	0	1	363	1	363	0.0	741
3088	lcl|HF680312.1_prot_CCU71263.1_814	100.000	396	0	0	1	396	1	396	0.0	793
3089	lcl|HF680312.1_prot_CCU71262.1_813	99.465	187	1	0	1	187	1	187	4.91e-140	385
3090	lcl|HF680312.1_prot_CCU71261.1_812	100.000	57	0	0	1	57	1	57	3.24e-38	117
3091	lcl|HF680312.1_prot_CCU71260.1_811	100.000	200	0	0	1	200	1	200	2.04e-146	402
3092	lcl|HF680312.1_prot_CCU71259.1_810	100.000	310	0	0	1	310	1	310	0.0	620
3093	lcl|HF680312.1_prot_CCU71258.1_809	100.000	113	0	0	1	113	1	113	1.24e-80	228
3094	lcl|HF680312.1_prot_CCU71257.1_808	100.000	449	0	0	1	449	1	449	0.0	930
3095	lcl|HF680312.1_prot_CCU71256.1_807	99.430	351	2	0	1	351	1	351	0.0	716
3096	lcl|HF680312.1_prot_CCU71255.1_806	100.000	158	0	0	1	158	1	158	3.30e-118	327
3097	lcl|HF680312.1_prot_CCU71254.1_805	100.000	281	0	0	1	281	1	281	0.0	566
3098	lcl|HF680312.1_prot_CCU71253.1_804	98.805	502	6	0	1	502	1	502	0.0	1006
3099	lcl|HF680312.1_prot_CCU71252.1_803	100.000	264	0	0	1	264	1	264	0.0	528
3100	lcl|HF680312.1_prot_CCU71251.1_802	100.000	113	0	0	1	113	1	113	4.16e-80	227
3101	lcl|HF680312.1_prot_CCU71250.1_801	100.000	139	0	0	1	139	1	139	3.52e-101	283
3102	lcl|HF680312.1_prot_CCU71249.1_800	100.000	405	0	0	1	405	1	405	0.0	834
3103	lcl|HF680312.1_prot_CCU71248.1_799	99.890	913	1	0	1	913	1	913	0.0	1878
3104	lcl|HF680312.1_prot_CCU71247.1_798	100.000	283	0	0	27	309	1	283	0.0	581
3105	lcl|HF680312.1_prot_CCU71246.1_797	100.000	301	0	0	1	301	1	301	0.0	614
3106	lcl|HF680312.1_prot_CCU71245.1_796	100.000	396	0	0	1	396	1	396	0.0	787
3107	lcl|HF680312.1_prot_CCU71244.1_795	100.000	411	0	0	2	412	1	411	0.0	838
3108	lcl|HF680312.1_prot_CCU71243.1_794	99.231	260	2	0	1	260	1	260	0.0	523
3109	lcl|HF680312.1_prot_CCU71242.1_793	99.673	306	1	0	3	308	1	306	0.0	633
3110	lcl|HF680312.1_prot_CCU71241.1_792	99.587	484	2	0	1	484	1	484	0.0	981
3111	lcl|HF680312.1_prot_CCU71240.1_791	99.719	356	1	0	1	356	1	356	0.0	715
3112	lcl|HF680312.1_prot_CCU71239.1_790	100.000	386	0	0	1	386	1	386	0.0	771
3113	lcl|HF680312.1_prot_CCU71238.1_789	99.333	450	3	0	1	450	1	450	0.0	914
3114	lcl|HF680312.1_prot_CCU71237.1_788	100.000	360	0	0	1	360	1	360	0.0	715
3115	lcl|HF680312.1_prot_CCU71236.1_787	98.018	454	9	0	1	454	1	454	0.0	907
3116	lcl|HF680312.1_prot_CCU71235.1_786	96.319	489	18	0	1	489	1	489	0.0	969
3117	lcl|HF680312.1_prot_CCU71234.1_785	100.000	572	0	0	1	572	1	572	0.0	1164
3118	lcl|HF680312.1_prot_CCU71233.1_784	100.000	84	0	0	1	84	1	84	3.80e-57	167
3119	lcl|HF680312.1_prot_CCU71232.1_783	99.357	311	2	0	1	311	1	311	0.0	628
3120	lcl|HF680312.1_prot_CCU71231.1_782	100.000	151	0	0	1	151	1	151	1.91e-110	307
3121	lcl|HF680312.1_prot_CCU71230.1_781	99.095	221	2	0	1	221	1	221	1.32e-161	442
3126	lcl|HF680312.1_prot_CCU72583.1_2134	96.716	335	11	0	1	335	1	335	0.0	681
3126	lcl|HF680312.1_prot_CCU72786.1_2337	96.418	335	12	0	1	335	1	335	0.0	680
3126	lcl|HF680312.1_prot_CCU71221.1_772	96.716	335	11	0	1	335	1	335	0.0	679
3126	lcl|HF680312.1_prot_CCU72281.1_1832	96.119	335	13	0	1	335	1	335	0.0	679
3127	lcl|HF680312.1_prot_CCU72786.1_2337	98.209	335	6	0	1	335	1	335	0.0	689
3127	lcl|HF680312.1_prot_CCU72281.1_1832	97.612	335	8	0	1	335	1	335	0.0	687
3127	lcl|HF680312.1_prot_CCU72583.1_2134	97.015	335	10	0	1	335	1	335	0.0	685
3127	lcl|HF680312.1_prot_CCU71221.1_772	95.522	335	15	0	1	335	1	335	0.0	672
3129	lcl|HF680312.1_prot_CCU71219.1_770	96.729	428	14	0	1	428	1	428	0.0	861
3130	lcl|HF680312.1_prot_CCU71218.1_769	98.992	397	4	0	1	397	1	397	0.0	800
3131	lcl|HF680312.1_prot_CCU71217.1_768	95.409	501	23	0	1	501	1	501	0.0	957
3132	lcl|HF680312.1_prot_CCU71216.1_767	99.569	232	1	0	1	232	1	232	2.54e-175	478
3133	lcl|HF680312.1_prot_CCU71215.1_766	99.859	710	1	0	1	710	1	710	0.0	1438
3134	lcl|HF680312.1_prot_CCU71214.1_765	100.000	339	0	0	1	339	1	339	0.0	696
3135	lcl|HF680312.1_prot_CCU71213.1_764	100.000	200	0	0	1	200	1	200	5.47e-151	413
3136	lcl|HF680312.1_prot_CCU71212.1_763	99.283	279	2	0	18	296	1	279	0.0	551
3137	lcl|HF680312.1_prot_CCU71211.1_762	99.836	609	1	0	1	609	1	609	0.0	1207
3138	lcl|HF680312.1_prot_CCU71210.1_761	99.663	297	1	0	1	297	23	319	0.0	609
3139	lcl|HF680312.1_prot_CCU71209.1_760	100.000	360	0	0	1	360	1	360	0.0	743
3140	lcl|HF680312.1_prot_CCU71208.1_759	100.000	127	0	0	1	127	1	127	5.08e-90	253
3141	lcl|HF680312.1_prot_CCU71207.1_758	99.896	966	1	0	1	966	1	966	0.0	2003
3142	lcl|HF680312.1_prot_CCU71206.1_757	99.367	790	5	0	53	842	1	790	0.0	1601
3143	lcl|HF680312.1_prot_CCU71205.1_756	94.344	884	50	0	1	884	1	884	0.0	1707
3144	lcl|HF680312.1_prot_CCU71204.1_755	93.857	700	43	0	10	709	1	700	0.0	1368
3145	lcl|HF680312.1_prot_CCU71203.1_754	99.630	270	1	0	32	301	1	270	0.0	526
3146	lcl|HF680312.1_prot_CCU71202.1_753	99.734	752	2	0	1	752	1	752	0.0	1556
3147	lcl|HF680312.1_prot_CCU71201.1_752	97.746	488	11	0	1	488	62	549	0.0	972
3148	lcl|HF680312.1_prot_CCU71201.1_752	100.000	51	0	0	1	51	1	51	4.39e-30	105
3149	lcl|HF680312.1_prot_CCU71200.1_751	99.398	166	1	0	1	166	27	192	2.26e-123	342
3150	lcl|HF680312.1_prot_CCU71199.1_750	96.941	425	12	1	1	424	1	425	0.0	815
3151	lcl|HF680312.1_prot_CCU71198.1_749	98.333	480	8	0	1	480	1	480	0.0	991
3152	lcl|HF680312.1_prot_CCU71197.1_748	99.393	494	3	0	1	494	1	494	0.0	1016
3153	lcl|HF680312.1_prot_CCU71196.1_747	97.587	373	4	1	1	368	1	373	0.0	735
3154	lcl|HF680312.1_prot_CCU71195.1_746	98.333	180	3	0	1	180	1	180	1.99e-132	365
3155	lcl|HF680312.1_prot_CCU71194.1_745	100.000	171	0	0	1	171	1	171	2.01e-125	347
3156	lcl|HF680312.1_prot_CCU71193.1_744	99.457	184	1	0	1	184	1	184	5.40e-137	377
3157	lcl|HF680312.1_prot_CCU71192.1_743	99.849	662	1	0	1	662	1	662	0.0	1327
3158	lcl|HF680312.1_prot_CCU71191.1_742	99.812	531	1	0	1	531	1	531	0.0	1103
3159	lcl|HF680312.1_prot_CCU71189.1_740	99.403	670	4	0	1	670	1	670	0.0	1353
3160	lcl|HF680312.1_prot_CCU71188.1_739	97.203	286	8	0	1	286	1	286	0.0	572
3161	lcl|HF680312.1_prot_CCU71187.1_738	100.000	211	0	0	1	211	1	211	1.98e-157	431
3162	lcl|HF680312.1_prot_CCU71186.1_737	100.000	418	0	0	1	418	1	418	0.0	822
3163	lcl|HF680312.1_prot_CCU71185.1_736	99.180	244	2	0	1	244	1	244	0.0	504
3164	lcl|HF680312.1_prot_CCU71184.1_735	99.425	174	1	0	1	174	1	174	3.98e-132	363
3165	lcl|HF680312.1_prot_CCU71183.1_734	98.675	151	2	0	18	168	1	151	8.47e-108	301
3166	lcl|HF680312.1_prot_CCU71182.1_733	98.588	425	6	0	17	441	1	425	0.0	864
3167	lcl|HF680312.1_prot_CCU71181.1_732	99.742	1162	3	0	1	1162	1	1162	0.0	2375
3168	lcl|HF680312.1_prot_CCU71180.1_731	100.000	304	0	0	1	304	1	304	0.0	616
3169	lcl|HF680312.1_prot_CCU71179.1_730	99.417	343	2	0	1	343	1	343	0.0	701
3170	lcl|HF680312.1_prot_CCU71178.1_729	100.000	160	0	0	1	160	1	160	1.06e-120	333
3171	lcl|HF680312.1_prot_CCU71177.1_728	96.341	82	3	0	1	82	1	82	1.19e-56	166
3172	lcl|HF680312.1_prot_CCU71176.1_727	99.275	276	2	0	1	276	1	276	0.0	567
3173	lcl|HF680312.1_prot_CCU71175.1_726	99.015	406	4	0	31	436	1	406	0.0	827
3174	lcl|HF680312.1_prot_CCU71174.1_725	98.498	466	7	0	1	466	1	466	0.0	933
3175	lcl|HF680312.1_prot_CCU71173.1_724	100.000	107	0	0	1	107	1	107	9.23e-76	216
3176	lcl|HF680312.1_prot_CCU71172.1_723	98.500	400	6	0	1	400	1	400	0.0	766
3177	lcl|HF680312.1_prot_CCU71171.1_722	96.413	223	8	0	1	223	1	223	1.72e-142	394
3178	lcl|HF680312.1_prot_CCU71170.1_721	99.457	184	1	0	1	184	1	184	1.06e-135	374
3179	lcl|HF680312.1_prot_CCU71169.1_720	99.467	375	2	0	1	375	1	375	0.0	776
3180	lcl|HF680312.1_prot_CCU71168.1_719	99.038	104	1	0	1	104	1	104	4.02e-71	204
3181	lcl|HF680312.1_prot_CCU71167.1_718	98.974	390	4	0	1	390	25	414	0.0	809
3182	lcl|HF680312.1_prot_CCU71166.1_717	98.120	266	5	0	1	266	1	266	0.0	507
3183	lcl|HF680312.1_prot_CCU71165.1_716	100.000	188	0	0	1	188	1	188	8.11e-141	387
3185	lcl|HF680312.1_prot_CCU71164.1_715	96.694	242	8	0	1	242	1	242	3.90e-177	483
3186	lcl|HF680312.1_prot_CCU71163.1_714	100.000	548	0	0	1	548	1	548	0.0	1072
3187	lcl|HF680312.1_prot_CCU71162.1_713	100.000	97	0	0	1	97	1	97	1.16e-66	192
3188	lcl|HF680312.1_prot_CCU71161.1_712	98.101	158	3	0	1	158	1	158	2.33e-110	307
3189	lcl|HF680312.1_prot_CCU71160.1_711	99.598	498	2	0	1	498	1	498	0.0	1036
3190	lcl|HF680312.1_prot_CCU71159.1_710	98.758	161	2	0	1	161	1	161	8.28e-117	324
3191	lcl|HF680312.1_prot_CCU71158.1_709	100.000	222	0	0	1	222	1	222	7.57e-162	442
3192	lcl|HF680312.1_prot_CCU71157.1_708	99.539	217	1	0	1	217	1	217	2.19e-154	423
3193	lcl|HF680312.1_prot_CCU71156.1_707	99.822	561	1	0	1	561	1	561	0.0	1107
3194	lcl|HF680312.1_prot_CCU71155.1_706	99.860	715	1	0	1	715	1	715	0.0	1462
3195	lcl|HF680312.1_prot_CCU71154.1_705	100.000	401	0	0	1	401	1	401	0.0	820
3196	lcl|HF680312.1_prot_CCU71153.1_704	100.000	378	0	0	1	378	1	378	0.0	786
3197	lcl|HF680312.1_prot_CCU71152.1_703	99.010	404	4	0	1	404	1	404	0.0	834
3198	lcl|HF680312.1_prot_CCU71151.1_702	98.630	146	2	0	1	146	3	148	1.13e-104	292
3199	lcl|HF680312.1_prot_CCU71150.1_701	99.603	252	1	0	1	252	1	252	0.0	512
3200	lcl|HF680312.1_prot_CCU71149.1_700	99.057	106	1	0	1	106	1	106	4.95e-76	216
3201	lcl|HF680312.1_prot_CCU71147.1_698	100.000	493	0	0	1	493	1	493	0.0	1033
3202	lcl|HF680312.1_prot_CCU71146.1_697	99.703	673	2	0	1	673	1	673	0.0	1354
3203	lcl|HF680312.1_prot_CCU71145.1_696	99.441	537	3	0	1	537	1	537	0.0	1063
3204	lcl|HF680312.1_prot_CCU71144.1_695	100.000	894	0	0	2	895	1	894	0.0	1860
3205	lcl|HF680312.1_prot_CCU71143.1_694	100.000	205	0	0	1	205	1	205	2.87e-156	427
3207	lcl|HF680312.1_prot_CCU71142.1_693	96.813	251	8	0	50	300	1	251	0.0	508
3208	lcl|HF680312.1_prot_CCU71141.1_692	99.008	504	5	0	12	515	1	504	0.0	1026
3209	lcl|HF680312.1_prot_CCU71140.1_691	99.240	263	2	0	1	263	1	263	0.0	498
3210	lcl|HF680312.1_prot_CCU71139.1_690	99.099	222	2	0	1	222	1	222	2.60e-165	451
3211	lcl|HF680312.1_prot_CCU71138.1_689	100.000	361	0	0	1	361	1	361	0.0	726
3212	lcl|HF680312.1_prot_CCU71137.1_688	98.295	176	3	0	1	176	1	176	2.35e-127	352
3213	lcl|HF680312.1_prot_CCU71136.1_687	100.000	114	0	0	1	114	1	114	3.96e-84	238
3214	lcl|HF680312.1_prot_CCU71135.1_686	100.000	306	0	0	1	306	1	306	0.0	617
3215	lcl|HF680312.1_prot_CCU71134.1_685	98.282	291	5	0	1	291	1	291	0.0	583
3216	lcl|HF680312.1_prot_CCU71133.1_684	97.765	179	4	0	1	179	1	179	3.59e-133	367
3217	lcl|HF680312.1_prot_CCU71132.1_683	99.105	447	4	0	1	447	1	447	0.0	877
3218	lcl|HF680312.1_prot_CCU71131.1_682	99.293	283	2	0	1	283	1	283	0.0	581
3219	lcl|HF680312.1_prot_CCU71130.1_681	95.732	164	7	0	1	164	1	164	9.83e-112	311
3220	lcl|HF680312.1_prot_CCU71129.1_680	99.292	565	4	0	1	565	1	565	0.0	1140
3221	lcl|HF680312.1_prot_CCU71128.1_679	99.511	409	2	0	1	409	1	409	0.0	830
3222	lcl|HF680312.1_prot_CCU71127.1_678	98.305	295	5	0	6	300	1	295	0.0	580
3223	lcl|HF680312.1_prot_CCU71126.1_677	98.492	199	3	0	1	199	1	199	2.08e-145	399
3224	lcl|HF680312.1_prot_CCU71125.1_676	100.000	64	0	0	1	64	1	64	2.05e-44	133
3225	lcl|HF680312.1_prot_CCU71124.1_675	98.728	393	5	0	1	393	1	393	0.0	788
3226	lcl|HF680312.1_prot_CCU71123.1_674	99.541	872	4	0	1	872	1	872	0.0	1754
3227	lcl|HF680312.1_prot_CCU71122.1_673	100.000	242	0	0	1	242	1	242	2.46e-178	486
3228	lcl|HF680312.1_prot_CCU71121.1_672	99.301	143	1	0	1	143	50	192	4.49e-105	295
3229	lcl|HF680312.1_prot_CCU71120.1_671	92.126	381	19	1	1	370	1	381	0.0	712
3230	lcl|HF680312.1_prot_CCU71119.1_670	99.884	860	1	0	1	860	1	860	0.0	1785
3231	lcl|HF680312.1_prot_CCU71118.1_669	100.000	178	0	0	1	178	1	178	1.34e-131	363
3232	lcl|HF680312.1_prot_CCU71117.1_668	100.000	305	0	0	31	335	1	305	0.0	620
3233	lcl|HF680312.1_prot_CCU71116.1_667	100.000	197	0	0	1	197	1	197	1.57e-149	409
3234	lcl|HF680312.1_prot_CCU71115.1_666	99.291	282	2	0	1	282	1	282	0.0	585
3235	lcl|HF680312.1_prot_CCU71114.1_665	98.010	603	12	0	1	603	1	603	0.0	1215
3236	lcl|HF680312.1_prot_CCU71113.1_664	98.889	180	2	0	1	180	1	180	4.66e-134	369
3237	lcl|HF680312.1_prot_CCU71112.1_663	100.000	125	0	0	1	125	1	125	5.51e-90	253
3238	lcl|HF680312.1_prot_CCU71111.1_662	100.000	246	0	0	1	246	1	246	0.0	513
3239	lcl|HF680312.1_prot_CCU71110.1_661	100.000	65	0	0	1	65	20	84	1.68e-45	137
3240	lcl|HF680312.1_prot_CCU71109.1_660	99.878	823	1	0	1	823	1	823	0.0	1566
3241	lcl|HF680312.1_prot_CCU71108.1_659	100.000	120	0	0	1	120	1	120	3.06e-89	251
3242	lcl|HF680312.1_prot_CCU71107.1_658	99.548	221	1	0	1	221	1	221	9.28e-165	450
3243	lcl|HF680312.1_prot_CCU71106.1_657	99.134	462	4	0	1	462	1	462	0.0	951
3244	lcl|HF680312.1_prot_CCU71105.1_656	99.691	324	1	0	1	324	1	324	0.0	670
3245	lcl|HF680312.1_prot_CCU71104.1_655	99.842	631	1	0	1	631	1	631	0.0	1288
3246	lcl|HF680312.1_prot_CCU71103.1_654	99.336	301	2	0	1	301	1	301	0.0	603
3247	lcl|HF680312.1_prot_CCU71102.1_653	99.357	778	5	0	1	778	1	778	0.0	1600
3248	lcl|HF680312.1_prot_CCU71101.1_652	97.133	279	8	0	1	279	5	283	0.0	540
3249	lcl|HF680312.1_prot_CCU71100.1_651	98.938	753	8	0	1	753	18	770	0.0	1540
3250	lcl|HF680312.1_prot_CCU71099.1_650	99.429	175	1	0	1	175	5	179	2.16e-129	357
3251	lcl|HF680312.1_prot_CCU71098.1_649	100.000	155	0	0	1	155	1	155	2.10e-114	317
3252	lcl|HF680312.1_prot_CCU71097.1_648	100.000	305	0	0	1	305	1	305	0.0	615
3253	lcl|HF680312.1_prot_CCU71096.1_647	100.000	334	0	0	1	334	1	334	0.0	688
3254	lcl|HF680312.1_prot_CCU71095.1_646	99.235	392	3	0	1	392	1	392	0.0	753
3255	lcl|HF680312.1_prot_CCU71094.1_645	99.620	263	1	0	1	263	1	263	0.0	542
3256	lcl|HF680312.1_prot_CCU71093.1_644	100.000	140	0	0	1	140	1	140	2.96e-103	288
3257	lcl|HF680312.1_prot_CCU71091.1_642	100.000	212	0	0	1	212	1	212	1.18e-159	436
3258	lcl|HF680312.1_prot_CCU71090.1_641	99.624	266	1	0	1	266	1	266	0.0	540
3259	lcl|HF680312.1_prot_CCU71089.1_640	99.138	348	3	0	1	348	1	348	0.0	694
3260	lcl|HF680312.1_prot_CCU71088.1_639	100.000	194	0	0	4	197	1	194	6.58e-148	405
3261	lcl|HF680312.1_prot_CCU71087.1_638	99.393	494	3	0	1	494	1	494	0.0	1012
3262	lcl|HF680312.1_prot_CCU71086.1_637	100.000	223	0	0	1	223	1	223	1.34e-168	460
3263	lcl|HF680312.1_prot_CCU71085.1_636	98.810	168	2	0	1	168	1	168	1.31e-120	334
3264	lcl|HF680312.1_prot_CCU71084.1_635	100.000	119	0	0	1	119	1	119	8.21e-86	242
3265	lcl|HF680312.1_prot_CCU71083.1_634	100.000	201	0	0	5	205	1	201	1.01e-149	410
3266	lcl|HF680312.1_prot_CCU71082.1_633	100.000	596	0	0	1	596	1	596	0.0	1228
3267	lcl|HF680312.1_prot_CCU71081.1_632	100.000	601	0	0	1	601	1	601	0.0	1245
3268	lcl|HF680312.1_prot_CCU71080.1_631	97.627	295	7	0	1	295	1	295	0.0	573
3269	lcl|HF680312.1_prot_CCU71079.1_630	100.000	83	0	0	1	83	1	83	5.40e-55	161
3270	lcl|HF680312.1_prot_CCU71078.1_629	99.435	354	2	0	1	354	1	354	0.0	737
3271	lcl|HF680312.1_prot_CCU71077.1_628	99.187	246	2	0	1	246	1	246	0.0	513
3272	lcl|HF680312.1_prot_CCU71076.1_627	99.388	327	2	0	1	327	1	327	0.0	663
3273	lcl|HF680312.1_prot_CCU71075.1_626	90.964	166	15	0	1	166	1	166	1.39e-112	313
3274	lcl|HF680312.1_prot_CCU71074.1_625	96.696	454	15	0	1	454	1	454	0.0	912
3275	lcl|HF680312.1_prot_CCU71073.1_624	95.133	637	31	0	1	637	1	637	0.0	1258
3277	lcl|HF680312.1_prot_CCU71071.1_622	100.000	395	0	0	1	395	1	395	0.0	804
3278	lcl|HF680312.1_prot_CCU71070.1_621	98.305	236	4	0	1	236	1	236	8.76e-177	482
3279	lcl|HF680312.1_prot_CCU71069.1_620	98.047	256	5	0	1	256	1	256	0.0	513
3280	lcl|HF680312.1_prot_CCU71068.1_619	99.471	189	1	0	1	189	8	196	3.12e-140	385
3285	lcl|HF680312.1_prot_CCU71057.1_608	98.608	503	7	0	1	503	1	503	0.0	1021
3286	lcl|HF680312.1_prot_CCU71056.1_607	99.605	253	1	0	1	253	1	253	0.0	526
3287	lcl|HF680312.1_prot_CCU71055.1_606	100.000	168	0	0	1	168	1	168	6.43e-125	345
3288	lcl|HF680312.1_prot_CCU71054.1_605	98.592	142	2	0	1	142	1	142	2.81e-101	283
3289	lcl|HF680312.1_prot_CCU71053.1_604	99.653	288	1	0	1	288	1	288	0.0	592
3290	lcl|HF680312.1_prot_CCU71052.1_603	100.000	271	0	0	1	271	1	271	0.0	532
3291	lcl|HF680312.1_prot_CCU71050.1_601	100.000	193	0	0	1	193	1	193	1.24e-143	394
3292	lcl|HF680312.1_prot_CCU71049.1_600	100.000	202	0	0	1	202	1	202	3.26e-152	417
3293	lcl|HF680312.1_prot_CCU71048.1_599	99.842	631	1	0	1	631	1	631	0.0	1263
3294	lcl|HF680312.1_prot_CCU71047.1_598	100.000	293	0	0	1	293	1	293	0.0	587
3295	lcl|HF680312.1_prot_CCU71046.1_597	99.231	260	2	0	1	260	1	260	0.0	523
3296	lcl|HF680312.1_prot_CCU71045.1_596	99.138	116	1	0	1	116	1	116	6.02e-82	232
3297	lcl|HF680312.1_prot_CCU71044.1_595	99.543	219	1	0	1	219	1	219	5.56e-155	425
3298	lcl|HF680312.1_prot_CCU71043.1_594	100.000	142	0	0	1	142	1	142	1.09e-101	284
3299	lcl|HF680312.1_prot_CCU71042.1_593	100.000	296	0	0	1	296	1	296	0.0	611
3300	lcl|HF680312.1_prot_CCU71041.1_592	96.930	228	7	0	1	228	1	228	1.30e-165	452
3301	lcl|HF680312.1_prot_CCU71040.1_591	100.000	344	0	0	1	344	1	344	0.0	704
3302	lcl|HF680312.1_prot_CCU71039.1_590	99.122	797	7	0	29	825	1	797	0.0	1631
3303	lcl|HF680312.1_prot_CCU71038.1_589	100.000	434	0	0	9	442	1	434	0.0	887
3304	lcl|HF680312.1_prot_CCU71037.1_588	96.636	327	11	0	1	327	1	327	0.0	635
3305	lcl|HF680312.1_prot_CCU71036.1_587	99.662	296	1	0	1	296	1	296	0.0	605
3306	lcl|HF680312.1_prot_CCU71035.1_586	100.000	125	0	0	1	125	1	125	1.27e-92	260
3307	lcl|HF680312.1_prot_CCU71034.1_585	99.262	271	2	0	1	271	1	271	0.0	558
3308	lcl|HF680312.1_prot_CCU71033.1_584	98.113	106	2	0	1	106	1	106	5.09e-78	221
3309	lcl|HF680312.1_prot_CCU71031.1_582	100.000	640	0	0	1	640	1	640	0.0	1325
3310	lcl|HF680312.1_prot_CCU71030.1_581	100.000	426	0	0	1	426	1	426	0.0	888
3311	lcl|HF680312.1_prot_CCU71029.1_580	99.800	501	1	0	1	501	1	501	0.0	1053
3312	lcl|HF680312.1_prot_CCU71028.1_579	99.747	396	1	0	1	396	1	396	0.0	810
3313	lcl|HF680312.1_prot_CCU71027.1_578	100.000	207	0	0	1	207	1	207	7.47e-155	424
3314	lcl|HF680312.1_prot_CCU71026.1_577	99.685	317	1	0	1	317	1	317	0.0	616
3315	lcl|HF680312.1_prot_CCU71025.1_576	100.000	543	0	0	1	543	1	543	0.0	1092
3316	lcl|HF680312.1_prot_CCU71024.1_575	100.000	426	0	0	1	426	1	426	0.0	877
3317	lcl|HF680312.1_prot_CCU71023.1_574	100.000	170	0	0	1	170	1	170	1.07e-125	347
3318	lcl|HF680312.1_prot_CCU71022.1_573	100.000	117	0	0	1	117	1	117	2.16e-83	236
3319	lcl|HF680312.1_prot_CCU71021.1_572	100.000	346	0	0	1	346	1	346	0.0	700
3320	lcl|HF680312.1_prot_CCU71020.1_571	100.000	71	0	0	1	71	1	71	2.74e-47	141
3321	lcl|HF680312.1_prot_CCU71019.1_570	100.000	147	0	0	1	147	1	147	6.40e-102	285
3322	lcl|HF680312.1_prot_CCU71018.1_569	99.507	609	3	0	1	609	1	609	0.0	1249
3323	lcl|HF680312.1_prot_CCU71017.1_568	99.346	612	4	0	1	612	1	612	0.0	1240
3324	lcl|HF680312.1_prot_CCU71016.1_567	100.000	192	0	0	1	192	1	192	9.75e-142	389
3325	lcl|HF680312.1_prot_CCU71015.1_566	100.000	100	0	0	1	100	1	100	1.53e-72	207
3326	lcl|HF680312.1_prot_CCU71014.1_565	98.621	145	2	0	1	145	1	145	1.02e-98	277
3327	lcl|HF680312.1_prot_CCU71013.1_564	98.913	276	3	0	1	276	1	276	0.0	562
3328	lcl|HF680312.1_prot_CCU71012.1_563	100.000	1040	0	0	1	1040	1	1040	0.0	2092
3329	lcl|HF680312.1_prot_CCU71011.1_562	100.000	541	0	0	1	541	1	541	0.0	1111
3330	lcl|HF680312.1_prot_CCU71010.1_561	100.000	443	0	0	1	443	1	443	0.0	891
3331	lcl|HF680312.1_prot_CCU71009.1_560	100.000	180	0	0	1	180	1	180	4.84e-137	377
3332	lcl|HF680312.1_prot_CCU71007.1_558	100.000	119	0	0	1	119	1	119	1.93e-85	241
3333	lcl|HF680312.1_prot_CCU71006.1_557	100.000	107	0	0	1	107	1	107	7.81e-77	218
3334	lcl|HF680312.1_prot_CCU71005.1_556	100.000	169	0	0	1	169	1	169	1.38e-125	347
3335	lcl|HF680312.1_prot_CCU71004.1_555	100.000	213	0	0	1	213	1	213	3.12e-159	435
3336	lcl|HF680312.1_prot_CCU71003.1_554	100.000	80	0	0	1	80	1	80	1.91e-55	162
3337	lcl|HF680312.1_prot_CCU71002.1_553	100.000	697	0	0	57	753	1	697	0.0	1399
3338	lcl|HF680312.1_prot_CCU71001.1_552	100.000	192	0	0	1	192	1	192	4.94e-147	403
3339	lcl|HF680312.1_prot_CCU71000.1_551	100.000	92	0	0	1	92	1	92	6.05e-64	185
3340	lcl|HF680312.1_prot_CCU70999.1_550	100.000	281	0	0	1	281	1	281	0.0	572
3341	lcl|HF680312.1_prot_CCU70998.1_549	100.000	606	0	0	1	606	1	606	0.0	1254
3342	lcl|HF680312.1_prot_CCU70997.1_548	100.000	118	0	0	1	118	1	118	6.85e-85	239
3343	lcl|HF680312.1_prot_CCU70996.1_547	100.000	230	0	0	1	230	1	230	8.97e-167	456
3344	lcl|HF680312.1_prot_CCU70995.1_546	99.401	167	1	0	21	187	1	167	5.05e-117	338
3345	lcl|HF680312.1_prot_CCU70995.1_546	100.000	258	0	0	1	258	196	453	0.0	523
3346	lcl|HF680312.1_prot_CCU70994.1_545	100.000	232	0	0	19	250	1	232	1.68e-177	484
3347	lcl|HF680312.1_prot_CCU70993.1_544	99.644	281	1	0	1	281	1	281	0.0	562
3348	lcl|HF680312.1_prot_CCU70992.1_543	100.000	108	0	0	1	108	1	108	5.36e-73	209
3349	lcl|HF680312.1_prot_CCU70991.1_542	100.000	299	0	0	1	299	1	299	0.0	606
3350	lcl|HF680312.1_prot_CCU70990.1_541	100.000	107	0	0	1	107	1	107	2.42e-76	217
3351	lcl|HF680312.1_prot_CCU70989.1_540	99.522	1046	5	0	1	1046	1	1046	0.0	2075
3351	lcl|HF680312.1_prot_CCU72106.1_1657	92.596	1040	77	0	1	1040	1	1040	0.0	1876
3352	lcl|HF680312.1_prot_CCU70988.1_539	100.000	313	0	0	1	313	1	313	0.0	636
3353	lcl|HF680312.1_prot_CCU70987.1_538	100.000	446	0	0	1	446	1	446	0.0	891
3354	lcl|HF680312.1_prot_CCU70986.1_537	100.000	115	0	0	1	115	1	115	1.71e-81	231
3355	lcl|HF680312.1_prot_CCU70985.1_536	100.000	299	0	0	1	299	1	299	0.0	609
3356	lcl|HF680312.1_prot_CCU70984.1_535	99.259	135	1	0	1	135	1	135	3.87e-96	270
3357	lcl|HF680312.1_prot_CCU70983.1_534	99.547	662	3	0	1	662	1	662	0.0	1333
3358	lcl|HF680312.1_prot_CCU70981.1_532	96.842	95	3	0	1	95	1	95	2.73e-65	188
3359	lcl|HF680312.1_prot_CCU70980.1_531	100.000	119	0	0	1	119	1	119	4.66e-84	238
3360	lcl|HF680312.1_prot_CCU70979.1_530	100.000	134	0	0	1	134	1	134	8.50e-98	273
3361	lcl|HF680312.1_prot_CCU70978.1_529	100.000	126	0	0	13	138	1	126	2.03e-93	262
3362	lcl|HF680312.1_prot_CCU73878.1_3429	96.970	99	3	0	1	99	1	99	1.28e-68	197
3362	lcl|HF680312.1_prot_CCU73515.1_3066	96.970	99	3	0	1	99	1	99	1.28e-68	197
3362	lcl|HF680312.1_prot_CCU73195.1_2746	96.970	99	3	0	1	99	1	99	1.28e-68	197
3362	lcl|HF680312.1_prot_CCU71717.1_1268	96.970	99	3	0	1	99	1	99	1.28e-68	197
3362	lcl|HF680312.1_prot_CCU70977.1_528	96.970	99	3	0	1	99	1	99	1.28e-68	197
3362	lcl|HF680312.1_prot_CCU70868.1_419	96.970	99	3	0	1	99	1	99	1.28e-68	197
3362	lcl|HF680312.1_prot_CCU73715.1_3266	96.970	99	3	0	1	99	1	99	3.70e-68	196
3362	lcl|HF680312.1_prot_CCU73036.1_2587	96.970	99	3	0	1	99	1	99	3.70e-68	196
3362	lcl|HF680312.1_prot_CCU72674.1_2225	92.929	99	7	0	1	99	1	99	2.09e-65	189
3363	lcl|HF680312.1_prot_CCU73877.1_3428	97.458	118	3	0	1	118	1	118	2.14e-85	241
3363	lcl|HF680312.1_prot_CCU73714.1_3265	97.458	118	3	0	1	118	1	118	2.14e-85	241
3363	lcl|HF680312.1_prot_CCU73516.1_3067	97.458	118	3	0	1	118	1	118	2.14e-85	241
3363	lcl|HF680312.1_prot_CCU73196.1_2747	97.458	118	3	0	1	118	1	118	2.14e-85	241
3363	lcl|HF680312.1_prot_CCU73035.1_2586	97.458	118	3	0	1	118	1	118	2.14e-85	241
3363	lcl|HF680312.1_prot_CCU71716.1_1267	97.458	118	3	0	1	118	1	118	2.14e-85	241
3363	lcl|HF680312.1_prot_CCU70976.1_527	97.458	118	3	0	1	118	1	118	2.14e-85	241
3363	lcl|HF680312.1_prot_CCU70867.1_418	97.458	118	3	0	1	118	1	118	2.14e-85	241
3363	lcl|HF680312.1_prot_CCU72673.1_2224	96.610	118	4	0	1	118	1	118	1.61e-84	239
3364	lcl|HF680312.1_prot_CCU71715.1_1266	99.816	543	1	0	1	543	1	543	0.0	1122
3364	lcl|HF680312.1_prot_CCU70866.1_417	97.606	543	13	0	1	543	1	543	0.0	1098
3364	lcl|HF680312.1_prot_CCU73876.1_3427	95.948	543	22	0	1	543	1	543	0.0	1041
3364	lcl|HF680312.1_prot_CCU73197.1_2748	95.948	543	22	0	1	543	1	543	0.0	1041
3364	lcl|HF680312.1_prot_CCU73034.1_2585	95.948	543	22	0	1	543	1	543	0.0	1041
3364	lcl|HF680312.1_prot_CCU72672.1_2223	94.475	543	30	0	1	543	1	543	0.0	1026
3364	lcl|HF680312.1_prot_CCU70975.1_526	95.212	543	19	1	1	543	1	536	0.0	1024
3364	lcl|HF680312.1_prot_CCU73517.1_3068	95.028	543	20	1	1	543	1	536	0.0	1024
3364	lcl|HF680312.1_prot_CCU73713.1_3264	93.186	543	30	1	1	543	1	536	0.0	1002
3365	lcl|HF680312.1_prot_CCU70974.1_525	99.130	115	1	0	322	436	1	115	2.21e-78	235
3366	lcl|HF680312.1_prot_CCU70972.1_523	99.720	357	1	0	1	357	1	357	0.0	741
3367	lcl|HF680312.1_prot_CCU70971.1_522	100.000	799	0	0	1	799	1	799	0.0	1661
3368	lcl|HF680312.1_prot_CCU70970.1_521	100.000	120	0	0	1	120	1	120	1.25e-84	239
3383	lcl|HF680312.1_prot_CCU70969.1_520	97.418	581	15	0	23	603	1	581	0.0	1162
3384	lcl|HF680312.1_prot_CCU70968.1_519	95.385	65	3	0	2	66	285	349	9.39e-32	109
3385	lcl|HF680312.1_prot_CCU70967.1_518	97.849	93	2	0	1	93	253	345	8.41e-64	193
3386	lcl|HF680312.1_prot_CCU70966.1_517	99.390	328	2	0	1	328	1	328	0.0	666
3387	lcl|HF680312.1_prot_CCU70965.1_516	98.644	295	4	0	1	295	1	295	0.0	599
3388	lcl|HF680312.1_prot_CCU70964.1_515	100.000	204	0	0	1	204	1	204	2.31e-154	422
3389	lcl|HF680312.1_prot_CCU70963.1_514	100.000	543	0	0	1	543	1	543	0.0	1132
3390	lcl|HF680312.1_prot_CCU70962.1_513	99.658	292	1	0	1	292	8	299	0.0	606
3391	lcl|HF680312.1_prot_CCU70961.1_512	99.645	282	1	0	1	282	1	282	0.0	577
3392	lcl|HF680312.1_prot_CCU70960.1_511	100.000	151	0	0	1	151	1	151	1.23e-112	312
3393	lcl|HF680312.1_prot_CCU70959.1_510	98.551	345	5	0	1	345	1	345	0.0	698
3394	lcl|HF680312.1_prot_CCU70958.1_509	99.810	526	1	0	1	526	1	526	0.0	1097
3395	lcl|HF680312.1_prot_CCU70957.1_508	99.107	336	3	0	1	336	1	336	0.0	694
3396	lcl|HF680312.1_prot_CCU70956.1_507	100.000	214	0	0	1	214	1	214	5.68e-162	442
3397	lcl|HF680312.1_prot_CCU70955.1_506	100.000	120	0	0	1	120	1	120	2.30e-88	249
3398	lcl|HF680312.1_prot_CCU70954.1_505	100.000	270	0	0	1	270	1	270	0.0	558
3400	lcl|HF680312.1_prot_CCU70950.1_501	99.200	250	2	0	1	250	1	250	0.0	513
3401	lcl|HF680312.1_prot_CCU70890.1_441	100.000	64	0	0	1	64	1	64	1.09e-41	126
3402	lcl|HF680312.1_prot_CCU70889.1_440	100.000	410	0	0	1	410	1	410	0.0	834
3403	lcl|HF680312.1_prot_CCU70888.1_439	99.886	875	1	0	1	875	1	875	0.0	1796
3404	lcl|HF680312.1_prot_CCU70887.1_438	100.000	66	0	0	1	66	1	66	2.58e-43	130
3405	lcl|HF680312.1_prot_CCU70886.1_437	100.000	325	0	0	1	325	1	325	0.0	665
3406	lcl|HF680312.1_prot_CCU70885.1_436	97.403	77	2	0	1	77	1	77	1.46e-50	150
3407	lcl|HF680312.1_prot_CCU70884.1_435	99.654	289	1	0	1	289	1	289	0.0	602
3408	lcl|HF680312.1_prot_CCU70883.1_434	100.000	427	0	0	1	427	1	427	0.0	879
3409	lcl|HF680312.1_prot_CCU70882.1_433	100.000	344	0	0	1	344	1	344	0.0	710
3410	lcl|HF680312.1_prot_CCU70881.1_432	99.379	161	1	0	1	161	1	161	2.84e-115	320
3411	lcl|HF680312.1_prot_CCU70880.1_431	100.000	345	0	0	1	345	1	345	0.0	698
3412	lcl|HF680312.1_prot_CCU70879.1_430	98.387	124	2	0	1	124	38	161	2.82e-88	250
3413	lcl|HF680312.1_prot_CCU70878.1_429	99.104	1005	9	0	1	1005	1	1005	0.0	1989
3414	lcl|HF680312.1_prot_CCU70877.1_428	98.087	366	7	0	1	366	1	366	0.0	726
3415	lcl|HF680312.1_prot_CCU70876.1_427	99.541	218	1	0	1	218	1	218	4.89e-166	453
3416	lcl|HF680312.1_prot_CCU70875.1_426	97.872	188	4	0	1	188	1	188	3.85e-133	367
3417	lcl|HF680312.1_prot_CCU73525.1_3076	99.534	858	4	0	1	858	1	858	0.0	1742
3418	lcl|HF680312.1_prot_CCU73526.1_3077	100.000	107	0	0	1	107	1	107	6.43e-76	216
3419	lcl|HF680312.1_prot_CCU73527.1_3078	99.277	415	3	0	1	415	1	415	0.0	834
3420	lcl|HF680312.1_prot_CCU73528.1_3079	99.103	223	2	0	1	223	1	223	3.10e-164	449
3421	lcl|HF680312.1_prot_CCU73529.1_3080	99.167	120	0	1	1	120	1	119	2.69e-84	238
3422	lcl|HF680312.1_prot_CCU73530.1_3081	100.000	553	0	0	1	553	1	553	0.0	1134
3423	lcl|HF680312.1_prot_CCU73531.1_3082	98.062	1393	27	0	1	1393	1	1393	0.0	2829
3424	lcl|HF680312.1_prot_CCU73532.1_3083	99.762	420	1	0	1	420	1	420	0.0	872
3425	lcl|HF680312.1_prot_CCU73533.1_3084	99.145	117	1	0	1	117	1	117	1.92e-86	243
3426	lcl|HF680312.1_prot_CCU73534.1_3085	99.672	305	1	0	1	305	1	305	0.0	628
3427	lcl|HF680312.1_prot_CCU73536.1_3087	99.674	307	1	0	1	307	1	307	0.0	635
3429	lcl|HF680312.1_prot_CCU73538.1_3089	98.734	158	2	0	1	158	1	158	7.32e-115	318
3430	lcl|HF680312.1_prot_CCU73539.1_3090	99.733	374	1	0	1	374	1	374	0.0	759
3431	lcl|HF680312.1_prot_CCU73540.1_3091	99.537	216	1	0	1	216	1	216	5.81e-162	442
3432	lcl|HF680312.1_prot_CCU73541.1_3092	100.000	371	0	0	1	371	1	371	0.0	756
3433	lcl|HF680312.1_prot_CCU73542.1_3093	100.000	158	0	0	1	158	1	158	6.00e-115	319
3434	lcl|HF680312.1_prot_CCU73543.1_3094	100.000	153	0	0	1	153	1	153	9.49e-114	315
3435	lcl|HF680312.1_prot_CCU73544.1_3095	99.684	316	1	0	1	316	1	316	0.0	649
3436	lcl|HF680312.1_prot_CCU73545.1_3096	100.000	94	0	0	1	94	1	94	9.78e-69	197
3437	lcl|HF680312.1_prot_CCU73546.1_3097	99.571	233	1	0	1	233	1	233	5.59e-175	477
3438	lcl|HF680312.1_prot_CCU73547.1_3098	100.000	86	0	0	1	86	1	86	7.68e-63	181
3439	lcl|HF680312.1_prot_CCU73548.1_3099	100.000	158	0	0	1	158	1	158	1.86e-114	318
3440	lcl|HF680312.1_prot_CCU73549.1_3100	100.000	130	0	0	1	130	1	130	8.13e-97	271
3441	lcl|HF680312.1_prot_CCU73550.1_3101	99.349	461	3	0	1	461	1	461	0.0	931
3442	lcl|HF680312.1_prot_CCU73551.1_3102	100.000	284	0	0	1	284	1	284	0.0	585
3443	lcl|HF680312.1_prot_CCU73552.1_3103	99.648	284	1	0	1	284	1	284	0.0	585
3444	lcl|HF680312.1_prot_CCU73553.1_3104	100.000	485	0	0	1	485	1	485	0.0	1016
3445	lcl|HF680312.1_prot_CCU73554.1_3105	100.000	224	0	0	1	224	1	224	1.42e-171	468
3446	lcl|HF680312.1_prot_CCU73555.1_3106	100.000	537	0	0	1	537	1	537	0.0	1094
3447	lcl|HF680312.1_prot_CCU73556.1_3107	100.000	240	0	0	1	240	1	240	0.0	503
3448	lcl|HF680312.1_prot_CCU73557.1_3108	99.849	662	1	0	1	662	1	662	0.0	1377
3449	lcl|HF680312.1_prot_CCU73559.1_3110	99.062	320	3	0	1	320	1	320	0.0	662
3450	lcl|HF680312.1_prot_CCU73560.1_3111	99.664	298	1	0	1	298	1	298	0.0	620
3451	lcl|HF680312.1_prot_CCU73561.1_3112	100.000	297	0	0	1	297	1	297	0.0	624
3452	lcl|HF680312.1_prot_CCU73562.1_3113	99.450	545	3	0	1	545	1	545	0.0	1119
3453	lcl|HF680312.1_prot_CCU73564.1_3115	99.375	320	2	0	1	320	1	320	0.0	659
3454	lcl|HF680312.1_prot_CCU73565.1_3116	100.000	42	0	0	1	42	1	42	1.35e-24	82.0
3455	lcl|HF680312.1_prot_CCU73566.1_3117	98.571	140	2	0	1	140	1	140	2.67e-96	270
3456	lcl|HF680312.1_prot_CCU73567.1_3118	100.000	136	0	0	1	136	1	136	1.26e-92	261
3457	lcl|HF680312.1_prot_CCU73568.1_3119	99.130	460	4	0	1	460	1	460	0.0	937
3458	lcl|HF680312.1_prot_CCU73569.1_3120	100.000	295	0	0	1	295	1	295	0.0	618
3459	lcl|HF680312.1_prot_CCU73570.1_3121	99.550	222	1	0	1	222	1	222	3.75e-169	461
3460	lcl|HF680312.1_prot_CCU73571.1_3122	100.000	602	0	0	1	602	1	602	0.0	1238
3461	lcl|HF680312.1_prot_CCU73572.1_3123	99.788	471	1	0	1	471	1	471	0.0	972
3462	lcl|HF680312.1_prot_CCU73573.1_3124	100.000	319	0	0	1	319	1	319	0.0	647
3463	lcl|HF680312.1_prot_CCU73574.1_3125	99.213	381	3	0	24	404	1	381	0.0	779
3464	lcl|HF680312.1_prot_CCU73575.1_3126	99.213	127	1	0	71	197	1	127	1.28e-89	255
3465	lcl|HF680312.1_prot_CCU73576.1_3127	100.000	284	0	0	1	284	1	284	0.0	587
3466	lcl|HF680312.1_prot_CCU73577.1_3128	99.545	220	1	0	1	220	7	226	1.26e-164	450
3467	lcl|HF680312.1_prot_CCU73578.1_3129	98.746	319	4	0	1	319	1	319	0.0	622
3468	lcl|HF680312.1_prot_CCU73579.1_3130	99.618	262	1	0	1	262	1	262	0.0	546
3469	lcl|HF680312.1_prot_CCU73580.1_3131	99.123	342	3	0	1	342	1	342	0.0	701
3470	lcl|HF680312.1_prot_CCU73581.1_3132	99.645	564	2	0	1	564	1	564	0.0	1183
3471	lcl|HF680312.1_prot_CCU73582.1_3133	100.000	160	0	0	1	160	1	160	9.50e-120	331
3472	lcl|HF680312.1_prot_CCU73583.1_3134	99.906	1064	1	0	1	1064	1	1064	0.0	2160
3473	lcl|HF680312.1_prot_CCU73584.1_3135	99.529	425	1	1	1	424	1	425	0.0	858
3474	lcl|HF680312.1_prot_CCU73585.1_3136	100.000	152	0	0	1	152	1	152	9.29e-114	315
3475	lcl|HF680312.1_prot_CCU73586.1_3137	99.104	335	3	0	1	335	1	335	0.0	675
3476	lcl|HF680312.1_prot_CCU73587.1_3138	99.359	156	1	0	1	156	1	156	1.62e-108	302
3477	lcl|HF680312.1_prot_CCU73588.1_3139	100.000	130	0	0	126	255	1	130	5.32e-92	264
3478	lcl|HF680312.1_prot_CCU73589.1_3140	99.613	517	2	0	1	517	1	517	0.0	1050
3479	lcl|HF680312.1_prot_CCU73590.1_3141	100.000	185	0	0	1	185	1	185	5.25e-140	384
3480	lcl|HF680312.1_prot_CCU73591.1_3142	100.000	217	0	0	1	217	1	217	8.10e-160	437
3481	lcl|HF680312.1_prot_CCU73592.1_3143	98.347	121	2	0	1	121	1	121	7.54e-87	245
3482	lcl|HF680312.1_prot_CCU73593.1_3144	99.567	231	1	0	1	231	1	231	1.96e-171	468
3483	lcl|HF680312.1_prot_CCU73594.1_3145	99.437	355	2	0	1	355	1	355	0.0	717
3484	lcl|HF680312.1_prot_CCU73595.1_3146	99.197	249	2	0	1	249	1	249	0.0	504
3485	lcl|HF680312.1_prot_CCU73596.1_3147	99.767	858	2	0	1	858	1	858	0.0	1772
3486	lcl|HF680312.1_prot_CCU73597.1_3148	100.000	123	0	0	1	123	1	123	8.17e-92	258
3487	lcl|HF680312.1_prot_CCU73598.1_3149	99.776	447	1	0	1	447	1	447	0.0	905
3488	lcl|HF680312.1_prot_CCU73599.1_3150	99.454	183	1	0	1	183	1	183	7.83e-132	363
3489	lcl|HF680312.1_prot_CCU73600.1_3151	99.375	160	1	0	1	160	1	160	5.70e-118	327
3490	lcl|HF680312.1_prot_CCU73601.1_3152	100.000	192	0	0	1	192	1	192	7.99e-143	392
3491	lcl|HF680312.1_prot_CCU73602.1_3153	99.200	500	4	0	1	500	1	500	0.0	1019
3492	lcl|HF680312.1_prot_CCU73603.1_3154	99.070	215	2	0	1	215	1	215	4.19e-161	440
3493	lcl|HF680312.1_prot_CCU73604.1_3155	100.000	183	0	0	1	183	1	183	1.58e-131	363
3494	lcl|HF680312.1_prot_CCU73605.1_3156	100.000	69	0	0	1	69	1	69	5.32e-49	145
3495	lcl|HF680312.1_prot_CCU73606.1_3157	98.912	735	8	0	1	735	1	735	0.0	1497
3496	lcl|HF680312.1_prot_CCU73607.1_3158	98.758	161	2	0	1	161	1	161	4.63e-112	312
3497	lcl|HF680312.1_prot_CCU73608.1_3159	99.111	225	2	0	1	225	1	225	9.63e-163	445
3498	lcl|HF680312.1_prot_CCU73609.1_3160	100.000	185	0	0	20	204	1	185	1.23e-138	382
3499	lcl|HF680312.1_prot_CCU73610.1_3161	99.774	443	1	0	4	446	1	443	0.0	905
3500	lcl|HF680312.1_prot_CCU73611.1_3162	99.619	525	2	0	1	525	5	529	0.0	1079
3501	lcl|HF680312.1_prot_CCU73612.1_3163	99.841	627	1	0	1	627	1	627	0.0	1295
3502	lcl|HF680312.1_prot_CCU73613.1_3164	100.000	291	0	0	1	291	1	291	0.0	588
3503	lcl|HF680312.1_prot_CCU73614.1_3165	98.765	81	1	0	1	81	1	81	7.54e-54	158
3504	lcl|HF680312.1_prot_CCU73615.1_3166	100.000	225	0	0	28	252	1	225	4.03e-161	442
3505	lcl|HF680312.1_prot_CCU73616.1_3167	100.000	328	0	0	1	328	1	328	0.0	667
3506	lcl|HF680312.1_prot_CCU73617.1_3168	98.947	190	2	0	1	190	1	190	1.95e-140	386
3507	lcl|HF680312.1_prot_CCU73618.1_3169	99.587	242	1	0	1	242	1	242	0.0	498
3508	lcl|HF680312.1_prot_CCU73619.1_3170	99.099	222	2	0	1	222	1	222	6.55e-163	445
3509	lcl|HF680312.1_prot_CCU73620.1_3171	100.000	456	0	0	1	456	1	456	0.0	931
3510	lcl|HF680312.1_prot_CCU73621.1_3172	99.187	123	1	0	1	123	1	123	2.99e-87	246
3511	lcl|HF680312.1_prot_CCU73622.1_3173	100.000	89	0	0	1	89	1	89	1.93e-58	171
3512	lcl|HF680312.1_prot_CCU73623.1_3174	100.000	161	0	0	1	161	1	161	1.50e-117	326
3513	lcl|HF680312.1_prot_CCU73624.1_3175	99.402	502	3	0	1	502	1	502	0.0	971
3514	lcl|HF680312.1_prot_CCU73625.1_3176	100.000	125	0	0	1	125	1	125	3.01e-86	244
3515	lcl|HF680312.1_prot_CCU73626.1_3177	99.573	936	4	0	1	936	1	936	0.0	1850
3516	lcl|HF680312.1_prot_CCU73627.1_3178	100.000	354	0	0	1	354	7	360	0.0	735
3518	lcl|HF680312.1_prot_CCU73629.1_3180	99.364	472	3	0	1	472	1	472	0.0	961
3519	lcl|HF680312.1_prot_CCU73630.1_3181	99.798	1483	3	0	1	1483	1	1483	0.0	3065
3520	lcl|HF680312.1_prot_CCU73631.1_3182	99.170	482	4	0	1	482	1	482	0.0	962
3521	lcl|HF680312.1_prot_CCU73632.1_3183	99.449	363	2	0	1	363	1	363	0.0	736
3522	lcl|HF680312.1_prot_CCU73633.1_3184	100.000	120	0	0	53	172	1	120	2.25e-86	246
3523	lcl|HF680312.1_prot_CCU73634.1_3185	99.714	699	2	0	1	699	1	699	0.0	1398
3524	lcl|HF680312.1_prot_CCU73635.1_3186	100.000	179	0	0	1	179	1	179	3.84e-133	367
3525	lcl|HF680312.1_prot_CCU73636.1_3187	99.528	212	1	0	1	212	1	212	2.83e-158	433
3526	lcl|HF680312.1_prot_CCU73637.1_3188	100.000	184	0	0	1	184	1	184	2.02e-135	373
3527	lcl|HF680312.1_prot_CCU73638.1_3189	100.000	365	0	0	1	365	1	365	0.0	738
3528	lcl|HF680312.1_prot_CCU73639.1_3190	99.653	864	3	0	1	864	1	864	0.0	1772
3529	lcl|HF680312.1_prot_CCU73640.1_3191	99.786	467	1	0	1	467	1	467	0.0	961
3530	lcl|HF680312.1_prot_CCU73641.1_3192	99.756	409	1	0	1	409	1	409	0.0	840
3531	lcl|HF680312.1_prot_CCU73642.1_3193	98.731	394	5	0	29	422	1	394	0.0	815
3532	lcl|HF680312.1_prot_CCU73643.1_3194	98.661	448	6	0	28	475	2	449	0.0	902
3533	lcl|HF680312.1_prot_CCU73644.1_3195	99.123	114	1	0	1	114	1	114	1.21e-83	236
3534	lcl|HF680312.1_prot_CCU73645.1_3196	99.286	420	3	0	1	420	1	420	0.0	852
3535	lcl|HF680312.1_prot_CCU73181.1_2732	97.319	373	10	0	1	373	174	546	0.0	751
3535	lcl|HF680312.1_prot_CCU70870.1_421	93.194	191	13	0	1	191	174	364	1.29e-120	355
3535	lcl|HF680312.1_prot_CCU73188.1_2739	90.957	188	17	0	1	188	42	229	3.29e-118	344
3535	lcl|HF680312.1_prot_CCU71297.1_848	91.758	182	15	0	1	182	174	355	6.77e-103	310
3535	lcl|HF680312.1_prot_CCU73191.1_2742	93.333	75	5	0	56	130	1	75	5.07e-43	141
3536	lcl|HF680312.1_prot_CCU73182.1_2733	99.346	153	1	0	1	153	1	153	1.34e-111	310
3537	lcl|HF680312.1_prot_CCU73183.1_2734	100.000	94	0	0	1	94	1	94	8.69e-68	194
3538	lcl|HF680312.1_prot_CCU73181.1_2732	98.758	161	2	0	1	161	45	205	3.97e-116	336
3538	lcl|HF680312.1_prot_CCU71297.1_848	93.168	161	11	0	1	161	45	205	5.92e-108	315
3538	lcl|HF680312.1_prot_CCU70870.1_421	92.547	161	12	0	1	161	45	205	6.43e-106	309
3538	lcl|HF680312.1_prot_CCU71285.1_836	91.608	143	12	0	1	143	45	187	2.82e-95	271
3538	lcl|HF680312.1_prot_CCU73184.1_2735	97.849	93	2	0	1	93	1	93	1.10e-65	192
3538	lcl|HF680312.1_prot_CCU73188.1_2739	97.260	73	2	0	89	161	1	73	2.34e-46	152
3539	lcl|HF680312.1_prot_CCU73181.1_2732	91.034	145	10	2	1	145	229	370	8.21e-82	253
3539	lcl|HF680312.1_prot_CCU73188.1_2739	94.656	131	7	0	1	131	97	227	3.82e-81	246
3539	lcl|HF680312.1_prot_CCU70870.1_421	95.276	127	6	0	1	127	229	355	1.56e-77	242
3539	lcl|HF680312.1_prot_CCU73191.1_2742	92.000	75	6	0	1	75	1	75	3.19e-43	139
3543	lcl|HF680312.1_prot_CCU72379.1_1930	94.857	175	9	0	1	175	203	377	1.59e-115	338
3543	lcl|HF680312.1_prot_CCU72379.1_1930	95.789	95	4	0	292	386	1	95	2.27e-53	178
3544	lcl|HF680312.1_prot_CCU71593.1_1144	98.667	75	1	0	1	75	89	163	1.45e-49	153
3544	lcl|HF680312.1_prot_CCU71654.1_1205	98.667	75	1	0	1	75	89	163	1.69e-49	152
3544	lcl|HF680312.1_prot_CCU71934.1_1485	98.667	75	1	0	1	75	89	163	3.92e-49	152
3544	lcl|HF680312.1_prot_TOL_1866_1833	98.507	67	1	0	1	67	89	155	6.27e-45	138
3544	lcl|HF680312.1_prot_CCU71223.1_774	100.000	36	0	0	1	36	89	124	1.13e-20	77.0
3546	lcl|HF680312.1_prot_CCU71696.1_1247	100.000	94	0	0	1	94	1798	1891	4.96e-53	174
3546	lcl|HF680312.1_prot_CCU71696.1_1247	98.936	94	1	0	1	94	1224	1317	8.50e-52	170
3546	lcl|HF680312.1_prot_CCU71696.1_1247	95.745	94	4	0	1	94	1552	1645	1.66e-51	169
3546	lcl|HF680312.1_prot_CCU71696.1_1247	95.745	94	4	0	1	94	896	989	6.59e-51	167
3546	lcl|HF680312.1_prot_CCU71696.1_1247	94.624	93	5	0	2	94	569	661	9.19e-49	161
3546	lcl|HF680312.1_prot_CCU71696.1_1247	92.473	93	7	0	2	94	405	497	5.07e-48	159
3546	lcl|HF680312.1_prot_CCU71696.1_1247	94.624	93	5	0	2	94	1963	2055	5.37e-48	159
3546	lcl|HF680312.1_prot_CCU71696.1_1247	94.624	93	5	0	2	94	2127	2219	5.37e-48	159
3546	lcl|HF680312.1_prot_CCU71696.1_1247	93.548	93	6	0	2	94	1881	1973	7.05e-48	159
3546	lcl|HF680312.1_prot_CCU71696.1_1247	93.548	93	6	0	2	94	1307	1399	2.22e-47	157
3546	lcl|HF680312.1_prot_CCU71696.1_1247	92.473	93	7	0	2	94	651	743	3.67e-47	157
3546	lcl|HF680312.1_prot_CCU71696.1_1247	92.473	93	7	0	2	94	733	825	6.50e-47	156
3546	lcl|HF680312.1_prot_CCU71696.1_1247	92.473	93	7	0	2	94	1061	1153	6.70e-47	156
3546	lcl|HF680312.1_prot_CCU71696.1_1247	91.398	93	8	0	2	94	1389	1481	7.24e-47	156
3546	lcl|HF680312.1_prot_CCU71696.1_1247	91.398	93	8	0	2	94	2045	2137	7.24e-47	156
3546	lcl|HF680312.1_prot_CCU71696.1_1247	92.473	93	7	0	2	94	1635	1727	1.95e-46	155
3546	lcl|HF680312.1_prot_CCU71696.1_1247	91.398	93	8	0	2	94	2209	2301	4.53e-46	154
3547	lcl|HF680312.1_prot_CCU71715.1_1266	100.000	55	0	0	1	55	83	137	8.00e-32	110
3547	lcl|HF680312.1_prot_CCU73517.1_3068	90.909	55	5	0	1	55	76	130	9.06e-28	99.8
3547	lcl|HF680312.1_prot_CCU70866.1_417	90.909	55	5	0	1	55	83	137	9.96e-28	99.4
3547	lcl|HF680312.1_prot_CCU73876.1_3427	90.909	55	5	0	1	55	83	137	1.03e-27	99.4
3547	lcl|HF680312.1_prot_CCU73197.1_2748	90.909	55	5	0	1	55	83	137	1.03e-27	99.4
3547	lcl|HF680312.1_prot_CCU73034.1_2585	90.909	55	5	0	1	55	83	137	1.03e-27	99.4
3548	lcl|HF680312.1_prot_CCU73877.1_3428	97.458	118	3	0	1	118	1	118	2.14e-85	241
3548	lcl|HF680312.1_prot_CCU73714.1_3265	97.458	118	3	0	1	118	1	118	2.14e-85	241
3548	lcl|HF680312.1_prot_CCU73516.1_3067	97.458	118	3	0	1	118	1	118	2.14e-85	241
3548	lcl|HF680312.1_prot_CCU73196.1_2747	97.458	118	3	0	1	118	1	118	2.14e-85	241
3548	lcl|HF680312.1_prot_CCU73035.1_2586	97.458	118	3	0	1	118	1	118	2.14e-85	241
3548	lcl|HF680312.1_prot_CCU71716.1_1267	97.458	118	3	0	1	118	1	118	2.14e-85	241
3548	lcl|HF680312.1_prot_CCU70976.1_527	97.458	118	3	0	1	118	1	118	2.14e-85	241
3548	lcl|HF680312.1_prot_CCU70867.1_418	97.458	118	3	0	1	118	1	118	2.14e-85	241
3548	lcl|HF680312.1_prot_CCU72673.1_2224	96.610	118	4	0	1	118	1	118	1.61e-84	239
3549	lcl|HF680312.1_prot_CCU73715.1_3266	97.619	42	1	0	1	42	58	99	2.61e-23	80.5
3549	lcl|HF680312.1_prot_CCU73036.1_2587	97.619	42	1	0	1	42	58	99	2.61e-23	80.5
3549	lcl|HF680312.1_prot_CCU73878.1_3429	92.857	42	3	0	1	42	58	99	1.32e-21	76.3
3549	lcl|HF680312.1_prot_CCU73515.1_3066	92.857	42	3	0	1	42	58	99	1.32e-21	76.3
3549	lcl|HF680312.1_prot_CCU73195.1_2746	92.857	42	3	0	1	42	58	99	1.32e-21	76.3
3549	lcl|HF680312.1_prot_CCU71717.1_1268	92.857	42	3	0	1	42	58	99	1.32e-21	76.3
3549	lcl|HF680312.1_prot_CCU70977.1_528	92.857	42	3	0	1	42	58	99	1.32e-21	76.3
3549	lcl|HF680312.1_prot_CCU70868.1_419	92.857	42	3	0	1	42	58	99	1.32e-21	76.3
3549	lcl|HF680312.1_prot_CCU72674.1_2225	90.476	42	4	0	1	42	58	99	6.95e-21	74.3
3551	lcl|HF680312.1_prot_TOL_1866_1833	97.468	79	2	0	1	79	1	79	3.03e-54	162
3551	lcl|HF680312.1_prot_CCU71934.1_1485	97.468	79	2	0	1	79	1	79	2.35e-53	163
3551	lcl|HF680312.1_prot_CCU71593.1_1144	94.937	79	4	0	1	79	1	79	3.22e-51	158
3551	lcl|HF680312.1_prot_CCU71654.1_1205	91.139	79	7	0	1	79	1	79	4.41e-51	156
3551	lcl|HF680312.1_prot_CCU71223.1_774	92.405	79	6	0	1	79	1	79	4.53e-51	154
3552	lcl|HF680312.1_prot_CCU71653.1_1204	99.160	119	1	0	1	119	1	119	1.43e-83	236
3552	lcl|HF680312.1_prot_CCU71933.1_1484	98.319	119	2	0	1	119	1	119	4.19e-83	235
3552	lcl|HF680312.1_prot_CCU71592.1_1143	98.319	119	2	0	1	119	1	119	4.19e-83	235
3552	lcl|HF680312.1_prot_CCU72283.1_1834	98.319	119	2	0	1	119	1	119	5.11e-83	235
3552	lcl|HF680312.1_prot_CCU71865.1_1416	98.387	62	1	0	1	62	1	62	4.31e-42	130
3552	lcl|HF680312.1_prot_CCU71222.1_773	98.485	66	1	0	54	119	7	72	3.17e-40	125
3552	lcl|HF680312.1_prot_CCU71866.1_1417	97.674	43	1	0	1	43	1	43	8.25e-27	90.9
3555	lcl|HF680312.1_prot_CCU71593.1_1144	95.122	82	4	0	1	82	187	268	4.24e-55	168
3555	lcl|HF680312.1_prot_CCU71934.1_1485	98.551	69	1	0	1	69	187	255	1.28e-46	146
3555	lcl|HF680312.1_prot_CCU71654.1_1205	97.297	37	1	0	1	37	187	223	1.09e-21	81.3
3561	lcl|HF680312.1_prot_CCU71593.1_1144	94.118	34	2	0	1	34	235	268	5.39e-19	72.8
3563	lcl|HF680312.1_prot_CCU72281.1_1832	99.533	214	1	0	1	214	1	214	6.53e-161	444
3563	lcl|HF680312.1_prot_CCU72583.1_2134	99.065	214	2	0	1	214	1	214	2.02e-160	443
3563	lcl|HF680312.1_prot_CCU72786.1_2337	98.598	214	3	0	1	214	1	214	3.85e-160	442
3563	lcl|HF680312.1_prot_CCU71221.1_772	97.196	214	6	0	1	214	1	214	2.37e-157	436
3564	lcl|HF680312.1_prot_CCU73856.1_3407	100.000	172	0	0	1	172	92	263	2.24e-121	345
3564	lcl|HF680312.1_prot_CCU73854.1_3405	98.837	172	2	0	1	172	92	263	2.37e-120	342
3564	lcl|HF680312.1_prot_CCU73842.1_3393	98.256	172	3	0	1	172	92	263	1.20e-119	341
3566	lcl|HF680312.1_prot_CCU73711.1_3262	98.901	91	1	0	1	91	1	91	3.12e-63	183
3566	lcl|HF680312.1_prot_CCU73193.1_2744	98.901	91	1	0	1	91	1	91	3.12e-63	183
3566	lcl|HF680312.1_prot_CCU72959.1_2510	98.901	91	1	0	1	91	1	91	3.12e-63	183
3566	lcl|HF680312.1_prot_CCU72581.1_2132	98.901	91	1	0	1	91	1	91	3.12e-63	183
3566	lcl|HF680312.1_prot_CCU72347.1_1898	98.901	91	1	0	1	91	1	91	3.12e-63	183
3566	lcl|HF680312.1_prot_CCU72336.1_1887	98.901	91	1	0	1	91	1	91	3.12e-63	183
3566	lcl|HF680312.1_prot_CCU71762.1_1313	98.901	91	1	0	1	91	1	91	3.12e-63	183
3566	lcl|HF680312.1_prot_CCU70460.1_11	98.901	91	1	0	1	91	1	91	3.12e-63	183
3567	lcl|HF680312.1_prot_CCU70866.1_417	97.222	36	1	0	1	36	105	140	6.82e-18	70.5
3567	lcl|HF680312.1_prot_CCU73517.1_3068	97.222	36	1	0	1	36	98	133	7.03e-18	70.5
3567	lcl|HF680312.1_prot_CCU70975.1_526	97.222	36	1	0	1	36	98	133	7.38e-18	70.5
3567	lcl|HF680312.1_prot_CCU73713.1_3264	97.222	36	1	0	1	36	98	133	7.67e-18	70.5
3567	lcl|HF680312.1_prot_CCU73876.1_3427	97.222	36	1	0	1	36	105	140	7.82e-18	70.5
3567	lcl|HF680312.1_prot_CCU73197.1_2748	97.222	36	1	0	1	36	105	140	7.82e-18	70.5
3567	lcl|HF680312.1_prot_CCU73034.1_2585	97.222	36	1	0	1	36	105	140	7.82e-18	70.5
3567	lcl|HF680312.1_prot_CCU72672.1_2223	97.222	36	1	0	1	36	105	140	9.69e-18	70.1
3567	lcl|HF680312.1_prot_CCU71715.1_1266	91.667	36	3	0	1	36	105	140	1.85e-16	66.6
3568	lcl|HF680312.1_prot_CCU73856.1_3407	99.259	135	1	0	1	135	1	135	2.98e-97	282
3568	lcl|HF680312.1_prot_CCU73854.1_3405	99.259	135	1	0	1	135	1	135	3.11e-97	282
3568	lcl|HF680312.1_prot_CCU73842.1_3393	99.259	135	1	0	1	135	1	135	3.55e-97	282
3569	lcl|HF680312.1_prot_CCU73855.1_3406	99.425	696	4	0	1	696	1	696	0.0	1429
3570	lcl|HF680312.1_prot_CCU73856.1_3407	100.000	131	0	0	1	131	277	407	5.54e-91	266
3570	lcl|HF680312.1_prot_CCU73854.1_3405	100.000	131	0	0	1	131	277	407	6.74e-91	266
3570	lcl|HF680312.1_prot_CCU73842.1_3393	100.000	131	0	0	1	131	277	407	7.27e-91	266
3573	lcl|HF680312.1_prot_TOL_1866_1833	100.000	51	0	0	1	51	18	68	1.21e-32	106
3573	lcl|HF680312.1_prot_CCU71934.1_1485	100.000	51	0	0	1	51	18	68	1.21e-31	106
3573	lcl|HF680312.1_prot_CCU71593.1_1144	98.039	51	1	0	1	51	18	68	4.88e-31	105
3573	lcl|HF680312.1_prot_CCU71223.1_774	94.118	51	3	0	1	51	18	68	1.66e-30	100
3574	lcl|HF680312.1_prot_CCU73878.1_3429	100.000	51	0	0	1	51	6	56	1.73e-35	111
3574	lcl|HF680312.1_prot_CCU73515.1_3066	100.000	51	0	0	1	51	6	56	1.73e-35	111
3574	lcl|HF680312.1_prot_CCU73195.1_2746	100.000	51	0	0	1	51	6	56	1.73e-35	111
3574	lcl|HF680312.1_prot_CCU71717.1_1268	100.000	51	0	0	1	51	6	56	1.73e-35	111
3574	lcl|HF680312.1_prot_CCU70977.1_528	100.000	51	0	0	1	51	6	56	1.73e-35	111
3574	lcl|HF680312.1_prot_CCU70868.1_419	100.000	51	0	0	1	51	6	56	1.73e-35	111
3574	lcl|HF680312.1_prot_CCU73715.1_3266	96.078	51	2	0	1	51	6	56	1.38e-33	106
3574	lcl|HF680312.1_prot_CCU73036.1_2587	96.078	51	2	0	1	51	6	56	1.38e-33	106
3574	lcl|HF680312.1_prot_CCU72674.1_2225	94.118	51	3	0	1	51	6	56	5.14e-33	105
3575	lcl|HF680312.1_prot_CCU73876.1_3427	100.000	89	0	0	1	89	376	464	7.58e-58	182
3575	lcl|HF680312.1_prot_CCU73197.1_2748	100.000	89	0	0	1	89	376	464	7.58e-58	182
3575	lcl|HF680312.1_prot_CCU73034.1_2585	100.000	89	0	0	1	89	376	464	7.58e-58	182
3575	lcl|HF680312.1_prot_CCU73713.1_3264	100.000	89	0	0	1	89	369	457	8.29e-58	182
3575	lcl|HF680312.1_prot_CCU73517.1_3068	96.629	89	3	0	1	89	369	457	1.15e-55	176
3575	lcl|HF680312.1_prot_CCU70866.1_417	96.629	89	3	0	1	89	376	464	1.31e-55	176
3575	lcl|HF680312.1_prot_CCU70975.1_526	96.629	89	3	0	1	89	369	457	1.35e-55	176
3575	lcl|HF680312.1_prot_CCU71715.1_1266	96.629	89	3	0	1	89	376	464	1.41e-55	176
3575	lcl|HF680312.1_prot_CCU72672.1_2223	93.258	89	6	0	1	89	376	464	1.22e-53	171
3576	lcl|HF680312.1_prot_CCU71715.1_1266	100.000	59	0	0	1	59	428	486	9.27e-39	130
3576	lcl|HF680312.1_prot_CCU70866.1_417	100.000	59	0	0	1	59	428	486	1.08e-38	130
3576	lcl|HF680312.1_prot_CCU73876.1_3427	100.000	59	0	0	1	59	428	486	1.22e-38	129
3576	lcl|HF680312.1_prot_CCU73197.1_2748	100.000	59	0	0	1	59	428	486	1.22e-38	129
3576	lcl|HF680312.1_prot_CCU73034.1_2585	100.000	59	0	0	1	59	428	486	1.22e-38	129
3576	lcl|HF680312.1_prot_CCU73517.1_3068	100.000	59	0	0	1	59	421	479	1.50e-38	129
3576	lcl|HF680312.1_prot_CCU70975.1_526	100.000	59	0	0	1	59	421	479	1.65e-38	129
3576	lcl|HF680312.1_prot_CCU73713.1_3264	100.000	59	0	0	1	59	421	479	2.02e-38	129
3576	lcl|HF680312.1_prot_CCU72672.1_2223	96.610	59	2	0	1	59	428	486	2.55e-37	126
3578	lcl|HF680312.1_prot_CCU73854.1_3405	100.000	67	0	0	1	67	197	263	4.66e-40	132
3578	lcl|HF680312.1_prot_CCU73842.1_3393	100.000	67	0	0	1	67	197	263	4.66e-40	132
3578	lcl|HF680312.1_prot_CCU73856.1_3407	97.015	67	2	0	1	67	197	263	3.37e-39	129
3580	lcl|HF680312.1_prot_CCU73715.1_3266	100.000	35	0	0	1	35	2	36	5.23e-22	76.6
3580	lcl|HF680312.1_prot_CCU73036.1_2587	100.000	35	0	0	1	35	2	36	5.23e-22	76.6
3580	lcl|HF680312.1_prot_CCU72674.1_2225	100.000	35	0	0	1	35	2	36	6.03e-22	76.6
3580	lcl|HF680312.1_prot_CCU73878.1_3429	97.143	35	1	0	1	35	2	36	3.96e-21	74.7
3580	lcl|HF680312.1_prot_CCU73515.1_3066	97.143	35	1	0	1	35	2	36	3.96e-21	74.7
3580	lcl|HF680312.1_prot_CCU73195.1_2746	97.143	35	1	0	1	35	2	36	3.96e-21	74.7
3580	lcl|HF680312.1_prot_CCU71717.1_1268	97.143	35	1	0	1	35	2	36	3.96e-21	74.7
3580	lcl|HF680312.1_prot_CCU70977.1_528	97.143	35	1	0	1	35	2	36	3.96e-21	74.7
3580	lcl|HF680312.1_prot_CCU70868.1_419	97.143	35	1	0	1	35	2	36	3.96e-21	74.7
3581	lcl|HF680312.1_prot_CCU73715.1_3266	100.000	36	0	0	1	36	1	36	5.67e-23	79.3
3581	lcl|HF680312.1_prot_CCU73036.1_2587	100.000	36	0	0	1	36	1	36	5.67e-23	79.3
3581	lcl|HF680312.1_prot_CCU72674.1_2225	100.000	36	0	0	1	36	1	36	6.83e-23	79.0
3581	lcl|HF680312.1_prot_CCU73878.1_3429	97.222	36	1	0	1	36	1	36	4.03e-22	77.0
3581	lcl|HF680312.1_prot_CCU73515.1_3066	97.222	36	1	0	1	36	1	36	4.03e-22	77.0
3581	lcl|HF680312.1_prot_CCU73195.1_2746	97.222	36	1	0	1	36	1	36	4.03e-22	77.0
3581	lcl|HF680312.1_prot_CCU71717.1_1268	97.222	36	1	0	1	36	1	36	4.03e-22	77.0
3581	lcl|HF680312.1_prot_CCU70977.1_528	97.222	36	1	0	1	36	1	36	4.03e-22	77.0
3581	lcl|HF680312.1_prot_CCU70868.1_419	97.222	36	1	0	1	36	1	36	4.03e-22	77.0
3583	lcl|HF680312.1_prot_TOL_0423_416	100.000	65	0	0	1	65	1	65	1.23e-44	134
3583	lcl|HF680312.1_prot_CCU72337.1_1888	100.000	65	0	0	1	65	120	184	3.31e-44	137
3583	lcl|HF680312.1_prot_CCU73710.1_3261	100.000	65	0	0	1	65	120	184	3.65e-44	137
3583	lcl|HF680312.1_prot_CCU73192.1_2743	100.000	65	0	0	1	65	120	184	3.65e-44	137
3583	lcl|HF680312.1_prot_CCU72958.1_2509	100.000	65	0	0	1	65	120	184	3.65e-44	137
3583	lcl|HF680312.1_prot_CCU72346.1_1897	100.000	65	0	0	1	65	120	184	3.65e-44	137
3583	lcl|HF680312.1_prot_CCU71763.1_1314	100.000	65	0	0	1	65	120	184	3.65e-44	137
3583	lcl|HF680312.1_prot_CCU70461.1_12	100.000	65	0	0	1	65	120	184	3.65e-44	137
3587	lcl|HF680312.1_prot_CCU72379.1_1930	100.000	62	0	0	1	62	97	158	9.37e-35	117
3588	lcl|HF680312.1_prot_CCU73713.1_3264	100.000	123	0	0	1	123	246	368	2.80e-88	263
3588	lcl|HF680312.1_prot_CCU73876.1_3427	100.000	123	0	0	1	123	253	375	3.03e-88	263
3588	lcl|HF680312.1_prot_CCU73197.1_2748	100.000	123	0	0	1	123	253	375	3.03e-88	263
3588	lcl|HF680312.1_prot_CCU73034.1_2585	100.000	123	0	0	1	123	253	375	3.03e-88	263
3588	lcl|HF680312.1_prot_CCU73517.1_3068	99.187	123	1	0	1	123	246	368	9.60e-87	259
3588	lcl|HF680312.1_prot_CCU72672.1_2223	96.748	123	4	0	1	123	253	375	2.18e-85	255
3588	lcl|HF680312.1_prot_CCU70975.1_526	95.122	123	6	0	1	123	246	368	1.45e-83	250
3588	lcl|HF680312.1_prot_CCU70866.1_417	95.122	123	6	0	1	123	253	375	1.87e-83	250
3588	lcl|HF680312.1_prot_CCU71715.1_1266	92.683	123	9	0	1	123	253	375	2.31e-81	245
3589	lcl|HF680312.1_prot_CCU71696.1_1247	100.000	33	0	0	1	33	1237	1269	2.22e-15	63.2
3589	lcl|HF680312.1_prot_CCU71696.1_1247	100.000	33	0	0	1	33	1401	1433	2.22e-15	63.2
3589	lcl|HF680312.1_prot_CCU71696.1_1247	100.000	33	0	0	1	33	1565	1597	2.22e-15	63.2
3589	lcl|HF680312.1_prot_CCU71696.1_1247	100.000	33	0	0	1	33	1647	1679	2.22e-15	63.2
3589	lcl|HF680312.1_prot_CCU71696.1_1247	100.000	33	0	0	1	33	1729	1761	2.22e-15	63.2
3589	lcl|HF680312.1_prot_CCU71696.1_1247	100.000	33	0	0	1	33	1811	1843	2.22e-15	63.2
3589	lcl|HF680312.1_prot_CCU71696.1_1247	100.000	33	0	0	1	33	1975	2007	2.22e-15	63.2
3589	lcl|HF680312.1_prot_CCU71696.1_1247	100.000	33	0	0	1	33	2057	2089	2.22e-15	63.2
3589	lcl|HF680312.1_prot_CCU71696.1_1247	100.000	33	0	0	1	33	2139	2171	2.22e-15	63.2
3589	lcl|HF680312.1_prot_CCU71696.1_1247	100.000	33	0	0	1	33	2221	2253	2.22e-15	63.2
3589	lcl|HF680312.1_prot_CCU71696.1_1247	100.000	33	0	0	1	33	2303	2335	2.22e-15	63.2
3589	lcl|HF680312.1_prot_CCU71696.1_1247	96.970	33	1	0	1	33	745	777	3.19e-15	62.8
3589	lcl|HF680312.1_prot_CCU71696.1_1247	96.970	33	1	0	1	33	1893	1925	3.19e-15	62.8
3589	lcl|HF680312.1_prot_CCU71696.1_1247	96.970	33	1	0	1	33	909	941	5.89e-15	62.0
3589	lcl|HF680312.1_prot_CCU71696.1_1247	96.970	33	1	0	1	33	581	613	9.42e-15	61.6
3589	lcl|HF680312.1_prot_CCU71696.1_1247	96.970	33	1	0	1	33	1073	1105	1.07e-14	61.2
3589	lcl|HF680312.1_prot_CCU71696.1_1247	96.970	33	1	0	1	33	1319	1351	1.10e-14	61.2
3589	lcl|HF680312.1_prot_CCU71696.1_1247	93.939	33	2	0	1	33	827	859	1.53e-14	60.8
3589	lcl|HF680312.1_prot_CCU71696.1_1247	96.970	33	1	0	1	33	1483	1515	2.48e-14	60.5
3589	lcl|HF680312.1_prot_CCU71696.1_1247	93.939	33	2	0	1	33	1155	1187	3.56e-14	60.1
3589	lcl|HF680312.1_prot_CCU71696.1_1247	93.939	33	2	0	1	33	663	695	4.00e-14	59.7
3589	lcl|HF680312.1_prot_CCU71696.1_1247	93.939	33	2	0	1	33	335	367	4.45e-14	59.7
3589	lcl|HF680312.1_prot_CCU71696.1_1247	93.939	33	2	0	1	33	499	531	2.17e-13	57.8
3591	lcl|HF680312.1_prot_CCU71715.1_1266	100.000	173	0	0	1	173	223	395	5.21e-128	367
3591	lcl|HF680312.1_prot_CCU70975.1_526	98.266	173	3	0	1	173	216	388	4.02e-126	362
3591	lcl|HF680312.1_prot_CCU70866.1_417	98.266	173	3	0	1	173	223	395	5.41e-126	362
3591	lcl|HF680312.1_prot_CCU73517.1_3068	95.376	173	8	0	1	173	216	388	5.10e-123	353
3591	lcl|HF680312.1_prot_CCU72672.1_2223	95.954	173	7	0	1	173	223	395	7.54e-123	353
3591	lcl|HF680312.1_prot_CCU73713.1_3264	94.798	173	9	0	1	173	216	388	8.42e-122	350
3591	lcl|HF680312.1_prot_CCU73876.1_3427	94.798	173	9	0	1	173	223	395	9.80e-122	351
3591	lcl|HF680312.1_prot_CCU73197.1_2748	94.798	173	9	0	1	173	223	395	9.80e-122	351
3591	lcl|HF680312.1_prot_CCU73034.1_2585	94.798	173	9	0	1	173	223	395	9.80e-122	351
3592	lcl|HF680312.1_prot_CCU72673.1_2224	100.000	36	0	0	1	36	1	36	1.41e-20	73.6
3592	lcl|HF680312.1_prot_CCU73877.1_3428	100.000	36	0	0	1	36	1	36	2.58e-20	73.2
3592	lcl|HF680312.1_prot_CCU73714.1_3265	100.000	36	0	0	1	36	1	36	2.58e-20	73.2
3592	lcl|HF680312.1_prot_CCU73516.1_3067	100.000	36	0	0	1	36	1	36	2.58e-20	73.2
3592	lcl|HF680312.1_prot_CCU73196.1_2747	100.000	36	0	0	1	36	1	36	2.58e-20	73.2
3592	lcl|HF680312.1_prot_CCU73035.1_2586	100.000	36	0	0	1	36	1	36	2.58e-20	73.2
3592	lcl|HF680312.1_prot_CCU71716.1_1267	100.000	36	0	0	1	36	1	36	2.58e-20	73.2
3592	lcl|HF680312.1_prot_CCU70976.1_527	100.000	36	0	0	1	36	1	36	2.58e-20	73.2
3592	lcl|HF680312.1_prot_CCU70867.1_418	100.000	36	0	0	1	36	1	36	2.58e-20	73.2
3593	lcl|HF680312.1_prot_CCU70975.1_526	100.000	116	0	0	1	116	129	244	2.89e-83	249
3593	lcl|HF680312.1_prot_CCU73517.1_3068	100.000	116	0	0	1	116	129	244	2.92e-83	249
3593	lcl|HF680312.1_prot_CCU73713.1_3264	100.000	116	0	0	1	116	129	244	3.15e-83	249
3593	lcl|HF680312.1_prot_CCU70866.1_417	100.000	116	0	0	1	116	136	251	4.47e-83	249
3593	lcl|HF680312.1_prot_CCU73876.1_3427	100.000	116	0	0	1	116	136	251	5.37e-83	249
3593	lcl|HF680312.1_prot_CCU73197.1_2748	100.000	116	0	0	1	116	136	251	5.37e-83	249
3593	lcl|HF680312.1_prot_CCU73034.1_2585	100.000	116	0	0	1	116	136	251	5.37e-83	249
3593	lcl|HF680312.1_prot_CCU71715.1_1266	96.552	116	4	0	1	116	136	251	7.25e-80	241
3593	lcl|HF680312.1_prot_CCU72672.1_2223	96.552	116	4	0	1	116	136	251	1.16e-79	240
3594	lcl|HF680312.1_prot_CCU71715.1_1266	100.000	42	0	0	1	42	466	507	1.25e-24	90.1
3594	lcl|HF680312.1_prot_CCU73876.1_3427	100.000	42	0	0	1	42	466	507	1.28e-24	90.1
3594	lcl|HF680312.1_prot_CCU73197.1_2748	100.000	42	0	0	1	42	466	507	1.28e-24	90.1
3594	lcl|HF680312.1_prot_CCU73034.1_2585	100.000	42	0	0	1	42	466	507	1.28e-24	90.1
3594	lcl|HF680312.1_prot_CCU70866.1_417	100.000	42	0	0	1	42	466	507	1.41e-24	90.1
3594	lcl|HF680312.1_prot_CCU73713.1_3264	100.000	42	0	0	1	42	459	500	1.98e-24	89.7
3594	lcl|HF680312.1_prot_CCU73517.1_3068	100.000	42	0	0	1	42	459	500	1.98e-24	89.7
3594	lcl|HF680312.1_prot_CCU70975.1_526	100.000	42	0	0	1	42	459	500	2.00e-24	89.4
3594	lcl|HF680312.1_prot_CCU72672.1_2223	97.561	41	1	0	1	41	466	506	1.61e-23	87.0
3595	lcl|HF680312.1_prot_CCU73711.1_3262	100.000	38	0	0	1	38	1	38	2.32e-23	80.1
3595	lcl|HF680312.1_prot_CCU73193.1_2744	100.000	38	0	0	1	38	1	38	2.32e-23	80.1
3595	lcl|HF680312.1_prot_CCU72959.1_2510	100.000	38	0	0	1	38	1	38	2.32e-23	80.1
3595	lcl|HF680312.1_prot_CCU72581.1_2132	100.000	38	0	0	1	38	1	38	2.32e-23	80.1
3595	lcl|HF680312.1_prot_CCU72347.1_1898	100.000	38	0	0	1	38	1	38	2.32e-23	80.1
3595	lcl|HF680312.1_prot_CCU72336.1_1887	100.000	38	0	0	1	38	1	38	2.32e-23	80.1
3595	lcl|HF680312.1_prot_CCU71762.1_1313	100.000	38	0	0	1	38	1	38	2.32e-23	80.1
3595	lcl|HF680312.1_prot_CCU70460.1_11	100.000	38	0	0	1	38	1	38	2.32e-23	80.1
3598	lcl|HF680312.1_prot_CCU73713.1_3264	100.000	48	0	0	1	48	485	532	3.28e-28	100
3598	lcl|HF680312.1_prot_CCU70975.1_526	95.833	48	2	0	1	48	485	532	8.70e-27	96.7
3598	lcl|HF680312.1_prot_CCU73517.1_3068	95.833	48	2	0	1	48	485	532	9.23e-27	96.3
3598	lcl|HF680312.1_prot_CCU71715.1_1266	95.833	48	2	0	1	48	492	539	9.53e-27	96.3
3598	lcl|HF680312.1_prot_CCU70866.1_417	95.833	48	2	0	1	48	492	539	9.72e-27	96.3
3598	lcl|HF680312.1_prot_CCU73876.1_3427	95.833	48	2	0	1	48	492	539	1.12e-26	96.3
3598	lcl|HF680312.1_prot_CCU73197.1_2748	95.833	48	2	0	1	48	492	539	1.12e-26	96.3
3598	lcl|HF680312.1_prot_CCU73034.1_2585	95.833	48	2	0	1	48	492	539	1.12e-26	96.3
3598	lcl|HF680312.1_prot_CCU72672.1_2223	95.833	48	2	0	1	48	492	539	2.43e-26	95.1
3599	lcl|HF680312.1_prot_CCU73877.1_3428	100.000	35	0	0	1	35	38	72	9.44e-22	76.6
3599	lcl|HF680312.1_prot_CCU73714.1_3265	100.000	35	0	0	1	35	38	72	9.44e-22	76.6
3599	lcl|HF680312.1_prot_CCU73516.1_3067	100.000	35	0	0	1	35	38	72	9.44e-22	76.6
3599	lcl|HF680312.1_prot_CCU73196.1_2747	100.000	35	0	0	1	35	38	72	9.44e-22	76.6
3599	lcl|HF680312.1_prot_CCU73035.1_2586	100.000	35	0	0	1	35	38	72	9.44e-22	76.6
3599	lcl|HF680312.1_prot_CCU71716.1_1267	100.000	35	0	0	1	35	38	72	9.44e-22	76.6
3599	lcl|HF680312.1_prot_CCU70976.1_527	100.000	35	0	0	1	35	38	72	9.44e-22	76.6
3599	lcl|HF680312.1_prot_CCU70867.1_418	100.000	35	0	0	1	35	38	72	9.44e-22	76.6
3599	lcl|HF680312.1_prot_CCU72673.1_2224	100.000	35	0	0	1	35	38	72	9.75e-22	76.6
3601	lcl|HF680312.1_prot_CCU71715.1_1266	100.000	63	0	0	1	63	160	222	6.03e-39	130
3601	lcl|HF680312.1_prot_CCU70975.1_526	98.413	63	1	0	1	63	153	215	1.37e-38	129
3601	lcl|HF680312.1_prot_CCU73517.1_3068	98.413	63	1	0	1	63	153	215	1.44e-38	129
3601	lcl|HF680312.1_prot_CCU73713.1_3264	98.413	63	1	0	1	63	153	215	1.64e-38	129
3601	lcl|HF680312.1_prot_CCU70866.1_417	98.413	63	1	0	1	63	160	222	1.81e-38	129
3601	lcl|HF680312.1_prot_CCU73876.1_3427	98.413	63	1	0	1	63	160	222	2.05e-38	129
3601	lcl|HF680312.1_prot_CCU73197.1_2748	98.413	63	1	0	1	63	160	222	2.05e-38	129
3601	lcl|HF680312.1_prot_CCU73034.1_2585	98.413	63	1	0	1	63	160	222	2.05e-38	129
3601	lcl|HF680312.1_prot_CCU72672.1_2223	96.825	63	2	0	1	63	160	222	6.34e-38	128
3601	lcl|HF680312.1_prot_TOL_3319_3260	91.837	49	4	0	1	49	73	121	1.21e-25	93.6
3604	lcl|HF680312.1_prot_CCU71715.1_1266	100.000	48	0	0	1	48	428	475	2.31e-29	103
3604	lcl|HF680312.1_prot_CCU70866.1_417	100.000	48	0	0	1	48	428	475	2.55e-29	103
3604	lcl|HF680312.1_prot_CCU73876.1_3427	100.000	48	0	0	1	48	428	475	2.57e-29	103
3604	lcl|HF680312.1_prot_CCU73197.1_2748	100.000	48	0	0	1	48	428	475	2.57e-29	103
3604	lcl|HF680312.1_prot_CCU73034.1_2585	100.000	48	0	0	1	48	428	475	2.57e-29	103
3604	lcl|HF680312.1_prot_CCU73517.1_3068	100.000	48	0	0	1	48	421	468	3.07e-29	103
3604	lcl|HF680312.1_prot_CCU70975.1_526	100.000	48	0	0	1	48	421	468	3.29e-29	103
3604	lcl|HF680312.1_prot_CCU73713.1_3264	100.000	48	0	0	1	48	421	468	3.33e-29	103
3604	lcl|HF680312.1_prot_CCU72672.1_2223	95.833	48	2	0	1	48	428	475	4.71e-28	100
3605	lcl|HF680312.1_prot_TOL_1866_1833	100.000	52	0	0	1	52	95	146	5.41e-34	109
3605	lcl|HF680312.1_prot_CCU71654.1_1205	100.000	52	0	0	1	52	95	146	2.25e-33	110
3605	lcl|HF680312.1_prot_CCU71593.1_1144	100.000	52	0	0	1	52	95	146	2.51e-33	110
3605	lcl|HF680312.1_prot_CCU71934.1_1485	100.000	52	0	0	1	52	95	146	4.49e-33	110
3605	lcl|HF680312.1_prot_CCU71223.1_774	100.000	30	0	0	1	30	95	124	6.38e-16	63.5
