gene_name	baseMean	log2FoldChange	lfcSE	stat	pvalue	padj
ENSMUSG00000000303.12	Cdh1	2836.81094283902	5.84453072900959	0.143280355217041	40.7908726926052	0	0
ENSMUSG00000025608.9	Podxl	4423.42031954854	8.30267918919519	0.196713910268406	42.206873819277	0	0
ENSMUSG00000054889.10	Dsp	6931.01529159083	4.65093133587838	0.113746061308372	40.8887242545431	0	0
ENSMUSG00000097767.8	Miat	4122.7194700671	6.58410178591504	0.149888846505331	43.926562512314	0	0
ENSMUSG00000045545.8	Krt14	4116.19475676543	9.13487102818209	0.238803633114554	38.2526467836446	3.7588514335602e-320	1.55608929670263e-316
ENSMUSG00000047586.4	Nccrp1	2416.0400149767	7.42786375822095	0.196853585267686	37.7329361216377	1.43290508153016e-311	4.94328371376546e-308
ENSMUSG00000030693.10	Klk10	1286.67797126622	5.43590406058093	0.145745323512758	37.2972794568266	1.81649989547605e-304	5.37139019092269e-301
ENSMUSG00000020758.15	Itgb4	6450.0429620195	4.26744397700044	0.114748775007343	37.1894512749905	1.01057227201184e-302	2.61472943229665e-299
ENSMUSG00000053797.10	Krt16	2378.92161513189	7.99278765590699	0.216827780309955	36.8623782638983	1.85259912224321e-297	4.26077213681246e-294
ENSMUSG00000037820.15	Tgm2	3956.73520272911	4.03171803936943	0.110062325591085	36.6312270590073	9.10827307996223e-294	1.88532144482138e-290
ENSMUSG00000024406.16	Pou5f1	2312.04183391704	4.47741547790125	0.122945177346898	36.4179838080832	2.2106752257837e-290	4.15988786349971e-287
ENSMUSG00000056602.12	Fry	1189.78539376421	5.37159685683975	0.151887504816677	35.3656271022629	5.76725167489068e-274	9.94802853488018e-271
ENSMUSG00000047281.3	Sfn	1063.70447777478	5.25898935623194	0.149385826806126	35.2040716891911	1.73233478000111e-271	2.75827673932638e-268
ENSMUSG00000037185.9	Krt80	1433.84198290772	4.99749863112484	0.143444742343657	34.8391899868461	6.20713118361005e-266	9.17724345496746e-263
ENSMUSG00000027375.14	Mal	3847.63310373655	5.75308421425083	0.165826840031686	34.6933235485374	9.93384296557349e-264	1.37080410362937e-260
ENSMUSG00000026413.12	Pkp1	1674.18479518684	5.51208552163864	0.162214390087471	33.9802499560388	4.36186611852633e-253	5.64289167421104e-250
ENSMUSG00000031995.9	St14	1281.30945734662	6.00822793497156	0.179485051368527	33.4748096800284	1.12123554376125e-245	1.3652032070773e-242
ENSMUSG00000019102.10	Aldh3a1	4329.89298678273	3.75917516612316	0.117774308760819	31.918465119226	1.48040064051925e-223	1.70237849211711e-220
ENSMUSG00000034282.3	Evpl	1270.63752256873	6.82292866797119	0.215609043597224	31.6449094812413	8.91029766990841e-220	9.70706586681233e-217
ENSMUSG00000074796.10	Slc4a11	897.502845159841	4.28170246395803	0.135862185357586	31.5150418984407	5.4051743650453e-218	5.59408520910364e-215
ENSMUSG00000028435.8	Aqp3	1003.93881832749	6.25888263355967	0.199984437646244	31.296848430932	5.15056820397152e-215	5.07674339304793e-212
ENSMUSG00000042793.13	Lgr6	1010.89436045756	4.17912496564781	0.13460026747199	31.0484150153526	1.19846714603413e-211	1.12759415708002e-208
ENSMUSG00000049382.10	Krt8	5900.54078317975	10.8676992903428	0.354166281506304	30.6853019551197	8.94059240608779e-207	8.04614444407005e-204
ENSMUSG00000063450.14	Syne2	2046.66327921776	3.45858795600358	0.11297357287375	30.6141327394206	7.93791150375771e-206	6.84611792567836e-203
ENSMUSG00000022871.13	Fetub	1112.28129361731	6.65137006143256	0.221252890033914	30.0622968604524	1.50807731786367e-198	1.24862769609841e-195
ENSMUSG00000020788.15	Atp2a3	2130.77445165229	8.78604165924096	0.294619803273935	29.8216262505334	2.04879235675253e-195	1.6310751150931e-192
ENSMUSG00000025432.11	Avil	1259.906479312	6.46435971529159	0.218916916867777	29.5288267703677	1.22831786536105e-191	9.41664870189198e-189
ENSMUSG00000061126.5	Cyp4f39	1626.75630693491	8.16559570460803	0.276828735351917	29.4969223271839	3.15287911518558e-191	2.33076588590094e-188
ENSMUSG00000060716.7	Plekhh1	860.921701217517	6.77118982817796	0.238726519194991	28.3637940644846	5.6576612754138e-177	4.03820450826863e-174
ENSMUSG00000003153.10	Slc2a3	1026.39855985628	4.76649291653514	0.169344831505245	28.146668984034	2.63225283329364e-174	1.8161667132115e-171
ENSMUSG00000040703.11	Cyp2s1	1375.83413351054	7.27928483350282	0.261256275803683	27.8626219068235	7.57489671933407e-171	5.05783184495148e-168
ENSMUSG00000048699.4	Krt90	2471.37712249929	9.61094025761927	0.347492396957607	27.6579871725705	2.23705326336198e-168	1.4470239218228e-165
ENSMUSG00000038295.14	Atg9b	634.761920405093	5.23269049878019	0.190542606004589	27.4620496092835	4.98843918070961e-166	3.12896068489419e-163
ENSMUSG00000012350.15	Ehf	1208.781273802	7.69182117600664	0.282554412970881	27.2224422019533	3.52370318693366e-163	2.14520977253941e-160
ENSMUSG00000024421.16	Lama3	661.666697990386	5.82574984802072	0.214736117329	27.129808997594	4.383021998801e-162	2.59211921009091e-159
ENSMUSG00000048373.8	Fgfbp1	881.641007353718	7.23458825740067	0.279877117300949	25.8491595424766	2.48661825666925e-147	1.42973642485547e-144
ENSMUSG00000024331.11	Dsc2	737.196698576095	5.55968336762762	0.219949284850527	25.2771150013326	5.70291181961606e-141	3.19039383119548e-138
ENSMUSG00000043439.5	Epop	662.461832991792	5.1831836066318	0.205149558801461	25.2653899765291	7.67329007686875e-141	4.1797218763449e-138
ENSMUSG00000031297.14	Slc7a3	807.959474388375	3.91267369066411	0.15489413695455	25.2603085410017	8.72609127070743e-141	4.63131700544546e-138
ENSMUSG00000018166.8	Erbb3	701.347465307602	6.82064258025048	0.270494296015883	25.2154765579603	2.71005262606356e-140	1.40238448267224e-137
ENSMUSG00000020911.14	Krt19	1714.47084783247	3.62891807893725	0.144234839625936	25.1597886360092	1.10432455716172e-139	5.57522292894891e-137
ENSMUSG00000074227.12	Spint2	756.435147804175	3.90669726054393	0.15603825508749	25.036791512142	2.4316048650933e-138	1.19837593101348e-135
ENSMUSG00000022123.9	Scel	575.639688969441	4.74964389993238	0.189910161433251	25.0099513585099	4.76478214398972e-138	2.29363315345217e-135
ENSMUSG00000018849.6	Wwc1	1065.03159620916	3.63681502996815	0.145653618639817	24.9689301503833	1.33029417160235e-137	6.25812705863569e-135
ENSMUSG00000115388.2	NA	609.946644150341	6.50437346972978	0.260540874398258	24.9648869289788	1.47183256345541e-137	6.77010271799188e-135
ENSMUSG00000074272.10	Ceacam1	530.270936938031	4.94720134421567	0.198933457585707	24.8686239321219	1.62634597490275e-136	7.31820333358958e-134
ENSMUSG00000022218.16	Tgm1	1177.21078432132	8.46622194312414	0.341549009197513	24.7877221574027	1.2160913655686e-135	5.35571812253288e-133
ENSMUSG00000030494.13	Rhpn2	533.907716522072	5.79073189724436	0.236570038502882	24.4778752790955	2.54166682210736e-132	1.09604086564167e-129
ENSMUSG00000026479.13	Lamc2	666.16016003051	3.26679053650036	0.135078737415227	24.1843431395006	3.25128777028551e-129	1.37343684810489e-126
ENSMUSG00000019866.15	Crybg1	1655.15713220834	2.95569323249239	0.122386599666197	24.1504645161633	7.38319593237498e-129	3.05649545208459e-126
ENSMUSG00000035557.9	Krt17	5647.18736730534	11.8828899636706	0.493661240221368	24.0709397366138	5.03949987929866e-128	2.04534525493339e-125
ENSMUSG00000026639.18	Lamb3	433.833125152017	4.26902305241234	0.1779639265571	23.9881370061961	3.69827755045368e-127	1.47212782724694e-124
ENSMUSG00000038807.19	Rap1gap2	1122.55823408301	2.96846021513389	0.123829388767774	23.9721785326813	5.42608071075924e-127	2.11914046475482e-124
ENSMUSG00000029019.8	Nppb	424.339506629162	5.45080925429544	0.228302839775718	23.8753458329745	5.52491582568227e-126	2.11778208658884e-123
ENSMUSG00000056413.16	Adap1	488.24683788855	5.94411794249381	0.254257941700141	23.3782980494037	7.10618489355809e-121	2.67438038385016e-118
ENSMUSG00000015468.14	Notch4	471.24547049237	5.99046272341109	0.256284557821347	23.3742632577456	7.81039793650694e-121	2.88691833728138e-118
ENSMUSG00000063011.7	Msln	8525.88568333013	1.94745811257764	0.0838368389416286	23.229145291768	2.31170819277695e-119	8.39474524250703e-117
ENSMUSG00000005968.14	Tuft1	903.745002139003	2.8320200419672	0.122270551407727	23.1619143723615	1.10268289070552e-118	3.93524709564028e-116
ENSMUSG00000046410.10	Kcnk6	441.11592520767	4.26941640703309	0.184723470224754	23.1124740231355	3.46872152145709e-118	1.2169333351295e-115
ENSMUSG00000041607.17	Mbp	443.688301015558	5.01816143342319	0.217553138067449	23.0663711771759	1.00770793100765e-117	3.47642441065456e-115
ENSMUSG00000024479.3	Mal2	754.796179757435	7.38555527768853	0.321129989792463	22.9986470041668	4.80888572920794e-117	1.63178894604713e-114
ENSMUSG00000018920.11	Cxcl16	364.332122268857	3.70671799387534	0.163680010354573	22.6461251184286	1.52333722480345e-113	5.08573503487205e-111
ENSMUSG00000042377.8	Fam83g	352.821650107605	4.35575766478583	0.193122287175813	22.5544018170232	1.21571445003187e-112	3.99429736527137e-110
ENSMUSG00000030513.14	Pcsk6	1240.47372493404	2.47544029787328	0.109876661857821	22.5292637764739	2.14491572351462e-112	6.9371266501608e-110
ENSMUSG00000021118.7	Plek2	402.485701200418	5.27430476027338	0.234189258879439	22.5215485351896	2.55290105535082e-112	8.12961522226255e-110
ENSMUSG00000020435.17	Osbp2	379.240079001387	4.64155426507536	0.206567534907748	22.4699116787555	8.17536686156488e-112	2.56396846465957e-109
ENSMUSG00000084128.10	Esrp2	460.024387198283	4.29871620361044	0.19133088447102	22.4674454178961	8.64212540114115e-112	2.66990080116747e-109
ENSMUSG00000026380.10	Tfcp2l1	355.034034013166	4.9056982925388	0.220686045331448	22.229308994916	1.7886647173389e-109	5.44464279179382e-107
ENSMUSG00000024011.17	Pi16	390.579662574639	5.20751086562693	0.235666258973679	22.0969725929605	3.37981695146137e-108	1.01389610258404e-105
ENSMUSG00000002799.6	Jag2	448.504316437008	4.58577492150738	0.207862231787401	22.0616072582038	7.39096470857283e-108	2.18550826432499e-105
ENSMUSG00000044041.4	Krt13	973.374685697705	8.60651623764246	0.391399421238718	21.9890877978414	3.66276601917624e-107	1.06782526522435e-104
ENSMUSG00000044017.16	Adgrd1	444.577508678947	6.28128538885026	0.286050808066791	21.9586353602736	7.16176471745435e-107	2.05890788731372e-104
ENSMUSG00000037411.10	Serpine1	7339.61990157717	-2.11106395301719	0.0962467335008205	-21.9338763637022	1.23449518376905e-106	3.50038572723775e-104
ENSMUSG00000068876.16	Cgn	639.838437801415	7.58089634683569	0.3464292134573	21.8829592088373	3.77534185742505e-106	1.05602433928164e-103
ENSMUSG00000038732.15	Mboat1	761.088570329709	2.97864059260644	0.136709063077692	21.7881720900514	3.0040432625846e-105	8.29075886563181e-103
ENSMUSG00000025813.14	Homer2	500.562139616853	3.09390947361456	0.142328630572205	21.7377871281139	9.01411362317409e-105	2.45504128797474e-102
ENSMUSG00000026110.15	Mgat4a	403.07963501823	3.49137495753425	0.160983880586375	21.6877301306014	2.67882343827971e-104	7.20116446090282e-102
ENSMUSG00000056724.15	Nbeal2	632.396323746463	3.20549403230021	0.148697268835764	21.5571816308252	4.53390619880207e-103	1.20317082575646e-100
ENSMUSG00000063727.3	Tnfrsf11b	1672.24380518338	-2.42183106413529	0.11238842320277	-21.5487591614827	5.4384941463368e-103	1.4249543080383e-100
ENSMUSG00000033987.16	Dnah17	765.803606967142	4.69205312373879	0.218886616034589	21.4359982750035	6.16964243969428e-102	1.5963178607404e-99
ENSMUSG00000003526.12	Prodh	346.916888069787	4.9371453848331	0.231095667319527	21.3640759348668	2.88505185545343e-101	7.37255411802847e-99
ENSMUSG00000022665.15	Ccdc80	16097.6758627879	-1.66689023053114	0.0782266597083465	-21.3084674297206	9.47461400838052e-101	2.39164677267644e-98
ENSMUSG00000003279.17	Dlgap1	470.409524049134	6.64522056865282	0.313018202943453	21.2295020103137	5.10000586150257e-100	1.27186772683424e-97
ENSMUSG00000000308.14	Ckmt1	377.307800385787	6.08307678066939	0.28660414974413	21.2246640046913	5.65288114322022e-100	1.39296412837518e-97
ENSMUSG00000033644.5	Piwil2	535.120694062394	7.25036956352583	0.341625813239438	21.2231315156627	5.84018591580802e-100	1.42218833260365e-97
ENSMUSG00000023043.7	Krt18	433.635499600692	6.16062253868241	0.293551290871528	20.9865285224673	8.70780348184518e-98	2.0958467938455e-95
ENSMUSG00000022055.7	Nefl	430.696176852887	5.57901224435957	0.2659211447782	20.9799497103283	9.99991389584847e-98	2.37917491643871e-95
ENSMUSG00000041439.15	Mfsd6	889.183679743384	2.84868873415835	0.136130653834002	20.926137162553	3.0959187697913e-97	7.2820934790807e-95
ENSMUSG00000044646.15	Zbtb7c	637.804650122459	3.26750432543901	0.156949931747705	20.8187686930089	2.92607999550331e-96	6.80527301426102e-94
ENSMUSG00000016028.11	Celsr1	383.567650528517	6.34794151390647	0.305031123617197	20.810799365749	3.45535288262868e-96	7.9469277019479e-94
ENSMUSG00000017861.11	Mybl2	456.089807715368	3.3264710726239	0.16006034773763	20.7826055587273	6.21901972318576e-96	1.41458779395848e-93
ENSMUSG00000029832.16	Nfe2l3	326.535937853259	4.89280416842524	0.235980252269341	20.7339560042538	1.7112792346655e-95	3.85019226938491e-93
ENSMUSG00000021678.9	F2rl1	345.35910200879	4.2197696947097	0.203981367806503	20.6870349977875	4.53240905906584e-95	1.00877779692047e-92
ENSMUSG00000057963.9	Itpk1	695.808524492722	3.18796480245636	0.154665787257272	20.6119585914206	2.14379455654042e-94	4.72068122615214e-92
ENSMUSG00000041362.17	Shtn1	466.509953423601	3.37960859115381	0.164462170749163	20.5494587342422	7.78260733481544e-94	1.69570725498258e-91
ENSMUSG00000025582.4	Nptx1	426.264552012361	3.10579264015906	0.151346438504586	20.5210817700539	1.39571989792871e-93	3.00937564241941e-91
ENSMUSG00000028179.12	Cth	532.17838779811	3.04130079855729	0.148319792772643	20.5050232454089	1.94176793367768e-93	4.14357262465921e-91
ENSMUSG00000030353.15	Tead4	648.004733108758	2.66646136332771	0.130058619536235	20.5019965061587	2.06639298638332e-93	4.36451718623962e-91
ENSMUSG00000024812.11	Tjp2	1862.18406674788	2.05357094450412	0.100205883996349	20.493516574126	2.45969142534458e-93	5.14274270840479e-91
ENSMUSG00000030093.7	Wnt7a	370.132623222117	6.52202027766441	0.319107686329699	20.4383051774125	7.63446165314482e-93	1.58025721758445e-90
ENSMUSG00000071847.13	Apcdd1	988.581629801044	2.16504563537723	0.106040232291179	20.4172094741567	1.17592261805584e-92	2.40994279912256e-90
ENSMUSG00000039457.4	Ppl	329.160569170904	3.88102303866852	0.190751844168339	20.3459266964859	5.0449543778702e-92	1.02377951634839e-89
ENSMUSG00000028128.13	F3	1810.1886931614	-2.09142538848668	0.102842627884027	-20.3361721838256	6.15511160992425e-92	1.23693840013419e-89
ENSMUSG00000022865.14	Cxadr	1036.29938230279	3.41154901565866	0.167847160180993	20.3253305684762	7.67702261151145e-92	1.52794895226611e-89
ENSMUSG00000102752.1	Gm7694	294.918693588623	4.09864568797788	0.202152289749977	20.2750396399027	2.13619741957797e-91	4.21115717979471e-89
ENSMUSG00000053030.11	Spink2	725.625915380488	8.18097374819795	0.404240497973786	20.2378875674363	4.54224870133398e-91	8.86981187442566e-89
ENSMUSG00000029154.13	Cwh43	746.56528322245	8.32096151926851	0.411823569352132	20.2051609925065	8.81816686809596e-91	1.70586201871699e-88
ENSMUSG00000019996.17	Map7	308.31488713381	4.8055076988871	0.238042533199568	20.1876010740413	1.25827403505551e-90	2.41157539366797e-88
ENSMUSG00000022102.13	Dok2	308.410747709027	5.62083067655242	0.278529029114726	20.1804124130889	1.45526989535991e-90	2.76354418018851e-88
ENSMUSG00000021182.16	Ccdc88c	303.965378014018	4.02355250494097	0.199478111136113	20.1703960500985	1.78205929860151e-90	3.3533495837957e-88
ENSMUSG00000022346.16	Myc	4868.87639653867	2.52689506732231	0.12547520408545	20.1386009749104	3.38770701080218e-90	6.31731057807156e-88
ENSMUSG00000028434.12	Epb41l4b	987.677127656564	2.52397351459391	0.125998817451236	20.0317238340014	2.91394573438708e-89	5.38533596036412e-87
ENSMUSG00000042216.13	Sgsm1	366.564434737826	3.35297590636681	0.167533298282445	20.0137879498678	4.17671593398737e-89	7.65078257677917e-87
ENSMUSG00000029449.11	Rhof	352.197039000021	3.81381057990856	0.190635516075871	20.0057715289039	4.90537107390536e-89	8.90669086480412e-87
ENSMUSG00000024965.9	Fermt3	352.174482346813	5.43419822696666	0.272473281619814	19.9439673301586	1.69105945846855e-88	3.04375997659483e-86
ENSMUSG00000085925.3	Rtl1	339.093641436382	3.26093982669801	0.16470198197471	19.7990320917857	3.03468569283821e-87	5.41508268586708e-85
ENSMUSG00000031075.19	Ano1	2040.05049119096	1.837526988903	0.0929343965710777	19.7723023627493	5.1568066988387e-87	9.12314032985148e-85
ENSMUSG00000092586.8	Ly6g6c	2392.87689988636	11.0061741243818	0.563652952470722	19.526508423556	6.53581635933233e-85	1.14648188832051e-82
ENSMUSG00000028954.11	Nub1	2709.99257983945	1.81211154945125	0.0928835318149017	19.5095030738326	9.11639575393061e-85	1.58571660261017e-82
ENSMUSG00000027456.8	Sdcbp2	292.163469540397	5.89956277761806	0.30517655260952	19.331638447226	2.91027506347456e-83	5.01998196157166e-81
ENSMUSG00000026638.15	Irf6	457.449599649469	7.32990056877105	0.379380814593135	19.3206938432877	3.5978201633168e-83	6.15465120334664e-81
ENSMUSG00000044737.6	Klk14	437.395696794253	7.18280555282779	0.372143574805299	19.3011677188992	5.25091097400546e-83	8.90890215171632e-81
ENSMUSG00000025481.12	Urah	250.309185179119	4.61765168465339	0.239286992088018	19.2975457811549	5.63213915249819e-83	9.47802018841951e-81
ENSMUSG00000035852.11	Misp	767.162925580203	8.71107935346775	0.452765141080258	19.2397306309489	1.72100423366131e-82	2.87282795423834e-80
ENSMUSG00000002384.2	Bmp8b	250.286397741751	4.44826906671152	0.231303874065926	19.2312778360283	2.02574765146674e-82	3.35447605101681e-80
ENSMUSG00000033491.13	Prss35	661.813071329775	2.67744597226008	0.139358242624199	19.2126846739897	2.89880439768174e-82	4.76209144663606e-80
ENSMUSG00000040152.8	Thbs1	95092.4165663864	-1.87362792212872	0.097777671349796	-19.1621246064031	7.66784639766074e-82	1.24973820933212e-79
ENSMUSG00000006310.10	Zbtb32	296.292231050101	5.64379800485269	0.295697539310743	19.0863881316297	3.27655750672353e-81	5.29855186184925e-79
ENSMUSG00000027377.2	Mall	380.009830267653	7.06056814436225	0.370649868093352	19.0491586593091	6.67666331412952e-81	1.07131979797804e-78
ENSMUSG00000034382.14	AI661453	239.830321294801	4.17244782200296	0.219282739135916	19.027707508783	1.00556558627015e-80	1.60109246693892e-78
ENSMUSG00000052180.15	Serpinb6c	292.823050542123	4.70444947570132	0.247596928161961	19.0004355491195	1.69135101156017e-80	2.67246370902932e-78
ENSMUSG00000003283.15	Hck	359.547845163086	3.5182096521406	0.185883483960325	18.9269620795978	6.83946525674689e-80	1.07250069204094e-77
ENSMUSG00000030168.13	Adipor2	2459.77137053929	2.07938068574152	0.10988140015253	18.9238641194512	7.25363350820943e-80	1.12889443598817e-77
ENSMUSG00000031298.15	Adgrg2	2017.88596041459	-1.94584957384306	0.10296054381884	-18.89898306352	1.16271991909286e-79	1.79605519442561e-77
ENSMUSG00000042367.12	Gjb3	553.080328161449	3.16410118243066	0.16800120478516	18.8338005461147	3.99066044391855e-79	6.11871707619778e-77
ENSMUSG00000026450.14	Chit1	360.230256101526	6.9844654032309	0.371521547849704	18.7996239885833	7.6053607588891e-79	1.15752472314886e-76
ENSMUSG00000025085.16	Ablim1	1483.57751483104	2.08915923443847	0.111196727027255	18.7879561772209	9.47591319566253e-79	1.43169289954028e-76
ENSMUSG00000028111.4	Ctsk	1459.19675496755	-1.73637377676054	0.0927277141942394	-18.7255104026754	3.06717627168717e-78	4.60054214838064e-76
ENSMUSG00000098678.1	Mroh6	271.528321610143	5.95347758076882	0.318464084796319	18.6943453437662	5.50419029931181e-78	8.19649172701116e-76
ENSMUSG00000023092.16	Fhl1	1708.90178798412	-1.72001893145391	0.0920507269901204	-18.6855551030957	6.49002575678111e-78	9.59550308140086e-76
ENSMUSG00000036473.16	Tbc1d24	1508.73627767607	1.84283561648283	0.0989505879795704	18.6237965242137	2.0607284565904e-77	3.02517860446558e-75
ENSMUSG00000033361.13	Prrg3	591.332288584203	2.39740521171405	0.129049396850129	18.5774228336631	4.89452570771204e-77	7.13463293126278e-75
ENSMUSG00000027544.16	Nfatc2	366.691275928139	7.09811793661082	0.382678142114959	18.5485324491789	8.38090898245207e-77	1.21312192327116e-74
ENSMUSG00000087166.9	L1td1	1534.22575700347	10.3636537943283	0.563652228416346	18.3866101681995	1.6817161059287e-75	2.41735011643181e-73
ENSMUSG00000047501.3	Cldn4	1467.3019243397	10.3008428982397	0.560723821532851	18.3706175886736	2.25827512602732e-75	3.22372667818204e-73
ENSMUSG00000006342.15	Susd2	315.336946140402	3.44394507838112	0.188657998789508	18.254964541544	1.88933445878181e-74	2.67858451796745e-72
ENSMUSG00000039621.13	Prex1	362.299917790833	3.68040567909388	0.202679102818887	18.1587821729341	1.0942520825122e-73	1.54081114666123e-71
ENSMUSG00000014846.12	Tppp3	536.262854556877	3.64863017566288	0.201367671750073	18.1192449808496	2.24656726167797e-73	3.12091917781694e-71
ENSMUSG00000031803.8	B3gnt3	248.342995587088	5.61201042704787	0.309722046134694	18.119505850763	2.23594124686265e-73	3.12091917781694e-71
ENSMUSG00000028581.17	Laptm5	355.679522296436	7.14765685739715	0.395196069092304	18.0863561568668	4.08200818887888e-73	5.6328991667736e-71
ENSMUSG00000051375.15	Pcdh1	329.060771024983	2.84661528047094	0.157396497932789	18.085632894364	4.13591978009143e-73	5.66949692239155e-71
ENSMUSG00000000120.6	Ngfr	241.291286630997	5.29949357979908	0.293051784751123	18.0838126759737	4.27475986853147e-73	5.82126674465349e-71
ENSMUSG00000021895.10	Arhgef3	538.306374254515	2.5300161471683	0.140235721408929	18.041167555239	9.25673803914014e-73	1.25232170373962e-70
ENSMUSG00000020173.17	Cobl	709.361435701376	2.19420829481294	0.121875562861427	18.0036772204102	1.82303167279759e-72	2.45032029839203e-70
ENSMUSG00000024529.14	Lox	35424.1771115272	-1.57570030657085	0.0876202370820742	-17.9832919773418	2.63380207386906e-72	3.51723026625907e-70
ENSMUSG00000020782.18	Llgl2	808.78189422471	3.29939748416096	0.183915717994553	17.939725435858	5.77397074371777e-72	7.66124489898809e-70
ENSMUSG00000051076.8	Vtcn1	216.448934047454	4.73909441242476	0.264178906694844	17.9389583813326	5.85422114482299e-72	7.71824990297396e-70
ENSMUSG00000011179.8	Odc1	2561.83660697232	1.53478303002471	0.085605389575015	17.9285794696349	7.05594948728378e-72	9.24374040742323e-70
ENSMUSG00000042306.11	S100a14	689.607702320432	8.69345199508502	0.486062082186979	17.8854765958494	1.53039012989118e-71	1.99229844645394e-69
ENSMUSG00000073722.3	Spata31e2	563.215088566221	8.26103598026791	0.462146501968204	17.875361914643	1.83480760852821e-71	2.37366766805784e-69
ENSMUSG00000002228.7	Ppm1j	243.689753868581	3.85414153358973	0.215958011234136	17.8467171074805	3.06534315473781e-71	3.94096509067813e-69
ENSMUSG00000026249.10	Serpine2	14774.091942585	-1.90895275794513	0.107128142292823	-17.8193396906596	5.00234837008559e-71	6.39158079706183e-69
ENSMUSG00000030091.17	Nup210	516.891237927248	8.1392982797687	0.458298968454919	17.7598005668855	1.44747959696449e-70	1.83812148328638e-68
ENSMUSG00000027220.2	Syt13	979.41562852447	-2.22941038821994	0.125544251325719	-17.7579647389496	1.49560202437775e-70	1.88765038430457e-68
ENSMUSG00000000889.8	Dbh	232.648564878512	5.12977329638729	0.289433138946477	17.7235174764695	2.76095971006438e-70	3.46358212355288e-68
ENSMUSG00000026981.15	Il1rn	4976.13958160135	-1.67714147211513	0.0946357738383028	-17.722066445832	2.83311273887619e-70	3.51153296898193e-68
ENSMUSG00000044641.7	Pard6b	284.912239093641	3.03328767579405	0.17115706108155	17.72224678682	2.82404391873496e-70	3.51153296898193e-68
ENSMUSG00000044393.15	Dsg2	322.347444755929	7.00233881429289	0.39710747727262	17.6333592668307	1.36604182752373e-69	1.68307736832819e-67
ENSMUSG00000025357.8	Dgka	863.995406017134	2.08058952940368	0.11817936796981	17.605353329823	2.24104748374596e-69	2.74481904532886e-67
ENSMUSG00000018411.17	Mapt	225.116413282456	5.19817264251116	0.29627329606319	17.5451946280115	6.4730678247614e-69	7.88153122969036e-67
ENSMUSG00000028392.15	Bspry	274.419272594239	6.5065834830369	0.371057853895853	17.5352264201451	7.71417304757073e-69	9.3377583574074e-67
ENSMUSG00000037465.10	Klf10	1638.66366386579	1.82175078791539	0.103893352801198	17.5348156431273	7.77011956459782e-69	9.3507967946285e-67
ENSMUSG00000050296.14	Abca12	292.489289362157	6.67756048179873	0.381500440188444	17.5034148807281	1.34931210810369e-68	1.61441683963227e-66
ENSMUSG00000036553.16	Sh3tc1	214.898432846979	3.473559342481	0.19852879396969	17.4965015050226	1.52344041950829e-68	1.81228122088517e-66
ENSMUSG00000078670.3	Fam174b	304.327881910343	2.79112757113328	0.159628449991172	17.485151119914	1.85919497429029e-68	2.19905581559055e-66
ENSMUSG00000024222.17	Fkbp5	766.872942308076	2.1106837689243	0.121015299693066	17.4414621479901	3.99715601980804e-68	4.70097343488674e-66
ENSMUSG00000038028.9	Tigar	845.483623970025	2.3766411070985	0.136382695451803	17.4262658413171	5.21416764558889e-68	6.09763028791211e-66
ENSMUSG00000054423.14	Cadps	204.563362311341	4.21436031040237	0.242057775346022	17.4105554113184	6.8615014147293e-68	7.97900099907201e-66
ENSMUSG00000049044.16	Rapgef4	228.849077427672	5.4885031424634	0.315577101118778	17.3919562699754	9.49377758688455e-68	1.09783073894371e-65
ENSMUSG00000023039.17	Krt7	505.930410725166	3.37068191986589	0.194393971907111	17.3394364382684	2.37049682282448e-67	2.72593965198021e-65
ENSMUSG00000041649.13	Klf8	477.606701958564	3.28505400243348	0.190055216534867	17.2847347330285	6.13027228386181e-67	7.01052519357214e-65
ENSMUSG00000022596.3	Slurp1	1258.16903001344	2.37202613639432	0.137375653392721	17.2667141361163	8.37787476637016e-67	9.5282214169833e-65
ENSMUSG00000032420.8	Nt5e	1375.97272066583	2.44296734408976	0.141571825291143	17.2560277376221	1.00811885622182e-66	1.14027607677243e-64
ENSMUSG00000026202.13	Tuba4a	1818.53834112486	2.17812658386923	0.126295047443585	17.246334103815	1.19228412865517e-66	1.3412548466866e-64
ENSMUSG00000092035.8	Peg10	1381.78833206598	1.63795510623214	0.0949871443721401	17.2439661920457	1.24214819718443e-66	1.38979597478489e-64
ENSMUSG00000041605.16	Inava	271.494659525274	2.98176385036828	0.172947937282092	17.2408176543024	1.31168427270618e-66	1.45970713767447e-64
ENSMUSG00000092060.4	Bend4	274.891032472316	4.31800912509949	0.251926110490295	17.139982500011	7.46731438864803e-66	8.26555831714575e-64
ENSMUSG00000052397.8	Ezr	2232.35334157544	1.91244248512555	0.111600271451757	17.1365397256428	7.92274802274233e-66	8.72302985759274e-64
ENSMUSG00000014602.15	Kif1a	2169.82533394524	-1.76832523593867	0.103625840782326	-17.0645200327317	2.72620672676161e-65	2.98570121890151e-63
ENSMUSG00000035773.6	Kiss1r	205.898033746062	4.54773862925871	0.266622528832776	17.0568430551157	3.1090977653975e-65	3.38711656031383e-63
ENSMUSG00000021696.9	Elovl7	314.397379192353	3.56032746886724	0.208861611405583	17.0463468365832	3.7207350269994e-65	4.03222483370997e-63
ENSMUSG00000038235.4	F11r	1196.5077043551	2.2192374102954	0.130621676154169	16.9898096214605	9.77057794382072e-65	1.05333954614138e-62
ENSMUSG00000041235.12	Chd7	262.841741156352	2.95022772008278	0.173799189998309	16.9749221507389	1.25921141960637e-64	1.35048793649908e-62
ENSMUSG00000074743.4	Thbd	2627.83168593191	-1.55523312679217	0.0918137569635109	-16.9389988845599	2.32039884263145e-64	2.47576987853754e-62
ENSMUSG00000028766.10	Alpl	186.200112793766	4.68636598524133	0.276850402018715	16.9274306667777	2.82442466439133e-64	2.99809057067878e-62
ENSMUSG00000030411.16	Nova2	268.211949608344	3.43310364428952	0.202906128345802	16.9196646364404	3.22260232566562e-64	3.4032982417833e-62
ENSMUSG00000034730.17	Adgrb1	373.996177943921	7.4310578677023	0.439644027737702	16.9024424281177	4.31650606867239e-64	4.53539893987055e-62
ENSMUSG00000029168.14	Dpysl5	543.041190334185	8.50154618677064	0.503180014358236	16.8956356456519	4.84464705578898e-64	5.06461360645334e-62
ENSMUSG00000029246.14	Ppat	918.603373276504	2.06311444139016	0.122119261841858	16.8942590241156	4.95904540740615e-64	5.15815481848743e-62
ENSMUSG00000001021.13	S100a3	204.316165372215	5.7813974791054	0.342503287203584	16.8798306326004	6.33262393878972e-64	6.55394914545042e-62
ENSMUSG00000003469.9	Phyhip	249.901049523357	6.54217533092696	0.389511841214209	16.7958317018895	2.61808601035791e-63	2.69610757852728e-61
ENSMUSG00000032561.15	Acp3	198.60994489491	4.81238592993047	0.286731483453279	16.7835979222512	3.2173844878027e-63	3.29686344123901e-61
ENSMUSG00000049493.13	Pls1	202.598496820439	4.76913315430007	0.285364678078873	16.7124157986432	1.06434839119687e-62	1.08526834233419e-60
ENSMUSG00000028518.8	Prkaa2	725.93598023853	2.60321250241835	0.155890904602917	16.6989376901059	1.33419059786892e-62	1.35374564633769e-60
ENSMUSG00000049969.3	Plekhf2	535.570841618173	2.171432155386	0.130074704798008	16.6937311813084	1.45581235392709e-62	1.4699443860457e-60
ENSMUSG00000003032.8	Klf4	4600.98392956368	1.96173234752428	0.117521114895829	16.6925947670183	1.48379353721108e-62	1.48880789629541e-60
ENSMUSG00000035834.11	Polr3g	556.369667643128	2.84446660299835	0.170404988103604	16.6923904907581	1.48887982285691e-62	1.48880789629541e-60
ENSMUSG00000021822.3	Plau	1650.39524831137	-1.49678765777722	0.0899361725504334	-16.6427769309158	3.41411326513654e-62	3.39753511899333e-60
ENSMUSG00000030739.18	Myh14	289.044056209928	7.05570508710647	0.423972644537447	16.6418875793372	3.46520483026964e-62	3.43187917616035e-60
ENSMUSG00000078695.8	Cisd3	448.243127698884	2.47973298353202	0.149015245826254	16.6408005421358	3.52868882078196e-62	3.47811094768409e-60
ENSMUSG00000025558.19	Dock9	2171.78224296662	1.87382347467606	0.112863436321372	16.602573302309	6.67661459822562e-62	6.54972727813611e-60
ENSMUSG00000006411.12	Nectin4	319.658559588947	7.31925442007754	0.441693462100936	16.5708914622896	1.13136017479367e-61	1.10462378575727e-59
ENSMUSG00000001420.13	Tmem79	213.648861821278	6.13919788596112	0.371468169729707	16.5268477523342	2.35122521547844e-61	2.28488313310742e-59
ENSMUSG00000006386.15	Tek	440.18834266841	2.67421091572545	0.16184027471748	16.523766537061	2.47450333338168e-61	2.3934460045639e-59
ENSMUSG00000030849.18	Fgfr2	1015.33885452718	-1.82703633499173	0.110581619573045	-16.5220616414003	2.54546154787805e-61	2.45062830602454e-59
ENSMUSG00000026205.8	Slc23a3	177.240231620946	5.38134579039607	0.326043064284748	16.5050153794908	3.37647043922473e-61	3.23562785284781e-59
ENSMUSG00000038879.8	Nipal2	227.237200096669	3.61587279362523	0.219514483728272	16.4721376567624	5.81777174500791e-61	5.54940356451238e-59
ENSMUSG00000032462.14	Pik3cb	577.686539436282	2.05028853102947	0.124472698627751	16.4717930408264	5.85101176996641e-61	5.55550883607958e-59
ENSMUSG00000028841.14	Cnksr1	187.763133124466	3.51552615264545	0.21380954510946	16.4423255792704	9.51947731262816e-61	8.99742743808631e-59
ENSMUSG00000025586.17	Cpeb1	603.277337988861	-1.91166795238237	0.116347672682515	-16.4306505519785	1.15414111590084e-60	1.08588940718325e-58
ENSMUSG00000039462.4	Col10a1	1720.6254098298	-1.92122462627164	0.116957525706818	-16.426686651081	1.23209698400996e-60	1.15398984036299e-58
ENSMUSG00000050106.17	Tmc8	183.32505492737	4.73651960037598	0.288502719427936	16.4175908281485	1.43138182832785e-60	1.33460236326838e-58
ENSMUSG00000027832.5	Ptx3	714.249853676885	-2.14170486446669	0.130504054878388	-16.4110216074319	1.59498891702274e-60	1.48047872616384e-58
ENSMUSG00000031488.14	Rab11fip1	308.946350591481	2.68789699997267	0.164024359789931	16.3871817784572	2.36141656837189e-60	2.18209649771115e-58
ENSMUSG00000046157.13	Tmem229b	247.060595018876	2.86767661167126	0.175134533561912	16.3741356621566	2.92635102843298e-60	2.69211288611264e-58
ENSMUSG00000027463.14	Slc52a3	205.398979349325	4.05969865096832	0.247965846096341	16.3720073343932	3.03051497579276e-60	2.77560307451037e-58
ENSMUSG00000026496.11	Parp1	2065.51234626765	1.65386391904436	0.101075746464692	16.3626188961373	3.53589156064951e-60	3.224203498409e-58
ENSMUSG00000001552.14	Jup	3759.82593776328	2.20954448969696	0.135268518786013	16.3345064285973	5.60843014981822e-60	5.09161823118804e-58
ENSMUSG00000031402.12	Mpp1	2899.16853551151	-1.42706100430985	0.087535325692535	-16.3026868640708	9.44473088958488e-60	8.53696439666015e-58
ENSMUSG00000062151.13	Unc13c	713.891306883202	2.25102517589176	0.138395292495483	16.2651860139334	1.74336867272082e-59	1.56895600681079e-57
ENSMUSG00000027478.15	Dnmt3b	219.856702627692	3.36912765575069	0.2074270001948	16.2424739912676	2.5253093397688e-59	2.26283021748374e-57
ENSMUSG00000000278.10	Scpep1	5172.75301485826	-1.35395686600642	0.0835280282781454	-16.2096112396883	4.31288124314714e-59	3.84794520913373e-57
ENSMUSG00000038530.11	Rgs4	281.50265415693	-3.15374512264107	0.194626672636568	-16.2040746004539	4.71937650992034e-59	4.19254825660262e-57
ENSMUSG00000041782.14	Lad1	868.091074780815	9.76530022357937	0.60266898191104	16.2034226361111	4.76968801180852e-59	4.21913556224036e-57
ENSMUSG00000029816.10	Gpnmb	1165.17404593821	-1.83166578033335	0.113328293251229	-16.1624756518027	9.276043907392e-59	8.1704184186854e-57
ENSMUSG00000046591.10	Ticrr	349.769395743798	2.45647495630474	0.152006438313279	16.160334940827	9.60384475265731e-59	8.42330434471414e-57
ENSMUSG00000052852.8	Reep1	552.051131898473	2.032905528023	0.125826387016965	16.1564324957443	1.02313896868061e-58	8.93584536401683e-57
ENSMUSG00000092416.2	Zfp141	736.098945503141	3.25519521558219	0.2015549162283	16.15041337863	1.1280319593127e-58	9.81056030496365e-57
ENSMUSG00000047250.13	Ptgs1	2116.70144922011	1.58746230506824	0.0984863897198403	16.1185957733249	1.88851902876381e-58	1.6355839069616e-56
ENSMUSG00000025408.15	Ddit3	701.770524458752	-1.79463885088704	0.111452609921655	-16.1022595356769	2.45956145346655e-58	2.12126927188767e-56
ENSMUSG00000031626.18	Sorbs2	334.125886866742	-2.51759939840231	0.156718501981275	-16.0644682444905	4.52730137683705e-58	3.88840710369918e-56
ENSMUSG00000006360.11	Crip1	631.625231413643	2.04476727987811	0.12752724291158	16.0339644549191	7.40069651508934e-58	6.33004203164604e-56
ENSMUSG00000050199.13	Lgr4	1364.64251749966	-1.56569809029584	0.0977676427649579	-16.0144813357106	1.01247460158597e-57	8.62436698692514e-56
ENSMUSG00000079037.9	Prnp	5967.66446005272	-1.45767274309495	0.0911878454605896	-15.9853841894415	1.61567764076112e-57	1.3706111264801e-55
ENSMUSG00000002831.14	Plin4	268.216550406202	-2.98234870379513	0.186695617664754	-15.9743905138174	1.92728994456719e-57	1.62828467602434e-55
ENSMUSG00000041119.12	Pde9a	165.525521624269	3.93999964030794	0.247332271085692	15.9299860993184	3.92444350941215e-57	3.3021161057448e-55
ENSMUSG00000030792.8	Dkkl1	605.521034710071	9.02280433937343	0.566425426352979	15.9293773188612	3.96283691061684e-57	3.32092150659344e-55
ENSMUSG00000003271.17	Sult2b1	174.056634568314	5.13737597455047	0.322816818912326	15.9142141102188	5.0497091961641e-57	4.21467462304035e-55
ENSMUSG00000036304.14	Zdhhc23	385.49264482329	8.00342981316304	0.503695203774226	15.8894302609847	7.50061850517234e-57	6.23515270837599e-55
ENSMUSG00000047153.4	Khnyn	1012.2394141324	1.88331820807163	0.11854345038516	15.8871553169115	7.77779230975631e-57	6.43970092078584e-55
ENSMUSG00000055926.3	Gm14137	201.393992580464	3.10554000634858	0.195875796518782	15.8546388147083	1.30576145272272e-56	1.07681100836285e-54
ENSMUSG00000085057.7	Gm13415	184.081772472608	3.82067625848775	0.241532814824686	15.8184562261693	2.32114483721737e-56	1.90656257879216e-54
ENSMUSG00000050069.3	Grem2	1376.30900803376	-2.06747199684783	0.130721625141392	-15.8158376214463	2.41970018247248e-56	1.97965905442679e-54
ENSMUSG00000035697.14	Arhgap45	263.022616346053	4.05404421024527	0.256724500110893	15.7914192392783	3.56468488938411e-56	2.90493750099849e-54
ENSMUSG00000038296.14	Galnt18	558.272079409703	-2.05505164445256	0.130247356704671	-15.7780679504481	4.4046531164408e-56	3.57536921008659e-54
ENSMUSG00000073599.10	Ecscr	318.894821552075	2.78256651374025	0.176612829777006	15.7551776802034	6.32812593666506e-56	5.11663588918086e-54
ENSMUSG00000024087.4	Cyp1b1	4486.16792648138	-1.43503399187711	0.0911077845649054	-15.7509481624458	6.76592075616843e-56	5.44933049540585e-54
ENSMUSG00000042331.13	Specc1	2715.73617943104	1.67256498545214	0.10621011561776	15.7476995079409	7.12255929254587e-56	5.71433545722507e-54
ENSMUSG00000050022.16	Amz1	208.969339872935	3.2887079962325	0.209099441548512	15.7279616429272	9.72930559024853e-56	7.77555584604457e-54
ENSMUSG00000026259.14	Ngef	406.011280923573	2.39390590402333	0.152304070230798	15.7179378095127	1.13973312481714e-55	9.07359075022695e-54
ENSMUSG00000035498.10	Cdcp1	312.703687045986	7.5484070334889	0.48099586379777	15.6932888650838	1.68114966754675e-55	1.33326118653449e-53
ENSMUSG00000054702.14	Ap1s3	192.299044029593	5.04245962153832	0.321597146630544	15.6794289824069	2.09125738040589e-55	1.65217314950464e-53
ENSMUSG00000021186.9	Fbln5	4745.54363531834	-1.6977891745687	0.108372765469825	-15.6661977500374	2.57531953010397e-55	2.02686459899704e-53
ENSMUSG00000042589.18	Cux2	154.931057663985	5.18353095333957	0.331197769098408	15.6508631306614	3.27744024357659e-55	2.56968695461333e-53
ENSMUSG00000074199.7	Krtdap	529.707938961797	8.82833216545538	0.564759805771231	15.6320121850731	4.4066472099408e-55	3.44200719239867e-53
ENSMUSG00000022122.15	Ednrb	187.207297026193	-3.08144506660301	0.197260153448731	-15.6212241181486	5.21938696733647e-55	4.06150717431946e-53
ENSMUSG00000027952.16	Pmvk	695.495366409259	2.36949397415386	0.151704430555961	15.6191481387209	5.39212187742184e-55	4.18020714384849e-53
ENSMUSG00000030110.13	Ret	364.276169821129	3.03138074425246	0.194216504052363	15.6082551225161	6.39624647238316e-55	4.94014573626339e-53
ENSMUSG00000022240.10	Ctnnd2	544.846831972266	1.89536735950509	0.121591500534545	15.5879921801492	8.7851588864978e-55	6.76000014095234e-53
ENSMUSG00000020646.17	Mboat2	671.101932974567	2.62911237351591	0.16871826247895	15.5828559095311	9.52044565291187e-55	7.29865572480084e-53
ENSMUSG00000035407.8	Kank4	224.341086556293	2.74702120186744	0.17654977363074	15.55947167405	1.37226952086254e-54	1.04814047277984e-52
ENSMUSG00000049858.8	Suox	1079.11936650342	1.66058359551371	0.107269216291123	15.4805232379713	4.69637525697385e-54	3.57390703838609e-52
ENSMUSG00000027401.9	Tgm3	370.907337654725	8.11844734582245	0.525120583718775	15.4601582903675	6.44399878940114e-54	4.88587292827158e-52
ENSMUSG00000009487.10	Otog	997.707918527582	10.2290859656837	0.662827453995818	15.4325019339773	9.89583800670229e-54	7.4756916387128e-52
ENSMUSG00000037681.13	Esyt3	148.584789741688	3.87574795336802	0.251417776660305	15.4155684806831	1.28633896546561e-53	9.6821564531537e-52
ENSMUSG00000021456.8	Fbp2	147.915090680033	5.05355286745558	0.328104108337672	15.4022846378219	1.57987369757169e-53	1.18484803137813e-51
ENSMUSG00000029053.16	Prkcz	164.979292100451	3.79203956723626	0.246882387681558	15.359700636594	3.04979630355292e-53	2.2789795554961e-51
ENSMUSG00000043068.6	Fam89a	150.360663398899	4.51431419027067	0.29420249369374	15.3442417621721	3.870553777937e-53	2.8818918219251e-51
ENSMUSG00000039405.7	Prss23	3469.80971117658	-1.74104797932743	0.11350528604528	-15.3389153931816	4.20156382831139e-53	3.11713869828736e-51
ENSMUSG00000025494.8	Sigirr	331.76056463421	7.78821775015998	0.509228976662679	15.2941370328166	8.36624244047192e-53	6.18474472411886e-51
ENSMUSG00000027315.13	Spint1	365.487415150122	8.09850290662192	0.529873680709689	15.2838368868881	9.79969929596213e-53	7.21864682302919e-51
ENSMUSG00000070639.5	Lrrc8b	868.179257540555	1.78778817454108	0.117339590172345	15.2360185672648	2.03924154393005e-52	1.49681775595064e-50
ENSMUSG00000021676.10	Iqgap2	375.201444538658	2.19139920489029	0.144307245051484	15.1856492313222	4.40183253326426e-52	3.21955942070802e-50
ENSMUSG00000028370.7	Pappa	2127.60675453993	-1.86954939129928	0.123294897189679	-15.1632341152216	6.19425601528796e-52	4.51460934015653e-50
ENSMUSG00000076441.9	Ass1	1840.07474789846	-1.3272866222808	0.0876081319334664	-15.1502673666048	7.54590029930609e-52	5.48044176474866e-50
ENSMUSG00000030747.5	Dgat2	460.275865202817	2.71096057832114	0.17899675855188	15.1453054248209	8.13757006141952e-52	5.88949519934694e-50
ENSMUSG00000050390.12	Nhsl3	2341.36183022038	1.81875782912917	0.120371718527191	15.1095111989975	1.4017568405018e-51	1.01097438472289e-49
ENSMUSG00000054499.9	Dedd2	393.766922324743	2.39609951250774	0.158836851851238	15.0852871017103	2.02392347834069e-51	1.45462472493659e-49
ENSMUSG00000035258.15	Abi3bp	1104.44413713795	-2.5918443098028	0.171995441418445	-15.0692616526803	2.57979972856835e-51	1.84772576407046e-49
ENSMUSG00000021792.15	Prxl2a	584.71098668157	2.39856602443184	0.159728508185769	15.0165180384846	5.72363471361414e-51	4.08529361852066e-49
ENSMUSG00000020589.17	Cyria	741.305563820197	2.63530943879243	0.175663713702869	15.0020136956115	7.12251964759699e-51	5.06628983455705e-49
ENSMUSG00000005125.13	Ndrg1	1556.34375859659	2.0720086177082	0.138409066132639	14.9701798849114	1.15009751655928e-50	8.15269469015775e-49
ENSMUSG00000050359.7	Sprr1a	198.487515302345	6.50891725562192	0.435365009911537	14.9504831748984	1.5462321999665e-50	1.09233652925279e-48
ENSMUSG00000048826.7	Dact2	149.0236356752	4.96138824921111	0.331959312603032	14.9457721499264	1.65956336402835e-50	1.16841163510282e-48
ENSMUSG00000018470.8	Kcnab3	196.250763699237	3.61867234142845	0.242308970665173	14.9341245249595	1.97652893771255e-50	1.38685330446482e-48
ENSMUSG00000079259.2	Trim71	162.727799706072	5.58639744853036	0.374450027602146	14.9189398764471	2.48185123792387e-50	1.73553509370899e-48
ENSMUSG00000070000.13	Fcho1	154.450411986644	4.81453531450924	0.323485004328386	14.8833338488289	4.2289065924433e-50	2.947277358821e-48
ENSMUSG00000025232.8	Hexa	2590.62282611195	-1.20481487203743	0.0811793961535809	-14.8413874594247	7.91027992021531e-50	5.49445919693076e-48
ENSMUSG00000035246.16	Pcyt1b	314.993417490007	2.24047424785442	0.15194931339969	14.7448790502991	3.31913901008082e-49	2.29775446052384e-47
ENSMUSG00000020467.15	Efemp1	8850.1798554686	-1.48380879993858	0.100808945780419	-14.7190191153333	4.86668111571275e-49	3.35784774713794e-47
ENSMUSG00000070643.11	Sox13	193.101556118062	2.8326557633245	0.192914944114349	14.6834439204744	8.23019223683224e-49	5.65969266146812e-47
ENSMUSG00000059336.14	Slc14a1	555.665902835187	2.08389835360383	0.142205815554469	14.6541007867968	1.2682452266912e-48	8.69251918784143e-47
ENSMUSG00000041147.10	Brca2	484.553990346257	2.04209806617113	0.13942122337749	14.646967059255	1.40864696199162e-48	9.62296484035136e-47
ENSMUSG00000022602.14	Arc	576.54368346932	2.17406442693363	0.148885692467408	14.6022387437232	2.71772184897634e-48	1.85046462341978e-46
ENSMUSG00000020333.17	Acsl6	172.689121107806	5.82809729997606	0.400310394219829	14.5589457184456	5.12419709506548e-48	3.47756575969706e-46
ENSMUSG00000040687.16	Madd	369.80388405943	1.97239099268214	0.13580121140113	14.5241045520286	8.52490074505602e-48	5.76656603012793e-46
ENSMUSG00000037995.15	Igsf9	165.641962191923	3.8220463311749	0.263230599589333	14.5197645605705	9.08216445707351e-48	6.12350886309331e-46
ENSMUSG00000003644.17	Rps6ka1	408.92839923952	2.28779468965915	0.157573066949221	14.518944981863	9.19139958052347e-48	6.1770383090018e-46
ENSMUSG00000062380.4	Tubb3	972.150374869899	2.22272043816832	0.153237749659629	14.5050448933465	1.12563811332211e-47	7.54031822254184e-46
ENSMUSG00000049709.4	Nlrp10	301.343842946185	7.81538072643447	0.538958644416129	14.500891315884	1.19586888607496e-47	7.98493228156952e-46
ENSMUSG00000020892.10	Aloxe3	132.121958183293	3.92905531412643	0.271644400210918	14.4639657989479	2.04658000399814e-47	1.36212731520121e-45
ENSMUSG00000036356.15	Csgalnact1	921.544387841364	-1.67428221316104	0.115775938497529	-14.461400485186	2.1243102197781e-47	1.40933003971753e-45
ENSMUSG00000026288.14	Inpp5d	150.177550383302	5.70688768944233	0.394733521783759	14.4575704228349	2.24586396124616e-47	1.48521208095317e-45
ENSMUSG00000040943.12	Tet2	1576.13591535305	1.73817844719478	0.120349703031242	14.4427315017434	2.78579204845005e-47	1.83640476467731e-45
ENSMUSG00000019590.16	Cyb561	227.187303560022	2.94933390377547	0.20542674044034	14.3571080252428	9.61566492266841e-47	6.31856026140677e-45
ENSMUSG00000047139.9	Cd24a	4127.4849326928	1.67644455774569	0.116997599423381	14.3288799599991	1.44431158787999e-46	9.46069796124299e-45
ENSMUSG00000051048.17	P4ha3	1347.6156498204	-1.56638601127533	0.109461716672015	-14.3098980986088	1.8979121930846e-46	1.23927080393243e-44
ENSMUSG00000037362.8	Ccn3	996.689920685802	-1.79110269481766	0.125363186812762	-14.2873098582982	2.62557364073941e-46	1.70901725753664e-44
ENSMUSG00000034203.8	Chchd4	418.08206941542	2.12728603487523	0.149381063649055	14.2406673437064	5.123543396969e-46	3.32452115278562e-44
ENSMUSG00000050240.16	Hic2	232.269279576935	2.53667722669784	0.178258508565509	14.2303290154906	5.94016411022844e-46	3.84235802867558e-44
ENSMUSG00000027358.6	Bmp2	153.726433156754	3.14172930539223	0.220812453594992	14.2280439995232	6.13745227686945e-46	3.95760513018445e-44
ENSMUSG00000020023.18	Tmcc3	824.1934064016	1.72241817650062	0.12108920759458	14.2243740025739	6.46805436463674e-46	4.15783407744148e-44
ENSMUSG00000032013.6	Trim29	138.974241884276	5.68200866088973	0.401172811437968	14.1634938831549	1.54136171869432e-45	9.87759944744697e-44
ENSMUSG00000031150.13	Ccdc120	282.189509344702	2.61405875558729	0.184577529190695	14.1623889270216	1.56579384698654e-45	1.0003199641597e-43
ENSMUSG00000025227.14	Mfsd13a	144.384944689013	3.7075605058137	0.261951087614996	14.1536366180808	1.7734386743109e-45	1.12948944983266e-43
ENSMUSG00000037580.10	Gch1	297.447919625585	2.34572183902372	0.166397603923676	14.0970890428186	3.957606985635e-45	2.51283763790365e-43
ENSMUSG00000025025.14	Mxi1	783.444060453304	1.70256804585686	0.12106214924337	14.0635868146881	6.35802747559838e-45	4.02461194854468e-43
ENSMUSG00000073802.5	Cdkn2b	1035.80820304856	-1.48267902732707	0.105524057992017	-14.0506255686191	7.63565507537903e-45	4.81861050016069e-43
ENSMUSG00000019848.14	Popdc3	130.81752065427	5.26454822762599	0.374793823608741	14.0465181014344	8.09156586103708e-45	5.09080005342269e-43
ENSMUSG00000020140.15	Lgr5	301.794063292611	-2.78696320794298	0.198524058666701	-14.0384154276332	9.07183988931601e-45	5.6902428445137e-43
ENSMUSG00000030060.14	Hmces	537.446353615009	1.77711101092728	0.126595572517921	14.0377027061963	9.16352189891707e-45	5.73038488778503e-43
ENSMUSG00000030592.18	Ryr1	142.850103086973	5.55098869650929	0.396027296232598	14.016682055292	1.23243257353249e-44	7.68377163841836e-43
ENSMUSG00000017146.12	Brca1	471.858592040855	2.04016908532715	0.145599414890478	14.0122066208975	1.31262220128609e-44	8.15914923255878e-43
ENSMUSG00000015134.15	Aldh1a3	138.112085305493	4.05859869683931	0.2897447822756	14.0074953721819	1.40265048183658e-44	8.69265339028006e-43
ENSMUSG00000015568.16	Lpl	311.590581579759	-2.49460806102578	0.178351255071938	-13.9870507780816	1.87007452738483e-44	1.15548276544294e-42
ENSMUSG00000044224.16	Dnajc21	748.372047962101	2.03573436445356	0.145549140799092	13.9865776828156	1.88255306144454e-44	1.15973112556073e-42
ENSMUSG00000037031.10	Tspan15	602.596021419565	1.88332341318062	0.134750745743576	13.976348722882	2.17356570700537e-44	1.33503372609211e-42
ENSMUSG00000047759.6	Hs3st3a1	165.418639786099	3.3630886644364	0.240876707926981	13.9618674357501	2.66361965299566e-44	1.63119121885672e-42
ENSMUSG00000107768.1	Gm36582	153.876303184552	3.04185661694439	0.217921640087055	13.958488086494	2.79295991182156e-44	1.70535331017093e-42
ENSMUSG00000074793.10	Hspa12b	568.252280906944	2.03141998626373	0.145629699302757	13.9492150020891	3.18087104732366e-44	1.93649558260448e-42
ENSMUSG00000019564.12	Arid3a	352.698214199393	2.08696773440707	0.149754432446274	13.9359329825232	3.8316046320332e-44	2.32581772077581e-42
ENSMUSG00000032584.12	Mst1r	127.25808977227	3.84162039917899	0.275972752079447	13.9202887612363	4.76973166104055e-44	2.88680338163387e-42
ENSMUSG00000037852.8	Cpe	8827.01712354741	-1.09257736462437	0.0787584316044984	-13.8725129788131	9.29619106965302e-44	5.60617170070239e-42
ENSMUSG00000041718.16	Alg13	587.081460122825	2.12935498085767	0.153496311878861	13.872352728176	9.31698664206784e-44	5.60617170070239e-42
ENSMUSG00000020656.16	Grhl1	118.178375998082	4.14697906430301	0.29945179196119	13.8485698721097	1.29770066670136e-43	7.7858278550874e-42
ENSMUSG00000027395.15	Polr1b	656.864425972286	1.53303509175507	0.110756668425074	13.8414698957125	1.43247095947548e-43	8.56957121103552e-42
ENSMUSG00000041559.7	Fmod	2775.07109382122	-2.33880534277746	0.169068772383484	-13.8334555211211	1.60139125906742e-43	9.55250653355522e-42
ENSMUSG00000031548.7	Sfrp1	1990.51654064763	-1.46389246124198	0.105859514898772	-13.8286337571246	1.71242053527694e-43	1.01854576608326e-41
ENSMUSG00000020044.13	Timp3	20425.5531647123	-1.16002085099297	0.0839441055316885	-13.8189673193322	1.95859410375931e-43	1.16163150010642e-41
ENSMUSG00000000594.7	Gm2a	1820.57237180258	1.55671219847945	0.112683623682814	13.8148929507391	2.07262114327872e-43	1.22574814413503e-41
ENSMUSG00000048096.7	Lmod1	382.924516363135	-1.8455547310234	0.133725399208451	-13.8010784932976	2.51068124634539e-43	1.4805866415414e-41
ENSMUSG00000035021.13	Baz1a	1296.65950122586	1.85971728775043	0.134849688527964	13.791038808108	2.88574322208387e-43	1.69693178846347e-41
ENSMUSG00000020262.15	Adarb1	323.656528498988	2.1553854081602	0.156441823021326	13.7775523612146	3.47867685643402e-43	2.03980544621325e-41
ENSMUSG00000037188.7	Grhl3	121.555380428557	4.40569789854005	0.320317401787951	13.7541634452211	4.80810039728539e-43	2.81138051196074e-41
ENSMUSG00000074818.13	Pdzd7	285.182856421336	2.10189703398788	0.152878571039125	13.7488008927684	5.17806308841574e-43	3.01917543287655e-41
ENSMUSG00000049404.7	Rarres1	259.145953850139	-2.36826912989466	0.172310299500818	-13.7442110933329	5.51711575321399e-43	3.20783087010608e-41
ENSMUSG00000036136.9	Fam110c	172.914757822052	2.77250568573204	0.20177856688862	13.7403378787126	5.82035310936783e-43	3.37466355772562e-41
ENSMUSG00000026475.7	Rgs16	865.727476492326	-1.64228573948893	0.119599028237481	-13.7315976867967	6.56692478123194e-43	3.79689318566256e-41
ENSMUSG00000030560.17	Ctsc	811.512837861895	1.82398494110149	0.132907132361481	13.7237551416023	7.31751626234915e-43	4.21908827616616e-41
ENSMUSG00000053198.14	Prx	507.201755309571	1.95163394378919	0.142235865758624	13.7211098858929	7.58946482639621e-43	4.36373145671042e-41
ENSMUSG00000054753.9	AU018091	181.210297746195	6.75555122624928	0.492811173938921	13.7081940984694	9.06869707665476e-43	5.19980500802429e-41
ENSMUSG00000023945.7	Slc5a7	449.207727989679	-2.36975682682675	0.172977229956956	-13.6998194931	1.01776996275295e-42	5.81956366271361e-41
ENSMUSG00000001918.17	Slc1a5	1440.76835448399	1.64872409196635	0.120364906322425	13.6977142452956	1.04770840463442e-42	5.97424690565506e-41
ENSMUSG00000058914.12	C1qtnf3	1038.33273438501	-1.82564115916	0.13329703399533	-13.696037371874	1.07218046219848e-42	6.09699543600175e-41
ENSMUSG00000008601.12	Rab25	154.891649871609	6.2641672629013	0.457936739828704	13.6791104929569	1.35338125521906e-42	7.67496947993953e-41
ENSMUSG00000027496.15	Aurka	636.24818086594	1.99317917429487	0.145814442236573	13.6692850428429	1.54909717615194e-42	8.76086405714998e-41
ENSMUSG00000041313.14	Slc7a1	2947.65952725888	1.39233248880883	0.101879122678853	13.6665143181277	1.60920921086254e-42	9.07602764458958e-41
ENSMUSG00000026383.14	Epb41l5	285.917372004239	2.44864842421491	0.179522277950734	13.6398025479984	2.3218839868683e-42	1.30599664793987e-40
ENSMUSG00000053414.8	Hunk	187.040159075747	3.0951400606426	0.22713866725887	13.6266541403761	2.7803824551852e-42	1.55965139403465e-40
ENSMUSG00000067889.6	Sptbn2	259.758822663573	3.10992610169179	0.228258635209756	13.6245715253399	2.86084386769112e-42	1.60044884371185e-40
ENSMUSG00000034707.7	Gns	5399.0961985146	-1.20908181906169	0.0887961355797367	-13.6163788116203	3.20047897136171e-42	1.78562572043709e-40
ENSMUSG00000045394.9	Epcam	690.352515835304	10.019348779485	0.736570065159786	13.6027097127705	3.85867745063777e-42	2.14706356319224e-40
ENSMUSG00000030838.20	Ush1c	675.301528308341	9.9874140107845	0.736117191989252	13.5676956325323	6.22484187092881e-42	3.45437002376288e-40
ENSMUSG00000112441.1	Gm48898	271.869480746497	2.18840169793412	0.161317937945867	13.5657678606608	6.39068969105793e-42	3.53692208329433e-40
ENSMUSG00000042190.12	Cmklr1	268.264697456662	2.32386851594769	0.171430280020084	13.5557645689865	7.32449599598646e-42	4.0429264698913e-40
ENSMUSG00000028488.15	Sh3gl2	123.615898101071	5.60056597030437	0.414400451172846	13.5148645578293	1.2779067357594e-41	7.03494455411804e-40
ENSMUSG00000000489.7	Pdgfb	114.203862369438	4.61622363335772	0.342539300504437	13.4764788348656	2.1513130642091e-41	1.18116788106271e-39
ENSMUSG00000048376.6	F2r	3476.46991895231	-1.33715472748105	0.099249980959501	-13.4725942972893	2.26756353534434e-41	1.24170099518763e-39
ENSMUSG00000062157.6	Ifnlr1	146.225635271039	3.489178946545	0.259133440236644	13.4647961427079	2.52012791322055e-41	1.37636220780349e-39
ENSMUSG00000000532.11	Acvr1b	631.792232137446	1.88096316512527	0.13980998451313	13.4537112758827	2.92799658534495e-41	1.59491056105408e-39
ENSMUSG00000011267.8	Zfp296	130.960063431964	3.50555330710347	0.260667312730918	13.4483808897136	3.14687443126332e-41	1.70963658406088e-39
ENSMUSG00000047557.2	Lxn	896.027899735297	-1.33344020237229	0.0992046930107821	-13.4413016350684	3.46291264857562e-41	1.87640913384468e-39
ENSMUSG00000036086.16	Zranb3	369.832252045189	2.25433928983072	0.167924713367855	13.4247023241444	4.33322035807361e-41	2.34186235487639e-39
ENSMUSG00000016200.14	Syt14	270.906691113379	2.85733919073701	0.212890545963744	13.4216349429797	4.51638103408733e-41	2.43449403709827e-39
ENSMUSG00000039518.7	Cdsn	893.389997166807	-2.5154360712839	0.187434342670744	-13.4203584862921	4.59485141497114e-41	2.47035920619449e-39
ENSMUSG00000008489.18	Elavl2	165.731089502782	3.22633870060486	0.24052107988627	13.4139539957596	5.00951269291365e-41	2.68631873654455e-39
ENSMUSG00000001228.14	Uhrf1	961.985950284888	1.64330957409645	0.122679731376398	13.3951187833511	6.45726497010126e-41	3.45371905984822e-39
ENSMUSG00000001053.15	N4bp3	132.344076767182	4.63462430625432	0.346102775072048	13.3908903368068	6.8356375788274e-41	3.64667170732341e-39
ENSMUSG00000031098.18	Syt8	221.266936094698	2.4710052737635	0.184684299671937	13.3796174236405	7.95558017949016e-41	4.2332276127318e-39
ENSMUSG00000019970.15	Sgk1	2269.45885788025	-1.30925072515487	0.0979040616124987	-13.3727927482401	8.72041222003021e-41	4.6283028857027e-39
ENSMUSG00000036036.15	Zfp57	1028.85694499079	1.61766482520892	0.121067025348264	13.3617293441836	1.011857207236e-40	5.35663231012223e-39
ENSMUSG00000020400.17	Tnip1	1118.80121304701	1.55832544693178	0.116657289073293	13.3581489790383	1.06171549597863e-40	5.60623700287287e-39
ENSMUSG00000013089.15	Etv5	915.860172898663	1.53322945637882	0.11518711794483	13.3107719312257	2.00400456225161e-40	1.05549339526835e-38
ENSMUSG00000009073.16	Nf2	2193.11880898584	1.14438648711309	0.0859907530405811	13.3082505577434	2.07278490767352e-40	1.08894859908462e-38
ENSMUSG00000021594.11	Srd5a1	199.10502376616	2.63137944152853	0.197943523383501	13.2935869613194	2.52192550495482e-40	1.32155281081164e-38
ENSMUSG00000025277.14	Abhd6	221.259772712894	2.45069606000769	0.184487855173846	13.2837798872905	2.87506611905109e-40	1.50280286864239e-38
ENSMUSG00000024059.10	Clip4	977.087542716462	-1.72656891556517	0.130359177419285	-13.2447055109274	4.84177289890783e-40	2.52442965326179e-38
ENSMUSG00000040054.17	Baz2a	2461.79917021546	1.27689484405097	0.0964427076712887	13.239931508384	5.15958592542052e-40	2.68337359473064e-38
ENSMUSG00000003849.8	Nqo1	768.603009796332	-1.4024849451066	0.105931714213639	-13.2395190195651	5.18800057637739e-40	2.69138907093823e-38
ENSMUSG00000068740.13	Celsr2	193.987265177263	2.81124247273857	0.212623753804498	13.2216764234321	6.57812788973057e-40	3.40401672973833e-38
ENSMUSG00000018569.12	Cldn7	274.528246123513	8.10264196774471	0.612903844663015	13.2200867041382	6.71864559000953e-40	3.46806097425454e-38
ENSMUSG00000053199.13	Arhgap20	302.923681115378	-2.00547037885019	0.151750525746017	-13.2155745028964	7.13395421155698e-40	3.67327657276164e-38
ENSMUSG00000071537.6	Klrg2	253.717690515274	2.66149102738059	0.201428177575955	13.213101857991	7.37226560920973e-40	3.78656391675018e-38
ENSMUSG00000027562.12	Car2	105.830770917791	4.49783599871461	0.340865033664502	13.1953575594428	9.33110745735431e-40	4.78080676385586e-38
ENSMUSG00000039238.6	Zfp750	144.099073092928	3.20028550451382	0.24261294882329	13.1909097186926	9.89834953678843e-40	5.05891202622182e-38
ENSMUSG00000025572.17	Tmc6	1366.95307077555	1.42405612669605	0.108101743941527	13.1732946645739	1.25020521606014e-39	6.37389107567215e-38
ENSMUSG00000068196.5	Col8a1	5228.55627074084	-1.20855020997962	0.0918204246678756	-13.1621065177064	1.44986437164962e-39	7.37364683753698e-38
ENSMUSG00000074652.3	Myh7b	454.784940331274	7.60076105744351	0.578104506394195	13.1477284355586	1.7536392488307e-39	8.89671049302616e-38
ENSMUSG00000036452.18	Arhgap26	162.795167339289	3.07266857312001	0.233729245385314	13.1462734500964	1.78770257905267e-39	9.04734857794897e-38
ENSMUSG00000050071.8	Bex1	125.906247728514	5.84315110573315	0.444900975793541	13.1335992134229	2.11366557363464e-39	1.06709179777228e-37
ENSMUSG00000033149.17	Phldb2	6581.87832085487	-1.35560195624777	0.103453431842016	-13.1034991503994	3.1442059592507e-39	1.58350168249465e-37
ENSMUSG00000010362.9	Rdm1	246.426875564518	2.21105354899381	0.16910601016427	13.0749554486324	4.57832101425841e-39	2.300161812479e-37
ENSMUSG00000035615.12	Frmpd1	100.398411876393	4.31254857970103	0.329881760479458	13.073013110616	4.69676189324586e-39	2.3539533759878e-37
ENSMUSG00000026565.18	Pou2f1	502.600281773626	1.70889013479751	0.130768322727466	13.0680741264763	5.01183488136942e-39	2.50579638187115e-37
ENSMUSG00000022489.6	Pde1b	235.248012405053	2.78923546943082	0.213523530309695	13.0628950607238	5.36481007586796e-39	2.6758121388046e-37
ENSMUSG00000022797.16	Tfrc	2804.09625765126	2.06745037305538	0.158325553506562	13.0582229290592	5.70438557431525e-39	2.83834319718152e-37
ENSMUSG00000042116.3	Vwa1	175.861423841443	3.32781538540553	0.254878790143383	13.0564625778922	5.8378003091968e-39	2.89776087769939e-37
ENSMUSG00000058392.13	Rrp1b	840.048189304321	1.38616289412831	0.106344777909892	13.0346117728774	7.77618136485598e-39	3.85069803997976e-37
ENSMUSG00000010461.15	Eya4	737.024455796485	-1.7294396273053	0.132710137162468	-13.031707029193	8.07799502486184e-39	3.99060665917936e-37
ENSMUSG00000019817.18	Plagl1	2186.19351964549	-1.46417249385923	0.112366080484792	-13.0303779178041	8.21995090648793e-39	4.0510658050808e-37
ENSMUSG00000026669.14	Mcm10	362.639145929066	2.28747050088692	0.17562645232945	13.0246353584365	8.86234339922666e-39	4.35728375345826e-37
ENSMUSG00000030793.4	Pycard	112.359013634069	3.77551068436674	0.290036931046869	13.0173446213877	9.75029303523185e-39	4.78249562882142e-37
ENSMUSG00000030852.18	Tacc2	2534.37370447903	1.05139361194649	0.0808033889937077	13.0117514257769	1.04909720882896e-38	5.13363194457462e-37
ENSMUSG00000017897.18	Eya2	130.182852340569	4.18180993924471	0.32172897084762	12.9979278155381	1.25703349061298e-38	6.13663590146179e-37
ENSMUSG00000044294.8	Krt84	954.871060798869	10.9040321354351	0.840321784663315	12.9760198229348	1.67353906476708e-38	8.15072590626206e-37
ENSMUSG00000025427.15	Ark2c	141.468731887023	3.69730702082179	0.285100522766691	12.9684329756471	1.84769143208648e-38	8.97778520017793e-37
ENSMUSG00000025407.7	Gli1	136.976297805061	6.08197542326349	0.469248205199613	12.9611053507947	2.03296762914121e-38	9.85489390060745e-37
ENSMUSG00000032380.9	Dapk2	104.678737214885	5.00606620892274	0.386310248620749	12.9586678758744	2.09860305847475e-38	1.01492954923759e-36
ENSMUSG00000005410.6	Mcm5	895.831822832428	1.42108866180407	0.109669681279804	12.9578990767594	2.11973879734613e-38	1.02276161692931e-36
ENSMUSG00000024151.13	Msh2	783.009821950548	1.74658113985146	0.134816202811452	12.9552761717681	2.19345267356673e-38	1.05586690442227e-36
ENSMUSG00000044026.3	Slc35g1	234.962401083527	2.13613855688466	0.164983920758385	12.9475560228259	2.42553691459865e-38	1.16487676555168e-36
ENSMUSG00000031274.16	Col4a5	2646.52436950996	-1.29362842302197	0.0999417247476722	-12.9438272782269	2.54621712294983e-38	1.22000343120228e-36
ENSMUSG00000022894.6	Adamts5	1176.54357630507	-1.31395997959587	0.101681608805014	-12.9222973066402	3.3692919848071e-38	1.61064606913446e-36
ENSMUSG00000024590.8	Lmnb1	895.384556612289	1.3966339547299	0.108340274546144	12.8911797628411	5.04658345755975e-38	2.40689472322648e-36
ENSMUSG00000035105.5	Egln3	401.056625630532	2.88473886482632	0.223813012354761	12.8890578544816	5.1873647498079e-38	2.46835087255802e-36
ENSMUSG00000021477.9	Ctsl	11111.5497527893	-1.0097389846214	0.0784160536424777	-12.8766870776882	6.0893781409057e-38	2.89091830593136e-36
ENSMUSG00000018217.12	Pmp22	1746.53607008175	-1.26132482514085	0.0981810352990312	-12.8469293616554	8.94925680056016e-38	4.23891685388546e-36
ENSMUSG00000006014.16	Prg4	696.494483721862	-1.48546406373364	0.115724072246534	-12.8362581345138	1.02720566014195e-37	4.85436757061147e-36
ENSMUSG00000044628.5	Rnf208	164.253798528025	6.77169728091116	0.527665420305944	12.8333163787479	1.06697279312876e-37	5.03081317653127e-36
ENSMUSG00000004929.12	Thop1	1516.77221440154	1.8316710222271	0.142897285760313	12.8180952666899	1.29851296448452e-37	6.10861814815115e-36
ENSMUSG00000053279.8	Aldh1a1	364.18098734219	2.35690290320664	0.18390489296567	12.8158792580174	1.33615106830669e-37	6.27142652219503e-36
ENSMUSG00000028602.12	Tnfrsf8	298.657780949135	8.48759500354555	0.6623733809869	12.813913190321	1.37045075476404e-37	6.41786429250244e-36
ENSMUSG00000049971.17	Glt1d1	197.003735231204	7.39588729145181	0.577411638537675	12.8086910582237	1.4658639752087e-37	6.84919151757222e-36
ENSMUSG00000052632.16	Asap2	761.847678015864	1.65631789436584	0.129331716888466	12.8067417197765	1.50314831554596e-37	7.00758265393825e-36
ENSMUSG00000000244.17	Tspan32	99.2388711643801	3.83909516377272	0.300163900499344	12.7899962566655	1.86482888563801e-37	8.6741782255778e-36
ENSMUSG00000027111.16	Itga6	2481.55931739693	1.42102194532334	0.111269475594565	12.7709952593031	2.38090463177831e-37	1.10498531329998e-35
ENSMUSG00000072082.7	Ccnf	482.895697213324	1.55742451408271	0.12216406025485	12.7486309053066	3.17268207401558e-37	1.46915763422927e-35
ENSMUSG00000032068.14	Plet1	138.735202395644	6.51953027469619	0.511892263102127	12.7361375520448	3.72378697074989e-37	1.72050594882929e-35
ENSMUSG00000035547.14	Capn5	1058.76734048491	1.44861079566938	0.113788838120771	12.7306932700366	3.99278067070383e-37	1.84068078180175e-35
ENSMUSG00000032796.8	Lama1	147.669610435189	3.04777699505501	0.239568935535046	12.7219206791073	4.46742263075529e-37	2.05491513408897e-35
ENSMUSG00000029086.15	Prom1	128.45558625465	3.34610077563424	0.263142328134076	12.7159351342721	4.82304908453202e-37	2.21357634147956e-35
ENSMUSG00000074277.4	Phldb3	144.674544955775	3.2713080558226	0.257319010291355	12.7130446060654	5.00472527773218e-37	2.29187629477386e-35
ENSMUSG00000054027.8	Nt5dc3	1037.42177269074	1.39102111822382	0.109606549603931	12.6910401180435	6.62994150675245e-37	3.02942956397945e-35
ENSMUSG00000032477.14	Cdc25a	621.006045723999	1.49882452357469	0.11812965051284	12.6879620575173	6.89567689445646e-37	3.14391224754084e-35
ENSMUSG00000026355.11	Mcm6	1692.76209164274	1.4969844086375	0.118059919652487	12.6798697902212	7.64587751153542e-37	3.47828612332465e-35
ENSMUSG00000053004.9	Hrh1	104.378931508453	4.78182866016463	0.377276285024428	12.6746070452189	8.17674221694835e-37	3.71163129711873e-35
ENSMUSG00000034109.15	Golim4	3957.49388583765	-1.16806512897037	0.0921880417431438	-12.6704625337943	8.62045932812731e-37	3.90448331800672e-35
ENSMUSG00000004319.15	Clcn3	901.030842851739	1.80235828654894	0.14235346724396	12.6611477854637	9.70696517091756e-37	4.38699720683019e-35
ENSMUSG00000027656.7	Ccn5	1865.43697420512	-1.88736224648632	0.149119623160405	-12.6566994100845	1.02728293053222e-36	4.63262077975739e-35
ENSMUSG00000061859.17	Patj	636.512054997532	1.60939218480421	0.127226390656371	12.6498297758918	1.12117474929897e-36	5.04504263820422e-35
ENSMUSG00000046589.7	Lrrc8e	161.439462875628	2.81822787280896	0.222965993613664	12.6397206458853	1.2750615668814e-36	5.72505409389979e-35
ENSMUSG00000051397.5	Tacstd2	275.724586420985	8.37087362538577	0.663354325643907	12.6190081254996	1.6589759484067e-36	7.43271496884639e-35
ENSMUSG00000054793.8	Cadm4	205.436311469879	2.2675073395961	0.180095773837374	12.5905638498972	2.37967421541218e-36	1.06386342515803e-34
ENSMUSG00000021684.17	Pde8b	200.67109382886	-2.20438019103435	0.175200666731812	-12.5820308344414	2.65125290733596e-36	1.18272163639972e-34
ENSMUSG00000097789.2	Ctxnd1	3738.7551017781	-1.29808527413767	0.103455404981701	-12.5472929555229	4.11332947665046e-36	1.8310065986492e-34
ENSMUSG00000034235.17	Usp54	491.714008575942	1.62383635502198	0.129446801925598	12.5444300737171	4.26471558394465e-36	1.89432076978692e-34
ENSMUSG00000041957.15	Pkp2	362.863844977378	2.04022833879382	0.162681860346271	12.5412159318264	4.44128167452839e-36	1.96852439788144e-34
ENSMUSG00000028337.14	Coro2a	103.325420529105	4.91147090458836	0.391758271503645	12.5369935030017	4.68432142367477e-36	2.07181130659496e-34
ENSMUSG00000020432.12	Tcn2	1511.32014731994	-1.34049474710585	0.106948492188347	-12.5340219359531	4.86324199806315e-36	2.14635919227951e-34
ENSMUSG00000018830.10	Myh11	247.567113786982	-2.38072002206445	0.190297724255922	-12.5105018011814	6.5409709632671e-36	2.88067144614182e-34
ENSMUSG00000027806.9	Tsc22d2	1590.14174449661	-1.10996544300379	0.0887600034828455	-12.5052433466647	6.9885486336049e-36	3.07125197806768e-34
ENSMUSG00000095440.2	Fignl2	191.328825007399	2.41772734559841	0.19351933641554	12.4934664947738	8.10439458471705e-36	3.55408609129361e-34
ENSMUSG00000029153.11	Ociad2	597.511745684014	1.37358958279827	0.110027076489606	12.4841050641569	9.1162599502915e-36	3.98937557528718e-34
ENSMUSG00000021608.15	Lpcat1	710.354965186627	1.38917615049909	0.111345963962431	12.4762146831636	1.00659375838557e-35	4.3956717731694e-34
ENSMUSG00000030602.13	Pak4	780.532113903808	1.99395506965937	0.159966369411145	12.4648391846321	1.16105769438444e-35	5.05952278232916e-34
ENSMUSG00000034825.14	Nrip3	113.437296559225	4.20343018415091	0.337276499686217	12.4628611482316	1.19022464426304e-35	5.17572687218502e-34
ENSMUSG00000028977.17	Casz1	111.053317937181	5.90412150911839	0.474042582918213	12.4548336412576	1.31625663551025e-35	5.71178115270999e-34
ENSMUSG00000035783.9	Acta2	18993.0596680275	-1.40439115549721	0.112788265575759	-12.4515715205664	1.37118365919931e-35	5.93768421794278e-34
ENSMUSG00000025196.4	Cpn1	109.538751501607	5.88059312327479	0.472301530381416	12.4509296392197	1.38225674248641e-35	5.97313826988022e-34
ENSMUSG00000032261.16	Sh3bgrl2	1042.44790565509	1.46206117007205	0.117656361648663	12.4265373294302	1.875852748287e-35	8.08922417433181e-34
ENSMUSG00000029032.12	Arhgef16	254.40944313709	8.25698047796535	0.664769851580089	12.4208106886005	2.01509115324412e-35	8.67159496486487e-34
ENSMUSG00000014813.9	Stc1	461.272427660468	1.65827502544999	0.13373515588386	12.3996941155106	2.6232304791857e-35	1.12651966159056e-33
ENSMUSG00000028527.18	Ak4	583.590494624965	1.72291959732249	0.139029976278514	12.3924325058577	2.87197616072063e-35	1.23078746481897e-33
ENSMUSG00000028896.13	Rcc1	958.579836294531	1.58568544622892	0.128002426514566	12.3879327088262	3.03773522980476e-35	1.2991339157382e-33
ENSMUSG00000031521.5	Aga	1315.87873577701	-1.13674519750754	0.0917813350782763	-12.3853635005207	3.13660474868171e-35	1.33865116892707e-33
ENSMUSG00000045333.15	Zfp423	212.865931950465	2.16620932229401	0.174957180615027	12.3813684850152	3.29673043033692e-35	1.40409512710996e-33
ENSMUSG00000045180.13	Shroom2	388.646511222057	1.656363932138	0.133828086567394	12.3768035142898	3.48966403188767e-35	1.4832146980707e-33
ENSMUSG00000020937.14	Plcd3	554.243140671803	1.65896761490588	0.134049199711861	12.3758114070941	3.53305606454313e-35	1.4985804811471e-33
ENSMUSG00000046204.14	Pnma2	104.470533090598	5.35319605687176	0.432816888499438	12.3682698136644	3.88091126572558e-35	1.64276037401337e-33
ENSMUSG00000074457.10	S100a16	983.9076831368	1.81135542703965	0.146642080755972	12.3522212566933	4.7384781926149e-35	2.00166857365175e-33
ENSMUSG00000041431.16	Ccnb1	621.341307440477	1.49724290574202	0.121269257856192	12.3464341434128	5.09187254775187e-35	2.14657168769686e-33
ENSMUSG00000019139.10	Isyna1	958.784983715501	2.33468137755978	0.189118856396811	12.3450480932538	5.18032766132808e-35	2.17942281019979e-33
ENSMUSG00000024427.7	Spry4	523.682728648	1.4806456330463	0.119947593663759	12.3441045194862	5.24141653163031e-35	2.2006507259273e-33
ENSMUSG00000024067.14	Dpy30	517.475455014506	1.73737715997318	0.140748703601231	12.3438235345706	5.25974598349191e-35	2.20387615611942e-33
ENSMUSG00000050708.16	Ftl1	5662.09562457451	-0.950817614548897	0.0770427059193987	-12.3414358725099	5.41809214334146e-35	2.26563816717222e-33
ENSMUSG00000033669.8	Zfp7	269.740667266169	2.10100630517549	0.170312541822325	12.3361807809041	5.78348127667653e-35	2.4135540110066e-33
ENSMUSG00000026193.15	Fn1	216859.444531666	-1.16882999277739	0.0947710949733215	-12.3331907593388	6.00220016280612e-35	2.49978956076306e-33
ENSMUSG00000051236.13	Msrb3	3028.99027964424	-1.10040093126074	0.0892570488655511	-12.3284485118736	6.36606525238487e-35	2.6460077240786e-33
ENSMUSG00000031489.15	Adrb3	91.3296919007713	4.01582045466469	0.325846475108566	12.3242715862637	6.70465732952219e-35	2.78115635398356e-33
ENSMUSG00000023960.13	Enpp5	1067.52123579327	-1.3498823379389	0.109533959208371	-12.3238705849294	6.73808999156427e-35	2.78943449470777e-33
ENSMUSG00000036777.8	Anln	2390.65083674059	1.29909845038431	0.105443863106238	12.3202850513493	7.04448468520518e-35	2.91045486026072e-33
ENSMUSG00000057948.12	Unc13d	109.097062170113	4.72707650504654	0.384179469110329	12.3043444148469	8.58304956207867e-35	3.53905463915272e-33
ENSMUSG00000037907.16	Ankrd13b	912.269578844957	1.49302121686821	0.121364638225968	12.3019459266904	8.84180180224311e-35	3.63849812136442e-33
ENSMUSG00000023064.4	Sncg	413.610070957522	-1.75352038829849	0.142641880919785	-12.2931664739095	9.85679700466816e-35	4.04813176983385e-33
ENSMUSG00000034518.14	Hmgxb4	991.787008185988	1.4755911100814	0.120045082407269	12.2919746522832	1.00032249075694e-34	4.10013371013424e-33
ENSMUSG00000003545.3	Fosb	2748.59568877986	1.92808260168932	0.157088397304058	12.2738702207099	1.25126219466e-34	5.11855260222675e-33
ENSMUSG00000013415.9	Igf2bp1	1004.56610150763	1.3008909444365	0.105999107324401	12.2726594333972	1.27011887058028e-34	5.18544191363734e-33
ENSMUSG00000038058.14	Nod1	335.335111700124	2.06400458301943	0.168263761212406	12.2664830986034	1.37079160311226e-34	5.58543610094896e-33
ENSMUSG00000001151.10	Pcnt	817.888142799442	1.28528260162396	0.104794458769814	12.2647954549499	1.39965283906853e-34	5.69182988524153e-33
ENSMUSG00000022197.16	Pdzd2	372.85545295196	1.58216771817498	0.129059128579573	12.2592468707045	1.49886441494772e-34	6.08333225980449e-33
ENSMUSG00000044279.15	Crb3	347.980923751056	9.03264310745452	0.736882518636634	12.2579147679694	1.52370477349953e-34	6.1720479660796e-33
ENSMUSG00000029838.11	Ptn	4291.55865485075	-1.80814813348833	0.147667186715807	-12.2447523630839	1.79223283660194e-34	7.24559130562959e-33
ENSMUSG00000054065.12	Pkp3	232.870746151174	8.12869929415355	0.664185281643337	12.2386019666702	1.93334048354625e-34	7.80082157288963e-33
ENSMUSG00000067818.6	Myl9	3052.04336467784	-1.11659736537573	0.0912609209976486	-12.2352191186467	2.01560179305629e-34	8.11691469153155e-33
ENSMUSG00000020473.13	Aebp1	17168.6916520587	-1.21413402287281	0.0992787130116843	-12.2295503843801	2.16131615990538e-34	8.68681227065658e-33
ENSMUSG00000050578.10	Mmp13	1317.55033083611	-1.67284675823076	0.136843696750248	-12.2245072148544	2.29972020905613e-34	9.22517608667692e-33
ENSMUSG00000078190.7	Dnm3os	2704.60144675908	-1.35818660941976	0.111232105306393	-12.2103830155743	2.73598131305185e-34	1.09539801158337e-32
ENSMUSG00000051343.11	Rab11fip5	3645.11811484601	1.22781639995442	0.100579601062171	12.2074097231254	2.83780583660874e-34	1.13397187281784e-32
ENSMUSG00000038843.18	Gcnt1	303.177600069655	-1.88049369059292	0.154098362100905	-12.2032036223821	2.98831010147117e-34	1.19181176860023e-32
ENSMUSG00000051339.10	2900026A02Rik	2838.64916613267	1.1186799520754	0.0917060279699276	12.1985432892398	3.1643421381277e-34	1.2595907291751e-32
ENSMUSG00000026765.12	Lypd6b	111.045085808708	6.03950568869672	0.495762968816279	12.1822444768658	3.86496924787994e-34	1.53552780157134e-32
ENSMUSG00000042724.8	Map3k9	93.576325001126	3.67420832042255	0.301925532635266	12.169253419389	4.5320873186411e-34	1.79712021855464e-32
ENSMUSG00000020696.18	Rffl	247.972513159598	1.93479962008905	0.159062399826957	12.1637773741243	4.84647290880736e-34	1.91810980381269e-32
ENSMUSG00000020793.5	Galr2	130.231010442318	2.82876002545591	0.232614877939393	12.1607012006899	5.03248541851024e-34	1.98792778010961e-32
ENSMUSG00000021451.16	Sema4d	100.517527286861	3.78541350094299	0.312155755437169	12.126681744636	7.62780714720938e-34	3.00739009790642e-32
ENSMUSG00000022723.16	Crybg3	679.472797423452	1.5160026218341	0.12503963248756	12.1241768843565	7.86464006644721e-34	3.09487043223176e-32
ENSMUSG00000029659.16	Medag	785.359796748341	-1.34505471799198	0.110989973743364	-12.1187047138337	8.40774127862874e-34	3.30231189234035e-32
ENSMUSG00000069114.8	Zbtb10	599.542151158646	1.82983515701208	0.150994801788822	12.118530805923	8.42559879347271e-34	3.30305813306992e-32
ENSMUSG00000078954.9	Arhgap8	88.7810186979148	4.47705910703324	0.369927847888838	12.1025198091564	1.02418345483688e-33	4.00748078103374e-32
ENSMUSG00000041075.8	Fzd7	1401.64925563206	-1.093541422469	0.0903618863943795	-12.1017993990995	1.03321254508017e-33	4.03518235294613e-32
ENSMUSG00000016534.15	Lamp2	10265.8009848124	-1.0218184832405	0.0844405759351809	-12.1010364025096	1.04286160914142e-33	4.06519631781887e-32
ENSMUSG00000014599.10	Csf1	4179.61420580012	-1.24899709702461	0.103226695023476	-12.0995552239714	1.06184925795878e-33	4.13143191550542e-32
ENSMUSG00000028078.14	Dclk2	544.582611928733	1.81775126950276	0.150386717813262	12.0871796122307	1.23452291403792e-33	4.79425699768687e-32
ENSMUSG00000037337.11	Map4k1	99.8050138135881	3.56050620464661	0.29504015386576	12.0678699424303	1.5612319342774e-33	6.05167412127488e-32
ENSMUSG00000003746.16	Man1a	2345.4386237991	-1.15509397797406	0.095744058465989	-12.0643933052449	1.62858098806987e-33	6.30093418169312e-32
ENSMUSG00000033730.4	Egr3	393.397405757711	-1.89168371118812	0.157168183835357	-12.0360474049236	2.29700109184461e-33	8.87045253733053e-32
ENSMUSG00000034037.14	Fgd5	114.663411789107	4.61696755499641	0.384173180145064	12.0179330406486	2.86037199483534e-33	1.10254822944314e-31
ENSMUSG00000032249.14	Anp32a	2390.65973906964	1.44980795377627	0.120647930248663	12.0168489487397	2.89813852502592e-33	1.11502916969352e-31
ENSMUSG00000053559.13	Smagp	179.984712384657	7.49091759339014	0.623805621663065	12.008416297082	3.20932156074095e-33	1.2324628383261e-31
ENSMUSG00000043155.4	Hpdl	216.016193842873	8.02111322418529	0.669802555500054	11.975339834583	4.78473009611831e-33	1.83405793073246e-31
ENSMUSG00000030510.11	Cers3	136.867578940148	6.86288798172042	0.573190348719845	11.9731394589038	4.91336343072965e-33	1.87988372740616e-31
ENSMUSG00000118219.1	Gm29695	87.2727203328981	4.73913105377916	0.396056652709181	11.9657908063447	5.36836733720223e-33	2.05018146702489e-31
ENSMUSG00000038354.13	Ankrd35	93.5596250914523	3.2655390134146	0.272921034221956	11.9651423083751	5.4104749197981e-33	2.0624570969595e-31
ENSMUSG00000034330.10	Plcg2	367.902284255858	1.90758869091451	0.159497051795408	11.9600247743854	5.75447502548568e-33	2.18955659103912e-31
ENSMUSG00000052539.15	Magi3	568.56342283388	-1.39420323251303	0.116599538639222	-11.9571933884483	5.95404499356188e-33	2.2613353637016e-31
ENSMUSG00000021876.15	Rnase4	2227.4569723485	-1.04797517054639	0.0876631148761127	-11.9545737340889	6.14480646807574e-33	2.32951188796154e-31
ENSMUSG00000032782.19	Cntrob	575.148419919811	1.77316588128362	0.148527315928177	11.9383149840334	7.4721594073593e-33	2.82753615307002e-31
ENSMUSG00000032085.5	Tagln	528.948315263412	-1.49570334028002	0.125293369931432	-11.937609636476	7.53578291256521e-33	2.84640822093408e-31
ENSMUSG00000043811.5	Rtn4r	267.661234047619	2.5323783337334	0.212241476570779	11.931590255823	8.10109427684348e-33	3.05436339592683e-31
ENSMUSG00000000628.10	Hk2	2056.74245997108	1.40710045601468	0.117980854245301	11.926515238558	8.61029819193886e-33	3.24044658681714e-31
ENSMUSG00000028544.14	Slc5a9	201.133617228572	7.91222737546023	0.663456555505235	11.9257656131454	8.68815922788673e-33	3.2638150246466e-31
ENSMUSG00000051920.7	Rspo2	561.992888267483	-1.68924574089325	0.141784166482075	-11.9142058158293	9.98126961713171e-33	3.74279528632263e-31
ENSMUSG00000040084.9	Bub1b	875.945582885579	1.5887654564751	0.133397070102453	11.9100476139009	1.04917333231872e-32	3.92709562489425e-31
ENSMUSG00000074121.3	Ntf5	104.798027425803	3.33107897800787	0.279787503716506	11.9057460885854	1.10470792650386e-32	4.12749988640856e-31
ENSMUSG00000029781.7	Fkbp9	9418.50399360016	-0.892592812214192	0.0749809236558355	-11.9042653610299	1.12449239843922e-32	4.19385011807089e-31
ENSMUSG00000015053.14	Gata2	721.122421427969	1.63008849000858	0.137019547231742	11.8967586956889	1.23033571333576e-32	4.58034513135555e-31
ENSMUSG00000029563.16	Foxp2	160.762682697667	-2.40766030222809	0.202386556513684	-11.8963450127445	1.23644801973752e-32	4.59483618681274e-31
ENSMUSG00000040811.15	Eml2	608.346700532094	1.88697561891502	0.158643064889928	11.8944727916362	1.26448995710043e-32	4.690623229753e-31
ENSMUSG00000024456.16	Diaph1	1822.01444561187	1.10818272969286	0.0931950118804736	11.8910090500783	1.31804488949176e-32	4.88053867040966e-31
ENSMUSG00000063975.13	Slco1a5	110.63374838673	5.64309282672934	0.474739205835089	11.8867217145103	1.38746277358003e-32	5.12840927684519e-31
ENSMUSG00000058290.4	Espl1	517.132587158363	1.80554596118703	0.151966533215628	11.8812078092557	1.48210210515635e-32	5.46845480831218e-31
ENSMUSG00000075225.15	Ccdc162	99.1735797973218	3.21279010591366	0.27044491822939	11.87964679443	1.51004060203271e-32	5.56162463015569e-31
ENSMUSG00000057534.13	Elobl	87.8218675904292	-3.4658966894656	0.291755795256273	-11.8794441989446	1.51370471870108e-32	5.56521740184614e-31
ENSMUSG00000020541.12	Tom1l1	808.035163729623	1.52620533930717	0.128622635144504	11.8657601563871	1.78275882660922e-32	6.54278811205394e-31
ENSMUSG00000041372.10	B4galnt3	101.756426796876	3.15330519251997	0.266000882097687	11.8544914875957	2.03958626213567e-32	7.47210549379578e-31
ENSMUSG00000023931.5	Efhb	116.068412422447	6.10205247594815	0.514780353308882	11.8537011692961	2.05891930830282e-32	7.52960614179507e-31
ENSMUSG00000055737.12	Ghr	1682.14005380267	-1.24670709933011	0.105220489163716	-11.8485202762203	2.1902413114275e-32	7.99573278751991e-31
ENSMUSG00000032267.8	Usp28	743.171297841923	1.62416289461215	0.137225283549639	11.8357408532855	2.55081164519218e-32	9.29564264856214e-31
ENSMUSG00000052557.11	Gan	1058.50015442301	1.20870045921766	0.102253217868751	11.8206593827601	3.05278927151302e-32	1.11053928174074e-30
ENSMUSG00000029201.14	Ugdh	3725.44385818346	-1.12924013555815	0.095586247041079	-11.8138348404122	3.31107367124615e-32	1.20238445475656e-30
ENSMUSG00000037408.10	Cnnm4	337.912529730981	1.58868399078258	0.134638634549331	11.799614546748	3.92103375966786e-32	1.42139190527785e-30
ENSMUSG00000032925.16	Itgbl1	878.907811278689	-1.23776914480251	0.104905133487085	-11.7989377989295	3.95269263673895e-32	1.43036337216538e-30
ENSMUSG00000038605.11	Samd10	192.936048945825	2.10884182563779	0.178764286435158	11.7967736603962	4.05564651018186e-32	1.46505806482119e-30
ENSMUSG00000003863.18	Ppfia3	189.182018750238	2.82297051150661	0.239543248022741	11.7848051857367	4.67499849394556e-32	1.68585006665817e-30
ENSMUSG00000038473.14	Nos1ap	85.7153919901761	3.74090194881792	0.317532823746407	11.7811503852765	4.88221560499976e-32	1.75751270970244e-30
ENSMUSG00000021508.11	Cxcl14	3022.30099942075	-1.59627578896981	0.135543917512732	-11.7768160922446	5.13980707605765e-32	1.84702893519648e-30
ENSMUSG00000031584.16	Gsr	801.609748912008	1.42130512853029	0.120744962667124	11.7711339432737	5.49804680795106e-32	1.97234091642598e-30
ENSMUSG00000032041.15	Tirap	593.341581024372	1.41896468710575	0.120616459846348	11.7642707215363	5.9639460129506e-32	2.13577367685233e-30
ENSMUSG00000027536.6	Chmp4c	751.248347519957	1.54343685635601	0.131253060568237	11.7592446962682	6.32979968067204e-32	2.26287605509897e-30
ENSMUSG00000028989.3	Angptl7	731.947522475247	1.5231913687389	0.129565661404742	11.7561347059442	6.56725346043223e-32	2.34371688581874e-30
ENSMUSG00000020733.3	Nherf1	818.618652214348	1.36737554429051	0.116320318796844	11.7552596006779	6.63564965069739e-32	2.36405012254363e-30
ENSMUSG00000020902.12	Ntn1	616.366819608877	1.53685463067123	0.130773242853631	11.7520572032565	6.8920261425122e-32	2.4511692289323e-30
ENSMUSG00000017760.16	Ctsa	5877.16113467235	-1.04971486937867	0.0894799344225198	-11.731287870887	8.81077929382018e-32	3.1282044700306e-30
ENSMUSG00000067219.9	Nipal1	332.018798480557	-1.70734282899961	0.14554716817075	-11.7305121800558	8.89189901419889e-32	3.1515996180634e-30
ENSMUSG00000027472.14	Pdrg1	1392.13485227624	-1.07285990517307	0.0914915829946523	-11.7263235595758	9.34291826379209e-32	3.30579598533731e-30
ENSMUSG00000006398.15	Cdc20	1118.04142914801	1.5753789738034	0.134579319585695	11.7059513947108	1.18818982925163e-31	4.1969865658156e-30
ENSMUSG00000060962.12	Dmkn	122.756563631672	6.70774859841188	0.573359896762231	11.6990194750114	1.28934673301241e-31	4.54653969789165e-30
ENSMUSG00000034040.16	Galnt17	309.436257557995	-1.86282976643493	0.159243637769383	-11.6979855052839	1.30515096615366e-31	4.59444215109091e-30
ENSMUSG00000055150.15	Zfp78	131.821161559304	3.05586761591803	0.261355702075259	11.6923701746445	1.39440021720589e-31	4.90028694328432e-30
ENSMUSG00000001131.11	Timp1	6926.90652969507	-0.898728678291003	0.076927249252759	-11.6828391372485	1.55996490745238e-31	5.47283281684015e-30
ENSMUSG00000024143.15	Rhoq	2684.45997614447	-1.10867647779984	0.0949119525653528	-11.681104938142	1.59212331278682e-31	5.57620312205995e-30
ENSMUSG00000048120.16	Entpd1	92.171243772876	3.50388172345697	0.300195114666163	11.6720144741647	1.7717741469595e-31	6.19492450471531e-30
ENSMUSG00000021509.5	Slc25a48	90.3015703041397	3.50193244611941	0.300699736593958	11.6459445085852	2.40640726368277e-31	8.39970049763401e-30
ENSMUSG00000015176.11	Nolc1	2058.70571173112	1.1788617047436	0.101369021297521	11.6294079754761	2.92116465639258e-31	1.01793244482609e-29
ENSMUSG00000048482.14	Bdnf	901.104287943742	-1.32193968397504	0.113702470134289	-11.6263057646308	3.02925719324708e-31	1.05382512005078e-29
ENSMUSG00000039252.11	Lgi2	187.319788032357	3.13233677069045	0.26944498202386	11.6251442025856	3.07074414926051e-31	1.06646532123395e-29
ENSMUSG00000031119.4	Gpc4	2742.46886431775	-1.16738701641615	0.100421862493673	-11.6248293690998	3.08208574268814e-31	1.06861126947909e-29
ENSMUSG00000046733.7	Gprc5a	1370.74624378958	1.43528900629141	0.123528385696355	11.6191027527834	3.29579297269783e-31	1.14079630003131e-29
ENSMUSG00000026042.16	Col5a2	34740.9294003366	-0.934369687977865	0.0804695097278904	-11.6114748447885	3.60345991896708e-31	1.24520896264941e-29
ENSMUSG00000021242.9	Npc2	8183.86591563864	-0.866360869957002	0.074642167032303	-11.6068558082199	3.80345480727161e-31	1.31212851759525e-29
ENSMUSG00000031103.12	Elf4	1471.25679131102	1.13647427296198	0.0979294389434346	11.6050320028732	3.88542234263359e-31	1.33817565840553e-29
ENSMUSG00000048897.15	Zfp710	616.429683758791	1.57939936385865	0.136108790609052	11.6039482592656	3.93495730947588e-31	1.35298474001397e-29
ENSMUSG00000098557.1	Kctd12	808.425752494106	-1.78201308232716	0.153577059440855	-11.6033806664559	3.96115006430119e-31	1.3597320925534e-29
ENSMUSG00000038970.7	Lmtk2	939.407122529485	1.13841761379619	0.098126225558601	11.6015632652285	4.04618776054705e-31	1.38662318635039e-29
ENSMUSG00000051335.6	Gfod1	247.196907899305	1.89474263339701	0.163388998110932	11.5965129556066	4.29212969033023e-31	1.46847590843216e-29
ENSMUSG00000059325.14	Hopx	214.27901084121	2.22609854819602	0.191965421676524	11.5963517218594	4.30022127879372e-31	1.46881650577147e-29
ENSMUSG00000015112.15	Slc25a13	554.953080617214	1.53367428255394	0.13227373704101	11.5946998766538	4.38399718006309e-31	1.49496470560339e-29
ENSMUSG00000001403.13	Ube2c	618.156418324591	1.5008636269357	0.129485135415711	11.591010984521	4.57697974039399e-31	1.5582056520792e-29
ENSMUSG00000069662.5	Marcks	7099.93521758891	-1.26470799902649	0.109216882239304	-11.5797848564786	5.21768364231203e-31	1.7734127046341e-29
ENSMUSG00000021268.17	Meg3	13682.7613430515	-1.17486758723877	0.101507277727279	-11.5742202287732	5.56751608483447e-31	1.88921336786867e-29
ENSMUSG00000030862.13	Cpxm2	126.504725716774	2.8803851538916	0.249155397029074	11.5605970741043	6.52534839470003e-31	2.21060861574298e-29
ENSMUSG00000109674.1	Gm45470	91.72683789989	4.65803309248225	0.403355151909763	11.5482176697828	7.53671904107318e-31	2.54906123253552e-29
ENSMUSG00000022598.6	Psca	79.3356536915949	4.94949293196217	0.429056809485101	11.5357519623145	8.71225231727999e-31	2.94184193662934e-29
ENSMUSG00000009681.10	Bcr	1798.71889562253	1.10591870924305	0.0959096262362489	11.5308416124873	9.22375710780266e-31	3.10948775854084e-29
ENSMUSG00000000305.12	Cdh4	158.658632809924	2.73491243690071	0.23728114692073	11.5260418806656	9.75252450652802e-31	3.28239845139225e-29
ENSMUSG00000021091.8	Serpina3n	4278.31680050703	-1.80166479885461	0.156394373867674	-11.5200103066304	1.04598487016527e-30	3.51474688758942e-29
ENSMUSG00000097275.1	Gm26648	105.784387509612	3.03369127519422	0.263781859630413	11.5007577831347	1.30762317211443e-30	4.38678963364612e-29
ENSMUSG00000044456.16	Rin3	446.246596292403	1.53875556079956	0.1339777734024	11.485155497979	1.56653353352469e-30	5.24687339974557e-29
ENSMUSG00000020100.15	Slc29a3	1218.09834882322	1.14323438112491	0.0995596577368884	11.4829079078013	1.60780434555774e-30	5.37640422434566e-29
ENSMUSG00000018648.15	Dusp14	769.270763964013	1.33024428205144	0.115879428932462	11.4795550366989	1.6713845186059e-30	5.57999808881025e-29
ENSMUSG00000063651.11	Cnfn	109.065439893757	6.34589957990648	0.552946797987723	11.4765102230457	1.73128203952682e-30	5.77066134237771e-29
ENSMUSG00000021311.9	Mtr	1631.40640237743	1.36348846411202	0.118914902385492	11.4660857197859	1.95294836489756e-30	6.49904794292838e-29
ENSMUSG00000018339.11	Gpx3	794.258391644705	-1.34857463890182	0.117831365184202	-11.4449547180722	2.49234577529999e-30	8.28074882872143e-29
ENSMUSG00000005251.15	Ripk4	239.484510140247	8.49046525864633	0.742490366794285	11.4351184047061	2.79155637512409e-30	9.260004071906e-29
ENSMUSG00000025154.15	Arhgap19	282.753974121554	1.91213436598812	0.167269078661509	11.4314874051383	2.91079574833729e-30	9.64008979117339e-29
ENSMUSG00000017390.15	Aldoc	231.96295686663	2.75177677320831	0.241225891590181	11.4074685560011	3.83734780504787e-30	1.26883805457965e-28
ENSMUSG00000046623.8	Gjb4	177.903348518544	2.45102457955	0.215038061633579	11.3980965087311	4.27360868593424e-30	1.41083614338362e-28
ENSMUSG00000025314.16	Ptprj	708.251639043988	1.4127087505877	0.123944570950497	11.3979074658457	4.28289698641621e-30	1.41165103060238e-28
ENSMUSG00000056268.15	Dennd1b	722.182733014331	1.64864618664873	0.144667124859897	11.396135702879	4.37092920572146e-30	1.4383762103216e-28
ENSMUSG00000007655.16	Cav1	11720.3799157754	-1.01153934129053	0.0887715198216046	-11.3948633900075	4.43525119645295e-30	1.45722642087904e-28
ENSMUSG00000020585.4	Laptm4a	11239.3109204312	-0.926001143576412	0.081379481949575	-11.3788036172335	5.33262510935504e-30	1.74928695940634e-28
ENSMUSG00000096606.2	Tpbgl	81.7587252951975	4.90071663432635	0.430811724117381	11.3755414720122	5.53582208948103e-30	1.81306932642671e-28
ENSMUSG00000016526.8	Dyrk3	184.339614458172	2.12929898523084	0.187374855318232	11.3638459205986	6.32954431905395e-30	2.06975099305052e-28
ENSMUSG00000041688.16	Amot	2047.22861034656	-1.39100478785315	0.122444528443696	-11.3602853923585	6.59289065291172e-30	2.15246441048296e-28
ENSMUSG00000053522.11	Lgals7	100.28754608306	6.05093297914312	0.532673699368408	11.3595489815204	6.64869981055257e-30	2.16726673037209e-28
ENSMUSG00000068794.7	Col28a1	177.186261881813	-2.36932527857389	0.20876131222692	-11.349446184734	7.46339172422044e-30	2.42900542923961e-28
ENSMUSG00000029223.12	Uchl1	934.767851246383	1.84736396649067	0.162794470227237	11.3478299595313	7.60261453548123e-30	2.47043199795802e-28
ENSMUSG00000019528.18	Gyg1	1188.96195734132	-1.03696434474515	0.0914138011401659	-11.3436300844241	7.97656196723486e-30	2.58788175799051e-28
ENSMUSG00000031447.7	Lamp1	15064.2967215182	-0.827675343545377	0.0730092814754496	-11.3365770326571	8.64604909441187e-30	2.8006974992994e-28
ENSMUSG00000028517.8	Plpp3	2404.20680010976	-1.15831176795308	0.102260212256741	-11.3271011509828	9.63406547256351e-30	3.11586751900925e-28
ENSMUSG00000097415.2	AU020206	375.173656166081	2.01673601960924	0.178301318146374	11.3108306801952	1.15986191241011e-29	3.74539496489499e-28
ENSMUSG00000024855.10	Pacs1	1210.65934758729	1.38341002312137	0.122350051774617	11.3069835529761	1.21184358476654e-29	3.90715737711568e-28
ENSMUSG00000075122.5	Cd80	749.4856609442	-1.54700423025393	0.136834511802509	-11.3056582719913	1.23028066448545e-29	3.96043226659166e-28
ENSMUSG00000017466.9	Timp2	37393.0537126924	-1.18684824679254	0.10506063209918	-11.2967933190438	1.36097282436744e-29	4.37434417571145e-28
ENSMUSG00000021556.12	Golm1	1024.3330307112	1.21221958102649	0.107579710989169	11.2681059456326	1.88582952876801e-29	6.05190471565412e-28
ENSMUSG00000033658.16	Ddx19b	715.825483550969	1.45527991503011	0.129200687970974	11.2637164544902	1.98219164672581e-29	6.35129797145163e-28
ENSMUSG00000052920.16	Prkg1	912.895438983846	-1.41928967941603	0.126066135535122	-11.2582944927396	2.10798820720359e-29	6.7439332149779e-28
ENSMUSG00000029361.18	Nos1	161.953501444843	7.59619826710591	0.675353844966779	11.2477308357955	2.37626866413495e-29	7.59049152452613e-28
ENSMUSG00000026235.14	Epha4	316.108166236628	-2.0674775366688	0.183852181414549	-11.2453250255816	2.44195547072934e-29	7.78829526789315e-28
ENSMUSG00000024989.15	Cep55	335.737913287815	1.8254073871702	0.162486080462359	11.2342385389318	2.76870627379469e-29	8.81683864019636e-28
ENSMUSG00000001156.9	Mxd1	295.411131535757	1.67637965643937	0.149504841642944	11.2128787136072	3.52537726553394e-29	1.12091834131009e-27
ENSMUSG00000019997.11	Ccn2	4406.58925865172	-1.08958716148265	0.0971940237930971	-11.210433717634	3.62413140606679e-29	1.15055055175117e-27
ENSMUSG00000047443.14	Erfe	173.143006485656	2.55596799382632	0.228402921854121	11.1906098795829	4.53304875557462e-29	1.43690009481836e-27
ENSMUSG00000038776.13	Ephx1	6194.19852652054	-0.817980366975802	0.073198710862989	-11.1747919783297	5.41771595744897e-29	1.71469881656325e-27
ENSMUSG00000021765.9	Fst	1063.60168046508	-1.27455437849888	0.114418146929004	-11.139442585884	8.06223642583301e-29	2.54778979814225e-27
ENSMUSG00000034584.3	Exph5	79.0964297095097	5.1565338756443	0.463104777947614	11.1347023852723	8.50285483398435e-29	2.68293585683906e-27
ENSMUSG00000042462.4	Dctpp1	291.564523842948	1.73221388434071	0.155790101376067	11.1188956746312	1.01520797649812e-28	3.19844595213616e-27
ENSMUSG00000001247.16	Lsr	75.7687451398956	5.09698410170187	0.458537987059189	11.1157292210208	1.05187715803724e-28	3.30893697480437e-27
ENSMUSG00000043263.13	Ifi209	82.1209699369378	3.79711197766358	0.341989907747595	11.1029942452747	1.21310386457631e-28	3.81032426295373e-27
ENSMUSG00000062591.5	Tubb4a	122.126219522019	2.76057840122804	0.248755352025379	11.0975638463706	1.28909802967974e-28	4.04288486611228e-27
ENSMUSG00000056493.9	Foxk1	2286.25004469298	1.36554701327006	0.123125004021584	11.0907368013622	1.39136988833874e-28	4.35702954897481e-27
ENSMUSG00000097768.2	2310043M15Rik	73.257903862059	4.47553830294978	0.403593655460951	11.0892186792139	1.41518389607366e-28	4.42490807625811e-27
ENSMUSG00000030539.13	Sema4b	617.407623063046	1.50370255901246	0.135722961373446	11.0792053444441	1.58271014029722e-28	4.94125447873486e-27
ENSMUSG00000039648.14	Kyat1	269.714140384314	2.23495074328935	0.20177687068212	11.0763475304873	1.63403238372206e-28	5.09380064919621e-27
ENSMUSG00000017499.15	Cdc6	225.426835736588	1.93132293129085	0.174384815749765	11.0750636343374	1.6576235387686e-28	5.15957137277763e-27
ENSMUSG00000115009.1	G930009F23Rik	75.674526460559	3.67309265239362	0.331658860813525	11.0749118639071	1.6604345051139e-28	5.16056063383674e-27
ENSMUSG00000023015.14	Racgap1	1128.96714192032	1.2066860894908	0.108972430191925	11.0733154006527	1.69029088398707e-28	5.2454769126909e-27
ENSMUSG00000026196.7	Bard1	241.969732441366	2.36135348325501	0.213329538595593	11.0690413470185	1.77286953591904e-28	5.4935069646689e-27
ENSMUSG00000048078.16	Tenm4	1290.11035977034	1.22557072428723	0.110747523780812	11.0663487764552	1.82693455066508e-28	5.65257373157197e-27
ENSMUSG00000032363.15	Adamts7	549.95784597454	1.67363884460843	0.151267971119805	11.0640661880954	1.87404615494884e-28	5.78968378526656e-27
ENSMUSG00000020182.16	Ddc	91.6156658122758	3.11227573765506	0.28157321594524	11.0531668546924	2.11615647760907e-28	6.52791697914012e-27
ENSMUSG00000036202.16	Rif1	1239.73088271572	1.62233180593671	0.146920514463229	11.0422415267457	2.38995514224552e-28	7.36155974543749e-27
ENSMUSG00000024778.13	Fas	467.669380399716	-1.64483493254553	0.149025849712479	-11.0372457913776	2.52659265661929e-28	7.77086796424409e-27
ENSMUSG00000074637.7	Sox2	1410.60735605839	3.88559445922171	0.352235346316194	11.0312451599724	2.70099248082017e-28	8.29493224933185e-27
ENSMUSG00000038459.10	Abhd17c	879.283618048524	1.19288967416948	0.108292493629328	11.0154419220652	3.21952794380011e-28	9.87274206055088e-27
ENSMUSG00000102308.1	Sprr5	837.163916765625	11.299283756521	1.02665262372741	11.0059464081408	3.5773977986816e-28	1.09539285554601e-26
ENSMUSG00000011884.13	Gltp	1517.04890316913	1.22978137175611	0.111748143215937	11.0049378572647	3.61765273341448e-28	1.10608262819714e-26
ENSMUSG00000029283.17	Cdc7	323.404208602007	1.80059372410206	0.163673570227639	11.001126947972	3.77385796024109e-28	1.15213991031018e-26
ENSMUSG00000063804.8	Lin28b	104.227279938782	5.94123662110589	0.540214573657518	10.997919920747	3.91048149059405e-28	1.19209214099862e-26
ENSMUSG00000032827.15	Ppp1r9a	231.464798162652	1.86807745350148	0.169892154826953	10.9956663708471	4.00940961684784e-28	1.22045249498726e-26
ENSMUSG00000041417.15	Pik3r1	2305.17392852829	-1.24063837267511	0.112832889242036	-10.9953612019438	4.0229956206238e-28	1.22278981426273e-26
ENSMUSG00000024642.17	Tle4	479.19338282145	1.34014195483544	0.121945815991316	10.9896509686801	4.28580235515441e-28	1.30075986729239e-26
ENSMUSG00000025854.15	Fam20c	847.863534635574	1.55215006984059	0.141373895321247	10.9790429577794	4.8200302823122e-28	1.46075851850044e-26
ENSMUSG00000028644.17	Ermap	83.4129728380241	4.67092806660957	0.425528501067275	10.9767690175731	4.94287500784482e-28	1.49579780390906e-26
ENSMUSG00000042510.7	AA986860	126.224215264127	2.37036826059328	0.215953366102139	10.9762968893579	4.9687674167581e-28	1.50143820086826e-26
ENSMUSG00000028572.13	Hook1	103.735368707512	2.95596391529468	0.269546784163037	10.9664224875588	5.54220849418671e-28	1.67227658339899e-26
ENSMUSG00000029591.14	Ung	139.845334146708	2.26676515975328	0.206919316266919	10.9548262610206	6.29991421909833e-28	1.8981357266538e-26
ENSMUSG00000032243.8	Itga11	1534.67425715165	-1.47055470289022	0.134555185997332	-10.9290079902188	8.37590480090501e-28	2.51995426560949e-26
ENSMUSG00000039748.11	Exo1	220.467325399043	1.72599782745644	0.157930409710597	10.9288504387425	8.39045844543689e-28	2.52066907637298e-26
ENSMUSG00000022454.17	Nell2	260.489564335605	-1.71662335441795	0.157123305208222	-10.9253261452402	8.72264716738763e-28	2.61666773503995e-26
ENSMUSG00000038020.5	Rapgefl1	255.101796198296	1.99811514256952	0.182938842459976	10.9223121547119	9.01706165204479e-28	2.70107321469863e-26
ENSMUSG00000027405.16	Nop56	1597.38764041221	0.992889468165467	0.0909483981897917	10.9170638288043	9.55344182300454e-28	2.8555712536116e-26
ENSMUSG00000056917.13	Sipa1	574.619121996977	1.47840707188577	0.135422497806979	10.9169975139063	9.56041779193603e-28	2.8555712536116e-26
ENSMUSG00000042195.9	Slc35f2	106.410521556428	6.49771207521035	0.595701953941348	10.907656139483	1.05952923966428e-27	3.16011465876237e-26
ENSMUSG00000021390.6	Ogn	6713.5825396072	-1.38848901155541	0.127324630884579	-10.9051092621198	1.089622892304e-27	3.24519485579862e-26
ENSMUSG00000037275.14	Gemin5	1099.25414848083	1.05202513947225	0.0967886103059781	10.8693072061525	1.6142190466439e-27	4.800678167598e-26
ENSMUSG00000023885.9	Thbs2	10607.2765386878	-1.31205898822198	0.120752061165269	-10.86572747132	1.67879814849505e-27	4.98557286595395e-26
ENSMUSG00000074415.14	Mir100hg	6219.39366146789	-1.09003543873805	0.100392571756775	-10.8577300059502	1.83247729212976e-27	5.43416152862376e-26
ENSMUSG00000038764.14	Ptpn3	574.742184988471	1.23041045602827	0.113364420793474	10.8535856966078	1.91752158675825e-27	5.67822307930029e-26
ENSMUSG00000025938.16	Slco5a1	89.4703848858193	3.41473773948574	0.314670256064003	10.8517969959995	1.95542557875469e-27	5.78219343637763e-26
ENSMUSG00000048332.13	Lhfpl6	1759.16504512017	-1.02425519969688	0.0944402532573954	-10.8455363509592	2.09403993395631e-27	6.18324288059367e-26
ENSMUSG00000000544.14	Gpa33	753.762679089266	11.1476878104155	1.02835422322881	10.8403189860145	2.21696692743457e-27	6.53689436338577e-26
ENSMUSG00000029185.14	Fam114a1	2984.0564194168	-0.971233169276533	0.0895970191291332	-10.8400165397995	2.22430837632447e-27	6.54921181814228e-26
ENSMUSG00000115456.1	Gm35248	98.4567043094704	6.19324219449146	0.571466731349191	10.8374501169467	2.28758279287347e-27	6.72594832808066e-26
ENSMUSG00000032254.10	Kif23	739.560078319664	1.21067975470416	0.111722919174299	10.8364493485475	2.31273735725455e-27	6.79026249046978e-26
ENSMUSG00000037860.15	Aim2	114.587978509712	6.82935923250026	0.630319478680296	10.8347583463531	2.35586594327982e-27	6.90709194900127e-26
ENSMUSG00000021595.18	Nsun2	3822.18119319422	1.28372800987225	0.118698056439493	10.8150718586251	2.92063704063707e-27	8.55081557342953e-26
ENSMUSG00000020077.14	Srgn	78.1713630205507	5.02792376075405	0.464918862160785	10.8146263143336	2.93486299571368e-27	8.5803289757454e-26
ENSMUSG00000048706.3	Lurap1l	417.682828124487	-1.42210921450325	0.131505744884647	-10.8140463045981	2.95348534597008e-27	8.62259424206413e-26
ENSMUSG00000006585.3	Cdt1	361.08569768603	1.67804046755321	0.155217112247501	10.8109244094008	3.05575097993884e-27	8.90859007517662e-26
ENSMUSG00000039157.12	Eeig1	763.205835163944	1.34342581937602	0.124298090098431	10.8080970376308	3.15139481878545e-27	9.17450370661604e-26
ENSMUSG00000048707.9	Tprn	363.22268805004	1.60998088154737	0.148977160979422	10.8068973187759	3.19287031152325e-27	9.28219418233425e-26
ENSMUSG00000022965.8	Ifngr2	878.952078976158	-1.05295629266285	0.0974877735997568	-10.8009061421983	3.40823239992001e-27	9.89439024487297e-26
ENSMUSG00000050395.9	Tnfsf15	88.2457329685134	-3.38198221073068	0.313170748068362	-10.799163815876	3.47352405262338e-27	1.00698143368699e-25
ENSMUSG00000024660.9	Incenp	805.861504325097	1.18614659230388	0.109963693059897	10.7867111343541	3.97770667242629e-27	1.15153217360212e-25
ENSMUSG00000046687.6	Gm5424	601.803791157303	-1.35472180724563	0.125608948421314	-10.7852332518672	4.04216564197736e-27	1.16855847239231e-25
ENSMUSG00000068036.16	Afdn	2588.09343434642	1.12233756834503	0.104281230829407	10.762603772687	5.16887175525015e-27	1.49219632443407e-25
ENSMUSG00000058354.7	Krt6a	625.054653945773	12.7344781529522	1.18325310508241	10.762260498835	5.18816600740448e-27	1.49568033686999e-25
ENSMUSG00000092274.3	Neat1	8352.96024580226	-0.820134147896383	0.0762721203705246	-10.7527382733328	5.75279655589989e-27	1.65614931725413e-25
ENSMUSG00000033022.8	Cdo1	827.39633682286	-1.6541041306556	0.15389800711204	-10.7480542581126	6.05248896718739e-27	1.74000651571961e-25
ENSMUSG00000038840.7	Birc7	266.80815350107	9.06131679718826	0.844614856405181	10.7283417151277	7.49287055281425e-27	2.15110856550211e-25
ENSMUSG00000053931.11	Cnn3	4906.22168963973	-0.829303962360811	0.0773196273384849	-10.7256590714068	7.71351982009317e-27	2.21138707418433e-25
ENSMUSG00000032807.5	Alox12b	706.767977840514	11.0544194929766	1.03118884211849	10.7200728338625	8.19387857393368e-27	2.34585190320682e-25
ENSMUSG00000031877.9	Ces2g	123.862929693068	2.2946960503104	0.214753483072418	10.6852564972676	1.19318765916398e-26	3.41129714876177e-25
ENSMUSG00000079442.12	St6galnac4	779.040427892072	1.20993022542218	0.113361395925844	10.6732121242902	1.35847395794193e-26	3.8784899938538e-25
ENSMUSG00000029121.16	Crmp1	179.430278123123	2.30321177879932	0.21589423738833	10.6682411103754	1.43313495482158e-26	4.08601383331294e-25
ENSMUSG00000039985.14	Sinhcaf	112.479274315612	2.75787537582725	0.258615424631899	10.6640018852421	1.50000907842609e-26	4.27079613677325e-25
ENSMUSG00000024998.17	Plce1	314.855790870914	-1.56199025354602	0.146490341860862	-10.6627524634327	1.52030262447364e-26	4.32262967362361e-25
ENSMUSG00000028927.6	Padi2	98.7596273375529	6.61641584831181	0.621286985297762	10.6495323495965	1.7524319153428e-26	4.97580085263108e-25
ENSMUSG00000045539.3	Sprr3	67.5341939066167	4.69874378403198	0.441295161180542	10.6476213595046	1.78877358959394e-26	5.07203075767191e-25
ENSMUSG00000078185.3	Chml	707.192094643111	1.8393617688297	0.172752604996631	10.6473750069678	1.79351256463463e-26	5.07851115942163e-25
ENSMUSG00000047878.13	A4galt	568.249189359362	1.2576039717964	0.118122153837719	10.6466393554264	1.8077381754541e-26	5.11137636282516e-25
ENSMUSG00000052534.15	Pbx1	1808.06208987769	-0.979654665569932	0.0920164214398998	-10.6465199389414	1.81005791291891e-26	5.11137636282516e-25
ENSMUSG00000004530.12	Coro1c	2305.82458812174	1.04462129292812	0.0982305131834005	10.6343870053674	2.06180067302405e-26	5.81433407778267e-25
ENSMUSG00000024827.10	Gldc	82.6758068589491	3.48081967703944	0.327718700965051	10.6213641967617	2.37070897059577e-26	6.67636802481114e-25
ENSMUSG00000032358.12	Fam83b	99.2129326694121	6.6192568793807	0.623526579468893	10.6158375558246	2.51528437580118e-26	7.07389555634628e-25
ENSMUSG00000018659.12	Pnpo	313.012251291379	1.55714242365527	0.146711314181382	10.6136492086094	2.5749169144326e-26	7.23177818342474e-25
ENSMUSG00000058624.13	Gda	886.050910024197	-1.66405399565917	0.156790115687112	-10.6132582935262	2.58571594742112e-26	7.25226753328858e-25
ENSMUSG00000030101.15	Sumf1	1598.8887986053	-1.10062637479966	0.103773864222549	-10.606007428222	2.79436038366296e-26	7.82685596501212e-25
ENSMUSG00000027298.17	Tyro3	888.763704045041	1.22434311009137	0.115463556787804	10.6037189928372	2.863612373304e-26	8.00998817770534e-25
ENSMUSG00000009185.2	Ccl8	327.194954707164	-2.06642404185733	0.194926162544057	-10.6010604984351	2.94620163452536e-26	8.22988227166538e-25
ENSMUSG00000024074.8	Crim1	1639.95351130435	-0.978942545623317	0.0923938519084043	-10.5953212838642	3.13263448565095e-26	8.73886808874516e-25
ENSMUSG00000036959.15	Bcorl1	491.438792379477	1.54832449761138	0.146236573022126	10.5878062212051	3.39453918077895e-26	9.45673842569899e-25
ENSMUSG00000039987.15	Phtf2	539.805587116709	1.45697145468416	0.137881289219919	10.5668540157055	4.24496403343989e-26	1.18100148559371e-24
ENSMUSG00000005413.8	Hmox1	3078.7509819798	-1.31845594133181	0.124798023169548	-10.5647181569582	4.3427120661544e-26	1.20657445714537e-24
ENSMUSG00000021108.18	Prkch	103.23316407227	2.61496979897896	0.247588531226811	10.5617565806529	4.48195098315106e-26	1.24359119839469e-24
ENSMUSG00000020143.15	Dock2	94.170766701715	6.32028917902756	0.598450447016288	10.5610902465506	4.51388356204094e-26	1.25077477711761e-24
ENSMUSG00000029177.9	Cenpa	613.376595903336	1.39232023588346	0.131837365587889	10.5608924273845	4.52340694622973e-26	1.25173797299477e-24
ENSMUSG00000061353.11	Cxcl12	2224.82765175556	-1.36295289376262	0.129100860652325	-10.5572719413012	4.70126422400862e-26	1.29921853368163e-24
ENSMUSG00000054619.7	Tmt1a	622.094114666904	-1.1649718783619	0.110362937461002	-10.5558252178052	4.77425792005992e-26	1.31763152916427e-24
ENSMUSG00000007039.12	Ddah2	1228.69120613761	1.29296341480426	0.122546233584285	10.5508213266709	5.03549700058332e-26	1.3878795261661e-24
ENSMUSG00000023915.5	Tnfrsf21	407.823331603777	1.39795038204651	0.132607691217214	10.5420007634145	5.53094932461793e-26	1.52240851157269e-24
ENSMUSG00000001986.16	Gria3	1928.14508161893	-1.18540650472312	0.112479368360213	-10.5388794585587	5.71760731797006e-26	1.57169659860109e-24
ENSMUSG00000026958.13	Dpp7	918.277511214581	-1.01891357329123	0.0967607581959228	-10.530235524076	6.26774606537343e-26	1.7206376101746e-24
ENSMUSG00000062309.8	Rpp25	65.1272641497995	4.00632471501649	0.380505431967645	10.5289553799515	6.3535625438461e-26	1.74188597476914e-24
ENSMUSG00000021638.12	Ocln	243.801863875421	8.92952187715067	0.848924684092588	10.5186267338844	7.08993861940316e-26	1.94119893496066e-24
ENSMUSG00000026576.12	Atp1b1	378.909493689012	-1.33797471238243	0.127210981258715	-10.5177611173467	7.15536394950508e-26	1.956524153115e-24
ENSMUSG00000004383.18	Large1	1346.25458839699	-0.921406435000234	0.0876974392573921	-10.5066515374058	8.05011990634859e-26	2.19827746624683e-24
ENSMUSG00000013483.14	Card14	70.2305461821078	4.05433857828501	0.385906576294239	10.5060105925579	8.10499803301013e-26	2.21034722378494e-24
ENSMUSG00000020083.13	Fam241b	120.389792862324	2.50186083139366	0.238528980460508	10.4887080243395	9.73504074450223e-26	2.65138958382173e-24
ENSMUSG00000032373.15	Car12	310.749224043822	1.49280268920897	0.142476502197342	10.4775360581306	1.09560964206483e-25	2.98002943247042e-24
ENSMUSG00000033508.7	Asprv1	78.8314687761893	5.87122795825925	0.560703151090963	10.4711877342504	1.17163605151456e-25	3.18263709059055e-24
ENSMUSG00000038599.14	Capn8	230.694280294772	8.84912668964377	0.845218159423534	10.469636260157	1.19099759256822e-25	3.23099071671948e-24
ENSMUSG00000028873.16	Cdca8	485.17005762874	1.387563797883	0.132582351462345	10.465674975429	1.24188259795708e-25	3.36462407004106e-24
ENSMUSG00000038712.16	Mindy1	1161.95929562672	1.10576194590281	0.105912295236259	10.4403548562155	1.62203231956986e-25	4.38881659905575e-24
ENSMUSG00000055865.8	Tafa3	79.7887889941259	5.70790588641678	0.546845453567327	10.4378775560471	1.66491462693456e-25	4.49896447296585e-24
ENSMUSG00000053646.13	Plxnb1	544.753000871606	1.38153524560472	0.132388770592075	10.4354413099099	1.70818166019031e-25	4.60986338778086e-24
ENSMUSG00000048938.12	Nr1h5	93.5646744248365	3.74741074407228	0.359179936829836	10.433240723709	1.7482203123224e-25	4.7117724277033e-24
ENSMUSG00000078952.9	Lncenc1	71.0196069571909	3.27517646825959	0.314273976284507	10.4214052559498	1.98005696912461e-25	5.32967479894803e-24
ENSMUSG00000007080.14	Pole	551.168754977722	1.21220465302655	0.116363779945896	10.4173708828483	2.06584984506171e-25	5.55337999258861e-24
ENSMUSG00000062980.15	Cped1	1014.9353738882	-1.47971414145285	0.142075822895054	-10.4149609082036	2.11884615202185e-25	5.68845609607007e-24
ENSMUSG00000021255.17	Esrrb	110.188141074606	7.04166732002296	0.676313179752984	10.4118439959944	2.18939088249259e-25	5.87023340371944e-24
ENSMUSG00000033767.14	Tmem131l	665.545006820256	1.13118226486048	0.108660428735597	10.4102503369739	2.2263542896742e-25	5.96161803906419e-24
ENSMUSG00000020218.11	Wif1	117.858375568485	2.52796783218961	0.242850849884144	10.4095490437674	2.24281544166471e-25	5.9979375745501e-24
ENSMUSG00000042501.12	Cpa6	165.15995155106	-2.09617082124895	0.201792070633116	-10.3877759649935	2.81848541554827e-25	7.52771995050756e-24
ENSMUSG00000037466.13	Tedc1	330.48325116628	1.6172015560404	0.155714229542093	10.3857018128407	2.88042969283361e-25	7.68324925411892e-24
ENSMUSG00000025577.7	Cbx2	168.196458007433	2.02687883263393	0.195210481484715	10.3830430477814	2.96181003974528e-25	7.89015521398811e-24
ENSMUSG00000056394.17	Lig1	766.13972840184	1.18021185206412	0.113682045568281	10.3816908480526	3.00406852139567e-25	7.99244400056157e-24
ENSMUSG00000026389.16	Steap3	1119.33902070006	-1.54731257894853	0.149054022614743	-10.3808844055678	3.02955504360744e-25	8.04990498685883e-24
ENSMUSG00000028476.13	Reck	946.601748747802	-1.16224338442022	0.111991454071831	-10.3779649443141	3.12362556062935e-25	8.28922121531628e-24
ENSMUSG00000055612.15	Cdca7	197.587499832485	1.91442237525932	0.18459710131733	10.3708149347825	3.36641473497555e-25	8.92207664523161e-24
ENSMUSG00000034903.18	Cobll1	860.967830919722	-1.35231122927961	0.130504165725064	-10.362207380633	3.68361332034679e-25	9.75027009179772e-24
ENSMUSG00000070407.5	Hs3st3b1	281.87320796637	1.77535441935737	0.171366470227282	10.3599870908395	3.77012916549588e-25	9.96652664068955e-24
ENSMUSG00000047104.5	Pbp2	88.0660852384071	3.07482556603719	0.297035580342228	10.3517079081723	4.11086071539787e-25	1.0853406370921e-23
ENSMUSG00000020184.15	Mdm2	5663.54340182758	-1.00915811350446	0.097503057482083	-10.3500150617318	4.18419977220577e-25	1.10329619216417e-23
ENSMUSG00000039835.16	Nhsl1	557.165734618052	1.19292563099214	0.11528234258838	10.3478607756223	4.27940719066464e-25	1.12696500559246e-23
ENSMUSG00000046598.15	Bdh1	121.906181746085	2.33982688237461	0.226132815812252	10.3471354830573	4.31194163523841e-25	1.13408996070902e-23
ENSMUSG00000072720.9	Myo18b	73.1355071806366	5.42818472168171	0.524966286506947	10.3400634692184	4.64229968131767e-25	1.21942844040094e-23
ENSMUSG00000022032.14	Scara5	804.690059937799	1.16182659605328	0.112454513688339	10.3315247911988	5.07473963909578e-25	1.33133125208674e-23
ENSMUSG00000038816.14	Ctnnal1	928.94674470336	1.37748538998353	0.133382283404139	10.3273489913937	5.30052513833312e-25	1.38880468149819e-23
ENSMUSG00000072294.5	Klf12	414.807626037003	1.65531809755332	0.160369206446415	10.3219198637515	5.60902027923271e-25	1.46777636864523e-23
ENSMUSG00000004099.16	Dnmt1	2064.90919273325	0.888952115629465	0.0863373800526356	10.2962600334584	7.32541520667317e-25	1.91450466367333e-23
ENSMUSG00000032754.14	Slc8b1	515.823505086626	1.38362856110704	0.134388418348844	10.2957425804017	7.36491040953294e-25	1.92239950273546e-23
ENSMUSG00000039607.17	Rbms3	1241.83917989369	-1.17650484724556	0.114288495670697	-10.2941668830384	7.48648139244454e-25	1.95167101186662e-23
ENSMUSG00000037795.14	N4bp2	938.83038182789	1.44638928786085	0.140553883104423	10.2906391194206	7.76591780118219e-25	2.02197147882604e-23
ENSMUSG00000035725.13	Prkx	602.342382587571	1.28066309222277	0.124495963688884	10.2867840392252	8.08310741038069e-25	2.1019125664255e-23
ENSMUSG00000028464.16	Tpm2	5518.25360737549	-0.836078759100568	0.0813004213875073	-10.2838182734074	8.33583184968645e-25	2.16491070836462e-23
ENSMUSG00000022037.15	Clu	399.799730719601	1.58455688148467	0.154431896218193	10.26055445985	1.06095788452865e-24	2.75197584609756e-23
ENSMUSG00000044258.10	Ctla2a	162.733022288501	-2.03595412543246	0.198480472096505	-10.2577049718148	1.09272889413974e-24	2.83083796993724e-23
ENSMUSG00000054717.7	Hmgb2	437.432795041927	1.30163478812363	0.126944662817016	10.253560561265	1.14062739876503e-24	2.95123081587966e-23
ENSMUSG00000027500.10	Stmn2	3140.17882802883	1.09862109360219	0.107150377883575	10.2530771734272	1.14634781759289e-24	2.96232877357744e-23
ENSMUSG00000038855.10	Itpkb	1147.2733196804	0.964247912961001	0.0940886112779888	10.2482957274403	1.20448507231769e-24	3.10868285684588e-23
ENSMUSG00000040728.15	Esrp1	422.309454359491	12.1686220264097	1.18741638278469	10.247982260336	1.20839693649183e-24	3.11489516668049e-23
ENSMUSG00000020846.6	Rflnb	1398.20663486001	1.03714905970297	0.101250649167188	10.243381827512	1.26727641889828e-24	3.26260629288252e-23
ENSMUSG00000041986.16	Elmod1	61.5862527594705	4.77657268492993	0.466357578030953	10.2422967052396	1.2815737163968e-24	3.29531606903073e-23
ENSMUSG00000064325.4	Hhip	191.585391978705	2.15563595498633	0.210621637493653	10.2346367668483	1.38714728955751e-24	3.56235257401376e-23
ENSMUSG00000030272.15	Camk1	886.171432647965	-1.1101837780371	0.108498816333054	-10.2322201804416	1.42220876366485e-24	3.6478685500742e-23
ENSMUSG00000040472.15	Rabggta	569.90695381257	1.40571780366466	0.137420722037536	10.2293000853299	1.46574865026095e-24	3.75489248907815e-23
ENSMUSG00000070469.12	Adamtsl3	615.373935996515	-1.17688735727355	0.115055280512962	-10.2288860800349	1.47202759829982e-24	3.76631634823337e-23
ENSMUSG00000064349.1	mt-Tc	629.376143732542	-1.67588660237924	0.163894178433365	-10.2254187329821	1.52567158417519e-24	3.89875013837558e-23
ENSMUSG00000039269.5	2300002M23Rik	401.965724020379	12.0994656691951	1.18457530655823	10.2141802232481	1.71321132482893e-24	4.37259694360469e-23
ENSMUSG00000024140.10	Epas1	258.886719274169	1.63259652663157	0.159859386172608	10.2127035873188	1.73949187081214e-24	4.43420470861337e-23
ENSMUSG00000058056.16	Palld	5744.06983150284	-0.80659577741475	0.0790341271693747	-10.2056643921197	1.87036638664925e-24	4.76195742155632e-23
ENSMUSG00000041530.17	Ago1	1870.64918550954	0.874365436590482	0.0857173766853101	10.2005622477283	1.97127980646338e-24	5.01271753243065e-23
ENSMUSG00000038507.6	Parp12	636.18184882119	1.4056331614835	0.137830926835509	10.198242105424	2.01893540564998e-24	5.12760048607963e-23
ENSMUSG00000022893.14	Adamts1	2813.77103050164	-1.18573492227493	0.116277348921961	-10.1974712467063	2.0350200149195e-24	5.16211755990427e-23
ENSMUSG00000022034.10	Esco2	290.870970458222	1.84593332494126	0.181084541854542	10.1937653321288	2.11413669431293e-24	5.35624423936149e-23
ENSMUSG00000030031.14	Kbtbd8	65.1144093253746	3.69910841552998	0.363054446427305	10.1888530823177	2.2237210545767e-24	5.62699292282189e-23
ENSMUSG00000034906.15	Ncaph	564.004495862677	1.23826177220323	0.121572318138553	10.1853924574508	2.30428217611313e-24	5.82372854253549e-23
ENSMUSG00000024791.10	Cdca5	214.130668464591	1.72395815631094	0.169313008392661	10.1820774001773	2.38416367394099e-24	6.01826876669568e-23
ENSMUSG00000002459.17	Rgs20	66.6153329444082	4.03248678795305	0.396309544355512	10.1750938007581	2.56153074250505e-24	6.45811508393569e-23
ENSMUSG00000030894.5	Tpp1	5372.91047996924	-0.813664761975451	0.079986580182603	-10.1725159410231	2.63025388331836e-24	6.62331205970884e-23
ENSMUSG00000056078.6	Lipm	97.8641148829783	6.86705022160508	0.675304241583524	10.1688243590807	2.7318594652693e-24	6.87080912170221e-23
ENSMUSG00000041375.18	Ccdc9	1000.93368632572	1.14726552678381	0.112878596287771	10.1637118507303	2.87902365651947e-24	7.23214935270589e-23
ENSMUSG00000008540.11	Mgst1	624.717366250794	-1.17613414962956	0.115868057045934	-10.1506332255429	3.29220276576612e-24	8.26003697558701e-23
ENSMUSG00000037419.9	Endod1	904.626261622731	1.06751665760763	0.105208597455886	10.1466675102787	3.42872012803446e-24	8.59214018525245e-23
ENSMUSG00000040669.14	Phc1	648.467483777959	1.14328231799818	0.112688884885409	10.1454754757823	3.47084064884799e-24	8.68717419474057e-23
ENSMUSG00000031523.16	Dlc1	1723.89356663609	-1.09613320174431	0.108129609691942	-10.1372159288021	3.77710964128608e-24	9.44231793055322e-23
ENSMUSG00000026748.13	Plxdc2	2204.16104303732	-0.974182837559026	0.0961080453144434	-10.1363297356816	3.81151980919611e-24	9.51684541984924e-23
ENSMUSG00000031596.15	Slc7a2	733.668502336208	-1.3360600076977	0.131816338340636	-10.1357693933593	3.83343750703363e-24	9.56003891061316e-23
ENSMUSG00000040997.14	Abhd4	2137.6183528381	-0.98278633642154	0.0972079297300246	-10.1101457376063	4.98101255019263e-24	1.24069769887409e-22
ENSMUSG00000057967.12	Fgf18	97.3666351093876	2.55881026871613	0.25334037106903	10.1002862588328	5.50811689117684e-24	1.3703426866643e-22
ENSMUSG00000024423.6	Impact	3044.28636105476	-1.00792687741383	0.0998072588369439	-10.0987331899425	5.59603849888751e-24	1.39054502867314e-22
ENSMUSG00000037621.8	Atoh8	234.397855835197	-1.92669789194792	0.190844883638759	-10.0956224511361	5.7763438609029e-24	1.43362759684447e-22
ENSMUSG00000003134.10	Tbc1d8	144.403668159291	2.03356232545724	0.201450257822503	10.0946126723203	5.83610091156356e-24	1.44672398525095e-22
ENSMUSG00000025658.16	Cnksr2	109.098269131917	7.02159310266524	0.695819548902671	10.0911121478816	6.04803585563499e-24	1.49746763368168e-22
ENSMUSG00000061186.15	Sfmbt2	293.350807724467	1.7156534703488	0.170198107542363	10.0803322382522	6.74975035247069e-24	1.66921245574421e-22
ENSMUSG00000090394.8	4930523C07Rik	289.185847267981	1.62841619163522	0.16158943925113	10.0774914448738	6.9477244333945e-24	1.71612109841089e-22
ENSMUSG00000041482.17	Piezo2	600.572657792093	-1.28479329047808	0.127509405074944	-10.0760668573659	7.04915785662628e-24	1.73910033938388e-22
ENSMUSG00000037979.13	Ccdc92	174.215182596643	1.90182196451923	0.188781073958224	10.0742194365315	7.18288493295938e-24	1.76998256223007e-22
ENSMUSG00000001123.15	Lgals9	937.985098062255	1.13819900630292	0.112987508211906	10.073671189989	7.22305149471267e-24	1.77776388690913e-22
ENSMUSG00000015305.6	Sash1	2379.45608460142	-0.91755408636943	0.0911779094534442	-10.0633376205882	8.02312588668358e-24	1.97233589938793e-22
ENSMUSG00000063239.17	Grm4	67.6236269642047	5.47269212014991	0.544146812595743	10.057381562236	8.52351716793889e-24	2.09286218101029e-22
ENSMUSG00000013160.7	Atp6v0d1	2469.60695953651	-0.807639403898679	0.0803139320235083	-10.0560311710586	8.64119860959078e-24	2.11924372061516e-22
ENSMUSG00000043629.12	1700019D03Rik	79.4022663115607	6.06636391155418	0.60369005869566	10.0488053831154	9.29877977872759e-24	2.27781588922938e-22
ENSMUSG00000028970.9	Abcb1b	737.507611770682	1.33296061106729	0.132782575711479	10.0386711428438	1.03053046040721e-23	2.5213888888852e-22
ENSMUSG00000054942.13	Miga1	327.41808847649	1.73663973606863	0.173094740736711	10.0328856248161	1.09275434193502e-23	2.67047486702632e-22
ENSMUSG00000017707.9	Serinc3	8331.38712293033	-0.971940803939276	0.096902550877006	-10.0300848134836	1.12419995979496e-23	2.74408195374952e-22
ENSMUSG00000026605.14	Cenpf	903.183494759617	1.30583942392069	0.13020143233363	10.0293783295301	1.13227239639124e-23	2.76053078126058e-22
ENSMUSG00000027342.14	Pcna	1309.08033675751	0.977789854824524	0.0974985387898819	10.028764194423	1.13933625771359e-23	2.77448484687218e-22
ENSMUSG00000025083.18	Afap1l2	334.017713483127	1.5524867058569	0.154816221086083	10.0279330871515	1.14896530237062e-23	2.79464545167678e-22
ENSMUSG00000027699.19	Ect2	786.83723907766	1.37574837654769	0.137369241218851	10.0149667009946	1.31006018995492e-23	3.18273895209821e-22
ENSMUSG00000037492.16	Zmat4	135.115537421574	7.65509919843006	0.764433346135463	10.0140832907537	1.32181600459463e-23	3.20753452275549e-22
ENSMUSG00000032020.15	Ubash3b	161.67340831601	1.82725867494969	0.182614322510551	10.006108227596	1.43278376117155e-23	3.47089367753594e-22
ENSMUSG00000085148.1	Mir22hg	976.802366153391	-1.28765094609239	0.128687303008447	-10.0060450098008	1.43369925807683e-23	3.47089367753594e-22
ENSMUSG00000026109.14	Tmeff2	172.113555142756	-2.04617869884767	0.204505671643663	-10.0054863143991	1.44181530318567e-23	3.48646436456078e-22
ENSMUSG00000024697.4	Gna14	64.6642638702025	5.39720477241328	0.539969613806004	9.9953861002859	1.59663807409039e-23	3.85633739738589e-22
ENSMUSG00000020427.11	Igfbp3	5268.38191110992	-1.15832575507037	0.115970094438051	-9.98814186263449	1.71771359705201e-23	4.143934002958e-22
ENSMUSG00000008136.14	Fhl2	1371.09950508032	-1.06861488809535	0.107027276358381	-9.98450978531019	1.78179620955235e-23	4.29352732730199e-22
ENSMUSG00000097313.2	NA	63.7819836713505	4.25758386803449	0.426448920190906	9.98380735992606	1.79445992072336e-23	4.31901463942475e-22
ENSMUSG00000001349.5	Cnn1	904.61529434071	-1.06299524270549	0.10658652095976	-9.97307382897703	1.99943186929281e-23	4.80676425812914e-22
ENSMUSG00000027715.9	Ccna2	1004.6368563408	1.09791855500583	0.11014300363089	9.96811888919575	2.10171610829931e-23	5.04680066423288e-22
ENSMUSG00000036752.4	Tubb4b	2982.04671884939	0.939553925031065	0.0943365234452298	9.95959879289546	2.2898491100402e-23	5.49218849695506e-22
ENSMUSG00000026688.5	Mgst3	1149.75801581637	1.35150776206178	0.135864594618484	9.94746104278967	2.58699084874598e-23	6.19769948821678e-22
ENSMUSG00000116114.1	Gm35853	64.0389590950842	4.19948052693341	0.422271605016388	9.94497493330253	2.65240796274101e-23	6.34707426829782e-22
ENSMUSG00000024924.14	Vldlr	796.867348262191	-1.11714009303651	0.112343855070571	-9.94393589515652	2.68023112566624e-23	6.40624758315998e-22
ENSMUSG00000037972.7	Snn	797.699055722136	-1.01931825290175	0.102524171014243	-9.94222379774365	2.72670909854215e-23	6.5098214106948e-22
ENSMUSG00000031480.15	Thsd1	261.836157376231	1.6279720641397	0.163759445312607	9.94124070847946	2.75375659029783e-23	6.5668211592828e-22
ENSMUSG00000025348.9	Itga7	571.720661106357	1.33671485399083	0.134658318864282	9.92671574444695	3.18575912486857e-23	7.58826560709488e-22
ENSMUSG00000032220.10	Myo1e	3421.33668237848	0.85836039657607	0.0865257816974053	9.92028479532142	3.39785259725368e-23	8.08415527707515e-22
ENSMUSG00000050854.9	Tmem125	55.6666281628725	4.63153398225297	0.467359692845621	9.909998772151	3.76650803531136e-23	8.95097012892191e-22
ENSMUSG00000039244.10	Ints15	494.600484846598	1.49699053661045	0.15110437974996	9.90699633648999	3.88139678214661e-23	9.21342110018952e-22
ENSMUSG00000063873.10	Slc24a3	208.033823096021	-1.92419944629074	0.194248431179996	-9.90586865799563	3.92543816060964e-23	9.30729031918201e-22
ENSMUSG00000057604.9	Lmcd1	139.397627188987	-2.16882204097556	0.219125045884662	-9.897645575929	4.26190085345955e-23	1.00934880738855e-21
ENSMUSG00000055629.5	B4galnt4	76.8732131718428	3.04649671706064	0.308127850372801	9.88711897796551	4.73457421615474e-23	1.12001087657357e-21
ENSMUSG00000019087.13	Atp6ap1	5791.95378692436	-0.754384925024763	0.0763172671804816	-9.88485244421462	4.84294748207223e-23	1.14303500491919e-21
ENSMUSG00000020620.14	Abca8b	272.317971041801	-1.45755574567765	0.147452821997958	-9.88489556136022	4.84086311714586e-23	1.14303500491919e-21
ENSMUSG00000000184.12	Ccnd2	20039.6070345735	-0.781843481495458	0.0791419790635169	-9.87899836151399	5.13435371305194e-23	1.2104326595269e-21
ENSMUSG00000032011.5	Thy1	3618.87169550667	-0.931394974840096	0.0942966376368594	-9.87728723082301	5.2227632097509e-23	1.22987458109936e-21
ENSMUSG00000022479.15	Vdr	123.921710459169	-2.26355056965618	0.229175694299767	-9.87692249203096	5.24180226254325e-23	1.23295528445889e-21
ENSMUSG00000055435.6	Maf	674.579247937331	-1.30242485607271	0.131997409182976	-9.86704863477493	5.78414528269232e-23	1.35897869700849e-21
ENSMUSG00000024909.15	Efemp2	5073.06635866253	-1.11265519632186	0.112848599526184	-9.85971647848138	6.22248463043399e-23	1.46030849620582e-21
ENSMUSG00000022768.17	Ccdc116	84.7222971140098	2.62706541455836	0.266794039950945	9.84679198621303	7.07667075724927e-23	1.65889023787432e-21
ENSMUSG00000033502.15	Cdc14a	158.382739637553	2.02086533367985	0.205291407134755	9.84388660921078	7.28412478079315e-23	1.70558935336694e-21
ENSMUSG00000040829.14	Zmynd15	55.4906119666224	4.75040339750399	0.482610926092806	9.84313271969001	7.33893174961597e-23	1.71648077158532e-21
ENSMUSG00000059921.15	Unc5c	1327.33543516593	-1.06498397282808	0.108198257178058	-9.84289396709483	7.35637377846917e-23	1.71861829391121e-21
ENSMUSG00000056632.8	Dsg3	377.497716113398	10.1459429559628	1.03085826626792	9.84222883781572	7.40518138735112e-23	1.72807045700993e-21
ENSMUSG00000051067.8	Lingo3	67.0691625363735	5.30420366902831	0.539079990907834	9.8393629117931	7.61917761306553e-23	1.77600627717166e-21
ENSMUSG00000020447.5	Npc1l1	176.225281376426	8.46425849469956	0.860616772294706	9.83510752658338	7.9482655352912e-23	1.85063158959497e-21
ENSMUSG00000020840.10	Blmh	1226.96855211696	1.32439897313205	0.134744345074378	9.82897629136854	8.44730631446269e-23	1.96461565621419e-21
ENSMUSG00000005803.14	Sqor	653.850119521906	-1.05925417977809	0.107816369273332	-9.82461371049057	8.82115659609418e-23	2.04926061035414e-21
ENSMUSG00000021760.5	Gpx8	1955.7823298207	-1.0436410219649	0.106317482371834	-9.81626914673248	9.58244938696346e-23	2.22362241996364e-21
ENSMUSG00000031503.13	Col4a2	7552.30676602121	-1.0282953806108	0.104790854703471	-9.81283513261338	9.91431351988326e-23	2.29805571722356e-21
ENSMUSG00000090084.7	Srpx	240.443560454136	-1.6742490120405	0.170666702865325	-9.81005072419818	1.01917316391677e-22	2.35971647873749e-21
ENSMUSG00000042757.16	Tmem108	94.8840033844933	2.5411050463946	0.259264453622179	9.80120880781329	1.1124625843e-22	2.57283385837158e-21
ENSMUSG00000032812.18	Arap1	1851.54602501193	1.21151226888218	0.123677369439676	9.79574738993049	1.17425747479372e-22	2.71271824450393e-21
ENSMUSG00000006154.13	Eps8l1	58.3166405332161	3.91132569917822	0.399385915569595	9.79334910596429	1.202455987097e-22	2.77476437869797e-21
ENSMUSG00000048992.9	Prss32	290.481649026743	11.6316361045722	1.18846722479758	9.78709034786662	1.27924151046484e-22	2.94866592707257e-21
ENSMUSG00000030729.17	Pgm2l1	479.332266626452	1.60777419234776	0.164326091947967	9.78404691116767	1.31831436356929e-22	3.03534916702122e-21
ENSMUSG00000020661.15	Dnmt3a	1161.94679595859	0.977123812208521	0.0999117115802874	9.77987261706873	1.37383341829234e-22	3.1596642139148e-21
ENSMUSG00000047547.14	Cltb	1573.63473626913	1.05028428968364	0.107415612687461	9.77776194173537	1.40278059063134e-22	3.22265876198424e-21
ENSMUSG00000028699.9	Tspan1	283.017956797825	11.590511500974	1.18552017970069	9.7767306701606	1.41714286309814e-22	3.25204435956412e-21
ENSMUSG00000015093.15	Clic3	60.5861009246987	3.83408776456414	0.39251495123065	9.76800438440153	1.54464546640642e-22	3.54071057687114e-21
ENSMUSG00000064373.12	Selenop	325.43424231192	-1.30583701279778	0.133696953328224	-9.76714113740475	1.55785964492121e-22	3.56705052989204e-21
ENSMUSG00000020814.13	Mxra7	679.628612604443	-1.02334338156738	0.104782129696576	-9.76639227061654	1.56941354222999e-22	3.58953490725066e-21
ENSMUSG00000046180.11	Magea13	297.237923005042	11.6621760512693	1.19425273328439	9.76524962115546	1.58720655978597e-22	3.62622390518872e-21
ENSMUSG00000031266.7	Gla	740.338921201837	-1.0540712610345	0.10797486320952	-9.76219121471937	1.63581967065664e-22	3.73316773571353e-21
ENSMUSG00000032278.11	Paqr5	66.101559862389	5.28249941844753	0.541301766820498	9.75888079855329	1.69010022678232e-22	3.85279566015057e-21
ENSMUSG00000005225.15	Plekha8	401.792773502152	1.41967386735194	0.145485870967105	9.75815629321783	1.70221559195501e-22	3.87614527369382e-21
ENSMUSG00000044734.16	Serpinb1a	628.206693796645	-1.1998503708768	0.12303200391691	-9.75234355840554	1.80258062477507e-22	4.100177621123e-21
ENSMUSG00000062184.11	Hs6st2	2867.13697625257	-1.18664838162073	0.121691409225007	-9.75129131282075	1.82136527235773e-22	4.13835782354914e-21
ENSMUSG00000089876.3	Tmem102	58.3874090773529	3.6521540445342	0.37459176067266	9.74969133858142	1.85029986074927e-22	4.19949087912819e-21
ENSMUSG00000019961.17	Tmpo	2018.54383424812	1.04487883884141	0.107171687765616	9.74957902246119	1.85234803704355e-22	4.19953472275625e-21
ENSMUSG00000024664.5	Fads3	1908.09806738361	-1.16476230222209	0.119677132289267	-9.73253853883112	2.19056757307371e-22	4.96089258151562e-21
ENSMUSG00000041859.10	Mcm3	897.317740019472	1.01223702642467	0.104036466249227	9.72963676024696	2.25396377782073e-22	5.09888483465697e-21
ENSMUSG00000028613.15	Lrp8	684.564914019868	1.07443388007476	0.110431000820017	9.72945886659035	2.25790882592491e-22	5.10223305543884e-21
ENSMUSG00000066113.16	Adamtsl1	198.372046945244	-1.55466612374919	0.159846841735551	-9.72597335592786	2.33659852684667e-22	5.27429148388213e-21
ENSMUSG00000034981.9	Parm1	430.714894766341	-1.21630531128743	0.125064035067616	-9.72546032622278	2.34840769453263e-22	5.29517329729096e-21
ENSMUSG00000021196.14	Pfkp	1695.31551937649	1.28257067089186	0.13203098974641	9.71416387436973	2.62393664365377e-22	5.90999614657122e-21
ENSMUSG00000028173.10	Wls	10614.6957639013	-0.862524076994916	0.0888224930748402	-9.71064926389951	2.71601470835882e-22	6.11073787481731e-21
ENSMUSG00000031976.14	Urb2	810.394074758394	1.01694044169179	0.104752206813722	9.70805744933074	2.78595862525319e-22	6.26129832617979e-21
ENSMUSG00000026933.17	Camsap1	1173.26492557185	0.883789569854354	0.0911126705178706	9.69996340608862	3.01606787634325e-22	6.77110509462354e-21
ENSMUSG00000031502.11	Col4a1	8352.53726375093	-0.878433345680613	0.0905982196532587	-9.69592282323638	3.13788033224039e-22	7.03694311993974e-21
ENSMUSG00000022391.16	Rangap1	2297.43187420716	0.948645802116446	0.097861276722656	9.69378117562228	3.20440655951894e-22	7.17835620946781e-21
ENSMUSG00000063018.6	2010204K13Rik	80.5937508613519	2.66607257399057	0.275216173806891	9.68719438655251	3.41788543964784e-22	7.64830386111034e-21
ENSMUSG00000073758.10	Sh3d21	128.861514378035	2.0721219136136	0.214180206172592	9.67466579028237	3.8635190322825e-22	8.63617499451571e-21
ENSMUSG00000027797.15	Dclk1	2310.04195591905	-1.1015988378088	0.113909451505232	-9.67082909496932	4.01115171583203e-22	8.956508022223e-21
ENSMUSG00000029671.15	Wnt16	98.5514653436963	-2.58533740380244	0.267388966363086	-9.66882605130322	4.09043135728197e-22	9.1236895112478e-21
ENSMUSG00000034926.3	Dhcr24	1718.99254756164	1.03764224875187	0.107473644404786	9.6548530990884	4.68830734286333e-22	1.04459928622097e-20
ENSMUSG00000028655.11	Mfsd2a	142.635396991869	2.24307794526203	0.232464496936411	9.64912051011215	4.95791007208101e-22	1.10348151163446e-20
ENSMUSG00000029414.11	Kntc1	458.695429598028	1.17165108276169	0.121447737054546	9.64736858156081	5.0433230685208e-22	1.12128618899368e-20
ENSMUSG00000015970.19	Chdh	174.261164597305	1.94988157174591	0.202169700132129	9.64477649455656	5.172374639775e-22	1.14874444923501e-20
ENSMUSG00000024044.19	Epb41l3	4022.8636614608	-0.903591541274803	0.0937136599384219	-9.64204729458375	5.31178492478411e-22	1.17844197382751e-20
ENSMUSG00000024053.11	Emilin2	718.767911909465	-1.27637146795375	0.132602526453868	-9.62554411357916	6.23759179551015e-22	1.38235452436043e-20
ENSMUSG00000024968.14	Rcor2	478.38843661685	1.47625253068994	0.153500313190434	9.61726070785598	6.76076077333478e-22	1.4966950507728e-20
ENSMUSG00000027547.17	Sall4	255.052478449537	11.4448272784474	1.19015657670991	9.61623663844779	6.82838332115944e-22	1.51005028167392e-20
ENSMUSG00000030340.16	Scnn1a	127.312508046343	2.25806463786828	0.234836521956497	9.6154747100478	6.87912968874537e-22	1.51964893732487e-20
ENSMUSG00000022114.5	Spry2	795.345736284643	-1.01432088599603	0.105524659265497	-9.61216926030555	7.1036370006545e-22	1.56757123962204e-20
ENSMUSG00000001507.16	Itga3	1299.62724295691	1.12165694520514	0.116763966583966	9.60619083112899	7.52826096560102e-22	1.65950451253435e-20
ENSMUSG00000022099.17	Dmtn	131.729767169024	2.30334205051658	0.23987138986764	9.60240423748558	7.81010010482116e-22	1.71980066031588e-20
ENSMUSG00000037822.12	Smim14	1485.3605842125	-0.884922649113545	0.0922159672221794	-9.59619766261809	8.29480818476973e-22	1.82459335405471e-20
ENSMUSG00000023041.7	Krt6b	471.533027477988	11.3676818475817	1.18529735560129	9.59057387065116	8.75964275658143e-22	1.92479666049341e-20
ENSMUSG00000021953.14	Tdh	245.995795760995	11.3908022569028	1.18849345121246	9.58423645101479	9.31440279947843e-22	2.04452623060874e-20
ENSMUSG00000046280.9	She	67.9498100267952	6.06729460160671	0.633600420432712	9.57590052964785	1.00973469931155e-21	2.21403586239933e-20
ENSMUSG00000067616.11	Klk11	314.37779011861	9.88433555081052	1.03305160401581	9.568094674445	1.08893901084973e-21	2.38517974450566e-20
ENSMUSG00000054046.7	Klk13	101.04981487946	7.24322888515508	0.757396502517681	9.56332497057707	1.14033002856638e-21	2.49510478449213e-20
ENSMUSG00000104340.1	NA	142.152832970455	8.14797579828819	0.852141306704259	9.56176602892458	1.15764157502712e-21	2.530308654856e-20
ENSMUSG00000017697.3	Ada	236.353221340105	1.59497320720435	0.166819395005779	9.56107775806942	1.16536710355706e-21	2.5445077717856e-20
ENSMUSG00000026917.15	Wdr5	1096.94889836918	1.05725296932643	0.11059815156443	9.55940903506438	1.18431016766281e-21	2.58314395789806e-20
ENSMUSG00000018171.9	Vmp1	3597.35538719964	-0.793299875814566	0.0829921763117598	-9.55873084752637	1.19209561944786e-21	2.59738812915276e-20
ENSMUSG00000026480.12	Ncf2	51.9681830113687	4.64688172948363	0.486166592090626	9.5582086574501	1.19812473904156e-21	2.60777959762579e-20
ENSMUSG00000067006.12	Serpinb5	64.8372424139267	3.05123137441487	0.319478070472062	9.55067548112572	1.28853377571368e-21	2.80161351087157e-20
ENSMUSG00000020392.8	Cdkn2aipnl	450.673841367214	1.17421150319043	0.122963290178059	9.54928500603795	1.30594451156551e-21	2.83648955350414e-20
ENSMUSG00000024795.11	Kif20b	603.471911270289	1.42273618049447	0.148998965936907	9.54863123746055	1.31421087558666e-21	2.85145187775349e-20
ENSMUSG00000030306.14	Tmtc1	168.546481613461	-1.70726739995363	0.1788367343684	-9.54651406481569	1.34133767681849e-21	2.90726163062471e-20
ENSMUSG00000037315.15	Jade3	419.828681802422	1.57718885832973	0.165224431200828	9.54573634702171	1.35144088580488e-21	2.92609570034259e-20
ENSMUSG00000031872.14	Bean1	122.035551610897	2.26210072695596	0.237189393771512	9.53710741861871	1.4687168089746e-21	3.17669479926492e-20
ENSMUSG00000049327.17	Kmt5a	1131.89514968345	0.889418340077311	0.0933977767584692	9.52290697858244	1.68401080593995e-21	3.63855320168592e-20
ENSMUSG00000021273.11	Fdft1	1853.12603926313	1.05243348033838	0.110555836820808	9.5194745985614	1.74056823113804e-21	3.75683230618626e-20
ENSMUSG00000036617.17	Etl4	1202.74816983277	0.908096830283531	0.0954703254088529	9.51182292921486	1.87350215370129e-21	4.03954386244406e-20
ENSMUSG00000021385.10	Ippk	582.354196053826	1.23941035114133	0.130308430246294	9.5113596932964	1.88186495080117e-21	4.05335302982657e-20
ENSMUSG00000025221.16	Kcnip2	55.9524488066761	4.42487652418514	0.465295171528939	9.50982686892108	1.90980117230429e-21	4.10924890494038e-20
ENSMUSG00000028729.15	Ebna1bp2	1267.51094651074	1.01616505544114	0.106864257474722	9.50893291596115	1.92628275382442e-21	4.13611273043689e-20
ENSMUSG00000029381.16	Shroom3	330.657354816718	1.66717182992676	0.175325097468419	9.50903124538151	1.92446301402074e-21	4.13611273043689e-20
ENSMUSG00000032226.5	Gcnt3	93.4952996101043	7.12297970926943	0.749322417914061	9.50589431062018	1.98336378303722e-21	4.25426393213342e-20
ENSMUSG00000030310.10	Slc6a1	460.164921479822	11.3323289547778	1.19227024643818	9.50483247286614	2.00370266314585e-21	4.29344114124803e-20
ENSMUSG00000012396.12	Nanog	59.1500612051773	4.72224868374466	0.496870438832432	9.50398396580245	2.02010352049434e-21	4.3241078356476e-20
ENSMUSG00000037544.14	Dlgap5	468.339359229699	1.20805675434986	0.127156792950882	9.50052864903966	2.08827434564265e-21	4.4654122603778e-20
ENSMUSG00000026872.18	Zeb2	1162.23743481459	-0.978733588604237	0.103062491384105	-9.49650620182065	2.17050511769733e-21	4.63645876483148e-20
ENSMUSG00000031004.8	Mki67	2939.13950916782	1.09686621030225	0.115557086776635	9.49198565746495	2.26674569139768e-21	4.83398389982935e-20
ENSMUSG00000041390.18	Mdfic	878.011004933272	-1.12995187091922	0.119043246891925	-9.49194431789198	2.267644990934e-21	4.83398389982935e-20
ENSMUSG00000029674.13	Limk1	940.59928624566	1.30803131646209	0.137831412389388	9.49008135218674	2.30854031978969e-21	4.91609836207066e-20
ENSMUSG00000068122.10	Agtr2	765.231624477082	1.32085534132758	0.139302338623869	9.481932280362	2.49617242897186e-21	5.31020278594948e-20
ENSMUSG00000047388.10	Atmin	590.993266560957	1.06416273309747	0.112253083474763	9.48003119519404	2.54207065620648e-21	5.40229163375955e-20
ENSMUSG00000018102.5	H2bc4	776.63506447341	-1.02077808739777	0.107678993578047	-9.47982566959918	2.54708242803689e-21	5.40739068491646e-20
ENSMUSG00000060802.8	B2m	7249.81560826601	-0.841782815718321	0.088824641901023	-9.47690638208614	2.61933410017481e-21	5.55508161265558e-20
ENSMUSG00000019577.6	Pdk4	155.192252036837	-1.75959829437902	0.18571587905448	-9.47467875842131	2.67582767646247e-21	5.66908465456465e-20
ENSMUSG00000032719.4	Sbspon	54.925973153408	3.55442648731	0.375162128316362	9.47437446114675	2.68363778237113e-21	5.67981783816975e-20
ENSMUSG00000041449.16	Serpina3h	807.419312480924	-1.38373332961217	0.14605893654416	-9.47380120896475	2.69841219948236e-21	5.70525374025387e-20
ENSMUSG00000068966.10	Zbtb34	372.341448202446	1.24656631054955	0.131646352265394	9.46905317996595	2.82391674265946e-21	5.9645155771743e-20
ENSMUSG00000018362.14	Kpna2	1120.02676296476	0.900495796583708	0.0951040897291601	9.46852863160947	2.83813146693087e-21	5.9884284642204e-20
ENSMUSG00000042156.16	Dzip1	723.74523373686	-1.07724993623697	0.11380779783463	-9.46551955782758	2.92105250018108e-21	6.15711463352832e-20
ENSMUSG00000081534.3	Slc48a1	2685.9890518109	-0.908945959318382	0.0960743467319827	-9.46086015920625	3.05420311648552e-21	6.4312258706138e-20
ENSMUSG00000010760.5	Phlda2	79.7063246881345	6.57721665205393	0.695380801852178	9.45843864906138	3.12575516718634e-21	6.57520388268191e-20
ENSMUSG00000021868.7	Ppif	288.173457893471	1.61881217804714	0.171268781106197	9.45188123364626	3.32794878707271e-21	6.99342253234701e-20
ENSMUSG00000023906.3	Cldn6	228.366336208444	11.2861194017355	1.19419622309253	9.45080815321001	3.36224637421063e-21	7.05199278731407e-20
ENSMUSG00000028064.17	Sema4a	59.8686251654583	3.94803363637488	0.417746145897426	9.4507960759123	3.36263436933136e-21	7.05199278731407e-20
ENSMUSG00000031380.10	Vegfd	907.956208240384	-1.21820614581982	0.128905682996866	-9.45036803264474	3.37641432014282e-21	7.07372469763526e-20
ENSMUSG00000110060.1	Gm9860	223.692194650446	11.2490024533922	1.19051699665378	9.44883818123563	3.4261227922612e-21	7.17060825854545e-20
ENSMUSG00000049686.14	Orai1	516.693584577506	1.53452555755413	0.16257666054448	9.43878138728466	3.77139875749033e-21	7.88527099811033e-20
ENSMUSG00000037594.11	Clba1	911.790006498373	-1.1124888850878	0.117912549100395	-9.43486417328305	3.91501151471122e-21	8.17727783481409e-20
ENSMUSG00000001657.7	Hoxc8	528.151495020003	-1.34441840240839	0.142766274904049	-9.41691868973925	4.64519649642981e-21	9.69263329431459e-20
ENSMUSG00000030357.10	Fkbp4	1912.71541940776	0.949403456251168	0.100845851392639	9.41440270611341	4.75779735731995e-21	9.91192350219354e-20
ENSMUSG00000048402.14	Gli2	456.501122425507	1.29219618032357	0.137258039297858	9.41435697999034	4.75986857393129e-21	9.91192350219354e-20
ENSMUSG00000020089.8	Ppa1	991.009750557076	0.968891067151472	0.102938952102719	9.4122880344134	4.85452275097118e-21	1.00988709972214e-19
ENSMUSG00000086712.2	Mexis	52.1415907423309	4.65359255135649	0.49442626984255	9.41210618286611	4.86293092150765e-21	1.0106205536575e-19
ENSMUSG00000038267.15	Slc22a23	152.171898805434	2.18159778422661	0.231811414149457	9.41108871722791	4.91024136027873e-21	1.01942914660391e-19
ENSMUSG00000031700.11	Gpt2	989.291027259428	1.07115008697449	0.113841128287443	9.40916611674729	5.00088527169155e-21	1.03720765770284e-19
ENSMUSG00000017453.4	Pipox	52.0513284208426	4.9212692830958	0.523153992834075	9.40692291467732	5.10873808781959e-21	1.05851621301079e-19
ENSMUSG00000028093.15	Acp6	417.250850258346	1.20673387239774	0.12829833849467	9.40568589240047	5.16919476408943e-21	1.06997162421887e-19
ENSMUSG00000019214.14	Chtf18	215.236852553523	1.55890001049286	0.165764834283858	9.40428660413812	5.23843508002907e-21	1.08322045675846e-19
ENSMUSG00000022603.9	Mroh4	274.196323388234	9.68826320732341	1.03022658952924	9.40401199676907	5.2521306290619e-21	1.08496858174603e-19
ENSMUSG00000042357.2	Gjb5	200.424307274363	1.68079170844467	0.178870422530783	9.39670005059338	5.63011505935915e-21	1.16189184061491e-19
ENSMUSG00000041773.8	Enc1	1332.06405888265	-0.912648271003715	0.097197274610032	-9.38964878043523	6.02006613123945e-21	1.2411289726148e-19
ENSMUSG00000047221.5	Fam185a	336.210588139324	1.37169619640914	0.146163906772522	9.38464376533079	6.31294801054547e-21	1.30021602856001e-19
ENSMUSG00000002808.7	Epdr1	1059.06115931023	-1.0131515694578	0.107966967715438	-9.38390315941914	6.35746704122162e-21	1.30808360125493e-19
ENSMUSG00000057315.14	Arhgap24	454.526587834369	-1.2523535386345	0.133699358850275	-9.36693750369412	7.46675698528197e-21	1.53480042540568e-19
ENSMUSG00000070305.10	Mpzl3	319.027734550381	1.48531952778774	0.158753378620581	9.35614435858806	8.2699563905019e-21	1.69819591328994e-19
ENSMUSG00000078776.9	Fcgbpl1	89.9272686920018	2.59746699894691	0.277624597200044	9.35604058553679	8.27807950388691e-21	1.69819591328994e-19
ENSMUSG00000040136.10	Abcc8	211.838977833371	11.1760089094893	1.1945478627279	9.35584856681039	8.2931310978776e-21	1.69959921381157e-19
ENSMUSG00000067367.9	Lyar	571.870451349307	1.24062566060342	0.132678630276984	9.35060648435584	8.7146568536732e-21	1.78422039776639e-19
ENSMUSG00000022229.3	Atp12a	62.297466299609	5.93908266514262	0.636778945955569	9.32675727246331	1.09159481345065e-20	2.2326997078671e-19
ENSMUSG00000044033.16	Ccdc141	489.87179241157	1.29495040530417	0.138849275076872	9.32630296115867	1.09628211293606e-20	2.24007339147715e-19
ENSMUSG00000040463.16	Mybbp1a	4750.30678722525	0.742744429287305	0.079705160704807	9.31864916549263	1.17830857497948e-20	2.40530662657793e-19
ENSMUSG00000024176.10	Sox8	59.0916244532288	5.45141864230998	0.585111681571339	9.31688567158665	1.19805206484369e-20	2.44319996947778e-19
ENSMUSG00000033316.14	Galnt9	62.7364137213535	-3.00410416572175	0.322579895624864	-9.31274455248535	1.24570992483567e-20	2.53788875336353e-19
ENSMUSG00000003868.14	Ruvbl2	1140.33869394333	1.19546676755276	0.128411346926374	9.30966613283947	1.28234800872054e-20	2.60996277605767e-19
ENSMUSG00000019929.16	Dcn	2894.549264603	0.896243410272849	0.0962838901648308	9.30834232745008	1.29842915172018e-20	2.64009675947505e-19
ENSMUSG00000021823.10	Vcl	6364.72724556185	-0.885482891775796	0.0951602010622259	-9.30518096737493	1.33764348469881e-20	2.71716216779005e-19
ENSMUSG00000041220.10	Elovl6	1869.72714849927	0.957580453636408	0.102909614583823	9.30506306440817	1.33912841729735e-20	2.71751167741548e-19
ENSMUSG00000083282.3	Ctsf	508.447828762499	-1.14023908966876	0.122683659962226	-9.29413982285688	1.48401260473605e-20	3.00857756174647e-19
ENSMUSG00000050966.9	Lin28a	200.74805930786	11.0981354740058	1.19425904716159	9.29290466786318	1.50134079264766e-20	3.04072926291722e-19
ENSMUSG00000018567.14	Gabarap	5231.42752406944	-0.773334798337651	0.0832221895677179	-9.29241110279115	1.50832090851232e-20	3.05188020384131e-19
ENSMUSG00000031875.7	Cmtm3	1609.38107373374	-0.962842927259769	0.103621253396964	-9.29194441965686	1.51495036447362e-20	3.06230054631245e-19
ENSMUSG00000025762.16	Larp1b	345.15220779004	1.75859864188021	0.18932151399994	9.28895298122731	1.55813471360168e-20	3.14652004261866e-19
ENSMUSG00000028645.11	Slc2a1	2704.13789811512	1.1886336454693	0.128098049076996	9.27909249230524	1.70928162438044e-20	3.44838404903029e-19
ENSMUSG00000009145.6	Dqx1	63.8844129578472	3.11107414650229	0.335394690721884	9.2758598527788	1.76192100268866e-20	3.55112004232254e-19
ENSMUSG00000034171.13	Faah	61.0964394336274	5.91509507913247	0.637870298485014	9.27319408535126	1.80653298175099e-20	3.63749281996729e-19
ENSMUSG00000028019.9	Pdgfc	1561.4800345427	-0.922567285069111	0.0994940245614846	-9.27258987798799	1.8167987113551e-20	3.6546080200524e-19
ENSMUSG00000023249.15	Parp3	1812.04605634262	-0.986924654330099	0.106493726612855	-9.26744406192063	1.90659834285399e-20	3.83152224259561e-19
ENSMUSG00000020961.15	Ston2	136.576719921986	1.86428693818481	0.201292542421486	9.26157976722845	2.01429556271055e-20	4.04402559190551e-19
ENSMUSG00000054580.14	Pla2r1	473.373203053727	-1.2529609171875	0.135319545597784	-9.2592752336882	2.05824539482037e-20	4.12825789025065e-19
ENSMUSG00000036902.11	Neto2	476.595632374372	1.20658471079029	0.130339552187232	9.25724149379488	2.09781762253886e-20	4.20355536969331e-19
ENSMUSG00000028108.15	Ecm1	5957.06444044716	-1.21531458767584	0.131308357159754	-9.25542451343935	2.13380786275573e-20	4.27153664905038e-19
ENSMUSG00000022849.5	Hspbap1	363.385810448682	1.24028836882229	0.134009903232843	9.25519934647878	2.13831020662351e-20	4.27641381322705e-19
ENSMUSG00000026956.15	Uap1l1	1516.27401837793	-1.27890010835398	0.13819497566549	-9.2543169691613	2.15604455697484e-20	4.30711686867395e-19
ENSMUSG00000028226.15	Mmp16	551.193326976956	-1.0394341008629	0.112319904863583	-9.25422882191125	2.15782414262278e-20	4.30711686867395e-19
ENSMUSG00000040907.15	Atp1a3	371.709754283618	11.0244123689513	1.191567619674	9.25202412932924	2.20280967515671e-20	4.39267412967908e-19
ENSMUSG00000043542.12	Zc2hc1a	884.567313354341	-1.01548880655145	0.109759978483995	-9.2519042056802	2.20528306615488e-20	4.39337383891626e-19
ENSMUSG00000023186.14	Vwa5a	2134.68304454612	-0.984498467043766	0.106463607029526	-9.2472770227551	2.30284339236823e-20	4.58332263256057e-19
ENSMUSG00000045598.10	Zfp553	378.112329483977	1.33717969352373	0.144609108186305	9.24685664889789	2.31191525648822e-20	4.59695810701725e-19
ENSMUSG00000015647.9	Lama5	5259.1321222397	1.40252999646567	0.151935569834227	9.23108392587683	2.67906906517164e-20	5.32188585220612e-19
ENSMUSG00000020225.10	Tmbim4	1005.36958545414	-0.877015491062581	0.0950640217041659	-9.22552481307603	2.82175652394468e-20	5.59995573241908e-19
ENSMUSG00000030268.17	Bcat1	2617.10691887635	0.814119520303565	0.0883057273525458	9.21932862919898	2.98966201171381e-20	5.92749176058085e-19
ENSMUSG00000041324.14	Inhba	2920.11750039811	-1.45631226217695	0.157965417710042	-9.2191840675541	2.99369503995181e-20	5.92980800305861e-19
ENSMUSG00000024743.16	Syt7	58.5409415152704	3.22342803072997	0.349675953493091	9.21832913738993	3.0176563614108e-20	5.97155535610345e-19
ENSMUSG00000039202.12	Abhd2	2968.16278563295	0.82792661048646	0.0898312735843218	9.21646301395596	3.07061921177231e-20	6.07055845888013e-19
ENSMUSG00000020393.16	Kremen1	2114.58209856096	0.932553402980888	0.101190849873759	9.21578783204503	3.09000722632515e-20	6.10305912000995e-19
ENSMUSG00000021830.14	Txndc16	561.951553350738	-1.11642383887941	0.12114415743038	-9.21566390455941	3.09357895693598e-20	6.10428892560703e-19
ENSMUSG00000037280.12	Galnt6	86.9274787491608	7.02145071372985	0.762305306044307	9.21081180736494	3.23667670063932e-20	6.38056866919364e-19
ENSMUSG00000091712.2	Sec14l5	67.206902381857	3.36043597627062	0.364951102440325	9.20790745335563	3.32544224470716e-20	6.54931769963781e-19
ENSMUSG00000059430.14	Actg2	832.203727080109	-1.08739751074179	0.118131916545476	-9.20494259756785	3.41853894147195e-20	6.72626782790189e-19
ENSMUSG00000022358.7	Fbxo32	389.266613355415	-1.37371998696141	0.149281517827142	-9.20221074220374	3.50659782977279e-20	6.89297896281738e-19
ENSMUSG00000054280.14	Prr14l	941.400130963535	1.04275968130605	0.113358372144467	9.19878842276535	3.62008315830586e-20	7.10930752312836e-19
ENSMUSG00000044037.15	Als2cl	929.104506550704	1.01413790364053	0.110314803954175	9.19312610174974	3.81587284142895e-20	7.48670634547277e-19
ENSMUSG00000091243.2	Vgll3	2457.11212236521	-1.03866741021886	0.112997504804114	-9.19194996402297	3.85783522275935e-20	7.56186849203559e-19
ENSMUSG00000026728.9	Vim	61329.0641410716	-0.812291463289067	0.08840315169269	-9.18848986417115	3.98394825087777e-20	7.80167879327521e-19
ENSMUSG00000024376.7	Epb41l4a	231.233630365671	1.78765676229142	0.19456163861803	9.18812554719999	3.99746163662539e-20	7.82074276148478e-19
ENSMUSG00000073557.12	Ppp1r12b	579.005703346868	-1.05663886292778	0.115028737184108	-9.18586858201003	4.08219350243982e-20	7.97897292795107e-19
ENSMUSG00000039007.10	Cpq	1326.86951290415	-0.864485635190915	0.0941387024135683	-9.18310549250056	4.18834692131379e-20	8.1787351815353e-19
ENSMUSG00000028364.15	Tnc	25807.5768291031	-0.911943182875913	0.0993204926764153	-9.18182298840391	4.23854144576415e-20	8.26895093175044e-19
ENSMUSG00000046768.13	Rhoj	836.46107638083	-1.24658820625843	0.135823035182992	-9.17803231667534	4.39040276789628e-20	8.55715130816243e-19
ENSMUSG00000024805.16	Pcgf5	331.898694243425	1.6026115994776	0.174707056604367	9.17313605200727	4.59454023897484e-20	8.94660286044593e-19
ENSMUSG00000029108.14	Pcdh7	3425.30283554257	-0.916725533211369	0.0999995545170036	-9.16729617085936	4.85031756864173e-20	9.43578227004841e-19
ENSMUSG00000045573.9	Penk	2012.14669728423	-1.33518336430451	0.145694786134741	-9.1642494541274	4.98929499472864e-20	9.69703446909748e-19
ENSMUSG00000024942.17	Capn1	1965.15219605765	1.05486423413488	0.115211129345778	9.15592304428295	5.38950615788948e-20	1.04650457750614e-18
ENSMUSG00000026547.15	Tagln2	5736.17543455181	0.948779797732917	0.103628259588585	9.15560872584051	5.40521993291905e-20	1.04857214050133e-18
ENSMUSG00000032324.11	Tspan3	2853.73754665856	-0.879131386597557	0.0960313604273745	-9.15462805780427	5.45453828040237e-20	1.05714876279072e-18
ENSMUSG00000022912.8	Pros1	3690.22995645691	-0.995750338784808	0.108798612681366	-9.15223378537945	5.57682407186651e-20	1.07983799311099e-18
ENSMUSG00000002332.16	Dhrs1	1184.41156628763	0.906660263295427	0.0991249700773412	9.14663845636488	5.87326853180031e-20	1.13617556392275e-18
ENSMUSG00000073987.4	Ggh	1070.43715308919	1.27414911069109	0.139346067234256	9.14377517773153	6.03093821236051e-20	1.1655872087549e-18
ENSMUSG00000030677.8	Kif22	464.765188841824	1.10046905138852	0.120354594032132	9.14355667299839	6.0431408214845e-20	1.16685608082003e-18
ENSMUSG00000048368.9	Omd	218.819891487225	-1.71588255491954	0.187663607967034	-9.14339532052993	6.05216736831324e-20	1.16750990080816e-18
ENSMUSG00000017376.15	Nlk	460.445802981643	1.15918553627745	0.126808694288005	9.14121498360937	6.1754567801859e-20	1.19018417032652e-18
ENSMUSG00000032062.3	2310030G06Rik	132.24522386762	1.98908206370164	0.217764553187411	9.13409475779014	6.59562533004889e-20	1.26997998796913e-18
ENSMUSG00000029516.19	Cit	332.112023287754	1.38127866153152	0.15124898959615	9.13248191091836	6.69465726780582e-20	1.28785047199175e-18
ENSMUSG00000033952.14	Aspm	585.986812784075	1.20570299362821	0.132053836382082	9.13038974604002	6.82531285352475e-20	1.31176555947176e-18
ENSMUSG00000026656.15	Fcgr2b	113.832226205091	7.82561094460522	0.857124994182122	9.13006970712889	6.84552029113828e-20	1.31442879875947e-18
ENSMUSG00000036533.9	Cdc42ep3	758.838252975759	-1.04032119189759	0.113986759638001	-9.12668449565053	7.06291876266483e-20	1.35491524993883e-18
ENSMUSG00000021306.11	Gpr137b	248.106806044889	-1.36957218723937	0.150090712527137	-9.12496292528261	7.17608165998341e-20	1.37534920629626e-18
ENSMUSG00000019194.15	Scn1b	678.561808796512	-1.39183916159103	0.152548722092471	-9.12389918774494	7.24689745138267e-20	1.38763672845671e-18
ENSMUSG00000037110.20	Ralgapa2	446.578770551826	1.23583688027842	0.135512084574505	9.11975403639335	7.52950192297681e-20	1.44041737803786e-18
ENSMUSG00000040124.5	Gorab	783.445655534878	-1.13026565365229	0.124011496781009	-9.11420056197063	7.92525966002125e-20	1.51472714406999e-18
ENSMUSG00000113184.1	Gm49654	46.25061741584	4.1325611045044	0.454007630264932	9.10240451706258	8.83536684092497e-20	1.68711492841611e-18
ENSMUSG00000046519.15	Golph3l	714.400125801784	0.995831185775215	0.109419653815593	9.10102665334246	8.94819184198591e-20	1.70708408237112e-18
ENSMUSG00000036256.13	Igfbp7	2697.85246583115	-1.14441393520992	0.125759861947021	-9.09999357101731	9.03371770972942e-20	1.72181328612973e-18
ENSMUSG00000078439.9	Smim24	54.1645800115264	4.48171625788848	0.492558209978761	9.09885606836546	9.12882295238201e-20	1.7383395242995e-18
ENSMUSG00000039047.17	Pigk	1774.67364721148	-0.768289873073395	0.0844641530777424	-9.09604660768038	9.36797977812201e-20	1.78224093223665e-18
ENSMUSG00000022892.11	App	19852.9983896016	-0.813261032905017	0.0894672856239668	-9.09003807629946	9.9004378825221e-20	1.88181050257415e-18
ENSMUSG00000021313.16	Ryr2	47.2696092849845	4.77939942406602	0.525816600274518	9.0894799090991	9.95139352887019e-20	1.88976050141361e-18
ENSMUSG00000026922.13	Agpat2	584.650339852374	1.09818913361263	0.12090191654159	9.08330624547914	1.05325749099781e-19	1.998293016147e-18
ENSMUSG00000041842.15	Fhdc1	557.259275319491	1.11629169386874	0.12290791156438	9.08234205317224	1.06263221181192e-19	2.01423298097939e-18
ENSMUSG00000020097.14	Sgpl1	3555.85818315589	-0.75803227463101	0.0835469434048619	-9.0731299523149	1.15646231219194e-19	2.19008356816661e-18
ENSMUSG00000022754.6	Tmem45a	1441.75058206144	-0.904030327264104	0.0996528073289538	-9.07179989701546	1.17066941479468e-19	2.21496217704159e-18
ENSMUSG00000040524.9	Zfp609	1403.70422529774	0.917855781342357	0.101184083713283	9.07114782936823	1.17769740558659e-19	2.22622452951935e-18
ENSMUSG00000046879.7	Irgm1	607.921257910519	-1.18947182872976	0.131207032329101	-9.06561033821922	1.23908582058056e-19	2.340131149653e-18
ENSMUSG00000021944.15	Gata4	53.8237600813729	5.50964710501705	0.608018821538597	9.06163906419022	1.28504802124945e-19	2.42251448013137e-18
ENSMUSG00000035189.17	Ano4	52.8386084481895	4.54470687305188	0.501527178951669	9.06173596125254	1.28390676562676e-19	2.42251448013137e-18
ENSMUSG00000033585.5	Ndn	1053.59896725523	-1.11511043612984	0.123094675655026	-9.05896563109646	1.31693423343981e-19	2.48036594158058e-18
ENSMUSG00000055805.15	Fmnl1	67.8651509331911	2.68867954283259	0.296864337814791	9.0569300530467	1.34173587106936e-19	2.5247809813877e-18
ENSMUSG00000075592.10	Nynrin	2212.0293678539	0.932501050600916	0.102973653605864	9.055724624185	1.35663992560946e-19	2.55050770392282e-18
ENSMUSG00000025203.6	Scd2	20186.8116855954	0.795159776839759	0.0878961650943212	9.04658099686687	1.47514797304531e-19	2.77078837514201e-18
ENSMUSG00000034449.7	Dhrs11	455.438569475353	1.38774184334529	0.153410148937822	9.04595851678464	1.48357787224941e-19	2.7840959544597e-18
ENSMUSG00000020123.6	Avpr1a	106.045369671396	-2.20132385525355	0.243376892485374	-9.04491725888001	1.49778558942392e-19	2.80821231118529e-18
ENSMUSG00000054520.15	Sh3bp2	218.963954403763	1.73873810644854	0.192267870026536	9.04331080491275	1.51996942810135e-19	2.84722599025066e-18
ENSMUSG00000030867.7	Plk1	525.401530395467	1.39125295407562	0.153923700453469	9.03858827443014	1.58708129794919e-19	2.97025278356694e-18
ENSMUSG00000046324.12	Ermp1	986.190888181366	0.906000140371656	0.100271276941465	9.03549020224953	1.63269000388193e-19	3.05285008042928e-18
ENSMUSG00000052566.8	Hook2	429.831628751881	1.25651986308538	0.139087371387476	9.03403271304128	1.65459227832525e-19	3.09101133294714e-18
ENSMUSG00000020159.8	Gabrp	161.483702418839	10.7787349209069	1.19385867541468	9.02848481388548	1.74065106522822e-19	3.24884908919378e-18
ENSMUSG00000037474.13	Dtl	516.43888938385	1.29878603513062	0.143866727575018	9.02770263161354	1.75313474099124e-19	3.26920144178177e-18
ENSMUSG00000040605.7	Bace2	97.3533495141531	-2.37813961514273	0.263620707391381	-9.02106529746942	1.86269015579066e-19	3.4703711552395e-18
ENSMUSG00000017737.2	Mmp9	71.2271462582922	3.85108876382898	0.427131551360624	9.016165515194	1.94788020395991e-19	3.62582485087826e-18
ENSMUSG00000046876.16	Atxn1	703.552227368926	-0.992019825802248	0.110036908745234	-9.01533710020014	1.96265910914906e-19	3.65005219229797e-18
ENSMUSG00000027469.16	Tpx2	1445.49183808906	0.93639222335501	0.103872477061236	9.01482519573476	1.9718468031132e-19	3.66384712546142e-18
ENSMUSG00000042606.9	Hirip3	363.17623757392	1.19946762333496	0.133079900047635	9.01313889554788	2.002414251169e-19	3.71730695829123e-18
ENSMUSG00000115726.1	Gm30083	78.1122847780589	6.86445230534756	0.762140673774592	9.00680483479584	2.12147150224676e-19	3.93479736783204e-18
ENSMUSG00000027071.14	P2rx3	59.8132132060055	2.88386802296038	0.320197725496624	9.00652251194953	2.12693793578539e-19	3.94140450607179e-18
ENSMUSG00000010066.15	Cacna2d2	55.5876329377827	5.55908929245421	0.617848074595153	8.99750200904457	2.30911597943082e-19	4.27516920020022e-18
ENSMUSG00000046994.9	Mars2	352.444670793186	1.27642731406629	0.141900753343673	8.99521168132829	2.35777414107801e-19	4.36135540180283e-18
ENSMUSG00000064125.14	Prr36	52.4884758517484	3.4248215539354	0.380757093762249	8.99476755664574	2.36732620270837e-19	4.37511473838041e-18
ENSMUSG00000074968.11	Ano3	724.732057377188	-1.06438735549393	0.118353382838795	-8.99329896589178	2.39918516431508e-19	4.4300386901122e-18
ENSMUSG00000037868.15	Egr2	185.017642564141	-1.50158202615141	0.167021114185129	-8.99037246564551	2.46393987137732e-19	4.5455518179714e-18
ENSMUSG00000001517.14	Foxm1	664.092169381892	0.938880732744294	0.104440149155967	8.98965331179492	2.48011510524769e-19	4.57131812676064e-18
ENSMUSG00000005481.18	Ddx39a	1707.60928685781	0.90473234737165	0.10068726558042	8.98556875247572	2.57399522841678e-19	4.74013587482197e-18
ENSMUSG00000044447.5	Dock5	2897.59975477709	0.776505680714527	0.0864347019150149	8.98372602103736	2.61749002490938e-19	4.81594898005326e-18
ENSMUSG00000017631.19	Abr	1859.05749260958	0.80643443861247	0.0897807841188878	8.98226103198863	2.65258626340436e-19	4.8761885493967e-18
ENSMUSG00000020176.17	Grb10	14399.1127198133	-0.702971040269195	0.0783231923317172	-8.97526031998219	2.82682531500601e-19	5.191877302157e-18
ENSMUSG00000004626.14	Stxbp2	712.639066982577	1.04813570354098	0.116907222763911	8.96553419678477	3.08780446351008e-19	5.66617593884708e-18
ENSMUSG00000003752.9	Itpkc	242.355102619024	1.42952262281713	0.159500733920647	8.96248304116474	3.17447823738405e-19	5.82006421927479e-18
ENSMUSG00000019775.17	Rgs17	430.174593924125	-1.35515921016209	0.151254560142113	-8.95946019008507	3.26271731396652e-19	5.97654740546841e-18
ENSMUSG00000019312.10	Grb7	73.7755415095538	6.78602020361641	0.757952566387226	8.95309351080097	3.45656829347664e-19	6.32603953197816e-18
ENSMUSG00000001435.15	Col18a1	4174.00466885159	1.00625109753169	0.112448820520782	8.9485251412283	3.60263403291365e-19	6.58753726566075e-18
ENSMUSG00000031948.14	Kars1	2930.48292295262	0.796561124125945	0.0890380899051442	8.94629618598684	3.67609806757237e-19	6.71593591356404e-18
ENSMUSG00000026628.13	Atf3	461.867036809447	1.15071114002189	0.128681147602691	8.94234440288622	3.810000437134e-19	6.95442672383039e-18
ENSMUSG00000022676.7	Snai2	785.339877276352	-0.959572686892458	0.107327304517846	-8.94062038735825	3.86991608233218e-19	7.05756766415804e-18
ENSMUSG00000046352.7	Gjb2	166.901109757586	-1.86656046673724	0.208816936205107	-8.93874079688556	3.93629944122455e-19	7.17231180756224e-18
ENSMUSG00000024781.16	Lipa	1077.38347485197	-0.879571767797872	0.098419451053635	-8.93697087701229	3.99983733663126e-19	7.28167396929908e-18
ENSMUSG00000003309.14	Ap1m2	285.442973659174	10.6422828224136	1.19141492989166	8.93247394791447	4.1658649768706e-19	7.57726178877369e-18
ENSMUSG00000053626.5	Tll1	302.022457073825	-1.39342966713008	0.15606221075534	-8.92868081507938	4.31118795878686e-19	7.8347040877023e-18
ENSMUSG00000026414.13	Tnnt2	68.6715272893126	3.1400451020704	0.351836981848786	8.92471588850756	4.46844671209414e-19	8.11336653452952e-18
ENSMUSG00000042726.14	Trafd1	665.77397464542	-0.995553931837487	0.111650730259147	-8.91668088087517	4.80471687727951e-19	8.71628699761688e-18
ENSMUSG00000046718.8	Bst2	519.659007770192	1.2268570677203	0.1376428380346	8.91333748445307	4.95189665031846e-19	8.97542108274446e-18
ENSMUSG00000021665.9	Hexb	564.915174426388	-1.02100256312189	0.114558438717342	-8.91250417301061	4.98926787474758e-19	9.03524547151358e-18
ENSMUSG00000057880.12	Abat	228.561952337358	-1.67180403771399	0.187619716235376	-8.91059890324455	5.07576277663217e-19	9.18384735257949e-18
ENSMUSG00000002227.15	Mov10	826.380198029084	1.31240889613194	0.147314392493181	8.90889799645813	5.15423052219489e-19	9.31767839117135e-18
ENSMUSG00000034792.8	Gna15	46.8264299298027	4.92608803224593	0.553328055065937	8.90265365572131	5.45271164226928e-19	9.84866302646875e-18
ENSMUSG00000032717.14	Mdfi	160.059977207216	1.95849260719158	0.220235366482063	8.89272526241188	5.96281137255859e-19	1.07606131299556e-17
ENSMUSG00000020437.12	Myo1g	59.8960756150299	6.15370838920424	0.692001345446972	8.89262489111129	5.96820172878656e-19	1.07609588487938e-17
ENSMUSG00000041040.12	Fam117b	922.022025146231	1.0554920001895	0.118800200589163	8.88459779491128	6.41524342758035e-19	1.15569298265871e-17
ENSMUSG00000020890.11	Gucy2e	71.9102844697938	6.73895623259876	0.758654362646169	8.88277529848169	6.52126049492471e-19	1.17377018247345e-17
ENSMUSG00000035184.15	Fam124a	132.325622197517	-1.80807231326446	0.203576740296706	-8.88152698893432	6.59487310000622e-19	1.18598851691597e-17
ENSMUSG00000040562.12	Gstm2	312.731956544345	-1.27175620097905	0.143332000993306	-8.87280015743615	7.13292665444017e-19	1.28163584045362e-17
ENSMUSG00000025064.15	Col17a1	169.901536010398	5.05168348333813	0.569795796496531	8.86577878320463	7.5971176274755e-19	1.36385722264627e-17
ENSMUSG00000030220.13	Arhgdib	1668.04682285861	-0.845331068584303	0.0953679269073534	-8.8638926733252	7.726814128415e-19	1.38593869708893e-17
ENSMUSG00000079014.4	Serpina3i	389.060698329616	-1.35419858792026	0.152817686466437	-8.86153048925835	7.8923357450286e-19	1.41440223018482e-17
ENSMUSG00000020220.16	Vps13d	2319.09198261619	0.831244556250227	0.0938972870191722	8.85270046279933	8.54267082817924e-19	1.52962580858548e-17
ENSMUSG00000029359.13	Tesc	60.3939833521611	3.19443069914772	0.360982921593847	8.84925714779901	8.81037576325765e-19	1.57619678412852e-17
ENSMUSG00000052133.16	Sema5b	182.247151040554	1.74997003892204	0.19779044125273	8.84759661709833	8.94242071367444e-19	1.59843839682511e-17
ENSMUSG00000060882.5	Kcnd2	51.0640096232782	-3.23136404407352	0.365255042242058	-8.84687046135853	9.00077691864699e-19	1.60748128937941e-17
ENSMUSG00000039117.16	Taf4	463.556887362639	1.07069652458406	0.121031492543938	8.84642915723248	9.03642511684163e-19	1.61245658184056e-17
ENSMUSG00000032826.19	Ank2	713.773293102386	-1.10581341076156	0.125032736407878	-8.84419106972288	9.21937417508941e-19	1.64368497889901e-17
ENSMUSG00000024049.15	Myom1	113.922786050056	-2.17774010070117	0.246316706616569	-8.84121962580134	9.46793383156217e-19	1.68654700842948e-17
ENSMUSG00000027962.14	Vcam1	1521.74456389956	-1.07024738480689	0.121118494416034	-8.83636632016458	9.88821777709243e-19	1.75989870823763e-17
ENSMUSG00000041020.14	Map7d2	88.209742101594	2.83510814268644	0.321054624077173	8.8306099027091	1.04106477598574e-18	1.85128864245093e-17
ENSMUSG00000024206.15	Rfx2	106.930202570065	2.41465446319064	0.273545662537099	8.82724456602618	1.07286033387056e-18	1.90619193568984e-17
ENSMUSG00000010803.13	Gabra1	81.5237316082857	2.72778908583067	0.309028120771037	8.82699308731106	1.07527444271167e-18	1.90884268350676e-17
ENSMUSG00000020905.11	Usp43	137.738975747479	10.5550493682602	1.1957989429531	8.82677596469009	1.07736305995971e-18	1.91091156624731e-17
ENSMUSG00000028803.18	Nipal3	232.093581569303	1.52090015663577	0.172586489545751	8.81239406768628	1.22501124520538e-18	2.17093388394745e-17
ENSMUSG00000029780.14	Nt5c3	556.625649166295	1.29354559008674	0.1467914025463	8.81213455044647	1.22785125433286e-18	2.17410548446843e-17
ENSMUSG00000021962.9	Dcp1a	751.952995427601	1.03711032538348	0.117707255371796	8.81092947165931	1.24112438466952e-18	2.19572937079268e-17
ENSMUSG00000023236.7	Scg5	111.868911908169	2.19824683117971	0.249831848770187	8.79890551185015	1.38156947016597e-18	2.442109860202e-17
ENSMUSG00000027009.18	Itga4	223.625834576096	1.40096042254344	0.159305925750289	8.79415135341188	1.44133181112571e-18	2.54557398963235e-17
ENSMUSG00000056091.12	St3gal5	582.076392625389	-0.998735318238675	0.113585690796332	-8.79279169089602	1.45888809627272e-18	2.57438403280044e-17
ENSMUSG00000039126.10	Prune2	482.855958334552	-1.04077847649544	0.118391154461281	-8.79101552165217	1.48214087812528e-18	2.61264926346083e-17
ENSMUSG00000074886.11	Grk6	1311.81564811767	0.989229306045583	0.112528234899083	8.79094306360301	1.48309719530725e-18	2.61264926346083e-17
ENSMUSG00000051910.13	Sox6	267.985612891906	-1.48952312065743	0.169456014673566	-8.79002804076791	1.495226429685e-18	2.631776519392e-17
ENSMUSG00000016382.15	Pls3	8987.25385386093	-0.89455455328276	0.10179092818157	-8.78815597090438	1.52034800395435e-18	2.6737199094181e-17
ENSMUSG00000021569.10	Trip13	315.460470425744	1.36949632997441	0.155916507921444	8.78352361934896	1.58431598264427e-18	2.78385029921509e-17
ENSMUSG00000030468.12	Siglecg	69.0479797416607	-2.66974977156805	0.303972376483584	-8.78286968852984	1.59355759375238e-18	2.79771404860734e-17
ENSMUSG00000027306.15	Nusap1	578.287778332821	1.33235992675526	0.15174935515656	8.78000387797803	1.63469021880603e-18	2.86749600331068e-17
ENSMUSG00000038013.14	Wipf2	542.51367980094	0.98907907097269	0.11271107566387	8.77534940685288	1.70374040916652e-18	2.98608998554935e-17
ENSMUSG00000026674.9	Ddr2	8522.06134874663	-0.91466230114603	0.104298727496194	-8.76964008194068	1.79238298210439e-18	3.13879317652951e-17
ENSMUSG00000038252.13	Ncapd2	1202.60390081087	0.924472343776436	0.105527283508952	8.76050546395438	1.94376778312179e-18	3.40101854123736e-17
ENSMUSG00000039831.16	Arhgap29	1985.72992229824	-0.96812695097077	0.110579627058557	-8.75502094484456	2.04065585736756e-18	3.56752834388946e-17
ENSMUSG00000036103.9	Colec12	4182.1590738466	-0.911400837481434	0.104154661168567	-8.75045655428127	2.12491298355433e-18	3.71169399549292e-17
ENSMUSG00000052512.17	Nav2	1465.78203289498	0.882040799912864	0.100822701573787	8.74843449089034	2.16332895080828e-18	3.77561095723277e-17
ENSMUSG00000041992.9	Rapgef5	46.0849727359922	3.60478971308339	0.412626193878075	8.73621153132259	2.41058393188789e-18	4.20359535013878e-17
ENSMUSG00000049881.13	2810025M15Rik	396.204305739466	1.22568235688663	0.140386584302999	8.7307655711689	2.52954499998687e-18	4.40732760561685e-17
ENSMUSG00000007946.11	Phox2a	59.2086062793112	6.14008269415095	0.703451484928151	8.72850910930707	2.58051668429849e-18	4.49235616890618e-17
ENSMUSG00000045328.11	Cenpe	982.013354513302	1.24633315037693	0.142794881708657	8.72813601904729	2.5890416453963e-18	4.5034094973158e-17
ENSMUSG00000023026.16	Dip2b	1339.34963649576	0.810177371222301	0.092875766439907	8.72323752769789	2.70358322285513e-18	4.69744163729288e-17
ENSMUSG00000027775.9	Mfsd1	2696.75484571333	-0.75379352756645	0.0864127707806622	-8.72317275278409	2.70513089117982e-18	4.69744163729288e-17
ENSMUSG00000014329.14	Bicc1	901.820490895927	-0.971902158814985	0.111589283015397	-8.70963709553436	3.04849200011145e-18	5.28924860941382e-17
ENSMUSG00000034471.12	Caskin2	828.519580771485	1.4315506904609	0.164395454035773	8.70797005219734	3.09365014879871e-18	5.3631042236168e-17
ENSMUSG00000074884.12	Serf2	622.223397796208	-1.07527074462654	0.123598285867774	-8.6997221448271	3.32697770170071e-18	5.76277083242704e-17
ENSMUSG00000021301.9	Hecw1	71.9558090207469	2.80465089577977	0.322671772798924	8.69196233513588	3.56232192054037e-18	6.16525931716264e-17
ENSMUSG00000017724.14	Etv4	438.059643967374	1.44190178626616	0.165895402487984	8.69163198401839	3.57269768276471e-18	6.17805090522529e-17
ENSMUSG00000026586.16	Prrx1	9609.52153126101	-0.920411779708535	0.1059004198279	-8.69129490897489	3.58331538426161e-18	6.19123916016953e-17
ENSMUSG00000026131.20	Dst	8181.41251579496	0.862976622370528	0.099318588788295	8.68897386580902	3.65727771635464e-18	6.31376075486445e-17
ENSMUSG00000021458.17	Aopep	2151.15909901417	-0.799711910570128	0.0920866612292792	-8.68434037997088	3.80946477405357e-18	6.57100927984457e-17
ENSMUSG00000097183.2	Gm17501	266.71962893542	-1.29830963339299	0.149529104260999	-8.68265505775267	3.86635591209298e-18	6.66358876139989e-17
ENSMUSG00000019851.8	Perp	4958.27280812702	1.03446038930722	0.119185604633705	8.67940715228523	3.9783709130004e-18	6.85094006058197e-17
ENSMUSG00000039910.10	Cited2	1159.65590902837	-0.975979553394206	0.112451299296969	-8.67913096154425	3.98804277954276e-18	6.86188674096056e-17
ENSMUSG00000019975.12	Ikbip	2046.77536289798	-0.940146607498057	0.108335898919856	-8.67807085990539	4.02538227801582e-18	6.92038104423999e-17
ENSMUSG00000019066.13	Rab3d	296.714755979238	1.26347354045512	0.145646118072068	8.67495513907165	4.13713537926929e-18	7.10660292244773e-17
ENSMUSG00000022150.16	Dab2	2116.75865191571	-0.902800334358567	0.104129596103581	-8.66996865579427	4.32239356161066e-18	7.41867531772629e-17
ENSMUSG00000033214.10	Slitrk5	231.939080117452	-1.35556612527379	0.156389887334967	-8.6678630464791	4.40305881265254e-18	7.55086283041383e-17
ENSMUSG00000021250.13	Fos	3773.85015923859	1.10367942233928	0.127341718637271	8.66706868848756	4.43387496377872e-18	7.59113133790371e-17
ENSMUSG00000027208.14	Fgf7	1050.34266122879	-1.2029775277146	0.138797523627012	-8.6671397030637	4.43111139565997e-18	7.59113133790371e-17
ENSMUSG00000045467.13	Ttll13	50.7421145200939	3.20320374264203	0.369640359164178	8.66573052218931	4.48626964241514e-18	7.67448721721909e-17
ENSMUSG00000031688.4	Pou4f2	120.175967681496	10.3540298700304	1.19503008706167	8.66424199870051	4.54526969854372e-18	7.76899566392704e-17
ENSMUSG00000036990.13	Otud4	1992.57074455272	0.803572372449398	0.0928094630152284	8.65830214228852	4.78842908773214e-18	8.17248878662696e-17
ENSMUSG00000039187.16	Fanci	208.167808962333	1.52370046495323	0.175981826352151	8.65828305420701	4.78923083152737e-18	8.17248878662696e-17
ENSMUSG00000097451.11	Rian	9742.47145682001	-0.791403357265315	0.0914070921796702	-8.65800823977344	4.8007883749693e-18	8.18546281494971e-17
ENSMUSG00000027985.14	Lef1	49.5633351177661	3.38719183109171	0.39127660370942	8.65677068084346	4.85317701325173e-18	8.26797621376934e-17
ENSMUSG00000026114.14	Cnga3	53.9405323649146	5.99877193153086	0.692985480258529	8.65641792277223	4.86821313531762e-18	8.28677168486344e-17
ENSMUSG00000032718.4	Mansc1	119.958537822848	2.19047720630375	0.253068381039061	8.65567321097159	4.90010725387247e-18	8.3342087138789e-17
ENSMUSG00000042529.14	Kcnj12	221.571195797604	10.2781086311204	1.18767772013246	8.653954230929	4.97451650407638e-18	8.45381913939877e-17
ENSMUSG00000078502.10	Zfp268	111.09619606008	2.48526128622123	0.28730666215702	8.65020416708253	5.14073767082353e-18	8.72913281775031e-17
ENSMUSG00000026090.16	Cracdl	42.74422123817	4.78627775601018	0.553398052974018	8.64888795739022	5.20036883158166e-18	8.82315036433678e-17
ENSMUSG00000018427.8	Ypel2	674.271789782347	0.972272141472209	0.112420491329456	8.64853133067086	5.21664310935547e-18	8.84351316302612e-17
ENSMUSG00000004947.15	Dtx2	574.011420163256	1.36207358083343	0.15753621901858	8.6460979533398	5.32903742965089e-18	9.02665677220489e-17
ENSMUSG00000027293.13	Ehd4	1037.26302420069	0.82125833345225	0.0950193866082777	8.64306077703837	5.4726789414003e-18	9.2623860513528e-17
ENSMUSG00000097651.2	4930461G14Rik	46.3525180541316	5.27713990602479	0.611329593607327	8.63223367755763	6.01653097956007e-18	1.01745240805485e-16
ENSMUSG00000033295.14	Ptprf	4485.31567265281	1.13195807438249	0.131134470840699	8.63204058494721	6.02669912005017e-18	1.01833995988505e-16
ENSMUSG00000012123.17	Crybg2	84.9922075782696	7.40700461664861	0.858212984820879	8.63073007243599	6.09615957002183e-18	1.02923659820458e-16
ENSMUSG00000036285.10	Noa1	386.637193088848	1.10163707956662	0.12765094530531	8.63007380737976	6.13123960958245e-18	1.0343156371536e-16
ENSMUSG00000027227.7	Sord	276.308720753784	-1.29214950423269	0.149736486687349	-8.62948993140672	6.16261761285212e-18	1.03876239387969e-16
ENSMUSG00000035683.13	Melk	367.992922777495	1.38279568998009	0.160254068046275	8.62877121834308	6.20145959148594e-18	1.04445900800787e-16
ENSMUSG00000020451.17	Limk2	2110.02380187632	0.845371727160543	0.0980048491131176	8.62581530210624	6.3637652309632e-18	1.07092338630656e-16
ENSMUSG00000037824.6	Tspan14	814.677148521417	1.19661810330451	0.138806364755292	8.62077258066716	6.6503873683893e-18	1.11824831956369e-16
ENSMUSG00000038943.16	Prc1	1047.53409913842	1.19835221455259	0.13903449531195	8.61909997129751	6.74824200414066e-18	1.13378134126386e-16
ENSMUSG00000043441.5	Gpr149	80.6709300394299	-2.43554928836209	0.282754940370963	-8.61364008411931	7.07766518625405e-18	1.18816376066726e-16
ENSMUSG00000028369.15	Svep1	4777.80065935921	-1.53837058186402	0.178610322538407	-8.61299929366188	7.11735326134063e-18	1.1938581455145e-16
ENSMUSG00000054662.8	Ano9	226.052731527544	10.3056471690664	1.19728901762246	8.60748492417563	7.46809694680798e-18	1.25167723645327e-16
ENSMUSG00000026208.9	Des	91.5091741068573	-2.094869488254	0.243542963634576	-8.60164242477253	7.85833028825112e-18	1.316016008386e-16
ENSMUSG00000019235.9	Rps6kl1	61.5866122651474	2.92852652705264	0.340491330883503	8.60088425585972	7.9104231259145e-18	1.32366894327651e-16
ENSMUSG00000037990.18	Sh3rf3	235.113146636906	-1.46261982067067	0.170133850097026	-8.59687722247251	8.19145421476616e-18	1.36958732464818e-16
ENSMUSG00000004568.13	Arhgef18	1565.79301890073	0.867693395138101	0.1009327532993	8.59674750539199	8.2007146352682e-18	1.37002899302192e-16
ENSMUSG00000054640.15	Slc8a1	325.205667492356	-1.32245599612113	0.153873978540624	-8.5944095854517	8.36939966970326e-18	1.3970822884128e-16
ENSMUSG00000052446.17	Zfp961	241.385658409714	1.47257105487727	0.17141739809227	8.5905577337291	8.65481677111371e-18	1.44356206563483e-16
ENSMUSG00000020566.19	Atp6v1c2	57.2499620840378	6.08470177725437	0.708412502405067	8.58920721556545	8.75714583451053e-18	1.45945379733119e-16
ENSMUSG00000062826.7	Ces2f	52.9132453885219	5.96510326871394	0.69468793136847	8.58673801481372	8.94733448935038e-18	1.48995073688708e-16
ENSMUSG00000038518.15	Jarid2	632.496400428894	1.01504007334351	0.118257191307047	8.58332641021404	9.21683472687303e-18	1.53359535379055e-16
ENSMUSG00000010175.13	Prox1	48.3861014112096	3.54292391890507	0.412886071005487	8.58087537387035	9.41538485029219e-18	1.56537390374456e-16
ENSMUSG00000056596.8	Trnp1	218.594935896572	-1.46612492448027	0.170915769256126	-8.57805532433472	9.64905394579682e-18	1.60293553470344e-16
ENSMUSG00000032532.7	Cck	140.513936786047	-2.12876112036052	0.248256155785015	-8.57485734292926	9.92096891866403e-18	1.64678537006758e-16
ENSMUSG00000017639.13	Rab11fip4	91.7296514452997	2.14393337941926	0.250134022234207	8.57113862508414	1.024668100491e-17	1.69948758109481e-16
ENSMUSG00000042680.8	Garem1	474.935538966098	1.0076563771723	0.117583410319987	8.56971552730181	1.03740989173454e-17	1.71924318246704e-16
ENSMUSG00000032586.9	Traip	173.457905120082	1.5506067014642	0.180990223341082	8.56735061618235	1.05893097438939e-17	1.75350497911087e-16
ENSMUSG00000024580.8	Grpel2	680.496461871059	1.14057455565358	0.133184470349729	8.5638704922469	1.09140425356209e-17	1.80583346478671e-16
ENSMUSG00000001707.8	Eef1e1	669.876386268104	0.975946975856979	0.113977089222987	8.56265923713512	1.10293554324827e-17	1.8234554959821e-16
ENSMUSG00000022982.10	Sod1	2150.21300214078	0.691930763137527	0.0808108821425137	8.56234636713005	1.1059335897514e-17	1.82695286306976e-16
ENSMUSG00000022868.6	Ahsg	155.579691245315	8.87098975628273	1.03615698154786	8.56143414005745	1.11472090331884e-17	1.84000063618793e-16
ENSMUSG00000025330.6	Padi4	160.944085343565	8.91920323264021	1.04181621971691	8.56120596304766	1.11692964124895e-17	1.84217742184957e-16
ENSMUSG00000026768.10	Itga8	617.315208481523	-1.21597342978762	0.142043193703704	-8.56058919883258	1.12292151515855e-17	1.85058538553079e-16
ENSMUSG00000070473.4	Cldn3	85.5392524809997	7.42233803459352	0.867177658456091	8.55918964495479	1.13663611841513e-17	1.87169697812846e-16
ENSMUSG00000031591.14	Asah1	6294.79925855526	-0.904116295781721	0.105635961386392	-8.55879270577823	1.14055583172124e-17	1.87665859783767e-16
ENSMUSG00000020827.18	Mink1	1921.17036154608	0.824842309758096	0.0964934139638121	8.54817210703557	1.25053149638609e-17	2.05597708051594e-16
ENSMUSG00000066838.7	Zfp772	165.426330495816	1.53066225595404	0.179106445007966	8.5461037199748	1.27313610761296e-17	2.09147970567307e-16
ENSMUSG00000038143.16	Stox2	766.263977103666	-1.00884157305738	0.11804984497683	-8.54589494171205	1.27544004725099e-17	2.0936029768476e-16
ENSMUSG00000030722.7	Nfatc2ip	167.279338051768	1.68399229901655	0.197074747151945	8.54494207580129	1.28600759868518e-17	2.10927664700352e-16
ENSMUSG00000052430.15	Bmpr1b	107.780987706308	-1.96885729838531	0.230670233128898	-8.53537654893305	1.39699698783125e-17	2.28950440626438e-16
ENSMUSG00000027242.14	Wdr76	170.046989313517	1.65508751641242	0.194018953157809	8.5305455445181	1.45659172970661e-17	2.38528419408205e-16
ENSMUSG00000024661.7	Fth1	10187.0069409582	-1.08158845652722	0.126852295398621	-8.52636093914134	1.51023535396659e-17	2.4711748293877e-16
ENSMUSG00000026039.9	Sgo2a	196.388849467305	1.7776984867771	0.208583723756289	8.52270951329921	1.55863354140953e-17	2.54835352872321e-16
ENSMUSG00000030934.9	Oat	3362.79249446099	-0.739368999567663	0.0868279334008529	-8.51533568297965	1.66108423575543e-17	2.71371606913193e-16
ENSMUSG00000026991.20	Pkp4	954.53219711842	0.826003091303751	0.0970503259851785	8.51108002903461	1.72320644750046e-17	2.81298503602619e-16
ENSMUSG00000032400.18	Zwilch	438.942664357424	1.18712628629746	0.13959039794636	8.50435491095624	1.82608106581369e-17	2.97856989608176e-16
ENSMUSG00000029761.16	Cald1	23099.4370473572	-0.973932356599538	0.114541874532166	-8.50284981433612	1.84992172479704e-17	3.0150810851633e-16
ENSMUSG00000001583.13	Tnk1	81.6744598211863	7.34885037068143	0.864305806841153	8.50260441676293	1.8538378220943e-17	3.01908647360582e-16
ENSMUSG00000042082.7	Arsb	1061.34429189694	-0.892554321644276	0.104991812778075	-8.50118021612693	1.87672748647382e-17	3.05396086812276e-16
ENSMUSG00000008206.16	Cers4	317.429745402701	-1.21859620585969	0.143345969909928	-8.5010845203768	1.87827546220028e-17	3.05407885248103e-16
ENSMUSG00000032902.1	Slc16a1	1852.10723771415	0.88850898326035	0.104553861277755	8.49809822805074	1.92721998796707e-17	3.13120302440584e-16
ENSMUSG00000021913.8	Ogdhl	635.846962449571	-0.982772286664799	0.115665972770361	-8.49664134685455	1.95155248679103e-17	3.16824979796765e-16
ENSMUSG00000050965.14	Prkca	1527.41261656333	-0.902242940379922	0.106196960743283	-8.4959393759015	1.96338461408955e-17	3.18496066826329e-16
ENSMUSG00000058454.15	Dhcr7	732.442747577996	1.22862878966891	0.144682727741362	8.49188295554698	2.03315721944026e-17	3.29556157284212e-16
ENSMUSG00000022620.14	Arsa	1045.41732723702	-1.01244212277118	0.119315032240296	-8.48545320536108	2.14879589022018e-17	3.48027591014612e-16
ENSMUSG00000024747.3	Aldh1a7	114.919730268964	-1.97769783436539	0.233130944662352	-8.48320602496474	2.19072255131987e-17	3.54540782562704e-16
ENSMUSG00000027376.15	Prom2	196.905437994081	10.1081615290281	1.1918591744958	8.48100324713634	2.2326038441977e-17	3.60975444444213e-16
ENSMUSG00000052056.14	Zfp217	571.787562503612	0.945946111979728	0.111537989634232	8.48093205805287	2.23397045428783e-17	3.60975444444213e-16
ENSMUSG00000044350.14	Lacc1	386.869472270471	-1.13184988848689	0.133489054520728	-8.47897149733078	2.2719332273778e-17	3.66823290744876e-16
ENSMUSG00000044433.16	Camsap3	43.4284350205071	4.81578249575336	0.568091853431031	8.47711944233684	2.30837929957275e-17	3.72417327528108e-16
ENSMUSG00000023959.10	Clic5	107.468229860261	2.01337972058053	0.237536280776791	8.47609347926294	2.32881659718537e-17	3.75421921691122e-16
ENSMUSG00000015880.13	Ncapg	454.955696442337	1.17847436403316	0.139040425081212	8.47576784481798	2.33534051694952e-17	3.76180648718584e-16
ENSMUSG00000028035.13	Dnajb4	1481.02599179251	-1.12912890584499	0.133230212998271	-8.47502139668306	2.35036334241043e-17	3.78306149491085e-16
ENSMUSG00000034591.5	Slc41a2	482.969489008183	-1.08270425815602	0.127774843053994	-8.4735322875607	2.3806181714427e-17	3.82878131551612e-16
ENSMUSG00000074358.9	Ccdc61	303.132754229308	1.55680928640106	0.183849135210655	8.46786298242447	2.49936067661247e-17	4.01663560909949e-16
ENSMUSG00000020914.17	Top2a	3211.97973766994	0.950335582070797	0.112229760505047	8.467768066101	2.50139761073698e-17	4.01679046894063e-16
ENSMUSG00000022382.15	Wnt7b	47.1347179329264	5.54074996769568	0.654476438721722	8.46592732737253	2.54122589110357e-17	4.07758408681804e-16
ENSMUSG00000027296.7	Itpka	51.0747959655495	5.92424118379361	0.699981947572804	8.46341995580885	2.5964864163701e-17	4.16302651684312e-16
ENSMUSG00000021175.15	Cdca7l	192.232982891973	1.54584082512179	0.182696111660174	8.46126833830567	2.64485035679166e-17	4.23728773492497e-16
ENSMUSG00000058571.11	Gpc6	1098.23405287075	-0.974321874546195	0.115153530892283	-8.46106816696394	2.64939472938967e-17	4.24128549912118e-16
ENSMUSG00000026425.15	Srgap2	2054.92470104182	0.743863231549613	0.087937478820692	8.45900111676364	2.69677459149383e-17	4.31379731602247e-16
ENSMUSG00000051378.10	Kif18b	333.405726430335	1.44409231984467	0.170800271701559	8.45485961736609	2.79423321413006e-17	4.4662419536122e-16
ENSMUSG00000022948.16	Setd4	150.711897233555	1.66359852310056	0.196789447862305	8.45369780327138	2.82219189100917e-17	4.50744984197521e-16
ENSMUSG00000026200.13	Glb1l	390.807741378877	-1.05511342869279	0.124823687611082	-8.45283013894166	2.84325180030526e-17	4.53758434961592e-16
ENSMUSG00000049598.9	Vsig8	84.9283374880504	7.40785615723369	0.876470480713521	8.45191745785102	2.86557167451037e-17	4.56968167108553e-16
ENSMUSG00000019942.13	Cdk1	1057.37281833268	0.843140361984057	0.0997683162913153	8.45098317107163	2.88859895766987e-17	4.60285679944639e-16
ENSMUSG00000052911.9	Lamb2	5113.91968359726	-1.37825467497155	0.16311450332229	-8.44961451556715	2.92266204541857e-17	4.65355243677838e-16
ENSMUSG00000046668.9	Cxxc5	657.365353206157	-0.925780313621188	0.10962184300543	-8.44521756102321	3.03479723523168e-17	4.82838339523909e-16
ENSMUSG00000008604.11	Ubqln4	1651.53037394701	0.904901971716105	0.107186235086174	8.44233376597839	3.1106362608347e-17	4.94524270069258e-16
ENSMUSG00000049904.7	Tmem17	125.306927814323	1.80247123663461	0.213558440174185	8.44017794456849	3.16854917726972e-17	5.03344584960137e-16
ENSMUSG00000015354.8	Pcolce2	690.933342575274	0.948865983699437	0.112433045737316	8.43938699229346	3.19006256343425e-17	5.06373504605258e-16
ENSMUSG00000079620.13	NA	187.038272952016	10.0284766128887	1.18836862211927	8.43886015351402	3.20447212526647e-17	5.08271023148588e-16
ENSMUSG00000027082.15	Tfpi	653.623759730522	-1.30790127944975	0.155033114065499	-8.4362704531445	3.27624186250908e-17	5.19256740521251e-16
ENSMUSG00000023827.8	Agpat4	1103.12744428013	0.908344860365288	0.107672781885124	8.43616041549292	3.27932626251798e-17	5.19347928904817e-16
ENSMUSG00000031673.6	Cdh11	10268.6798542195	-0.941447599400768	0.111613261139454	-8.43490809057615	3.31463189469574e-17	5.24537963213358e-16
ENSMUSG00000035397.8	Klf16	670.285135216593	1.28550138283657	0.152502385038918	8.42938543229021	3.47485289712727e-17	5.49472728171409e-16
ENSMUSG00000024548.11	Setbp1	1491.50950739951	-1.12494681471121	0.133507041445652	-8.42612346532415	3.57305171007437e-17	5.64138805086417e-16
ENSMUSG00000032366.15	Tpm1	17988.8389080186	-0.728592032882073	0.0864676906115164	-8.42617661844936	3.57142984852164e-17	5.64138805086417e-16
ENSMUSG00000037335.13	Hand1	108.692643153626	10.2156907294898	1.21287487176769	8.42270787142373	3.67880944417263e-17	5.80393877171716e-16
ENSMUSG00000051065.9	Mb21d2	410.250052914942	1.17017768501879	0.139014947403268	8.41763930337808	3.84146369209362e-17	6.05593731627158e-16
ENSMUSG00000034023.16	Fancd2	208.124078851379	1.38419760945974	0.164461161425748	8.4165622902079	3.87692908307727e-17	6.10719597341069e-16
ENSMUSG00000043822.18	Adamtsl5	1170.07430211306	-1.22839813894657	0.145956669307906	-8.41618368500297	3.88947289185838e-17	6.1222965314507e-16
ENSMUSG00000022146.12	Osmr	3332.94724800433	-0.856039334768851	0.101740439845904	-8.41395354753142	3.96417759252182e-17	6.23514528781225e-16
ENSMUSG00000024077.15	Strn	1692.90257231744	0.899788673519621	0.106950991258617	8.41309335173765	3.9933689798895e-17	6.27629039595542e-16
ENSMUSG00000027188.8	Pamr1	553.112607865894	-1.08995803025982	0.129590477230548	-8.41078799579329	4.07265270011752e-17	6.39604235506316e-16
ENSMUSG00000028780.13	Sema3c	4784.05248399098	-0.935400529101502	0.111273125648732	-8.40634720780996	4.22977740365635e-17	6.63776819395624e-16
ENSMUSG00000042644.9	Itpr3	6644.29348008532	0.9489997015382	0.112915130090238	8.40453977053199	4.29542720387977e-17	6.73568543129601e-16
ENSMUSG00000000486.13	Septin1	75.2105038078082	2.22338469265883	0.264706947622134	8.39941948117161	4.48691256960835e-17	7.03062856005476e-16
ENSMUSG00000019872.13	Smpdl3a	973.886889532756	0.854057485477688	0.101696690233807	8.39808536063622	4.53817261319977e-17	7.10556996373842e-16
ENSMUSG00000035473.10	Galm	253.132477056009	-1.21716606481589	0.144942136634516	-8.39759984969091	4.55697008258196e-17	7.12960874825125e-16
ENSMUSG00000052544.9	St6galnac3	45.0367686900281	3.56731335575577	0.424931993509158	8.39502181583531	4.65807752227999e-17	7.28229204181825e-16
ENSMUSG00000026622.15	Nek2	320.740375670379	1.19050348689174	0.14187557577068	8.39117995063508	4.81286989616192e-17	7.51861086646458e-16
ENSMUSG00000054162.15	Spock3	112.546064722492	2.3028414768191	0.274711555514588	8.38276159335717	5.1700125601403e-17	8.07044419173032e-16
ENSMUSG00000019467.15	Arhgef25	1978.29675690765	-0.827538315159279	0.098763405223782	-8.3789973956873	5.33804554370553e-17	8.32646606700533e-16
ENSMUSG00000024304.14	Cdh2	913.412666697567	-0.869919304830579	0.103828291438574	-8.37844187530747	5.36329576121052e-17	8.35955263262775e-16
ENSMUSG00000082082.1	Gm13230	126.860735392691	7.24179816358611	0.864597270559594	8.37592068605421	5.47938058473299e-17	8.53406310935953e-16
ENSMUSG00000026304.13	Rab17	42.4120489381303	3.9987762204384	0.477738648659061	8.37021712951705	5.75121615579697e-17	8.95070851194297e-16
ENSMUSG00000021367.8	Edn1	63.7993328105163	-2.73557784477334	0.326993900826754	-8.36583752130193	5.96894032969954e-17	9.28257670055979e-16
ENSMUSG00000041498.13	Kif14	303.20861255159	1.34392853699452	0.16068990421999	8.36349080869841	6.0889273069066e-17	9.46206503946394e-16
ENSMUSG00000022111.9	Uchl3	483.12364501603	1.2479156578233	0.149211971699295	8.36337489285512	6.09491532149062e-17	9.46426498421113e-16
ENSMUSG00000020520.14	Galnt10	1123.77060443921	-1.05673860847223	0.126396189997162	-8.36052580774751	6.24393369886805e-17	9.68839457517764e-16
ENSMUSG00000037239.8	Spred3	1186.66867832072	0.777308262684947	0.0929974877513485	8.35837915066341	6.35858064415237e-17	9.85889593657753e-16
ENSMUSG00000022474.15	Pmm1	1617.83064414457	0.934881303640653	0.1118519603622	8.35820222205593	6.36812199185293e-17	9.86629918483261e-16
ENSMUSG00000034453.8	Polr3b	879.20788992092	0.8565997617144	0.10250782918131	8.35643256281721	6.46433592863695e-17	1.00078750476332e-15
ENSMUSG00000030956.15	Fam53b	1028.65317173534	1.00603675425205	0.120418230692174	8.35452197287128	6.56982185815846e-17	1.01635831571018e-15
ENSMUSG00000020075.8	Ddx21	4340.14642316777	0.891590996873773	0.106721998731632	8.35433188536703	6.58040920835394e-17	1.01723592385152e-15
ENSMUSG00000036492.12	Rnf39	48.1485328740317	3.12063183136208	0.373568918619582	8.35356389630458	6.62335567806798e-17	1.02311074015171e-15
ENSMUSG00000043029.2	Trpv3	48.6013739990018	5.84237196317201	0.700098966222385	8.34506583361558	7.11742252961357e-17	1.09860946264334e-15
ENSMUSG00000027827.17	Kcnab1	108.821344561173	-1.81311788515594	0.217297310596323	-8.34394995584736	7.18494052209603e-17	1.10820479781569e-15
ENSMUSG00000026764.15	Kif5c	304.067561915947	1.29065833489853	0.154684214967929	8.34382703604325	7.1924164969028e-17	1.10853186202078e-15
ENSMUSG00000013622.15	Atraid	684.595942864133	-0.880479156018355	0.105533454138049	-8.34312837772366	7.23505480207486e-17	1.11427380467372e-15
ENSMUSG00000028678.13	Kif2c	423.855883146207	1.13850265788471	0.136469637659144	8.34253448176007	7.27149552764207e-17	1.11905342696404e-15
ENSMUSG00000024270.11	Slc39a6	2020.65418194661	-0.738743272172284	0.0885567934110564	-8.34202824783007	7.30270027904318e-17	1.12302075093547e-15
ENSMUSG00000029641.8	Rasl11a	86.8984657827673	-2.02939764754193	0.24330584770577	-8.34093247933804	7.37069752934242e-17	1.13263599227809e-15
ENSMUSG00000052997.15	Uba2	2469.12428032468	0.735086288174298	0.0881785697413961	8.3363371659362	7.66272186302315e-17	1.17663709082134e-15
ENSMUSG00000007888.15	Crlf1	1556.70103796559	-1.14977378990505	0.137970106520028	-8.33349932753835	7.84872987517187e-17	1.20430585386347e-15
ENSMUSG00000064080.12	Fbln2	42611.0197267962	-0.935639978702997	0.112379840308419	-8.32569236737834	8.38372682894943e-17	1.2854426787587e-15
ENSMUSG00000027379.13	Bub1	525.218069658296	1.26726249303237	0.152221750918412	8.3251078468517	8.42520010829079e-17	1.29084542591792e-15
ENSMUSG00000019894.14	Slc6a15	132.226612716277	1.88450057679431	0.226476399019644	8.32095787884215	8.72552559059015e-17	1.33587022337001e-15
ENSMUSG00000054293.10	P2ry10b	196.53733181077	-1.44110287934444	0.173218528076731	-8.31956543763073	8.82864031352086e-17	1.35065798854079e-15
ENSMUSG00000036160.13	Surf6	598.131492007205	0.958030246725916	0.115205774231515	8.31581796239383	9.11215951771526e-17	1.39300287929976e-15
ENSMUSG00000028693.15	Nasp	1211.51926743128	1.43924339765363	0.173079871492107	8.31548686306525	9.13763664683847e-17	1.3958667228997e-15
ENSMUSG00000000028.15	Cdc45	249.812844838797	1.26966048651132	0.152691530504838	8.31519916208507	9.1598314274448e-17	1.3982253002705e-15
ENSMUSG00000025082.8	Vwa2	89.9317475909301	9.941190047105	1.19675255296242	8.30680496356304	9.83133426931365e-17	1.49962260899428e-15
ENSMUSG00000046434.16	Hnrnpa1	4202.34616279601	0.825513316000507	0.0994200144179347	8.30329105093743	1.01266393880949e-16	1.54352951910291e-15
ENSMUSG00000020111.15	Micu1	2786.5878634805	0.830319308591591	0.100018629189879	8.30164655641584	1.02678287271969e-16	1.56389835779432e-15
ENSMUSG00000007021.5	Syngr3	51.9300796486484	3.23992455992074	0.390290152597853	8.30132284495297	1.02958490118643e-16	1.56701307865131e-15
ENSMUSG00000078657.6	Crnn	47.5166917552993	2.93926843626851	0.354196726791595	8.29840654625232	1.05517057181231e-16	1.60477411211924e-15
ENSMUSG00000035357.17	Pdzrn3	1002.850243069	-0.962951654053504	0.116073236198115	-8.29606966768749	1.07612440426466e-16	1.63544045843423e-15
ENSMUSG00000070780.11	Rbm47	57.52482836803	2.56762543940982	0.309529977521031	8.29523996342279	1.08366228989134e-16	1.6456878751622e-15
ENSMUSG00000045775.15	Slc16a5	44.6553492172046	3.15956261150403	0.380953597329924	8.29382537308788	1.09663411451875e-16	1.66416638830085e-15
ENSMUSG00000041653.5	Pnpla3	46.6819729942328	5.79036372795564	0.698321619114872	8.29182939416221	1.11519809179457e-16	1.69109782432643e-15
ENSMUSG00000025161.16	Slc16a3	833.687620582712	1.5395480433745	0.18574609580583	8.28845439090072	1.14729540321468e-16	1.73849689247004e-15
ENSMUSG00000072949.6	Acot1	80.0330398842641	2.46699849143919	0.297654131209041	8.28813791839033	1.1503514584576e-16	1.74185258512171e-15
ENSMUSG00000034917.8	Tjp3	172.836960779666	9.92025156289666	1.19765662674899	8.28305153692082	1.20058433544866e-16	1.81658590346871e-15
ENSMUSG00000020091.15	Eif4ebp2	2548.35644393087	0.779685090137919	0.094141352689904	8.28206805893426	1.21054371158153e-16	1.83031733279957e-15
ENSMUSG00000039682.12	Lap3	2350.41650213872	0.896775426684599	0.108284710173596	8.28164405895292	1.2148625171846e-16	1.83550651410249e-15
ENSMUSG00000025665.16	Rps6ka6	173.733159153425	1.79821333038753	0.217354318220754	8.27318888857404	1.30422827902837e-16	1.96908979924203e-15
ENSMUSG00000024620.11	Pdgfrb	3248.34157764527	-1.18186012858564	0.142890718816563	-8.27107693469483	1.32754346113294e-16	2.00282959927046e-15
ENSMUSG00000025280.8	Polr3a	839.052313051744	0.907485635030762	0.109738243042141	8.26954769708021	1.3446817165125e-16	2.02720807356827e-15
ENSMUSG00000029313.18	Aff1	2215.02700935949	-0.801621081396657	0.0969383153509599	-8.269393567388	1.3464211110044e-16	2.02835302595924e-15
ENSMUSG00000011008.13	Mcoln2	40.8453690680493	3.93892795683505	0.47659142893942	8.26478974999722	1.39941163945167e-16	2.10664883818255e-15
ENSMUSG00000000915.15	Hip1r	343.287640365824	1.19746541940293	0.144933876838036	8.2621499233136	1.43071846261908e-16	2.15221231524363e-15
ENSMUSG00000060703.12	Cd302	436.157743384992	-1.15675809746463	0.14001587040561	-8.26162130131127	1.437070098057e-16	2.16019709220638e-15
ENSMUSG00000020527.14	Myo19	785.401850973393	0.829694765415064	0.100433738552397	8.26111600916064	1.44316739970762e-16	2.16778824430682e-15
ENSMUSG00000074934.3	Grem1	16245.0380667426	-1.11970254078299	0.135543019253021	-8.26086468306285	1.44620961381242e-16	2.1707826538291e-15
ENSMUSG00000022419.16	Deptor	326.965233301814	1.2333193891516	0.149355810189729	8.25759230648537	1.48640245757563e-16	2.22949597604044e-15
ENSMUSG00000038375.15	Trp53inp2	2022.9224161019	-0.769357442737825	0.0931753283131933	-8.25709398255897	1.49261896330103e-16	2.2371991253706e-15
ENSMUSG00000025810.9	Nrp1	2656.16888667719	-0.81579104973318	0.0988214965872478	-8.25519829091975	1.51650250117005e-16	2.27135204571049e-15
ENSMUSG00000050010.8	Shisa3	163.206764706194	9.83234532113001	1.19179516629982	8.25002953456896	1.58355385131983e-16	2.37006371427833e-15
ENSMUSG00000023110.12	Prmt5	1219.43762678263	0.863574860114984	0.104712593855308	8.24709644102863	1.62289441596735e-16	2.42718869336041e-15
ENSMUSG00000018008.8	Cyth4	39.605005932403	4.11851430619189	0.499807254285358	8.24020514084111	1.71915637512427e-16	2.56930092481568e-15
ENSMUSG00000035305.5	Ror1	223.370565134697	-1.3246341548604	0.160813710535144	-8.23707226487335	1.76475899043204e-16	2.63555168419573e-15
ENSMUSG00000012428.9	Steap4	140.959609803496	1.91076637844252	0.231983288826525	8.23665526990339	1.77091806872528e-16	2.64284305007532e-15
ENSMUSG00000034858.16	Atosa	553.525686936667	-0.974273777957051	0.118351049331388	-8.23206708737364	1.84010145176187e-16	2.74411094740771e-15
ENSMUSG00000022261.6	Sdc2	8524.36493243979	-0.774809055663314	0.0941473121364812	-8.22975226887102	1.87601013922773e-16	2.79564678703202e-15
ENSMUSG00000090290.2	Tarbp1	342.254319466311	1.0760745618997	0.130791410801808	8.22741000577101	1.91304757639572e-16	2.8487893369651e-15
ENSMUSG00000042359.18	Osbpl6	285.207512411782	1.25096262684597	0.152087446875813	8.22528520626325	1.94726936923108e-16	2.89766561277599e-15
ENSMUSG00000061288.13	Taok3	1391.403348162	0.888785261548276	0.108157716972553	8.21749280981789	2.07801692929514e-16	3.09000520254886e-15
ENSMUSG00000042599.8	Kdm7a	793.86146323094	1.24105752951837	0.151164179647508	8.20999745053576	2.21193192669759e-16	3.28677522977124e-15
ENSMUSG00000020777.16	Acox1	2113.07180076454	-0.687884324741708	0.0838607127371545	-8.20270067221764	2.35045927656549e-16	3.49011166180984e-15
ENSMUSG00000024713.16	Pcsk5	140.456271208407	-1.61161768909419	0.196525253455563	-8.20056283229061	2.39264142016738e-16	3.54884594530198e-15
ENSMUSG00000028862.6	Map3k6	305.407524607844	1.47114791168814	0.179396850021741	8.20052253710058	2.39344361546044e-16	3.54884594530198e-15
ENSMUSG00000079012.11	Serpina3m	147.311969593664	-1.78656636420139	0.217954867340828	-8.19695557157546	2.46551517017543e-16	3.65309223389128e-15
ENSMUSG00000025557.10	Slc15a1	84.4285544205408	9.84623206608525	1.20122197971766	8.1968464050246	2.46775432097958e-16	3.65379446995396e-15
ENSMUSG00000021939.8	Ctsb	16936.0159316052	-0.797803376673102	0.0973331078669753	-8.19662902127256	2.47221912201241e-16	3.65778867809399e-15
ENSMUSG00000037894.13	H2az1	910.324620483476	0.911524939925437	0.111208806205507	8.19651762326266	2.47451018807724e-16	3.6585633130722e-15
ENSMUSG00000040133.2	Gpr176	557.411750766418	-1.00040969727655	0.122068597136974	-8.19547140493455	2.49612961243191e-16	3.68789342239315e-15
ENSMUSG00000023048.13	Prr13	2197.01414798021	1.10959715089986	0.135471292700946	8.1906441488626	2.59831765553826e-16	3.83613246447835e-15
ENSMUSG00000026697.10	Myoc	45.8032520785432	5.76652677627554	0.704196502171172	8.18880349234375	2.63835904458079e-16	3.89247283419656e-15
ENSMUSG00000018672.15	Copz2	1116.35349520932	-0.859255043588761	0.104942609570028	-8.18785664954693	2.65919282496511e-16	3.91912225477426e-15
ENSMUSG00000027533.10	Fabp5	490.042644996358	1.10639609356788	0.13512722029943	8.18781065070531	2.66020907674662e-16	3.91912225477426e-15
ENSMUSG00000009418.16	Nav1	2197.17703823886	0.698199165408664	0.0853128331683285	8.18398756059439	2.74602437360263e-16	4.04267130221912e-15
ENSMUSG00000019831.14	Wasf1	329.726728510404	1.1172534595676	0.136574455599045	8.18054485128334	2.82563290959242e-16	4.15691368839045e-15
ENSMUSG00000032332.17	Col12a1	39709.15788271	-0.947904931659537	0.115903600898121	-8.17839069980875	2.87659760931398e-16	4.22888451102202e-15
ENSMUSG00000028099.8	Polr3c	767.792427117377	0.845785571366555	0.103461084434709	8.1749150029478	2.96074520539174e-16	4.34950071017768e-15
ENSMUSG00000030986.13	Dhx32	689.916565689229	0.860718627182035	0.105298052814653	8.17411722415307	2.98039940657025e-16	4.37526860401401e-15
ENSMUSG00000027894.14	Slc6a17	373.973664077565	-1.47007846515606	0.179879459267478	-8.172575518865	3.01874617777853e-16	4.42842148361714e-15
ENSMUSG00000037572.17	Wdhd1	403.912850536745	1.21077380063758	0.148430072308582	8.15720009972381	3.42880083577311e-16	5.02639861895662e-15
ENSMUSG00000028150.14	Rorc	44.6780453311513	3.05143054806808	0.374557156177085	8.14676878480307	3.73777387980235e-16	5.47545516900417e-15
ENSMUSG00000027254.13	Map1a	3064.17325087606	-0.867799850794314	0.106567590681359	-8.14318729780675	3.85005991334155e-16	5.63595404146088e-15
ENSMUSG00000037266.18	Rsrp1	4303.42303861554	-0.739213305035817	0.0907840497706405	-8.14254604088921	3.87051245910309e-16	5.66188956826678e-15
ENSMUSG00000022109.6	Med4	504.478359591439	1.06318447633883	0.130586014590612	8.14164119849988	3.89955418444725e-16	5.70034407230747e-15
ENSMUSG00000021991.9	Cacna2d3	260.170279237829	-1.3187644627155	0.162057243876726	-8.13764587850609	4.03037633131852e-16	5.88742129018787e-15
ENSMUSG00000038244.14	Mical2	3560.45946691937	-0.757007448545426	0.0930334935142205	-8.13693455926939	4.05411704624946e-16	5.91792445277276e-15
ENSMUSG00000007872.3	Id3	2156.70994787082	-0.976833529933642	0.120099077023551	-8.13356400517626	4.16849835698984e-16	6.08060236020667e-15
ENSMUSG00000031273.16	Col4a6	144.61854638502	-1.58333659354084	0.194701908488843	-8.13210618134013	4.21895010413015e-16	6.14986254967535e-15
ENSMUSG00000027074.14	Slc43a3	358.261413760539	1.09226470772716	0.134416502902129	8.12597176793431	4.43792329614205e-16	6.46450206240987e-15
ENSMUSG00000039208.15	Metrnl	311.896180960648	-1.27265472328962	0.156620868079033	-8.12570341933886	4.44775373538295e-16	6.47426544083627e-15
ENSMUSG00000074006.3	Omp	37.1951245759681	4.01996538690092	0.494805557818883	8.12433353542155	4.49827218428647e-16	6.54319999596245e-15
ENSMUSG00000030660.9	Pik3c2a	2539.55508659636	0.964007768919095	0.118779987994109	8.11591064453475	4.82155379691157e-16	7.00852121083375e-15
ENSMUSG00000031765.8	Mt1	1851.87402930526	-1.54103832530994	0.190000251916227	-8.11071727415075	5.03218192863546e-16	7.3095532449702e-15
ENSMUSG00000051586.17	Mical3	801.157274380639	0.949386782763861	0.117068190729811	8.10969040219479	5.07488996374104e-16	7.36641987093098e-15
ENSMUSG00000030782.17	Tgfb1i1	1546.6454812873	-1.11645012605164	0.137739441153227	-8.10552240305415	5.25193644424278e-16	7.61806814711853e-15
ENSMUSG00000029759.9	Pon3	499.769962994367	-0.994094702037353	0.122686852570585	-8.10269952491794	5.37528835475188e-16	7.79153316911829e-15
ENSMUSG00000027506.15	Tpd52	1108.48281938353	1.05473896242654	0.130207060674148	8.10047440565527	5.47452807171548e-16	7.92982901024764e-15
ENSMUSG00000023022.14	Lima1	4996.05058907463	-0.666960759809129	0.0823437201209605	-8.09971615114527	5.50875674657655e-16	7.97382908373342e-15
ENSMUSG00000022070.7	Bora	310.112119460462	1.08597214696718	0.134118459137105	8.09711171716503	5.62793849594838e-16	8.14064982024009e-15
ENSMUSG00000025857.10	Dnaaf5	467.407598831074	1.05692797737781	0.130549050040823	8.09602197064866	5.67855719811141e-16	8.20813236338744e-15
ENSMUSG00000022673.5	Mcm4	1300.97338964006	0.788013141868884	0.0973538460107665	8.09431957913339	5.75853243330529e-16	8.31792483161104e-15
ENSMUSG00000015850.11	Adamtsl4	1346.016349039	-1.14166461392611	0.141109847343599	-8.09060909226405	5.93671001735378e-16	8.56931385280377e-15
ENSMUSG00000051703.14	Tmem198	85.7203863826036	2.19449027082688	0.271301259349197	8.08875814322079	6.02761250074395e-16	8.69446349497554e-15
ENSMUSG00000020706.13	Ftsj3	2066.40979008529	0.822013692029775	0.101674195679452	8.08478185184108	6.22755656171677e-16	8.97661513029077e-15
ENSMUSG00000031848.15	Lsm4	775.709149964835	1.29667798139575	0.160405870234295	8.08373147130942	6.28145614347109e-16	9.04800700860878e-15
ENSMUSG00000021260.8	Hhipl1	243.506299847777	-1.23874023815446	0.153284940498715	-8.08129118310119	6.40845874485831e-16	9.22452625589862e-15
ENSMUSG00000038618.12	Rassf7	332.206218526308	1.29950579137005	0.160852830861679	8.07884937062453	6.5380724916003e-16	9.40455611561046e-15
ENSMUSG00000025887.10	Casp12	630.525572742024	-1.28921750175758	0.1596410461799	-8.0757269675166	6.70758167101672e-16	9.64168284780383e-15
ENSMUSG00000027955.16	Gask1b	2774.45030306165	-1.04158202353465	0.128995781807814	-8.07454328302349	6.77296728493069e-16	9.72891393690356e-15
ENSMUSG00000028148.11	Them5	78.8454738600449	9.75328843385202	1.20803425932367	8.07368529375357	6.82075399877038e-16	9.79076192930292e-15
ENSMUSG00000025364.13	Pa2g4	3806.94784952934	1.02110770113206	0.126569032419667	8.06759506343038	7.1696377256686e-16	1.02844304423849e-14
ENSMUSG00000027322.11	Siglec1	45.3755890613998	5.75129320963304	0.713037724152063	8.06590312801811	7.26964374514735e-16	1.04206617645987e-14
ENSMUSG00000039942.15	Ptger4	106.279441970587	-1.77000181867434	0.219512374790369	-8.0633350186506	7.42407009880503e-16	1.06346593062398e-14
ENSMUSG00000045659.18	Plekha7	245.473122096282	1.36998494150764	0.169905091924139	8.06323651629771	7.43005719568368e-16	1.06358750963663e-14
ENSMUSG00000035024.16	Ncapd3	623.499163107191	0.962365895895766	0.119362735561127	8.06253217448193	7.47300682285887e-16	1.06899632499209e-14
ENSMUSG00000050157.6	Gm867	38.3933431874957	3.84073460029503	0.476386287121233	8.06222744887203	7.4916642204671e-16	1.07092512223376e-14
ENSMUSG00000031403.14	Dkc1	962.155982739737	1.20170031703433	0.149057386314792	8.06199777645693	7.50575666942162e-16	1.07219915321158e-14
ENSMUSG00000028649.21	Macf1	12004.2836519107	0.764751995338185	0.0948811955660399	8.06010074784415	7.62315948612907e-16	1.08821916002335e-14
ENSMUSG00000038437.11	Mllt6	1032.08867708359	0.904842422254147	0.112273061394396	8.05930123411875	7.67317985137212e-16	1.09460475357375e-14
ENSMUSG00000028318.14	Polr1e	421.035563557184	1.09357788144898	0.135693667787235	8.05916664559243	7.68163192006121e-16	1.09505577901754e-14
ENSMUSG00000023243.9	Kcnk5	67.597832700144	2.53929550171907	0.315091847925858	8.05890573949909	7.69804278166015e-16	1.09663996928826e-14
ENSMUSG00000006143.12	Upk3bl	36.8557734000324	4.56457663992087	0.566445423695735	8.05828143184492	7.73745176869207e-16	1.10149597084015e-14
ENSMUSG00000032434.9	Cmtm6	843.027902288052	0.967397452705563	0.120054548865591	8.05798249084778	7.75639252390691e-16	1.10343346290274e-14
ENSMUSG00000006056.13	Calcoco2	73.5236401216424	9.6455388985377	1.19784594392785	8.05240352270098	8.11837276834294e-16	1.15413597480721e-14
ENSMUSG00000056481.7	Cd248	3881.06480467745	-1.05050585213686	0.130505047266955	-8.04954194597539	8.31044734188525e-16	1.18063108805548e-14
ENSMUSG00000042496.18	Prdm10	407.784072393417	1.04684518748547	0.130068205852948	8.04843259442667	8.38610744805113e-16	1.1905626753581e-14
ENSMUSG00000046743.6	Fat4	2921.88346004184	-1.27553963176339	0.158566513488998	-8.04419296166144	8.681563430687e-16	1.23166334099925e-14
ENSMUSG00000028614.14	Ndc1	1071.17520690305	0.854374079893674	0.106220028848637	8.04343671485116	8.73533288755488e-16	1.23844284547602e-14
ENSMUSG00000018593.13	Sparc	56687.2638882035	-0.811630790365867	0.100919804745306	-8.04233413267298	8.81431530431194e-16	1.24878516416121e-14
ENSMUSG00000028082.14	Sh3d19	1729.51413857492	0.911472680753014	0.113362024081735	8.04037055739082	8.95672007913103e-16	1.26809267385727e-14
ENSMUSG00000031355.16	Arhgap6	207.608774342548	-1.29481371378429	0.161047965147709	-8.03992594750713	8.98927799895465e-16	1.27183229870378e-14
ENSMUSG00000033542.13	Arhgef5	1813.27907966572	0.813982689086826	0.101246248330532	8.03963309760844	9.01078649204567e-16	1.27400457376266e-14
ENSMUSG00000039530.17	NA	1403.66404085549	-0.740248630742458	0.0921079551135592	-8.0367502441001	9.22524367381882e-16	1.30310889113177e-14
ENSMUSG00000039678.12	Tbc1d13	1327.95302994482	0.756312426080306	0.0941073671350195	8.03669732886263	9.22922669887037e-16	1.30310889113177e-14
ENSMUSG00000018209.15	Stk4	945.309945305263	0.954865306398989	0.118887126060493	8.03169643375117	9.61339990521208e-16	1.35551029325264e-14
ENSMUSG00000022900.14	Ildr1	136.296424835669	9.57313579845168	1.19191962989486	8.03169572708199	9.61345529008588e-16	1.35551029325264e-14
ENSMUSG00000037989.15	Wnk2	68.9359663071028	7.11051033698654	0.885555809284779	8.02943220792528	9.79248031895369e-16	1.37981313901989e-14
ENSMUSG00000035678.8	Tnfsf9	333.087730804335	1.13247407576348	0.141048893298183	8.02894690828504	9.83128882746808e-16	1.38433909822967e-14
ENSMUSG00000047793.13	Sned1	6088.65917566474	-1.40323661955978	0.1748314608636	-8.02622487181846	1.00517898675073e-15	1.41442555042512e-14
ENSMUSG00000030406.7	Gipr	42.9398532215659	5.39039213018619	0.671819034742569	8.02357755798287	1.02709087385976e-15	1.44427676617005e-14
ENSMUSG00000022286.16	Grhl2	135.670036050483	9.5669455200352	1.19258183677971	8.02204530120003	1.03998770062245e-15	1.46141924067781e-14
ENSMUSG00000030528.12	Blm	350.746170636194	1.43029042592483	0.178341042283911	8.01997345988294	1.05768015718798e-15	1.48527283403216e-14
ENSMUSG00000073481.9	Mtarc2	1303.48357586267	0.97033740882743	0.120994762808943	8.01966454002349	1.06034345066931e-15	1.488003327824e-14
ENSMUSG00000047907.11	Tshz2	192.683021096858	-1.41347164335811	0.176269100956645	-8.01882823300816	1.06758670858311e-15	1.49715293231448e-14
ENSMUSG00000031665.7	Sall1	45.8855675874532	3.33132025032729	0.415597526582053	8.01573646918608	1.09479015958768e-15	1.53426279710937e-14
ENSMUSG00000020899.16	Pfas	733.32100045694	0.84517866412981	0.105486706664427	8.01218173222986	1.12691177444613e-15	1.57821020428014e-14
ENSMUSG00000032320.7	Rcn2	2610.56663707669	-0.760206455787121	0.0948953297527935	-8.01099967477317	1.13779750108221e-15	1.59237799018937e-14
ENSMUSG00000028673.10	Fuca1	1226.20713645169	-0.780430052777486	0.0974279173562774	-8.01033291026416	1.1439834513331e-15	1.59995361210432e-14
ENSMUSG00000024891.6	Slc29a2	169.512009476006	1.83896775558238	0.229603905719734	8.00930519808803	1.15358305991471e-15	1.6122900578781e-14
ENSMUSG00000029135.10	Fosl2	5961.40079992415	-0.683158608812985	0.0853071492904931	-8.00822222398561	1.16378472645365e-15	1.6254507458073e-14
ENSMUSG00000028822.11	Tmem50a	1583.44531181233	-0.758156367565168	0.0947276799364938	-8.00353569382721	1.20896616270277e-15	1.68741676343794e-14
ENSMUSG00000024897.9	Apba1	74.1923912713846	-2.05573604982939	0.256916742954104	-8.00156512258382	1.22847587086523e-15	1.71349205195683e-14
ENSMUSG00000003779.16	Kif20a	824.749598336422	0.806159875282214	0.100758559561837	8.00090710692882	1.23505939339533e-15	1.72151477332592e-14
ENSMUSG00000034818.17	Celf5	290.357801503884	1.37835371051632	0.172349159154531	7.99744958013095	1.2702276145042e-15	1.76934329694633e-14
ENSMUSG00000042613.9	Pbxip1	3003.0837251168	-0.905178285379593	0.113193868610289	-7.99670774126467	1.27790078361253e-15	1.77883445326132e-14
ENSMUSG00000107019.1	Gm43682	141.585616968979	-1.56541989660333	0.195836480139792	-7.99350506854447	1.31155486731718e-15	1.82445391119612e-14
ENSMUSG00000025932.14	Eya1	213.343923224327	-1.44058741231226	0.180226930743064	-7.99318618129272	1.31495318492385e-15	1.82795271824975e-14
ENSMUSG00000026429.9	Ube2t	109.408337928006	1.73874566791661	0.217578115561134	7.99136284194938	1.33455137936205e-15	1.85395161083323e-14
ENSMUSG00000069910.2	Spdl1	244.397665487812	1.41542414869388	0.17713207821081	7.99078384328187	1.34083473537041e-15	1.86143113262456e-14
ENSMUSG00000024922.2	Ovol1	131.595706687656	9.52641154768363	1.19242413567969	7.98911332187478	1.3591271956869e-15	1.88556124822541e-14
ENSMUSG00000030022.14	Adamts9	380.917983932963	1.54216187699794	0.193071322735224	7.9875242741919	1.37675553749089e-15	1.90873830345103e-14
ENSMUSG00000032815.16	Fanca	312.411872110217	1.28674056191496	0.161147868160042	7.98484383694761	1.40700310848005e-15	1.9493679613406e-14
ENSMUSG00000041420.18	Meis3	258.480618619148	-1.19730751044015	0.149977438698824	-7.9832508197751	1.42528874051672e-15	1.97338138059904e-14
ENSMUSG00000029207.16	Apbb2	1621.52581672684	-0.699627663023824	0.0876611648833331	-7.98104455895547	1.45100069503575e-15	2.00763792690809e-14
ENSMUSG00000000142.15	Axin2	200.132702612624	1.32599676154434	0.166145199865622	7.98095137636716	1.45209665032095e-15	2.00781219539034e-14
ENSMUSG00000028640.11	Tfap2c	70.8183389756201	9.59707143398359	1.20335657563055	7.97525158239555	1.52070733447827e-15	2.10127644301506e-14
ENSMUSG00000003992.15	Ssbp2	464.948418694303	-1.01879417420298	0.127806329240966	-7.97139062089909	1.56898724090042e-15	2.16654215472967e-14
ENSMUSG00000033170.14	Card10	240.631694491894	1.38143525045443	0.173365477429226	7.96834105001313	1.60818538643404e-15	2.21918862091988e-14
ENSMUSG00000038685.18	Rtel1	735.812087738153	0.866721150845676	0.108779592248405	7.96768155617333	1.61678830457144e-15	2.2295736919603e-14
ENSMUSG00000097636.8	Mirt1	41.6982787604644	5.61594988161029	0.705114413842542	7.9645937898305	1.657674116465e-15	2.28443385730419e-14
ENSMUSG00000022365.6	Derl1	1773.12869889324	-0.724456812469448	0.0909869233034602	-7.96220804228356	1.6899601675431e-15	2.32737761197436e-14
ENSMUSG00000035064.17	Eef2k	1980.54400910158	0.726465711832868	0.0912533951554354	7.96097186954471	1.70693194486812e-15	2.34918778768785e-14
ENSMUSG00000061731.9	Ext1	2118.60065040538	-0.723878744778862	0.0909700136281436	-7.9573335861842	1.75786312556052e-15	2.41767500571278e-14
ENSMUSG00000019558.14	Slc6a8	1937.50415939769	-0.729412508481821	0.0916683936483636	-7.95707745550575	1.7615044878248e-15	2.42107446171883e-14
ENSMUSG00000055945.8	Prr18	35.6710201468394	4.07827013924782	0.512668445618988	7.95498567173132	1.79152240558619e-15	2.4606982264916e-14
ENSMUSG00000032536.12	Trak1	1646.66531275542	0.808728105496299	0.101816495723191	7.94299685676659	1.97353948118942e-15	2.70890541917373e-14
ENSMUSG00000042115.4	Klhdc8a	983.608041512996	-0.932614526167986	0.117425768298379	-7.94216243744912	1.9868650131843e-15	2.725388926965e-14
ENSMUSG00000012443.4	Kif11	859.17268202896	1.11061860579513	0.139866184394975	7.94057985208774	2.01238248799552e-15	2.75856325291518e-14
ENSMUSG00000029484.12	Anxa3	4294.67704755276	-0.798015147835594	0.100537487864025	-7.93748844127568	2.06316264717418e-15	2.82630070376296e-14
ENSMUSG00000026483.13	Niban1	2903.52091383257	-0.676818010161271	0.0853194151737066	-7.93275491613837	2.14337159374614e-15	2.93423601977191e-14
ENSMUSG00000037386.16	Rims2	39.6520478146715	3.79139053703459	0.478083153775704	7.93039977897515	2.18441534942591e-15	2.98844767467064e-14
ENSMUSG00000002870.8	Mcm2	913.672206156805	0.84646001002049	0.106880541745184	7.91968300496222	2.38116860549663e-15	3.25546954855844e-14
ENSMUSG00000022075.7	Rhobtb2	488.497935517084	1.03480778610285	0.130722359087069	7.91607337359637	2.45128991092201e-15	3.3491254037079e-14
ENSMUSG00000042225.3	Ammecr1	1482.29886097374	1.03415975799597	0.130694360973894	7.91281085342725	2.51641535699224e-15	3.43583650886427e-14
ENSMUSG00000096883.2	Shisa8	189.948602270659	7.14181672806255	0.903506982016545	7.90455067886988	2.68901763904197e-15	3.6690821430804e-14
ENSMUSG00000074063.10	Osgin1	152.739649730724	1.99453272287357	0.252410721430082	7.90193345026374	2.74610033326986e-15	3.74450137011547e-14
ENSMUSG00000015653.13	Steap2	2028.92441070792	-0.745017603027705	0.0942940992313153	-7.90099920462768	2.76676419434769e-15	3.77019434225167e-14
ENSMUSG00000032479.15	Map4	12402.8495713676	0.601752682814398	0.0761630236306686	7.90085075577397	2.77006168749597e-15	3.77220439930783e-14
ENSMUSG00000050295.4	Foxc1	715.66029782593	-0.962715849627205	0.121870168724682	-7.89952011802072	2.79979246965264e-15	3.8101843740526e-14
ENSMUSG00000026833.18	Olfm1	357.08641097939	-1.19858409308074	0.151735563802011	-7.89916393393897	2.80780394992395e-15	3.81857647565545e-14
ENSMUSG00000046711.16	Hmga1	831.40712089851	0.821807427907403	0.104195538984156	7.88716518883183	3.09128107185979e-15	4.20134122826171e-14
ENSMUSG00000066571.13	Garre1	761.757318300673	0.855479333893627	0.108552211448132	7.88080981935948	3.25266053791122e-15	4.41777037232443e-14
ENSMUSG00000038539.15	Atf5	2804.54772073828	-0.931271603127064	0.11827347514576	-7.87388382711651	3.43798199173592e-15	4.66641240963553e-14
ENSMUSG00000020601.8	Trib2	796.952605299271	-0.924742328145496	0.117456311264724	-7.8730748325759	3.46029534312864e-15	4.69362079340889e-14
ENSMUSG00000064215.13	Ifi27	540.866646023181	-1.10903354816771	0.140971277883824	-7.86708870640785	3.62989267352483e-15	4.92044194166931e-14
ENSMUSG00000034311.3	Kif4	469.484855605688	0.993965869688824	0.126373233237746	7.86531961098818	3.68156267657554e-15	4.98721635094484e-14
ENSMUSG00000073295.4	Nudt11	52.054440283283	3.58148660306614	0.455462457823913	7.86340683308477	3.73824409612149e-15	5.0606876746644e-14
ENSMUSG00000002280.11	Ciao3	521.732965709328	0.964205764272395	0.1226558362185	7.86106714526612	3.80874539870921e-15	5.15275954299882e-14
ENSMUSG00000029640.17	Usp12	790.782141518788	0.832435701699569	0.105960403785091	7.85610163762602	3.96273555457004e-15	5.35758740980048e-14
ENSMUSG00000042489.15	Clspn	335.04629090794	1.08805147719956	0.138516573007481	7.85502740629306	3.99684745633317e-15	5.40017921009402e-14
ENSMUSG00000026727.10	Rsu1	1756.02302805395	-0.726431328558356	0.0924864868540463	-7.8544591028173	4.01501052515604e-15	5.42118087803032e-14
ENSMUSG00000029847.13	Slc23a4	34.2769643860381	3.89409854198131	0.496509920859436	7.84294206093769	4.40111090224172e-15	5.93863067571717e-14
ENSMUSG00000104164.1	Gm38248	55.2344048626968	2.5232179715083	0.321730668843186	7.84264049361777	4.41169693806731e-15	5.9490368026746e-14
ENSMUSG00000033880.11	Lgals3bp	1055.41101499565	-1.17472751435682	0.149788924878178	-7.84255254727422	4.41478887145685e-15	5.94933039389879e-14
ENSMUSG00000030189.15	Ybx3	3987.00329735134	0.795113992010155	0.101390380535121	7.84210482112481	4.43056270472654e-15	5.96670250000876e-14
ENSMUSG00000028048.11	Gba1	1695.90266264439	-0.749823501053806	0.0956232729585691	-7.84143313499302	4.45433097984994e-15	5.99481124524798e-14
ENSMUSG00000037101.16	Ttc29	64.0557010283987	9.44597191251092	1.20503105389088	7.83877882815645	4.54949057525259e-15	6.11890223633225e-14
ENSMUSG00000002602.16	Axl	6896.10446115623	-0.612196901812889	0.078099445059207	-7.83868440228717	4.55291244869976e-15	6.11952823218418e-14
ENSMUSG00000020315.18	Sptbn1	22430.6492601113	-0.661048065066832	0.0843459534942887	-7.83734177729811	4.60184249386712e-15	6.18128084234624e-14
ENSMUSG00000078249.5	Hmga1b	679.634421800917	0.878419805090006	0.112083437666678	7.83719542669911	4.60720722013682e-15	6.18447355704358e-14
ENSMUSG00000027947.11	Il6ra	464.409705282779	0.957831279355365	0.122258387030543	7.83448320086276	4.70775010175224e-15	6.31534150072389e-14
ENSMUSG00000027210.20	Meis2	993.975598292755	-0.863542722168588	0.11027173850727	-7.83104296584259	4.83839276474831e-15	6.48639195838894e-14
ENSMUSG00000079042.10	Apela	118.093862180129	9.3662870217138	1.19667747689181	7.82691009280237	5.00006386401872e-15	6.69879106286884e-14
ENSMUSG00000032353.9	Tmed3	1459.66927086443	-0.847759793156217	0.108434045611397	-7.81820680374128	5.35811137098869e-15	7.17383876248997e-14
ENSMUSG00000040548.16	Tex2	698.644444240498	0.890070782013595	0.113978011450368	7.80914468227212	5.75773751225092e-15	7.70390489761356e-14
ENSMUSG00000029247.17	Paics	4746.02024648103	0.836918893581528	0.10718091442512	7.80846942826023	5.78866316493956e-15	7.74028028753772e-14
ENSMUSG00000021820.18	Camk2g	1613.87734125386	-0.720473506732492	0.0922907045746204	-7.8065663281394	5.87670486619274e-15	7.85293182861998e-14
ENSMUSG00000002578.18	Ikzf4	132.667543421844	1.62749737436454	0.208487886777589	7.80619631921698	5.89397472194906e-15	7.87092792062087e-14
ENSMUSG00000035455.12	Fignl1	281.862550274119	1.2228306570718	0.156677257728936	7.80477444395531	5.96080563050283e-15	7.94991725166096e-14
ENSMUSG00000037321.17	Tap1	381.139207482768	-1.00884695418636	0.129259715900986	-7.80480559743099	5.95933339506766e-15	7.94991725166096e-14
ENSMUSG00000046761.13	Fam83h	443.789094756843	1.28632679130875	0.164841865122268	7.80339867153677	6.02617943258837e-15	8.03042235585318e-14
ENSMUSG00000047881.14	Rell1	926.495339680324	1.00948422537042	0.129365640124088	7.80334116850592	6.02892716604466e-15	8.03042235585318e-14
ENSMUSG00000004880.11	Lbr	574.111938391409	0.849660965222618	0.108970067514887	7.79719591443348	6.3297930611808e-15	8.42574833269334e-14
ENSMUSG00000004864.13	Mapk13	788.160999508645	1.18428603412673	0.151940354815764	7.7944140354466	6.47080482340426e-15	8.6079170333962e-14
ENSMUSG00000029730.16	Mcm7	1118.28660482764	0.794862823938604	0.102044113642621	7.78940397015329	6.73260289504234e-15	8.95042693156593e-14
ENSMUSG00000020897.12	Aurkb	341.057555120164	1.11747028784393	0.143513023403072	7.78654272166919	6.88676412995607e-15	9.14949491180749e-14
ENSMUSG00000055675.6	Kbtbd11	59.9325623192278	2.6369195622385	0.338742585832047	7.78443476707094	7.00255626885534e-15	9.29736447780863e-14
ENSMUSG00000042515.13	Pwwp3b	295.323899071998	-1.11132673704019	0.142792726665322	-7.78279652607884	7.09386793330548e-15	9.41256233022373e-14
ENSMUSG00000028399.18	Ptprd	540.033038067066	-1.20364700866204	0.154690683423909	-7.78099224866447	7.19579048012276e-15	9.54168271288027e-14
ENSMUSG00000047797.14	Gjb1	62.0954665152482	9.40695639788878	1.2090015504936	7.78076454413829	7.20875536361794e-15	9.54734369221357e-14
ENSMUSG00000057098.14	Ebf1	381.196786393444	-1.18295384055851	0.152035863021764	-7.78075525765371	7.20928459873898e-15	9.54734369221357e-14
ENSMUSG00000021775.11	Nr1d2	957.343478775885	-1.07942793114062	0.138744598773233	-7.77996362153791	7.25454066171853e-15	9.60113408931661e-14
ENSMUSG00000031093.14	Dock11	1042.25179180157	1.13032648995219	0.145292365365266	7.77966885672584	7.27146304859517e-15	9.61123969622423e-14
ENSMUSG00000056671.7	Prelid2	148.472492487275	1.7164719830133	0.220635440590939	7.77967482656451	7.27111993623843e-15	9.61123969622423e-14
ENSMUSG00000062510.12	Nsl1	95.1535018640143	1.84684927568729	0.237443732876846	7.77805020714187	7.36508416321586e-15	9.72877326703287e-14
ENSMUSG00000006362.16	Cbfa2t3	38.0557353559261	3.38836955442521	0.435643398496121	7.77785125660611	7.3766728262724e-15	9.73786676218191e-14
ENSMUSG00000010048.10	Ifrd2	371.9496206612	1.29755641028009	0.166843743082712	7.77707564158896	7.42202321229248e-15	9.79148874896381e-14
ENSMUSG00000028469.15	Npr2	1880.93438004669	-0.975365075723026	0.125476622462769	-7.77328124218864	7.6478677652134e-15	1.00830073166976e-13
ENSMUSG00000026879.14	Gsn	13146.9281007361	-0.894270633527411	0.115051905409224	-7.77275813335394	7.67952929735509e-15	1.01183053421994e-13
ENSMUSG00000095567.8	Noc2l	1475.3216692764	0.857855203333705	0.110491302804337	7.76400659201961	8.22876187885631e-15	1.08350599319623e-13
ENSMUSG00000059013.12	Sh2d3c	90.8879597661151	2.4687528685461	0.31802311272511	7.76280958761642	8.30682815041511e-15	1.09308986576886e-13
ENSMUSG00000021759.14	Plpp1	1078.59483120769	-0.952690943702012	0.122742146435435	-7.76172628041131	8.37810736675009e-15	1.10176902404295e-13
ENSMUSG00000066363.12	Serpina3f	167.271164651393	-1.70930960867106	0.220230624780923	-7.76145284231665	8.39619392346922e-15	1.10344646363104e-13
ENSMUSG00000069441.3	Dsg1a	64.4043850778487	9.4491941928986	1.21820028006226	7.75668364845205	8.71790324852143e-15	1.14499923439813e-13
ENSMUSG00000055862.7	Izumo4	242.116427775403	-1.20136704512278	0.155004249015305	-7.75054266418305	9.15006696046536e-15	1.20099705779754e-13
ENSMUSG00000044674.6	Fzd1	1836.29114187443	-1.0526713976161	0.135833416072831	-7.74972336005806	9.2092956422637e-15	1.20800513624345e-13
ENSMUSG00000021388.14	Aspn	3046.35782771759	-1.04974471279703	0.135462728914482	-7.74932500776457	9.23822926653843e-15	1.21103298029182e-13
ENSMUSG00000048922.18	Cdca2	348.672456310901	1.08712627577996	0.140321375949675	7.74740319087126	9.37907878237865e-15	1.22871868174972e-13
ENSMUSG00000027993.16	Trim2	1756.01343746195	0.899997209130546	0.11618898533953	7.74597700892692	9.48496733980884e-15	1.24180480054841e-13
ENSMUSG00000026600.12	Soat1	1418.4476226781	-0.671213986700946	0.0866720684804944	-7.74429407845508	9.61143243093495e-15	1.25756662381746e-13
ENSMUSG00000031333.7	Abcb7	488.696447661286	1.26740164006703	0.163751598714661	7.73978177932474	9.95875925968599e-15	1.30218798430979e-13
ENSMUSG00000031925.17	Maml2	422.652785089589	-0.977941681846529	0.126384001257136	-7.73785979332025	1.01104250805797e-14	1.32118490368005e-13
ENSMUSG00000000958.10	Slc7a7	100.083049166682	1.73790051928113	0.224613185574194	7.7373040894212	1.01546982557834e-14	1.32613311795875e-13
ENSMUSG00000013629.16	Cad	2306.91379555639	0.815135533817459	0.105353689564991	7.73713324310886	1.01683479604363e-14	1.32707840121735e-13
ENSMUSG00000035992.15	Fnip1	1517.73120969626	-0.947338761425634	0.12246504457646	-7.73558499653486	1.02928706260901e-14	1.34248348512564e-13
ENSMUSG00000028944.14	Prkag2	629.40799610772	0.953143840473235	0.123219705453198	7.73531990656531	1.03143412763119e-14	1.34443671333992e-13
ENSMUSG00000051329.13	Nup160	974.917166741456	0.858265200926299	0.110958889354934	7.73498370356694	1.03416350459023e-14	1.3471460277856e-13
ENSMUSG00000030498.15	Gas2	684.05001071356	-0.836918145954891	0.108211427785278	-7.73410131521017	1.04136079725665e-14	1.35566837373681e-13
ENSMUSG00000043782.9	Bicdl2	47.5297275919289	2.74973535993216	0.355604845607375	7.73255874856147	1.0540614929703e-14	1.37133996499008e-13
ENSMUSG00000049225.14	Pdp1	704.578871101512	-1.0539675612937	0.136315150006364	-7.73184463535043	1.05999262993447e-14	1.3781901662697e-13
ENSMUSG00000041757.17	Plekha6	383.584553507829	1.00708894124835	0.130261250119195	7.73130106095878	1.06452934235414e-14	1.38321989060818e-13
ENSMUSG00000003051.13	Elf3	42.397985846695	5.97322920180248	0.772729590219958	7.73003813675907	1.07514369869608e-14	1.39613547172585e-13
ENSMUSG00000002100.15	Mybpc3	59.4368720433597	9.34260415414988	1.20876589259908	7.72904349084627	1.08357653613021e-14	1.40620380698177e-13
ENSMUSG00000030770.15	Parva	5941.89400850513	-0.657575610454403	0.085083017435356	-7.72863528205276	1.08705623145505e-14	1.40983564754938e-13
ENSMUSG00000038260.10	Trpm4	536.278766048351	1.1199995990718	0.144927668660226	7.72799017210145	1.09257777613409e-14	1.41610941691919e-13
ENSMUSG00000069255.13	Dusp22	238.471205730084	1.24696068956845	0.161430415668094	7.7244469972266	1.12339972386507e-14	1.4551471141604e-13
ENSMUSG00000032350.9	Gclc	775.896267427964	-0.966764233007277	0.125172030806127	-7.72348444601535	1.13191967811975e-14	1.46526612991874e-13
ENSMUSG00000031762.7	Mt2	420.623070662419	-1.41606995178856	0.183353532505495	-7.72316700113825	1.13474343715396e-14	1.46800340035311e-13
ENSMUSG00000044337.5	Ackr3	1077.93594953665	-1.12174701999057	0.14524804813522	-7.72297483093387	1.1364562107353e-14	1.46930088107496e-13
ENSMUSG00000027510.17	Rbm38	223.195151630304	1.67299803093395	0.216821506689309	7.71601515218342	1.20023049549643e-14	1.55078470825722e-13
ENSMUSG00000027763.13	Mbnl1	4589.74459419219	-0.91714298728358	0.11891188663107	-7.71279485396666	1.2309186558946e-14	1.58944387138879e-13
ENSMUSG00000049775.16	Tmsb4x	8931.54376018143	-1.06387460436883	0.138075724906747	-7.70500828503599	1.30834802551276e-14	1.68837255486837e-13
ENSMUSG00000016487.15	Ppfibp1	4592.46181887114	-0.651372696000953	0.0845416425852318	-7.70475562199142	1.3109391673132e-14	1.69066229434367e-13
ENSMUSG00000038859.7	Baiap2l1	360.098446969796	1.29193929118175	0.167818414781149	7.69843579363187	1.37741914528035e-14	1.77529258332242e-13
ENSMUSG00000028860.13	Sytl1	199.211960243974	1.42164883488865	0.184669797897792	7.69832886087568	1.37857206736153e-14	1.77567288253369e-13
ENSMUSG00000026175.12	Vil1	110.835341499604	9.2740011749966	1.2058825315557	7.69063398159708	1.46407720403974e-14	1.8846352018917e-13
ENSMUSG00000018774.13	Cd68	126.586898471081	1.76090083529164	0.228996122473199	7.68965350274756	1.47534031293829e-14	1.89795333359289e-13
ENSMUSG00000043681.5	Fam25a	55.9280590490748	9.25148260421721	1.20364145360094	7.68624458433157	1.51516722618669e-14	1.94797803818872e-13
ENSMUSG00000028266.17	Lmo4	991.362540605749	-0.798139111875527	0.103882124110551	-7.68312275773402	1.5525668348233e-14	1.99482190651816e-13
ENSMUSG00000076431.4	Sox4	2656.75306460089	-0.817133258458527	0.106420664256315	-7.67833262617548	1.6117255743272e-14	2.06954762177411e-13
ENSMUSG00000028015.3	Ctso	262.564761750297	-1.20046942123748	0.156355278970069	-7.67783108536607	1.61804646270587e-14	2.0763759288003e-13
ENSMUSG00000024056.10	Ndc80	366.968193450184	1.08701470285769	0.141614617327087	7.67586512871774	1.64305931589946e-14	2.10716758239175e-13
ENSMUSG00000040511.14	Pvr	1823.86584944482	0.78247965188576	0.101946956871021	7.67536055907697	1.64954005711795e-14	2.11416901809811e-13
ENSMUSG00000027488.12	Snta1	408.110299595553	-1.2800040591472	0.166817488979021	-7.67308072421695	1.67913739051631e-14	2.15077133949859e-13
ENSMUSG00000022594.14	Lynx1	977.417344326377	-0.958293543309272	0.124892769233107	-7.67293054028339	1.68110535111018e-14	2.15196039966788e-13
ENSMUSG00000035093.16	Secisbp2l	1789.99205583294	-0.726390112111684	0.0946745707862181	-7.67249437815698	1.6868335486277e-14	2.15795844394591e-13
ENSMUSG00000026398.14	Nr5a2	56.5972535650617	9.26441536507798	1.20807661318187	7.66873165492132	1.73705413372293e-14	2.2208328297672e-13
ENSMUSG00000074480.4	Mex3a	879.816295582297	0.764825651937435	0.0997487343814238	7.66752236687896	1.75350452619184e-14	2.24048087578055e-13
ENSMUSG00000004207.14	Psap	19385.9251107157	-0.829252108753422	0.108154112429175	-7.66731925516432	1.75628252264921e-14	2.24264601704602e-13
ENSMUSG00000004952.13	Rasa4	402.960320909186	-1.06738195304699	0.139213365042919	-7.66723764430176	1.75739994844808e-14	2.24268936701152e-13
ENSMUSG00000037306.13	Man1c1	856.75968338901	-1.05590360266148	0.137789520322408	-7.66316335372105	1.81408367681267e-14	2.31359938548031e-13
ENSMUSG00000024738.6	Pga5	55.3451209929578	9.24154964620109	1.20668123759837	7.65865031977649	1.87897226479885e-14	2.39487973578026e-13
ENSMUSG00000032547.12	Ryk	3306.6177416985	-0.670069712930913	0.087582767407188	-7.65070267551194	1.99884024219302e-14	2.54609194911713e-13
ENSMUSG00000017817.11	Jph2	646.61225641007	-1.18500290325544	0.154939409599198	-7.64816973500056	2.03860015068393e-14	2.59514049932391e-13
ENSMUSG00000006205.13	Htra1	1421.87677255324	-0.915492140327175	0.119740600806855	-7.64562841808262	2.07927317544367e-14	2.64529043998208e-13
ENSMUSG00000040713.12	Creg1	317.540384776472	-1.04936602984676	0.137332076266511	-7.64108472233627	2.15399261066894e-14	2.73866664915457e-13
ENSMUSG00000032336.17	Nptn	6686.64117816894	-0.641438519744882	0.0839684712303726	-7.63904011048452	2.18847128670187e-14	2.78079601985525e-13
ENSMUSG00000056999.15	Ide	2560.69905068605	0.738512946982494	0.0967232134391138	7.63532269786901	2.25255504494144e-14	2.86046851995356e-13
ENSMUSG00000028661.8	Epha8	100.643819326329	9.13987868236072	1.19710738965144	7.63496972900814	2.25873490704345e-14	2.86655756228648e-13
ENSMUSG00000002308.16	Cd320	353.447924746574	1.00285093786682	0.131372587888592	7.63363920879193	2.28218024854194e-14	2.89453731400549e-13
ENSMUSG00000002835.9	Chaf1a	461.8566897441	0.948341480687443	0.12424311484265	7.63294997785984	2.29441926616539e-14	2.90827828477388e-13
ENSMUSG00000045930.3	Clec14a	214.681321255826	-1.26338501544111	0.165669936195573	-7.62591598966803	2.42307600413823e-14	3.06947675701697e-13
ENSMUSG00000038619.12	Ensa	2173.1639112398	-0.64458583911826	0.0845362129570805	-7.62496705933018	2.44096709698593e-14	3.09024941532182e-13
ENSMUSG00000028403.15	Zdhhc21	1006.18894736096	1.2567196610167	0.164825241069697	7.62455830709383	2.44871367557706e-14	3.0981616363551e-13
ENSMUSG00000023169.15	Slc38a1	2335.11513193951	0.687880017797706	0.0902290175779128	7.62371170897124	2.46483519801189e-14	3.11665386460892e-13
ENSMUSG00000024036.16	Slc37a1	34.0175439887374	5.04676039342062	0.662369209708408	7.61925572543194	2.55142551195224e-14	3.22417317899263e-13
ENSMUSG00000027186.15	Elf5	83.0901559157006	7.96521631985198	1.04556541285841	7.61809469010297	2.57447421093442e-14	3.25131431922706e-13
ENSMUSG00000027956.11	Tmem144	190.77365825478	1.2613726665219	0.165630485892221	7.61558272154501	2.6250445761087e-14	3.31315839517524e-13
ENSMUSG00000025726.11	Slc28a1	99.9428930564221	9.13128940580656	1.19918307024595	7.61459166024899	2.64526406478436e-14	3.33664356349613e-13
ENSMUSG00000023393.15	Slc17a9	126.414857151207	1.51678854322459	0.199302078763728	7.61050036524074	2.73036796102925e-14	3.44189320495398e-13
ENSMUSG00000030726.16	Pold3	340.621693330976	1.06237753251995	0.139595690205582	7.61038919579388	2.73271760873973e-14	3.44275847737697e-13
ENSMUSG00000054766.13	Set	2858.41849819017	0.886062432174889	0.116436847677503	7.60981123972913	2.74496521675027e-14	3.45608485532322e-13
ENSMUSG00000038080.17	Kdm1b	608.112912931475	1.07575419409793	0.141461711661466	7.60456084874992	2.85872943653269e-14	3.59713316758603e-13
ENSMUSG00000037902.18	Sirpa	895.506535544716	-0.842975155063617	0.110863355537814	-7.60373119660886	2.87712545840501e-14	3.61808140118623e-13
ENSMUSG00000022186.14	Oxct1	2905.09589669178	-0.882413278666938	0.116058397037911	-7.6031834075624	2.8893354447455e-14	3.63122977357542e-13
ENSMUSG00000056380.13	Gpr50	36.1317114556827	5.40600231412472	0.711817883668294	7.59464244739868	3.08643461563536e-14	3.87658435127648e-13
ENSMUSG00000027330.16	Cdc25b	595.357495073094	0.901206826829675	0.118751453946882	7.58901720254127	3.22340970127958e-14	4.0461708554752e-13
ENSMUSG00000019877.10	Serinc1	7041.43782589345	-0.665722098247748	0.087754574768783	-7.58618111935249	3.29471797320074e-14	4.13317377741104e-13
ENSMUSG00000041577.5	Prelp	3948.27356745856	-0.882797094456927	0.116380670598403	-7.58542711532579	3.31393567196101e-14	4.15476405051005e-13
ENSMUSG00000020469.8	Myl7	36.7366924973634	4.94316650373993	0.651831591884576	7.58350249555755	3.36349070873469e-14	4.21433984141038e-13
ENSMUSG00000039395.8	Mreg	69.2730611632725	2.07298100868615	0.273411389807161	7.58191167583852	3.4050006091453e-14	4.26376936531752e-13
ENSMUSG00000043336.14	Filip1l	1858.73906347258	-0.981058714393146	0.129459512501011	-7.57811222551515	3.50619058767416e-14	4.38782581464737e-13
ENSMUSG00000026646.16	Suv39h2	113.617062548483	1.70055571858714	0.224463249285763	7.57609864420242	3.56101091042129e-14	4.453738056484e-13
ENSMUSG00000029405.16	G3bp2	4339.35485936226	0.893464704050429	0.117970008928137	7.57365971375569	3.62854120030907e-14	4.53545738557956e-13
ENSMUSG00000020875.9	Hoxb9	748.113165542674	-1.03054460960277	0.136170537157616	-7.56804394778829	3.78885821923813e-14	4.73298589499155e-13
ENSMUSG00000068105.11	Tnfrsf13c	96.0080527300502	9.06832056302524	1.19885204337417	7.56416991833494	3.90349207982591e-14	4.87324382149074e-13
ENSMUSG00000030342.8	Cd9	4386.47565129566	0.767284857448212	0.101474357342756	7.56136700483367	3.98855101363775e-14	4.97643263600288e-13
ENSMUSG00000025817.12	Nudt5	657.35789623015	0.83766989504716	0.110890466327513	7.55402987100005	4.21993330071637e-14	5.26195177057398e-13
ENSMUSG00000002732.14	Fkbp7	564.756596930219	-0.907766018692231	0.120182285077136	-7.55324312655233	4.24551398168373e-14	5.29066188482069e-13
ENSMUSG00000051323.16	Pcdh19	2721.02311623442	-0.810450745129062	0.107305567561214	-7.55273713702437	4.2620465335219e-14	5.30806866410168e-13
ENSMUSG00000087370.3	Tmem170b	287.564651241932	1.27960461638616	0.169473012327738	7.55049195627431	4.3361718121709e-14	5.39713892604482e-13
ENSMUSG00000029650.10	Slc46a3	76.4156740130827	2.15679980452761	0.285681382034785	7.54966875743058	4.36366634927129e-14	5.42809674059894e-13
ENSMUSG00000075334.2	Rprm	120.383636037948	-1.52769108472082	0.202457267214843	-7.54574585410987	4.49706273936758e-14	5.59067277130147e-13
ENSMUSG00000067780.3	Pi15	680.676512582008	-1.05242920662788	0.139568086213184	-7.54061501581633	4.67760137146696e-14	5.81162489723857e-13
ENSMUSG00000011349.5	Dmrtc2	51.462277133613	9.13178112098334	1.21103473554035	7.54047828108651	4.68250887616846e-14	5.81423222722321e-13
ENSMUSG00000026580.16	Selp	100.112037629	-1.75852259076122	0.233472020288767	-7.5320485452013	4.99503794020844e-14	6.19857855661717e-13
ENSMUSG00000021124.13	Vti1b	1063.1363865314	-0.694900751631704	0.0922707227925164	-7.53110770785101	5.03116645599392e-14	6.23967132849719e-13
ENSMUSG00000032741.9	Tpcn1	1623.3076003049	0.764888492371891	0.101578071778478	7.53005524696277	5.07188586878866e-14	6.28640512563212e-13
ENSMUSG00000050917.5	Fgf4	92.0893607446302	9.00894193378539	1.19660520648205	7.52875040571749	5.12281992709733e-14	6.34573606648639e-13
ENSMUSG00000036052.14	Dnajb5	318.198450369033	-1.03551215403107	0.137549242575927	-7.52830138966033	5.14046316681354e-14	6.36378272068621e-13
ENSMUSG00000022816.11	Fstl1	27780.7284799881	-0.654133045295368	0.0869026232188262	-7.52719562501837	5.18416722968943e-14	6.41405125447349e-13
ENSMUSG00000038587.10	Akap12	5531.322679758	0.749612249214991	0.0996173788393704	7.52491440699032	5.27548719896865e-14	6.52313677009869e-13
ENSMUSG00000020471.11	Pold2	411.296362466496	1.08511414227299	0.144276186607278	7.52108970849563	5.43215591611218e-14	6.71284748105111e-13
ENSMUSG00000026181.13	Ppm1f	1449.39885241114	-0.654983649294738	0.087106519559819	-7.5193412916118	5.50529019456946e-14	6.79916478146737e-13
ENSMUSG00000022206.7	Npr3	220.134727338722	-1.28088375799756	0.170404125656407	-7.51674147009947	5.61583106015638e-14	6.93154961921151e-13
ENSMUSG00000023066.10	Rttn	333.63596224804	1.10062831483785	0.146444203865676	7.51568369238692	5.66142828987968e-14	6.98366532611559e-13
ENSMUSG00000005397.8	Nid1	10061.0272542369	-0.637023227754628	0.0848040323127847	-7.51170917681226	5.83603258918191e-14	7.19476108180324e-13
ENSMUSG00000052504.7	Epha3	282.76651934842	-1.12302229191839	0.149510750196818	-7.51131467429616	5.85364959797432e-14	7.21218410883753e-13
ENSMUSG00000004665.10	Cnn2	6513.9122558857	-0.696164727599661	0.0926993673247419	-7.50991886666147	5.91640191538337e-14	7.28516378622964e-13
ENSMUSG00000054387.13	Mdm4	3450.74049098616	0.950077863186895	0.126513353531607	7.50970420643808	5.92611104403591e-14	7.2927807669738e-13
ENSMUSG00000042388.14	Dlgap3	35.831059119874	5.40569588929491	0.719993449753917	7.50797926167591	6.00470145938604e-14	7.38510490242612e-13
ENSMUSG00000067049.8	Unc93a	93.4835250573802	9.02879404320917	1.20258053595504	7.50784980570042	6.01064078296983e-14	7.38801980799837e-13
ENSMUSG00000039384.8	Dusp10	264.003011203379	-1.11343421653538	0.148347696237485	-7.50557133528332	6.11612533075496e-14	7.51321532470605e-13
ENSMUSG00000041064.14	Pif1	123.227355581941	1.65504246456326	0.220523458469569	7.50506307151739	6.13990313714778e-14	7.53795106974033e-13
ENSMUSG00000024803.9	Ankrd1	232.411714887177	-1.41366568203051	0.188375297469827	-7.5045173173884	6.16553601930601e-14	7.56493361372941e-13
ENSMUSG00000022663.3	Atg3	1002.68915465107	-0.724904121395036	0.0966258032350411	-7.50217951235775	6.2765333655045e-14	7.68745349896909e-13
ENSMUSG00000032625.14	Thsd7a	240.54638257641	-1.09078597244101	0.145393771014993	-7.5022881986363	6.27132974913195e-14	7.68745349896909e-13
ENSMUSG00000048701.13	Ccdc6	2280.07715701126	0.672590286415225	0.0896520868884653	7.50222677194323	6.27427017808311e-14	7.68745349896909e-13
ENSMUSG00000032908.9	Sgpp2	36.3469969240164	4.3795911480497	0.583802881306035	7.50183201948584	6.29319891767509e-14	7.70330717900394e-13
ENSMUSG00000039813.14	Tbc1d2	884.742236183199	0.868651392830573	0.115816462372531	7.50024111457059	6.37005495070782e-14	7.79277585252371e-13
ENSMUSG00000021728.8	Emb	1654.57153607396	-0.743214204435422	0.0990953532649488	-7.49999046320879	6.38224767456077e-14	7.80308001274267e-13
ENSMUSG00000025959.13	Klf7	619.815108486988	-0.825629041850238	0.110087193008216	-7.49977376377124	6.39280732561113e-14	7.81137655447608e-13
ENSMUSG00000032802.8	Srxn1	1142.62643414179	-0.728285208587026	0.0971178355876165	-7.49898516766255	6.43138038938746e-14	7.85387272447971e-13
ENSMUSG00000021730.8	Hcn1	68.9975486141846	-2.03614125328354	0.271572211215839	-7.49760531155842	6.4994252907619e-14	7.93228797720994e-13
ENSMUSG00000024238.15	Zeb1	2480.38256528563	-0.718938219581828	0.095924315292364	-7.49484859381695	6.63749364882403e-14	8.09602127501524e-13
ENSMUSG00000021319.7	Sfrp4	70.2483452519415	-1.99658258868646	0.26640884828359	-7.49443046486621	6.65868565650342e-14	8.11708683180002e-13
ENSMUSG00000049658.13	Bdp1	1178.21244707474	0.971044511007761	0.129571804481284	7.49425783560821	6.66745440326279e-14	8.12299227152069e-13
ENSMUSG00000037600.16	Kdf1	47.6024478879101	6.56961599058072	0.876890180399186	7.49194840748477	6.78585987525472e-14	8.26238315046455e-13
ENSMUSG00000019880.10	Rspo3	121.934547575348	-1.83014345325462	0.244303992994147	-7.49125477166664	6.82182485398588e-14	8.30129057334825e-13
ENSMUSG00000060681.15	Slc9a6	497.266784215253	-0.858883588087803	0.114658858552512	-7.49077392650346	6.84686655621638e-14	8.3268678523574e-13
ENSMUSG00000037788.14	Vopp1	1519.8550667277	-0.696839867319976	0.0930338269658779	-7.49017739080599	6.87805887200175e-14	8.35989081571135e-13
ENSMUSG00000000223.13	Drp2	147.988873182128	1.58169822990643	0.211179679228188	7.48982210640325	6.89670270546954e-14	8.37763200120388e-13
ENSMUSG00000034997.5	Htr2a	428.591462533241	-1.1713571858943	0.15648657990968	-7.48535233225992	7.13554476234207e-14	8.66267689359053e-13
ENSMUSG00000024785.7	Rcl1	437.92567785593	0.959588353747128	0.128226932915809	7.48351638713197	7.23598754502508e-14	8.77946695161044e-13
ENSMUSG00000034462.9	Pkd2	3600.59139644466	-0.694165060790349	0.0927963573067746	-7.48052058224134	7.40287725032719e-14	8.97143771689242e-13
ENSMUSG00000037313.16	Tacc3	781.086775138795	0.896680192223251	0.119868661193637	7.48052229243427	7.40278090820309e-14	8.97143771689242e-13
ENSMUSG00000039633.7	Lonrf1	217.37860229577	1.2394703823293	0.165792627926163	7.47602832425885	7.6602453101632e-14	9.27790624195834e-13
ENSMUSG00000028341.9	Nr4a3	72.9748846406015	-2.15098583532503	0.287828441230375	-7.47315250060158	7.8296019968729e-14	9.47748138791066e-13
ENSMUSG00000035439.13	Haus8	314.078697867309	1.09873657190212	0.147127033721574	7.46794483725805	8.14569751338567e-14	9.85434207069374e-13
ENSMUSG00000022945.12	Chaf1b	278.171685572183	1.07616464394864	0.144142217308393	7.46599201846726	8.26743582581591e-14	9.99577419150488e-13
ENSMUSG00000006378.15	Gcat	94.5126835506496	1.72700498980933	0.231450950902666	7.46164568809914	8.5448409468794e-14	1.03251408499391e-12
ENSMUSG00000042099.16	Kank3	195.755868183953	1.26535309506459	0.169624346468603	7.45973748113336	8.66950378797785e-14	1.04696650471035e-12
ENSMUSG00000031451.6	Gas6	2837.26924537694	-0.936107478806311	0.125512262687535	-7.45829498060098	8.7649269377021e-14	1.05787301856266e-12
ENSMUSG00000032244.9	Fem1b	1308.30196958848	0.794258435676539	0.106560501919401	7.45359135298829	9.08330516279638e-14	1.09566045200887e-12
ENSMUSG00000039239.14	Tgfb2	1312.82362766793	-0.696599865610059	0.0935370501646335	-7.44731488093736	9.52590747130063e-14	1.14837949183723e-12
ENSMUSG00000079057.4	Cyp4v3	160.903899156409	-1.36060223462291	0.182730048390919	-7.44596877527302	9.62355677561363e-14	1.15947614492681e-12
ENSMUSG00000024556.4	Me2	1172.40756525908	0.861456235795362	0.115755689985231	7.44202065492652	9.91567138824964e-14	1.19397604459208e-12
ENSMUSG00000048387.8	Osr1	385.461918542622	-1.32075412984483	0.177679264176956	-7.43336109569575	1.05872363208111e-13	1.27410002677017e-12
ENSMUSG00000055044.12	Pdlim1	828.808700693293	0.979886978357217	0.131900464459448	7.42898808107291	1.09431605568722e-13	1.31616781154385e-12
ENSMUSG00000028800.15	Hdac1	1363.49782923132	0.738541376126433	0.0994215166093658	7.42838573895644	1.09930982689106e-13	1.32140616183613e-12
ENSMUSG00000024899.7	Papss2	615.267258064746	-0.950288503548934	0.127976069318157	-7.42551719717578	1.1234007029224e-13	1.34958044978472e-12
ENSMUSG00000028962.14	Slc4a2	1885.75561769678	-0.861151916579039	0.11597706222575	-7.42519167197734	1.12616712675242e-13	1.35211910421394e-12
ENSMUSG00000005892.4	Trh	42.6695156368712	5.64887328421389	0.761000168319647	7.42295930983442	1.14531971623864e-13	1.3743172641405e-12
ENSMUSG00000025213.11	Kazald1	125.317092300774	-1.60685335991012	0.216563185916914	-7.41978999388474	1.17306185196566e-13	1.40679068793958e-12
ENSMUSG00000026617.16	Bpnt1	574.963872808332	0.930170202754402	0.125384662978047	7.41853254346791	1.18425081270292e-13	1.41938665733282e-12
ENSMUSG00000026979.16	Psd4	310.605145143748	1.00930985872442	0.136069342202808	7.41761400757027	1.1924902899657e-13	1.42843498333334e-12
ENSMUSG00000024966.9	Stip1	3602.65966722975	0.654925232134704	0.088317590820234	7.41556949246692	1.21103284415843e-13	1.44980733610383e-12
ENSMUSG00000024006.17	Stk38	2288.28375639494	0.700110811729769	0.0944218861365518	7.41470902961287	1.21892119078015e-13	1.45840749872592e-12
ENSMUSG00000061411.12	Nol4l	195.561826741656	1.18952273982547	0.160485105996783	7.41204445382812	1.24367051850865e-13	1.48715979564475e-12
ENSMUSG00000039461.12	Tcta	408.161756743	-0.965283038011925	0.13028188034337	-7.40918871809213	1.27074369921586e-13	1.51865611028113e-12
ENSMUSG00000029687.16	Ezh2	708.611880267907	1.04858947889581	0.141562564989537	7.407251196482	1.28944085569324e-13	1.54011172948612e-12
ENSMUSG00000026640.12	Plxna2	1904.03735928275	-0.956522444813226	0.129244194220528	-7.40089294209319	1.35271759425129e-13	1.61475787101543e-12
ENSMUSG00000040616.3	Tmem51	129.070791215407	1.60382701659415	0.216744756071042	7.39961162459897	1.36583369376895e-13	1.62947502174775e-12
ENSMUSG00000034773.16	Hrob	131.005705735894	1.69328411456923	0.228967376513314	7.39530731562875	1.41081601848751e-13	1.68217055107563e-12
ENSMUSG00000036501.7	Fam13b	900.550606187156	-0.891179905856784	0.120509710695899	-7.39508792038875	1.41314739910627e-13	1.68398031169262e-12
ENSMUSG00000030516.14	Tjp1	4907.30927554985	0.651924746759549	0.0881658990751664	7.39429590803295	1.42159517940033e-13	1.69307241762989e-12
ENSMUSG00000044950.7	Pwwp2a	385.0531156597	1.03794235651509	0.140377100797704	7.39395777955878	1.42521682991878e-13	1.69640961256405e-12
ENSMUSG00000029338.13	Antxr2	807.170701745707	-0.899051074737671	0.121639832749686	-7.39109101364655	1.45628889804983e-13	1.73239792532951e-12
ENSMUSG00000025041.17	Nt5c2	466.462168819694	-0.876393609193953	0.118709377278237	-7.38268222180812	1.55131993274285e-13	1.84438663342012e-12
ENSMUSG00000036251.16	Trpm8	37.1185689276705	5.77211458625832	0.782128449636008	7.38000847424049	1.58279457726761e-13	1.88072703529634e-12
ENSMUSG00000023032.12	Slc4a8	150.432415236296	1.32995911819006	0.180264786854127	7.37780873014473	1.60915913468822e-13	1.91095725352332e-12
ENSMUSG00000078350.11	Smim1	245.27622147692	-1.31734776024391	0.178762991512125	-7.36924208473297	1.71600804647445e-13	2.03667721066369e-12
ENSMUSG00000039114.16	Nrn1	625.001114582626	-0.8743167384606	0.118652811989187	-7.36869800051834	1.72302482723236e-13	2.04383328933425e-12
ENSMUSG00000017550.14	Atad5	277.684347583343	1.23514052908072	0.167726292353168	7.36402451727711	1.78446899368957e-13	2.11550536657391e-12
ENSMUSG00000031381.16	Piga	451.166296338794	1.05373764322432	0.143096095667864	7.36384622030579	1.7868552795604e-13	2.11712177628052e-12
ENSMUSG00000044702.13	Palb2	88.0325953008068	1.91443219502543	0.260177520211963	7.35817680738045	1.86439004339742e-13	2.20772365608027e-12
ENSMUSG00000021236.16	Entpd5	527.719503889047	-0.877665817403295	0.11928440253459	-7.35775842234519	1.87024107740885e-13	2.21338593832394e-12
ENSMUSG00000026643.16	Nmt2	1221.63062823428	0.876787196601623	0.119181009784853	7.3567693224316	1.88414528154765e-13	2.22856703901456e-12
ENSMUSG00000021636.15	Marveld2	69.0156551424532	7.69216836138694	1.04572217155754	7.35584323504393	1.89725572396017e-13	2.24279247460032e-12
ENSMUSG00000049288.4	Lix1l	2285.94774738381	-0.80416425341429	0.109330717181634	-7.3553368544936	1.9044623158951e-13	2.25002656830552e-12
ENSMUSG00000026955.13	Sapcd2	72.8048418977161	1.97748058213621	0.269034836875079	7.35027703142553	1.97796471206269e-13	2.33553289075787e-12
ENSMUSG00000117192.1	Gm18649	45.1124532633191	2.91153368695186	0.396331016189104	7.34621709637447	2.03895110508061e-13	2.40617154641184e-12
ENSMUSG00000063063.12	Ctnna2	68.1191935647162	-2.19532575578714	0.299035615100961	-7.34135214979644	2.11446649636455e-13	2.49386564149571e-12
ENSMUSG00000022157.8	Mcpt8	168.000935446177	1.73564740641837	0.236436101013393	7.34087306878762	2.12204990370446e-13	2.50138445084161e-12
ENSMUSG00000004798.14	Ulk2	1060.33374324605	-0.699669477852933	0.0953727273835297	-7.33615884800378	2.19811117383998e-13	2.58956762591427e-12
ENSMUSG00000056643.5	Chst13	35.9491858625708	3.29385003960887	0.449043541730122	7.33525757194498	2.21295472485844e-13	2.6055716638137e-12
ENSMUSG00000071369.11	Map3k5	123.910916959661	1.49430807156231	0.203731229509151	7.33470305540558	2.22213620830207e-13	2.61489467741015e-12
ENSMUSG00000020021.4	Fgd6	353.819804959901	0.97638871815674	0.133272381106081	7.32626452722838	2.36656446915777e-13	2.78326806517594e-12
ENSMUSG00000018042.18	Cyb5r3	9035.75112248714	-0.803645192832243	0.109730019531757	-7.32384078907104	2.4097256096222e-13	2.83241967027654e-12
ENSMUSG00000034832.15	Tet3	1211.66570342966	0.761839742748513	0.104035460578921	7.32288527881881	2.42695271451553e-13	2.85104961621777e-12
ENSMUSG00000026509.15	Capn2	6828.74489994687	-0.54856505894522	0.0749629865908187	-7.31781221497393	2.52046223949043e-13	2.9592199600234e-12
ENSMUSG00000042660.8	Wdr55	387.845803042206	0.984010265236382	0.134556200855109	7.31300571049838	2.61231908707144e-13	3.06532838907549e-12
ENSMUSG00000043091.9	Tuba1c	1102.77234145373	0.793978932494182	0.108620531441209	7.30965796207618	2.67823242045521e-13	3.14089138079334e-12
ENSMUSG00000001416.13	Cct3	5957.16518823721	0.7275200214964	0.0996322173842113	7.3020559071858	2.8340345478184e-13	3.32172599690221e-12
ENSMUSG00000041886.7	Macc1	44.3142660852953	2.71996556281812	0.372547798726968	7.30098412099737	2.85670464369411e-13	3.34640234407608e-12
ENSMUSG00000062075.13	Lmnb2	504.114516771473	1.13597064652874	0.155692815784816	7.29623034179541	2.95942088390553e-13	3.46476543416066e-12
ENSMUSG00000022285.17	Ywhaz	4508.08928161859	0.742796468898205	0.101810519891107	7.29587148452509	2.96732042862664e-13	3.4720500594767e-12
ENSMUSG00000025579.14	Gaa	3562.36619063517	-1.01584702405483	0.139244220453144	-7.29543402770284	2.97697820501098e-13	3.48138259127244e-12
ENSMUSG00000087141.1	Plcxd2	281.548500992807	-1.055681068834	0.14473209709421	-7.29403560114814	3.00805896007629e-13	3.51574321934609e-12
ENSMUSG00000029571.14	Tmem106b	3029.32283290175	-0.797086451052848	0.109407347060638	-7.28549290762958	3.20496335630983e-13	3.74376616886327e-12
ENSMUSG00000022325.14	Pop1	472.732130352503	0.847182278981105	0.116298428437176	7.28455483333337	3.22734193611638e-13	3.76778063934985e-12
ENSMUSG00000001098.15	Kctd10	1709.95867844904	-0.905419819397817	0.124308769790873	-7.28363590856074	3.24941246057811e-13	3.79140859760464e-12
ENSMUSG00000023902.18	Zscan10	75.5620965134258	8.725656338171	1.19827371588058	7.28185574174821	3.2925906470699e-13	3.83962443964506e-12
ENSMUSG00000040663.9	Clcf1	407.561267430438	-1.01629836786862	0.139573405414923	-7.28146142775103	3.30223074802366e-13	3.8486978746251e-12
ENSMUSG00000031595.9	Pdgfrl	670.379380956326	-1.1380323845178	0.156373950204467	-7.27763404985142	3.39725374128551e-13	3.95721751214793e-12
ENSMUSG00000045671.17	Spred2	1017.11403412099	0.779288061550524	0.107083335254053	7.27739810962813	3.4031985481002e-13	3.96191264044579e-12
ENSMUSG00000020741.17	Cluh	1789.78515146307	0.706887041608544	0.0971881072625937	7.27339035113213	3.50575374029527e-13	4.07901049299448e-12
ENSMUSG00000089726.2	Mir17hg	85.7958473712347	2.1397185365744	0.294224852288123	7.27239225352403	3.53176264216091e-13	4.10696376011734e-12
ENSMUSG00000027171.10	Prrg4	533.659388649648	1.10183814304974	0.151592837258681	7.26840504455727	3.63756707626491e-13	4.22762498099985e-12
ENSMUSG00000034361.10	Cpne2	659.638469431168	-1.04064897964655	0.143197550041561	-7.26722614559064	3.66944223613248e-13	4.26227748853571e-12
ENSMUSG00000025185.14	Loxl4	2601.64420595779	-0.80865398445991	0.111325891077807	-7.26384470522437	3.76239939993546e-13	4.36780174869681e-12
ENSMUSG00000005718.8	Tfap4	101.685798513822	1.5727634168435	0.216539071460618	7.26318537451353	3.78079222035025e-13	4.38669384355549e-12
ENSMUSG00000024063.13	Lbh	2125.20888847146	-0.694562701488888	0.0956801201879575	-7.25921644041065	3.89339057094917e-13	4.5148062424693e-12
ENSMUSG00000026626.11	Ppp2r5a	756.712222159249	0.760296987570597	0.104738390128966	7.25900967767821	3.89934580427263e-13	4.51918022411194e-12
ENSMUSG00000025001.11	Hells	741.744872899559	1.23742019170344	0.170602890133507	7.25321939584426	4.06980038824122e-13	4.71409055602714e-12
ENSMUSG00000028497.12	Hacd4	681.309188748105	-0.912309069361948	0.125831506472148	-7.25024355934163	4.16022842463763e-13	4.81344707443121e-12
ENSMUSG00000052712.17	BC004004	1081.92025440475	-0.742069384159929	0.102350339143403	-7.25028749655846	4.15887904333487e-13	4.81344707443121e-12
ENSMUSG00000041571.9	Selenow	3239.06057599325	-0.91733535146549	0.126643170199074	-7.2434648471252	4.37364643091828e-13	5.05754790355182e-12
ENSMUSG00000045954.7	Cavin2	3808.56889572932	-0.865827834953475	0.119535109211948	-7.24329312669362	4.3791901069436e-13	5.06113098959383e-12
ENSMUSG00000071042.12	Rasgrp3	56.8794114473261	-2.49568907993026	0.344685569067696	-7.24048032147268	4.47098461199768e-13	5.16433652253013e-12
ENSMUSG00000075296.5	Aldh3b2	33.4657837484153	5.30628056687275	0.732882544015215	7.24028783357486	4.47733497606656e-13	5.16878732122709e-12
ENSMUSG00000024048.15	Myl12a	2830.73546769029	-0.603910166760319	0.0834360890506103	-7.23799705417642	4.55359329750163e-13	5.25389228901818e-12
ENSMUSG00000024076.10	Vit	37.5141470199156	2.93806436507285	0.405980590052139	7.23695771932231	4.5886111727404e-13	5.29134610944588e-12
ENSMUSG00000034145.14	Tmem63c	40.2274727243029	8.77266286785471	1.21248754438696	7.23526019583997	4.64637455291257e-13	5.35497254291411e-12
ENSMUSG00000066652.5	Lefty2	41.960693495346	8.83599935584842	1.22133406617484	7.23471128871591	4.66520509499852e-13	5.3736828192195e-12
ENSMUSG00000074825.4	Itpripl1	298.10862379943	0.997996468709881	0.137949466511228	7.23450763492916	4.67221058453904e-13	5.37875900385838e-12
ENSMUSG00000070327.14	Rnf213	2241.59172624792	0.740937864209994	0.102421638500151	7.23419264776657	4.68306618035067e-13	5.38825941451242e-12
ENSMUSG00000054517.9	Trim65	127.06959733103	1.50167573269763	0.207596260662955	7.23363574999886	4.70231952135507e-13	5.40740620958492e-12
ENSMUSG00000027624.20	Epb41l1	1618.81072396784	-0.667322967080524	0.0922550310296399	-7.23345881121784	4.70845298925978e-13	5.41145299415259e-12
ENSMUSG00000052271.7	Bhlha15	32.1177757277471	3.68622599703632	0.509665389781861	7.23263943548147	4.73695868607788e-13	5.44119355400255e-12
ENSMUSG00000023192.12	Grm2	40.160610174427	8.78128723669176	1.2141778803023	7.23229057220628	4.74914684506243e-13	5.45216808352452e-12
ENSMUSG00000045414.7	Dipk2a	1398.59733923537	-0.969677830827127	0.134083387289374	-7.23190135952042	4.76278102425432e-13	5.46478960205323e-12
ENSMUSG00000018906.14	P4ha2	2241.18237068552	-0.788780058775081	0.109094194486852	-7.23026612447412	4.8204847118913e-13	5.5279342410769e-12
ENSMUSG00000032591.15	Mst1	37.508750298333	2.88336694227737	0.398890404917647	7.22846903994258	4.88469154130488e-13	5.59846235954982e-12
ENSMUSG00000021965.3	Ska3	232.792147370716	1.18318375656978	0.163709144734748	7.22735286710373	4.92499248420673e-13	5.64152846876564e-12
ENSMUSG00000038663.7	Fsd2	39.9102373772561	8.76690006413259	1.21321002585897	7.22620146328371	4.96690755718695e-13	5.68639488529937e-12
ENSMUSG00000025089.15	Gfra1	318.597703735011	-1.26519783902731	0.175088719993371	-7.22603854248985	4.97286665229096e-13	5.69007002961695e-12
ENSMUSG00000031133.12	Arhgef6	363.068875993248	-1.05092538738856	0.145464776238321	-7.22460388394498	5.02564562164277e-13	5.74728390731401e-12
ENSMUSG00000033386.10	Frrs1	1300.56919177008	0.877733438779307	0.121513677727443	7.22333037066066	5.07295683015145e-13	5.79818516992296e-12
ENSMUSG00000038365.8	Fbxo25	836.702392982233	-0.723597574559708	0.100202943244295	-7.22132056336485	5.14851250019387e-13	5.88129471531528e-12
ENSMUSG00000023262.13	Acy1	366.490275450413	1.00657471311652	0.139450126388584	7.21816995928458	5.26918368769311e-13	6.01582091293765e-12
ENSMUSG00000044430.11	Klk12	71.2604382820134	8.63729734507221	1.1979191292903	7.21025078728758	5.5848921609185e-13	6.37274988086285e-12
ENSMUSG00000051669.6	AU021092	30.0922340917298	4.10595060308173	0.56949898085057	7.2097593518944	5.60508451498649e-13	6.39226690775236e-12
ENSMUSG00000026888.14	Grb14	881.916763619238	-0.728707194065158	0.101091146033344	-7.2084175781804	5.66058172987665e-13	6.45200337151524e-12
ENSMUSG00000025648.18	Pfkfb4	267.873928815934	1.27478389147213	0.176902429493937	7.20614123344091	5.75597028565902e-13	6.55711771837403e-12
ENSMUSG00000040606.13	Kazn	815.153007422041	0.832463621925083	0.115536896257386	7.20517556634523	5.79691096694694e-13	6.60012431819773e-12
ENSMUSG00000002257.8	Def6	570.065865746018	1.11120798844614	0.154242974125894	7.20426972277625	5.83557515333574e-13	6.64049313352922e-12
ENSMUSG00000005043.13	Sgsh	456.32272019074	-0.967493034569219	0.134352475134099	-7.20115527163569	5.97045099967536e-13	6.79023984847693e-12
ENSMUSG00000030431.8	Tmem238	106.929901395054	1.6761503011275	0.232813895948599	7.19952859470879	6.04210849245089e-13	6.86796286025486e-12
ENSMUSG00000027323.10	Rad51	324.731536195772	1.12610321493317	0.156417317592222	7.19935127559792	6.04997050756616e-13	6.87312511175148e-12
ENSMUSG00000021374.10	Nup153	2019.47250412212	0.616401879118217	0.0856391889710513	7.19766133383841	6.12540528896712e-13	6.95500625761549e-12
ENSMUSG00000026305.15	Lrrfip1	4432.12277764107	0.775137800685979	0.107718775474265	7.19593958688442	6.20320923447511e-13	7.0394861811623e-12
ENSMUSG00000046463.5	5930403N24Rik	82.8893109609341	-1.87002619862261	0.25990771935316	-7.19496213223909	6.24781026454711e-13	7.08621505018415e-12
ENSMUSG00000038047.18	Haus6	591.666705584676	1.08960781511086	0.151468613288075	7.19362111699378	6.30951308501053e-13	7.15227882511681e-12
ENSMUSG00000074604.9	Mgst2	46.5773807770795	2.59129025682108	0.360237979693237	7.19327334399251	6.32561226399284e-13	7.16660362629381e-12
ENSMUSG00000026880.11	Stom	1151.16818032924	-0.762329922948976	0.105981929770976	-7.19301794745903	6.33746080745542e-13	7.17609963093653e-12
ENSMUSG00000018983.9	E2f2	62.0359637987682	2.0442326124888	0.284232473915334	7.19211490625709	6.37953033128311e-13	7.21978667726786e-12
ENSMUSG00000029851.5	Tcaf2	385.844701853232	-0.927996230849645	0.129096212963531	-7.18840785137363	6.55512042542175e-13	7.41445014676529e-12
ENSMUSG00000052062.14	Pard3b	228.369071286166	-1.21143322726139	0.168546928673138	-7.18751291879497	6.59821609006181e-13	7.4591193254063e-12
ENSMUSG00000038002.9	Cramp1	784.790384350075	0.736709728232634	0.102502928753083	7.18720662125936	6.61302970241363e-13	7.47178503331112e-12
ENSMUSG00000021732.14	Fgf10	868.543600638693	-1.07370109662786	0.149417654453847	-7.18590517668385	6.67633698969827e-13	7.53919800053271e-12
ENSMUSG00000074785.5	Plxnc1	250.940105956718	1.13797262312618	0.158388759182584	7.18468045964284	6.73645511666078e-13	7.60293808395646e-12
ENSMUSG00000024112.16	Cacna1h	249.960179644152	-1.30391446199022	0.181498167375596	-7.18417425831013	6.76145813023016e-13	7.62284432666852e-12
ENSMUSG00000039323.18	Igfbp2	1247.7006024101	-1.32681223469589	0.184684320341837	-7.18421700467077	6.75934322457121e-13	7.62284432666852e-12
ENSMUSG00000029767.16	Calu	24172.1284328974	-0.67573163471409	0.0941408631111056	-7.1778780476719	7.08016699645794e-13	7.97781037886135e-12
ENSMUSG00000033998.9	Kcnk1	30.9202478512132	5.1803023713294	0.721727240323613	7.17764562829389	7.09220984007997e-13	7.98703218062107e-12
ENSMUSG00000028402.18	Mpdz	1473.91541088633	-0.801753918002102	0.11173086245832	-7.17576057645834	7.19062983104771e-13	8.09346638786604e-12
ENSMUSG00000016984.7	Etaa1	208.062247981944	1.35727817071056	0.189225972898078	7.17279002413496	7.34845190331341e-13	8.26660901884154e-12
ENSMUSG00000040584.8	Abcb1a	144.393385608722	1.46681352644609	0.204600551816155	7.16915723552937	7.54608489771382e-13	8.48432435077558e-12
ENSMUSG00000028657.14	Ppt1	1648.17480076284	-0.837755040976686	0.116863424149853	-7.16866758843587	7.57311881868217e-13	8.51009698305658e-12
ENSMUSG00000029994.17	Anxa4	2399.83340361808	-0.626758527017786	0.0874453954536533	-7.16742744161953	7.64201462216581e-13	8.5828573339235e-12
ENSMUSG00000032816.15	Igdcc4	1053.05074870423	-0.897688495698194	0.125256449243489	-7.16680459265738	7.67684843133207e-13	8.61730399566934e-12
ENSMUSG00000041737.8	Tmem45b	40.4343178643739	6.32751970094166	0.883051851330319	7.16551320447292	7.74956864784553e-13	8.69421796432275e-12
ENSMUSG00000038831.16	Ralgps1	220.441979805325	1.14467572660961	0.159761826320903	7.16488884090734	7.78496965898661e-13	8.72920297786369e-12
ENSMUSG00000022962.15	Gart	1391.25956936594	0.709915950145159	0.0990859779535912	7.16464594493543	7.79878454981888e-13	8.73995892781272e-12
ENSMUSG00000027761.4	Aadac	69.1121129286788	8.59169221206685	1.19935610877451	7.16358731923727	7.85927619158616e-13	8.80298473428799e-12
ENSMUSG00000085683.2	Tmem238l	37.8569326798467	8.6932614082971	1.21396268574742	7.16106146454146	8.00547426635531e-13	8.96188814706807e-12
ENSMUSG00000000948.16	Gm38393	129.179942616014	2.02334400768769	0.282575894556922	7.16035601996516	8.0467805230716e-13	9.00326000254373e-12
ENSMUSG00000043003.14	Rasef	29.6257014957168	4.615323034931	0.644633943125619	7.15960287873272	8.0911104800217e-13	9.04796844008478e-12
ENSMUSG00000026594.14	Ralgps2	158.519420466568	1.45369315893396	0.203052921640791	7.1591836610241	8.11588942562227e-13	9.07077727974921e-12
ENSMUSG00000030672.12	Mylpf	36.6117457585308	3.17903755144311	0.444240796454799	7.15611347902527	8.29964471100702e-13	9.27114656627816e-12
ENSMUSG00000040594.19	Ranbp17	144.997939656828	1.46095092658576	0.204190995931617	7.15482541196391	8.37794799368928e-13	9.35356771959949e-12
ENSMUSG00000001802.16	Lrp3	110.494971948511	-1.65704348166616	0.231611384970502	-7.15441290538116	8.40317775858464e-13	9.37667797439049e-12
ENSMUSG00000025915.14	Sgk3	278.26004291389	1.6538208151763	0.231172109379281	7.15406724287357	8.42437661410757e-13	9.39526786289938e-12
ENSMUSG00000041506.15	Rrp9	676.795530148434	1.01348643424012	0.141694285435991	7.1526274409842	8.51324314755249e-13	9.4892633231658e-12
ENSMUSG00000002297.16	Dbf4	896.920046321731	0.998846831116455	0.139741226261651	7.14783215975373	8.81590074959856e-13	9.82133098040584e-12
ENSMUSG00000017652.16	Cd40	43.169321157515	3.24252011790571	0.453693305976518	7.14694282501391	8.87318128928893e-13	9.87982676207593e-12
ENSMUSG00000029036.18	Atad3a	971.305265298514	0.976276811435859	0.136602856588261	7.1468257386336	8.88074978319964e-13	9.88293762163706e-12
ENSMUSG00000081044.8	AU015836	38.3174011739934	8.7098286695683	1.21904644095338	7.14478823526739	9.01347354465394e-13	1.00252492692527e-11
ENSMUSG00000071176.10	Arhgef10	734.69589083612	-0.932502757699099	0.130521070788776	-7.144461442614	9.03494133391145e-13	1.0043729896382e-11
ENSMUSG00000057143.15	Trim12c	326.30199770433	-1.00170157277175	0.140253339857792	-7.14208712453777	9.19242994297674e-13	1.02133176269284e-11
ENSMUSG00000026974.11	Zmynd19	509.483496137405	0.861935204549769	0.120697455619779	7.14128728003212	9.24608792316703e-13	1.02674234936499e-11
ENSMUSG00000054115.11	Skp2	313.916313431991	1.02712440047918	0.143840180737162	7.14073352254775	9.28341698935183e-13	1.02978268093566e-11
ENSMUSG00000068327.5	Tlx2	62.6731986661068	7.56036456718685	1.05875579496322	7.14080112066778	9.27885225286069e-13	1.02978268093566e-11
ENSMUSG00000047534.17	Mis18bp1	315.748031627122	1.23012055686854	0.172282652445951	7.14013012572149	9.3242606688622e-13	1.03375935503363e-11
ENSMUSG00000050379.15	Septin6	601.778005398208	0.850311664271589	0.119150590762641	7.13644522304962	9.57754476578117e-13	1.06127194382711e-11
ENSMUSG00000039601.16	Rcan2	662.880792771056	-0.944482059890702	0.132348808014186	-7.13630952981056	9.58699949751772e-13	1.0617512177588e-11
ENSMUSG00000024773.15	Atg2a	1111.43478494922	0.860365284310022	0.120591290295892	7.13455575604974	9.71002499777908e-13	1.07480110924615e-11
ENSMUSG00000032854.12	Ugt8a	31.0972290529711	4.47278398289586	0.626956234856297	7.1341247350719	9.74049709303662e-13	1.0775978050709e-11
ENSMUSG00000041774.16	Ydjc	184.664448376889	1.29814582098113	0.181975668578319	7.13362303390813	9.77608430830837e-13	1.08095709988074e-11
ENSMUSG00000023886.10	Smoc2	387.397965694959	-1.33947940281012	0.187793711921734	-7.13271700688449	9.8406751832812e-13	1.08751807591424e-11
ENSMUSG00000023505.13	Cdca3	421.638130402903	0.925086799290372	0.129731766364699	7.13076546487305	9.98122697935071e-13	1.10246220515251e-11
ENSMUSG00000023852.14	Chd1	1730.27817445871	0.852904700368179	0.119635325184437	7.12920451424603	1.00950644747144e-12	1.1144412776646e-11
ENSMUSG00000050148.9	Ubqln2	1340.75581030799	0.685670373589938	0.0961851959867315	7.12864767343745	1.01359814897817e-12	1.11836183825688e-11
ENSMUSG00000022108.8	Itm2b	12629.0259435521	-0.557167916455359	0.0781678182903506	-7.12784274451393	1.01954159990705e-12	1.12432027578456e-11
ENSMUSG00000055912.8	Tmem150a	533.071906406329	-1.21991286426777	0.171151080305065	-7.12769596366764	1.02062908435084e-12	1.12492020324696e-11
ENSMUSG00000031827.13	Cotl1	227.930086197649	-1.2517630666796	0.17574873667684	-7.12245840481513	1.06018755026195e-12	1.16789899429867e-11
ENSMUSG00000117183.1	Gm20008	381.992767282346	1.46101751699316	0.205268481515951	7.11759304791093	1.09828074613741e-12	1.20921878533502e-11
ENSMUSG00000083307.1	AA414768	76.3847587328974	-1.79448086357778	0.252207533982738	-7.11509618781093	1.11834813957695e-12	1.23065859336009e-11
ENSMUSG00000021189.11	Atxn3	704.960026146428	1.00016302469324	0.14064470889137	7.11127373775388	1.14976835200301e-12	1.26456190850746e-11
ENSMUSG00000020453.17	Patz1	502.25138871095	0.914003316938115	0.128539448425154	7.11068335936046	1.15469781926228e-12	1.26930908979872e-11
ENSMUSG00000025068.8	Gsto1	4925.25169166645	0.643044046362201	0.0904399955574085	7.11017335194379	1.15897290684377e-12	1.27333228231206e-11
ENSMUSG00000039385.5	Cdh6	65.8343245861567	-2.0554733822242	0.28909454569406	-7.11003861138026	1.16010494780555e-12	1.2738998575399e-11
ENSMUSG00000026571.12	Dcaf6	869.281697213086	-0.810832020354758	0.11409509371284	-7.10663354548354	1.18907599854018e-12	1.30502036552402e-11
ENSMUSG00000046532.8	Ar	478.617672353242	-0.93832607181548	0.13203662836001	-7.10655886529493	1.18971928479134e-12	1.30503441843646e-11
ENSMUSG00000037440.8	Vnn1	53.2704215516282	-2.37246179803011	0.333845479865892	-7.10646673719574	1.19051333577844e-12	1.30521374667786e-11
ENSMUSG00000056870.9	Gulp1	1003.51333297343	-0.865879410569335	0.121858600194384	-7.10560772229552	1.19794225003717e-12	1.31266313570775e-11
ENSMUSG00000001672.14	Marveld3	67.7100375520309	8.55717797251715	1.20433974182025	7.10528572243553	1.20073866785307e-12	1.31503120031168e-11
ENSMUSG00000031508.14	Ankrd10	1212.27434116491	0.681454958796478	0.0959141208888155	7.10484496424073	1.20457683340744e-12	1.31853706370706e-11
ENSMUSG00000031822.20	Gse1	661.908777818479	1.02380414371296	0.144214168974694	7.09919247874054	1.25487939381392e-12	1.3728725461181e-11
ENSMUSG00000025209.5	Twnk	380.183390235393	0.879446689214781	0.123905155370554	7.09774090177832	1.26812637840586e-12	1.38663221905034e-11
ENSMUSG00000003518.13	Dusp3	936.040337508336	-0.686672208500554	0.0967695658058007	-7.09595214965192	1.28463923525435e-12	1.40336197290942e-11
ENSMUSG00000031826.20	Usp10	1076.65929443516	0.835557754540291	0.117751578714011	7.09593674807241	1.28478232700292e-12	1.40336197290942e-11
ENSMUSG00000060012.9	Kif13b	1047.27948677885	0.656217308503135	0.092500089419763	7.09423431500955	1.30069593851646e-12	1.4199950016536e-11
ENSMUSG00000046607.6	Hrk	67.9703659673715	8.56830821989768	1.20788524101059	7.09364427098136	1.3062564217202e-12	1.42531374133824e-11
ENSMUSG00000041731.13	Pgm5	182.628524758164	-1.301557155511	0.183513287814072	-7.09244093991539	1.31766881205312e-12	1.43700878507311e-11
ENSMUSG00000021457.14	Syk	338.702323782584	1.01904934712475	0.143699718473038	7.09151944035262	1.32647440447823e-12	1.44585011576066e-11
ENSMUSG00000033285.15	Wdr3	1041.31463538747	0.855827309353869	0.12069308988994	7.09093876156701	1.33205283704457e-12	1.45116640389398e-11
ENSMUSG00000038780.14	Smurf1	2062.29552630084	0.674462778085945	0.0951238174807054	7.09036701794218	1.33756791968118e-12	1.45640812043559e-11
ENSMUSG00000042759.12	Apobr	174.850159365249	-1.30172810442124	0.183615810552216	-7.08941185678046	1.34683149726396e-12	1.46572372039257e-11
ENSMUSG00000054752.16	Fsd1l	325.578157319916	1.09068549707625	0.153939061615196	7.08517698907801	1.38866709175419e-12	1.51045823080504e-11
ENSMUSG00000022408.7	Fam83f	28.1377416447402	4.33831114456562	0.612501243147961	7.08294259497139	1.41125147191855e-12	1.53421713325852e-11
ENSMUSG00000021469.9	Msx2	125.228821222193	-1.50138007304488	0.212089020836295	-7.07900893278088	1.45189027732695e-12	1.57756833860318e-11
ENSMUSG00000058446.14	Znrf2	564.228348956824	1.10916833649918	0.156739777729817	7.07649553013361	1.47845520486712e-12	1.60558994152909e-11
ENSMUSG00000039197.10	Adk	1884.07652115681	-0.600119268535926	0.0848064427972152	-7.07634053194402	1.48010894901076e-12	1.60654300658488e-11
ENSMUSG00000030214.7	Plbd1	29.4801997824612	4.61020274209262	0.65158417358444	7.07537556772037	1.49044547509582e-12	1.61691461682434e-11
ENSMUSG00000033793.12	Atp6v1h	1421.71960667701	-0.697560677317896	0.0986717707781304	-7.06950601795122	1.55486190190491e-12	1.6859133843651e-11
ENSMUSG00000024737.2	Slc15a3	32.007998753195	5.55840993159065	0.786292886552713	7.06913419496898	1.5590332917207e-12	1.68955131441502e-11
ENSMUSG00000054321.7	Taf4b	245.46963461735	1.07297718443407	0.15179797460452	7.06845520982412	1.56667900704015e-12	1.69694865341309e-11
ENSMUSG00000032624.16	Eml4	736.74488020821	0.786409328448895	0.111277383677396	7.06710835985118	1.58195423298696e-12	1.71259783831575e-11
ENSMUSG00000027134.4	Lpcat4	560.355699450111	1.03100416977482	0.145945226541944	7.06432265174851	1.61401329453289e-12	1.74639107075464e-11
ENSMUSG00000026767.12	Mindy3	1133.54693456471	0.85775489315238	0.121424978370108	7.06407285112221	1.61691904815963e-12	1.7486210751231e-11
ENSMUSG00000005683.8	Cs	5906.27656939307	0.6521614175427	0.0924168438195661	7.05673760960691	1.70457053768345e-12	1.84244937647571e-11
ENSMUSG00000020376.17	Rnf130	413.219858918051	-0.889139810417788	0.126000076341223	-7.05666088653701	1.70551152539488e-12	1.84250433528959e-11
ENSMUSG00000010021.13	Kif19a	35.9062311723887	5.73675550157673	0.813605793509083	7.05102587437842	1.77603462833432e-12	1.91769122440751e-11
ENSMUSG00000017144.8	Rnd3	3354.66661554434	-0.654463468019394	0.0928206081985938	-7.05084227221546	1.77837992090721e-12	1.91922241829293e-11
ENSMUSG00000043969.4	Emx2	144.049362548642	-1.35117588542632	0.191651636664664	-7.05016617098083	1.78704250734504e-12	1.9275660687616e-11
ENSMUSG00000018909.15	Arrb1	565.315954692834	0.81530355712925	0.115694768401894	7.04702181776357	1.82787668360904e-12	1.97058434760539e-11
ENSMUSG00000040034.15	Nup43	292.18407953543	1.05112318089107	0.149172912727973	7.0463407978623	1.83684060894811e-12	1.97921727041212e-11
ENSMUSG00000032604.16	Qars1	3117.37862129392	0.672370703113818	0.0954510302272981	7.04414296537918	1.86606473511082e-12	2.00966045536206e-11
ENSMUSG00000001300.16	Efnb2	1547.61657912032	-0.689355348465875	0.0978719272039778	-7.04344308076379	1.87546634450624e-12	2.01802549906699e-11
ENSMUSG00000031256.11	Cstf2	797.751241298489	0.905337762905968	0.128536677982127	7.04341964580613	1.87578195091786e-12	2.01802549906699e-11
ENSMUSG00000035900.18	Gramd4	1177.79494032772	0.748554362615811	0.106279650309347	7.04325202837045	1.87804083042799e-12	2.01940608566384e-11
ENSMUSG00000031842.15	Pde4c	33.4103272392285	5.62849554181951	0.799180205385659	7.04283652659211	1.88365181036392e-12	2.02438778934179e-11
ENSMUSG00000032268.13	Tmprss5	63.0194108242249	8.45709933166524	1.20082685816442	7.04272999405822	1.88509308358232e-12	2.02488540410329e-11
ENSMUSG00000022191.16	Drosha	1456.17415615696	0.642106200156288	0.0911821058753666	7.04201985676838	1.89472817247335e-12	2.03417937977312e-11
ENSMUSG00000026223.15	Itm2c	4234.80342401005	-0.867997474698784	0.123269309211793	-7.04147269299166	1.9021849843247e-12	2.04112633439797e-11
ENSMUSG00000036067.12	Slc2a6	186.516456742484	1.47255842264808	0.209188122344048	7.03939786899657	1.93072337809156e-12	2.07067581363302e-11
ENSMUSG00000074365.13	Crxos	34.934295572289	8.57456002000138	1.21853994138058	7.0367492511461	1.96776499898365e-12	2.10930956571531e-11
ENSMUSG00000048277.15	Syngr2	1806.84878621178	0.701737348059566	0.0997637050113315	7.03399445700077	2.0070310088158e-12	2.15028648299577e-11
ENSMUSG00000048616.4	Nog	48.7544338738133	-2.42291716046998	0.344759213039624	-7.02785326346453	2.09735289639399e-12	2.24589278853902e-11
ENSMUSG00000041261.9	Car8	62.0298073535182	-2.15987189886585	0.307553109993893	-7.0227607157305	2.1752657630192e-12	2.32811923623239e-11
ENSMUSG00000027660.16	Skil	1514.50030647056	0.93112009287229	0.132711106726188	7.01614292761039	2.28076746700574e-12	2.43977290953756e-11
ENSMUSG00000038485.6	Socs7	532.926429893505	0.89591065044822	0.127726089858045	7.0143120441872	2.31083141621291e-12	2.47065596509251e-11
ENSMUSG00000025576.17	Rbfox3	36.8148958047185	8.65863837904669	1.23476962749488	7.01235128095392	2.34345908877679e-12	2.50424675676772e-11
ENSMUSG00000027613.15	Eif6	2058.53196800828	1.05157663301373	0.150002720637085	7.01038373535838	2.3766536896904e-12	2.53840839643455e-11
ENSMUSG00000054474.15	Thnsl2	117.391560917676	-1.44947211947105	0.20678911398079	-7.00942178032494	2.39305031778909e-12	2.55460281216691e-11
ENSMUSG00000045441.5	Gprin3	105.633429358489	1.73626016116856	0.247716394071677	7.00906440881814	2.39916997593843e-12	2.55981542948194e-11
ENSMUSG00000034826.14	Nup54	458.666592685653	0.83485964345786	0.119113530427071	7.0089404659953	2.40129596531809e-12	2.56076379114473e-11
ENSMUSG00000041722.7	Khdc1c	33.9153081795339	8.52843792454424	1.21692620529579	7.008180025568	2.41438029176407e-12	2.57339122859034e-11
ENSMUSG00000036275.13	9530068E07Rik	5687.15040973003	-0.622615295261475	0.0888690160522859	-7.00598839639633	2.4524824147108e-12	2.61265741132778e-11
ENSMUSG00000022814.6	Umps	846.899685180335	0.768499774324163	0.109709278092773	7.00487495391502	2.47206522821831e-12	2.63216451434624e-11
ENSMUSG00000097814.5	Panct2	34.9055939585886	8.56494387642649	1.22400427707464	6.99747871543113	2.60609637741597e-12	2.77344930160067e-11
ENSMUSG00000022394.14	L3mbtl2	326.693180112595	1.02953813267199	0.147173855653739	6.99538738112711	2.64526997885455e-12	2.81369184441471e-11
ENSMUSG00000055652.14	Klhl25	283.642297972631	1.06080217349347	0.151680933315721	6.99364218233959	2.67840152209353e-12	2.84746959968228e-11
ENSMUSG00000060969.9	Irx1	206.623907747144	-1.45564009467193	0.208301960870654	-6.98812478090794	2.78584571226934e-12	2.96017558512644e-11
ENSMUSG00000064210.7	Ano6	2784.87936920664	-0.591730431268542	0.0847391741199384	-6.98296198203462	2.89020645003008e-12	3.06949119082466e-11
ENSMUSG00000056427.10	Slit3	2998.59743678686	-1.02638971899289	0.146989844376662	-6.98272539402629	2.89507960651947e-12	3.0730898859152e-11
ENSMUSG00000025925.14	Terf1	317.226287377439	1.23407194666813	0.176819117542933	6.97929027028701	2.96674951725745e-12	3.14593997221885e-11
ENSMUSG00000027931.12	Npr1	28.3110500198182	3.72948499899294	0.534362740282754	6.97931333501941	2.9662625447576e-12	3.14593997221885e-11
ENSMUSG00000038150.7	Ormdl3	873.035568453161	-0.831999113226563	0.119233314382522	-6.97790812521877	2.99607470710115e-12	3.17540964476634e-11
ENSMUSG00000059146.12	Ntrk3	35.6538331759011	-2.76880388052637	0.396818138134035	-6.97751341091958	3.00450147439847e-12	3.18271115755241e-11
ENSMUSG00000041729.15	Coro2b	131.270329382772	1.38940703519981	0.199202513158686	6.9748469191902	3.06204045759331e-12	3.2420038584002e-11
ENSMUSG00000021453.2	Gadd45g	692.221509297835	-0.990029809496134	0.141987395200887	-6.97265984840006	3.11003965247665e-12	3.29114063223999e-11
ENSMUSG00000050244.9	Heatr1	1290.70033885319	0.692662514120337	0.0993738225433619	6.97027140943574	3.16330119647126e-12	3.34579312548588e-11
ENSMUSG00000033174.17	Mgll	425.957916325078	-0.960267652773882	0.137767845356436	-6.97018705844935	3.16519846116595e-12	3.3460900381856e-11
ENSMUSG00000032519.11	Slc25a38	384.173141517329	0.991301329182392	0.142225059959654	6.96994840053927	3.17057252134526e-12	3.35006026642805e-11
ENSMUSG00000028214.13	Gem	371.505115904739	-0.926627036636029	0.132971813277094	-6.96859743278879	3.20116248821851e-12	3.38065624202219e-11
ENSMUSG00000043004.13	Gng2	382.120567416571	1.0837912104699	0.155595082529605	6.96545927319837	3.27334109846261e-12	3.4551191941396e-11
ENSMUSG00000050721.9	Plekho2	1121.91163330851	-0.809656878212147	0.116252943711065	-6.96461399054521	3.29305411842672e-12	3.47415531077037e-11
ENSMUSG00000002059.18	Rab34	1310.21412159363	-0.826407718913509	0.118789573238559	-6.95690451933754	3.47830521298425e-12	3.66772489065517e-11
ENSMUSG00000117406.1	Ntn3	140.097883134553	1.34303403257581	0.193103816724115	6.95498439833836	3.52601056483797e-12	3.71613506525363e-11
ENSMUSG00000032849.14	Abcc4	562.106435112094	0.801323416544437	0.115218118916977	6.9548385625168	3.52965995164386e-12	3.71808810885884e-11
ENSMUSG00000029174.18	Tbc1d1	747.137875922535	0.822954094509047	0.118350513977423	6.9535320705581	3.5625191617577e-12	3.75079268205609e-11
ENSMUSG00000025268.15	Maged2	2462.76675270665	-0.651716523970396	0.0937732070688611	-6.94992252415785	3.65486876037401e-12	3.84606652114802e-11
ENSMUSG00000029470.15	P2rx4	723.364717951812	-0.737451578266572	0.106111402867293	-6.94978634095394	3.6583985464619e-12	3.84782477201295e-11
ENSMUSG00000021994.15	Wnt5a	1666.62722169481	-0.821210363073337	0.118226355159539	-6.9460854304877	3.75561393988295e-12	3.94806769637569e-11
ENSMUSG00000056665.2	Them6	119.344773272046	1.81189859672123	0.260858598348446	6.94590329087394	3.76046321494422e-12	3.95115878609799e-11
ENSMUSG00000084883.2	Ccdc85c	190.145644066154	1.35878342236079	0.195678321599119	6.9439650302423	3.81244913422288e-12	4.0037485859604e-11
ENSMUSG00000031007.2	Atp6ap2	2385.45445582203	-0.656746216675801	0.0945932501593294	-6.94284439502397	3.84282636729343e-12	4.0336035992194e-11
ENSMUSG00000030970.16	Ctbp2	1091.14124121377	0.710932742233727	0.102422319979405	6.9411895998517	3.88811755082726e-12	4.07907476860484e-11
ENSMUSG00000020454.17	Eif4enif1	1357.7258631101	0.65564918627448	0.0944751633069083	6.93991058945899	3.92348181482018e-12	4.11409068312882e-11
ENSMUSG00000044340.7	Phlpp1	729.020990011213	0.757590007595548	0.109195294168111	6.9379364135345	3.97868710569147e-12	4.16986553927634e-11
ENSMUSG00000031586.17	Rbpms	282.933535134329	1.03887242121664	0.149782801751517	6.93585918455499	4.0375963178528e-12	4.2294638756698e-11
ENSMUSG00000024727.9	Trpm6	97.4475547068414	1.6476261594599	0.237655292896035	6.9328401626665	4.12474170563182e-12	4.31856492487977e-11
ENSMUSG00000039519.6	Cyp7b1	116.197605992001	-1.55316046480547	0.224095492255483	-6.93079744341653	4.18474886454573e-12	4.37917678196319e-11
ENSMUSG00000038065.13	Mturn	117.367450236308	-1.44595839458156	0.208669190330044	-6.92942926693941	4.22541829387076e-12	4.41950142823805e-11
ENSMUSG00000045822.4	Zswim3	120.643613115398	1.44557845121604	0.208744962721216	6.925093819613	4.35686679016176e-12	4.55468614593729e-11
ENSMUSG00000029076.14	Sdf4	3304.62360734834	-0.578170338031938	0.0835247591759695	-6.92214313140193	4.44861416077574e-12	4.6482516160473e-11
ENSMUSG00000035828.11	Pim3	340.049965047966	1.09727598425578	0.158561677484656	6.92018400449857	4.51057382606438e-12	4.71061390644332e-11
ENSMUSG00000046865.7	Fbl	884.923678996169	0.894653037529824	0.12929652666294	6.91938956614107	4.53593923864147e-12	4.73471539589712e-11
ENSMUSG00000031375.17	Bgn	55267.6769712272	-0.741746590139245	0.107200091804847	-6.91927196750503	4.53970587661007e-12	4.73625866632822e-11
ENSMUSG00000022519.14	Srl	132.089951430083	1.38801366681225	0.200627867932928	6.91834928573469	4.56936560860948e-12	4.76480094370819e-11
ENSMUSG00000026466.16	Tor1aip1	1017.5805727231	-0.692169810250965	0.10009849334053	-6.91488739891654	4.68235142248744e-12	4.88016072981206e-11
ENSMUSG00000036437.6	Npy1r	60.5635405036436	-1.95153500846278	0.282407642776848	-6.91034771323395	4.83467194097032e-12	5.03638019658503e-11
ENSMUSG00000037446.14	Tulp1	37.2234636030408	6.20654567618763	0.898657539068883	6.90646370431428	4.96883987600561e-12	5.173542082165e-11
ENSMUSG00000030873.9	Scnn1b	57.9803608947864	8.33636773795795	1.20734482721734	6.90471152071066	5.03055496049353e-12	5.23516627085246e-11
ENSMUSG00000039131.15	Gipc2	55.2645344192475	2.53601735818971	0.367308659070781	6.90432227926598	5.04436640829758e-12	5.24690152187696e-11
ENSMUSG00000002668.8	Dennd1c	57.6678282702124	8.32507517013261	1.20587285351602	6.90377525778013	5.06383920495052e-12	5.26451068323811e-11
ENSMUSG00000033308.16	Dpyd	56.8316724670667	-2.03238143651524	0.294446091150288	-6.9023889180376	5.11352054139186e-12	5.3134920525236e-11
ENSMUSG00000044783.16	Hjurp	1587.68403043817	0.611620013554186	0.0886160657719202	6.90190890586784	5.13083352275491e-12	5.328806978801e-11
ENSMUSG00000027499.12	Pkia	219.601300834333	-1.22179848323805	0.177171906096875	-6.89611863502776	5.34425701563791e-12	5.54768184386605e-11
ENSMUSG00000107881.1	Gm44250	553.45594976811	-1.09334676538538	0.158650875676994	-6.89152682403961	5.51967107281744e-12	5.72690082888462e-11
ENSMUSG00000063317.7	Usp31	841.80677133986	0.776831998227651	0.11275931410633	6.88929339792822	5.60701910023105e-12	5.81461364507427e-11
ENSMUSG00000021553.14	Slc28a3	32.0688882613468	8.44777095257732	1.22646536244573	6.88790014887285	5.66219295726491e-12	5.86888993602535e-11
ENSMUSG00000051331.16	Cacna1c	1366.3873829093	0.733678026245766	0.106529868010923	6.88706406892893	5.69555754772824e-12	5.90051780182316e-11
ENSMUSG00000048012.19	Zfp473	45.7846895129696	2.48360591833167	0.360658620926615	6.88630681266045	5.72594285387657e-12	5.92902907115513e-11
ENSMUSG00000033191.14	Tie1	30.9467263635901	8.40152688728393	1.22032775045731	6.88464790228321	5.79306384660245e-12	5.9955314280412e-11
ENSMUSG00000110691.1	Gm5363	31.5721078120743	8.4200615350832	1.2230405581503	6.88453173443201	5.79779288633355e-12	5.99742703419381e-11
ENSMUSG00000032202.11	Rab27a	121.398842511601	1.51530410183977	0.220271709742299	6.87924973939031	6.01685985440663e-12	6.22092817814e-11
ENSMUSG00000005103.12	Wdr1	5691.28737999497	-0.574855589953398	0.0835781982071371	-6.87805674547681	6.06745033036034e-12	6.26839101691885e-11
ENSMUSG00000037204.7	Atg101	466.296314848652	0.954279976108386	0.13874332268813	6.87802452485182	6.06882245417913e-12	6.26839101691885e-11
ENSMUSG00000020891.11	Alox8	31.268370224106	5.53604843585088	0.805002799227427	6.87705488870835	6.11025724890844e-12	6.30804063816239e-11
ENSMUSG00000026637.13	Traf5	103.391494638914	-1.49399154474927	0.217250473192714	-6.87681606761803	6.12050510482082e-12	6.31547034719272e-11
ENSMUSG00000025855.13	Prkar1b	384.828205354054	-0.862601735072654	0.125446950057332	-6.87622723931053	6.14584385294583e-12	6.33845649786377e-11
ENSMUSG00000028702.15	Rad54l	149.378387532068	1.37221728252406	0.199725422896724	6.87051884843734	6.39688107518852e-12	6.59407576570354e-11
ENSMUSG00000015149.14	Sirt2	1220.72136601125	-0.631584499851121	0.0919483138480106	-6.86890790509896	6.46952528961207e-12	6.66563981929718e-11
ENSMUSG00000015837.15	Sqstm1	6782.6387180991	-0.733311367640733	0.106812468483376	-6.86540979768541	6.63006479239821e-12	6.82764732029107e-11
ENSMUSG00000025746.11	Il6	106.252497486308	-1.73664185170742	0.253042257381912	-6.86305073972817	6.74052708671863e-12	6.93794978458423e-11
ENSMUSG00000021223.13	Papln	27.1190665207935	3.93981318482396	0.574315815092393	6.86001165437197	6.88549304046098e-12	7.08363918710248e-11
ENSMUSG00000021109.13	Hif1a	5565.7473310522	-0.719281822856575	0.104905099421362	-6.85650008268431	7.05680399429013e-12	7.25627351603633e-11
ENSMUSG00000000782.16	Tcf7	160.543228645366	1.24179766105118	0.181162451074809	6.8546084118634	7.15081248207919e-12	7.3492883598092e-11
ENSMUSG00000108405.1	Ywhaq-ps1	30.2882438777336	8.37063767573798	1.22126594677622	6.85406622352321	7.17798261857936e-12	7.37355147503594e-11
ENSMUSG00000022377.16	Asap1	3838.21480286283	-0.629939398211934	0.0919200001542527	-6.85312660090102	7.22530875044305e-12	7.41848540800698e-11
ENSMUSG00000052926.16	Rnaseh2a	430.459862986968	0.919385430851786	0.134179718663284	6.8518956516739	7.28777109561526e-12	7.47890797759744e-11
ENSMUSG00000056025.12	Clca3a1	138.3778257616	-1.37481100132451	0.200675561026349	-6.8509139543105	7.33796459474061e-12	7.5266862807996e-11
ENSMUSG00000036817.14	Sun1	1957.41956972342	0.651816369711235	0.0952134202887327	6.84584555133736	7.60254681266763e-12	7.79421082097114e-11
ENSMUSG00000006678.6	Pola1	557.374148510264	1.02638944917737	0.149939777930818	6.84534459995629	7.62919971490389e-12	7.81766360885126e-11
ENSMUSG00000024617.16	Camk2a	217.502607197575	-1.17649680587711	0.171941682372556	-6.84241767117254	7.78676585438151e-12	7.97517399405457e-11
ENSMUSG00000001036.17	Epn2	1225.23214409857	0.677662316535558	0.0991337458322949	6.83583890476572	8.15265181037523e-12	8.34578337403348e-11
ENSMUSG00000032046.15	Abhd12	853.494069742817	-0.684652902320158	0.100194276965744	-6.83325358547413	8.30100269689422e-12	8.49344808813709e-11
ENSMUSG00000033257.14	Ttll4	962.317224488531	0.693303366722342	0.101463066138614	6.83306145878917	8.31213230178729e-12	8.50063372108177e-11
ENSMUSG00000048249.14	Crebrf	650.152496871474	-0.800390094275638	0.117152824253832	-6.83201706295579	8.37288879934564e-12	8.55853951889656e-11
ENSMUSG00000039706.11	Ldb2	70.7607271370868	-1.77319375605033	0.259625282595916	-6.82981926228713	8.50216803020142e-12	8.68639565928624e-11
ENSMUSG00000027018.11	Hat1	647.526753365023	0.893913031112795	0.130894696093309	6.82925326841022	8.53577641399914e-12	8.71642999473943e-11
ENSMUSG00000007805.4	Twist2	257.475210606719	-1.1560555942537	0.169446364974434	-6.82254585058896	8.94410690830924e-12	9.12889886070478e-11
ENSMUSG00000032265.14	Tent5a	219.963247471526	-1.03536443203389	0.151763134406016	-6.8222393803752	8.96321428990631e-12	9.14389219254661e-11
ENSMUSG00000027353.14	Mcm8	163.488568273171	1.41062483440731	0.206857367897279	6.81931153212679	9.14778356685152e-12	9.32758483006205e-11
ENSMUSG00000039234.11	Sec24d	2632.04591543553	-0.753108397064565	0.110457536092663	-6.81808071866443	9.22648013218954e-12	9.40319607366771e-11
ENSMUSG00000058740.14	Kcnt1	49.167353970538	7.2043399807309	1.05801179302812	6.80931916657703	9.80617082372285e-12	9.98907135237398e-11
ENSMUSG00000056708.5	Ier5	1135.52603053306	-0.743106800987791	0.109134135708767	-6.80911427173281	9.82014561791299e-12	9.99838633276837e-11
ENSMUSG00000036862.15	Dchs1	466.004197042255	1.40448021961411	0.20628484195429	6.80845090850314	9.86552409111914e-12	1.00396501062967e-10
ENSMUSG00000032224.15	Fam81a	70.9475392830966	1.7824651255656	0.261927076293373	6.80519612859398	1.00911664411789e-11	1.02642287059441e-10
ENSMUSG00000044066.14	Cep68	445.877012622772	0.794814087439164	0.116805338839404	6.80460409889272	1.01327497631043e-11	1.03014630327356e-10
ENSMUSG00000034173.13	Zbed5	170.41040776912	1.46956840333078	0.215970404692526	6.8044897421153	1.01408013427398e-11	1.03045874812651e-10
ENSMUSG00000024947.17	Men1	920.489617304146	0.986216440303243	0.145017416557015	6.80067583410235	1.04129491417695e-11	1.05759388756373e-10
ENSMUSG00000040624.18	Plekhg1	349.225449343666	0.905769025841821	0.133220911361703	6.79900037151524	1.05347546089607e-11	1.06944034159332e-10
ENSMUSG00000007891.16	Ctsd	14889.3206961898	-0.78335754113262	0.115230660875072	-6.79816929959206	1.05956900063536e-11	1.07509895804664e-10
ENSMUSG00000036875.15	Dna2	137.059678849552	1.39579596384981	0.20537996928817	6.7961640499194	1.07441430215605e-11	1.08935514225353e-10
ENSMUSG00000066148.3	Prpf4	573.127218465546	0.741435164805787	0.109096679841384	6.7961295053503	1.0746718201274e-11	1.08935514225353e-10
ENSMUSG00000039005.13	Tlr4	493.430132207243	-0.993189902292169	0.146143762993225	-6.79597871267494	1.07579663626646e-11	1.08996155526576e-10
ENSMUSG00000019256.17	Ahr	2367.77296043802	-0.604567383049903	0.0889918390738634	-6.79351488115794	1.09433943941629e-11	1.10768237433468e-10
ENSMUSG00000082361.6	Btc	81.2382044148364	1.71142498496845	0.251920487740712	6.79351250990717	1.09435743539032e-11	1.10768237433468e-10
ENSMUSG00000024843.15	Chka	644.862376757482	-0.747011571929667	0.109965858967919	-6.79312269226759	1.09731979673387e-11	1.11013795076219e-10
ENSMUSG00000028677.19	Rnf220	728.045370053871	0.870246673289472	0.128125755086142	6.79212912895133	1.10490580594675e-11	1.117266501089e-10
ENSMUSG00000039497.8	Dse	1687.79356920152	-0.728806326888438	0.107320093192039	-6.79095875908634	1.11390767741596e-11	1.12581909252114e-10
ENSMUSG00000047044.7	D030056L22Rik	325.07139501371	0.935385898073599	0.137742948667027	6.79080785713944	1.11507355214954e-11	1.12644741122222e-10
ENSMUSG00000025283.15	Sat1	3233.59305221073	0.710960693362863	0.104725446731777	6.78880554392644	1.13065713233927e-11	1.14134223117833e-10
ENSMUSG00000029103.16	Lrpap1	2546.6966387822	0.629718205365916	0.0927587808941616	6.78877190165348	1.13092077692002e-11	1.14134223117833e-10
ENSMUSG00000018401.17	Mtmr4	1241.02224176048	0.676781415060456	0.0997453724006527	6.78509086458658	1.16013471235204e-11	1.17025479585647e-10
ENSMUSG00000028530.14	Jak1	5594.99892974	-0.624397090907542	0.0920615748382579	-6.78238550670613	1.18207535444511e-11	1.19180602833216e-10
ENSMUSG00000029763.17	Exoc4	4404.78746239648	-0.581848892084339	0.0857949726029779	-6.7818529971084	1.18644167235655e-11	1.19562590925551e-10
ENSMUSG00000004846.10	Plod3	3698.50716145093	-0.714270661634784	0.10532304598589	-6.78171291903647	1.18759286594457e-11	1.19620363660276e-10
ENSMUSG00000070777.5	Ceacam20	28.7088963437522	8.29134488418875	1.22306937684082	6.7791288386316	1.20902675431286e-11	1.21720062196118e-10
ENSMUSG00000046093.9	Hpcal4	29.0275013659345	8.30049069711135	1.22477017789077	6.77718223953326	1.22542278555306e-11	1.23310774128161e-10
ENSMUSG00000038515.10	Grtp1	117.440546025659	1.46426985834907	0.216075648110818	6.77665378376232	1.2299113824584e-11	1.23702311494201e-10
ENSMUSG00000017716.15	Birc5	487.399304718945	0.918420673766097	0.135567255015	6.77464977560013	1.24707982429536e-11	1.25368165532247e-10
ENSMUSG00000029462.18	Vps29	1378.36764987744	-0.600331275194867	0.0887497671913403	-6.76431380265574	1.33942492737654e-11	1.34586196950325e-10
ENSMUSG00000036915.17	Kirrel2	28.5517029598885	8.2885068275191	1.22539660417945	6.76393813990474	1.34290440223221e-11	1.34870345569164e-10
ENSMUSG00000040370.13	Etfrf1	356.022479109931	-0.907029557185412	0.13417481918625	-6.76005798022616	1.37936529122278e-11	1.38464995940933e-10
ENSMUSG00000021485.14	Mxd3	114.735553254578	1.50166144322615	0.222144642030425	6.75983642684699	1.3814761818051e-11	1.38609672744468e-10
ENSMUSG00000025401.9	Myo1a	38.1865242136443	2.73667030769509	0.405043947866532	6.75647746895078	1.41386955208604e-11	1.41791113656148e-10
ENSMUSG00000056220.14	Pla2g4a	1754.23376502221	-0.738190878017369	0.109260589315119	-6.75624104395362	1.41617742276411e-11	1.41953784376728e-10
ENSMUSG00000026972.15	Arrdc1	285.620231252996	1.00156388361648	0.148283962564136	6.75436416924242	1.43462997279684e-11	1.4373381319904e-10
ENSMUSG00000031391.18	L1cam	114.823203954623	-1.45992095135818	0.216199529657651	-6.75265553847388	1.45163305703326e-11	1.45366969750999e-10
ENSMUSG00000034993.7	Vat1	6569.31074986419	-0.723268136203114	0.107122922264767	-6.75175882912785	1.460635281767e-11	1.46197725808971e-10
ENSMUSG00000040254.11	Sema3d	277.351684503402	-1.07646103376207	0.159471190583293	-6.75019124034081	1.47650409750238e-11	1.47714636608031e-10
ENSMUSG00000029191.16	Rfc1	1502.6351737073	0.806187375118201	0.11943963514839	6.7497474696453	1.48102700296035e-11	1.48095545576214e-10
ENSMUSG00000021476.9	Habp4	567.061651062208	-0.828413891362505	0.122759563662132	-6.74826357026265	1.49624965134841e-11	1.49545492676296e-10
ENSMUSG00000052040.10	Klf13	1232.80531899533	0.77009965546541	0.114129949167148	6.74756854870377	1.50343215183635e-11	1.50190840303381e-10
ENSMUSG00000032507.15	Fbxl2	199.536381954212	-1.07846026502566	0.159833474424197	-6.74739924731558	1.50518685631806e-11	1.50293597389906e-10
ENSMUSG00000042031.4	Lce3b	28.3791154623889	8.27205263556789	1.22690112667719	6.74223248777272	1.55971240237081e-11	1.55662907505658e-10
ENSMUSG00000034295.10	Fhod3	182.722246806869	1.2134613471961	0.18000255305477	6.74135631191231	1.5691486817885e-11	1.56529197900435e-10
ENSMUSG00000038936.13	Sccpdh	608.770692624152	-0.748650513513681	0.111057229501586	-6.74112362494137	1.57166406563187e-11	1.56704597757775e-10
ENSMUSG00000020263.14	Appl2	805.298337820292	-0.777248676993474	0.115303881265844	-6.7408717595677	1.57439122155181e-11	1.56900933533466e-10
ENSMUSG00000019796.12	Lrp11	483.317659931971	-0.784789986724144	0.116448488810697	-6.73937459162677	1.5906982122464e-11	1.58449770429683e-10
ENSMUSG00000004040.16	Stat3	4867.45142736966	-0.732861449970118	0.108844228262384	-6.73312183539445	1.66060895520129e-11	1.65334029647482e-10
ENSMUSG00000024420.9	Zfp521	1325.73790965435	-1.0137329379533	0.150566903101235	-6.73277404976381	1.66458457993723e-11	1.65650174135196e-10
ENSMUSG00000062054.7	Iah1	300.564306726522	-0.94447861825128	0.140310427595965	-6.73135015289799	1.68095892412343e-11	1.67199273284146e-10
ENSMUSG00000070604.5	Vsig10l	178.346508116042	1.23453556260802	0.183425873312354	6.73043306440057	1.6915885393565e-11	1.68175750125553e-10
ENSMUSG00000020273.13	Papolg	352.506196480393	0.925218517838778	0.137490520359091	6.72932588677631	1.70450912920145e-11	1.69378946065006e-10
ENSMUSG00000021670.14	Hmgcr	2669.57977394704	0.755256954899101	0.112270628440209	6.7271107803705	1.73064982144049e-11	1.7189405304221e-10
ENSMUSG00000070708.5	Gtsf1l	28.2876603242193	8.27513471726655	1.23023770559091	6.72645187158509	1.73850114245148e-11	1.72591055863804e-10
ENSMUSG00000036273.15	Lrrk2	827.164466747814	-0.750104103055349	0.11151697064807	-6.72636728469394	1.73951157226854e-11	1.72608581181143e-10
ENSMUSG00000022483.17	Col2a1	458.463666043151	-1.0359658123328	0.154040854852913	-6.72526657503947	1.75271260849621e-11	1.73835161874763e-10
ENSMUSG00000021701.8	Plk2	4239.22329006201	-0.556716563366769	0.0827823611729672	-6.72506262781697	1.75516933864242e-11	1.73916322783657e-10
ENSMUSG00000028789.16	Azin2	753.856109906892	-1.13996929529355	0.16951067212626	-6.7250591422612	1.75521135463095e-11	1.73916322783657e-10
ENSMUSG00000073755.4	5730409E04Rik	513.253427903987	-0.834534449683734	0.124098596078935	-6.72476946598908	1.75870664811046e-11	1.74179277077696e-10
ENSMUSG00000004661.15	Arid3b	121.73132052529	1.5391171678624	0.228891259101288	6.72422867481067	1.76525019442692e-11	1.74743729193892e-10
ENSMUSG00000052684.4	Jun	2556.30563369441	0.83702022678002	0.124510080773676	6.72250970828208	1.78620832624013e-11	1.76733872585298e-10
ENSMUSG00000020311.17	Erlec1	1183.72211811381	-0.76829103129801	0.11429814380057	-6.72181547093662	1.7947415671893e-11	1.77493338266848e-10
ENSMUSG00000038264.8	Sema7a	124.670551152219	1.39642375046942	0.207775011206523	6.72084550668802	1.80673079503195e-11	1.7859369974387e-10
ENSMUSG00000051220.2	Ercc6l	309.226623873387	1.12757529337702	0.167774963475717	6.72076017790476	1.80778924528773e-11	1.78613029060672e-10
ENSMUSG00000037855.15	Zfp365	666.515392356222	-0.792100618789117	0.117892921272009	-6.71881407503289	1.83209494724621e-11	1.80928116951571e-10
ENSMUSG00000031246.14	Sh3bgrl	4694.22470033822	-0.957140613343637	0.142487178195798	-6.71738064760036	1.850201986162e-11	1.8262914120919e-10
ENSMUSG00000026447.17	Pik3c2b	124.51443708496	1.308733635979	0.19489261216908	6.71515262386448	1.87869474581737e-11	1.85353205641915e-10
ENSMUSG00000032679.12	Cd59a	176.599597761886	-1.25151678201119	0.186394222537719	-6.71435393743457	1.88901288228266e-11	1.86282409006045e-10
ENSMUSG00000026463.17	Atp2b4	1505.6890347967	0.639902187153312	0.0953218838815886	6.71306693799942	1.90575633469395e-11	1.87844049389667e-10
ENSMUSG00000024726.10	Carnmt1	208.716121740763	1.11897625494413	0.166736009958192	6.71106532550886	1.93208581528882e-11	1.90348616328716e-10
ENSMUSG00000005470.8	Asf1b	227.051465680422	1.05285549213937	0.156889739723116	6.71079889607491	1.93561721405714e-11	1.90605807391859e-10
ENSMUSG00000057337.13	Chst3	66.8448643041423	1.9110682818739	0.284846685884681	6.70911187166695	1.95812509553515e-11	1.92730534248607e-10
ENSMUSG00000027331.15	Knstrn	343.978734111501	0.895377850427793	0.133463429221599	6.70878798521754	1.96247553994067e-11	1.93066925861369e-10
ENSMUSG00000041583.8	Obox6	29.0673788388158	8.31971993846702	1.24020642310581	6.70833482512709	1.9685782757743e-11	1.93575305131839e-10
ENSMUSG00000047330.8	Kcne4	147.886978494353	-1.52707557272346	0.227743238759962	-6.70525097051497	2.01060505109666e-11	1.97614026365858e-10
ENSMUSG00000034744.13	Nagk	552.748048208168	-0.783200602549157	0.116807166640299	-6.70507319949793	2.01305431236786e-11	1.97760850553879e-10
ENSMUSG00000061306.16	Slc38a10	3931.8615304526	-0.652548471220279	0.0973264641735956	-6.70473829251997	2.01767647122406e-11	1.98120897902594e-10
ENSMUSG00000051413.17	Plagl2	507.838260371031	0.776616285750564	0.115855065207966	6.70334339164624	2.03703996988138e-11	1.99927407949619e-10
ENSMUSG00000031751.14	Amfr	2456.2155596273	-0.645323100933333	0.0963392681248978	-6.69844304916986	2.10651786988275e-11	2.06648404685796e-10
ENSMUSG00000070044.15	Fam149a	635.337745483954	-0.713277113639936	0.106505356621943	-6.69710084321694	2.12594922364715e-11	2.0845581705482e-10
ENSMUSG00000059970.7	Hspa2	214.607427746973	-1.13222344386951	0.169086978640158	-6.69610074634455	2.14054179025873e-11	2.09787284642828e-10
ENSMUSG00000020841.5	Cpd	2414.80496395277	-0.654408302602409	0.0977399691580556	-6.69540115716799	2.15080784866419e-11	2.106793584348e-10
ENSMUSG00000050953.10	Gja1	6602.60590333302	-0.587129483094089	0.0876922331700899	-6.69534190052247	2.15167961607404e-11	2.106793584348e-10
ENSMUSG00000007613.15	Tgfbr1	878.846037154255	-0.729969896652706	0.109070087600722	-6.69266810644675	2.19137777027505e-11	2.14464910009094e-10
ENSMUSG00000024589.18	Nedd4l	1045.82480504887	0.742741368912897	0.110981973806443	6.69245052541834	2.19463959152362e-11	2.14682631875933e-10
ENSMUSG00000025078.9	Nhlrc2	1116.86791790044	0.633119635910823	0.0947049558944302	6.68517956564571	2.30641660805807e-11	2.2551023793195e-10
ENSMUSG00000029603.15	Dtx1	27.7934004580044	3.58073926022665	0.535687736715201	6.68437788436877	2.31907687343823e-11	2.26641039675628e-10
ENSMUSG00000024970.5	Spindoc	488.525166194312	0.819574568961123	0.122637998186795	6.68287627879242	2.34297376069773e-11	2.28868399587929e-10
ENSMUSG00000030824.17	Nucb1	5286.23642442488	-0.637461317956303	0.0953996755362397	-6.68200719104279	2.35691457882483e-11	2.3012157956177e-10
ENSMUSG00000005813.12	Metap1	1287.65527583155	0.638584092023129	0.0955968332890745	6.67997118787523	2.38989231217328e-11	2.33231404854666e-10
ENSMUSG00000073155.12	Stmp1	1008.81608657269	-0.687023524896379	0.10287468228713	-6.67825658969088	2.41801418317197e-11	2.35864635143622e-10
ENSMUSG00000072620.3	Slfn2	48.5859009027261	-2.39226672463475	0.358256931907242	-6.67751692032616	2.43024560145666e-11	2.36946084336088e-10
ENSMUSG00000025352.6	Gdf11	522.020352665625	-0.788794290411603	0.118140233847285	-6.67676256195026	2.4427823024018e-11	2.380562659012e-10
ENSMUSG00000058301.8	Upf1	1270.5733819558	0.804547736927184	0.120618692119281	6.67017460387944	2.55499266884952e-11	2.48874321188312e-10
ENSMUSG00000040147.14	Maob	118.449148367221	-1.42670077000061	0.213921225383119	-6.66928102831068	2.57059604287888e-11	2.50276422820085e-10
ENSMUSG00000041741.10	Pde3a	425.602991885621	-0.944477519660669	0.141672629985199	-6.66661951401159	2.61762541451172e-11	2.54735441725332e-10
ENSMUSG00000038279.10	Nop2	1518.84114803359	0.663173113130124	0.0994893362652711	6.6657708054448	2.63279856729879e-11	2.56091623799425e-10
ENSMUSG00000033581.17	Igf2bp2	2784.7761003794	0.635658952014757	0.0953667962041028	6.66541162454832	2.63924587513232e-11	2.5659816988898e-10
ENSMUSG00000031097.15	Tnni2	38.5472519639169	2.492518793514	0.37397421281974	6.66494829876257	2.64758541686452e-11	2.5728812461821e-10
ENSMUSG00000035776.14	Cd99l2	1102.80050132381	-0.672896035770954	0.100961866613308	-6.66485335842889	2.64929745834697e-11	2.57333684140422e-10
ENSMUSG00000032033.11	Barx2	57.4898734307899	2.11284562856052	0.317114756152747	6.66271621728889	2.68812415629001e-11	2.60982560558381e-10
ENSMUSG00000043556.10	Fbxl7	253.973370653524	-1.09175434937636	0.163884954946161	-6.66171186815175	2.70656260752584e-11	2.62649504984422e-10
ENSMUSG00000024098.6	Twsg1	3079.17186380435	-0.653647829460983	0.098152691751527	-6.65949978341591	2.74761109210085e-11	2.66507975611038e-10
ENSMUSG00000022322.8	Shcbp1	323.898377249814	1.08214316668697	0.162505505654537	6.65911694701255	2.75477677564489e-11	2.67077866412523e-10
ENSMUSG00000030790.15	Adm	434.539161050584	-1.05114293571922	0.15786749233935	-6.65838748777802	2.76848098846773e-11	2.6828084260437e-10
ENSMUSG00000054277.8	Arfgap3	1083.49246140173	-0.710979756563265	0.106823027049939	-6.6556788007036	2.81995498784214e-11	2.73141077647845e-10
ENSMUSG00000060791.15	Gmfg	25.9077391410331	4.64701381982194	0.698246203666472	6.65526542847006	2.82789237100471e-11	2.73781778238664e-10
ENSMUSG00000031609.3	Sap30	260.258698167443	0.970606864563911	0.145871147639321	6.65386459400335	2.85495350616509e-11	2.76272476036051e-10
ENSMUSG00000021700.10	Rab3c	45.1957025002397	-2.50622113868226	0.376737938400271	-6.65242568700231	2.88301398307715e-11	2.78857506708943e-10
ENSMUSG00000063052.9	Lrrc40	632.656432837772	0.893033067165989	0.134329598206388	6.64807368658923	2.96953643485134e-11	2.87092174988267e-10
ENSMUSG00000046070.9	Igfals	24.5170312232575	4.32601260957256	0.650839645666554	6.64681790418913	2.99497174854902e-11	2.89416060799329e-10
ENSMUSG00000100301.6	NA	47.15854165032	7.13079436066398	1.07290022527887	6.6462791158521	3.00594992302929e-11	2.90341378706408e-10
ENSMUSG00000028906.17	Epb41	890.755998974022	0.673276845899501	0.101336314279976	6.64398395267608	3.05315830829786e-11	2.94763637236275e-10
ENSMUSG00000082956.4	Naip3	26.9188081145275	8.18896070786018	1.23315850059969	6.6406392234882	3.12325663218717e-11	3.01390624846817e-10
ENSMUSG00000032714.6	Syde1	876.223648400673	-0.770493350144651	0.116062277186928	-6.63861996179608	3.16633596529905e-11	3.05405350166472e-10
ENSMUSG00000047714.14	Ppp1r2	1158.11192395835	0.648696366284009	0.0977590076853104	6.63566848358552	3.23035143148883e-11	3.11434766094025e-10
ENSMUSG00000004885.5	Crabp2	2287.60963840229	0.641826559141964	0.0967337512178791	6.63498056326111	3.2454529831542e-11	3.12745024666242e-10
ENSMUSG00000033294.11	Noc4l	583.1703195914	0.904787725065319	0.136374648424631	6.63457420801607	3.25440592318681e-11	3.13461834360371e-10
ENSMUSG00000027288.16	Zfp106	5481.29337647775	0.585434146179232	0.0882730528611034	6.63208224032317	3.30984067955699e-11	3.18652987098373e-10
ENSMUSG00000025650.13	Col7a1	872.766298081377	0.77709979426795	0.11717448746404	6.63198799573529	3.3119552208484e-11	3.18708326900702e-10
ENSMUSG00000014030.15	Pax5	47.0081202169616	8.02848551139734	1.21066091498981	6.63148980196897	3.32315504989905e-11	3.19637483168496e-10
ENSMUSG00000021023.14	Prorp	297.436681205421	1.02981838717411	0.15533371301467	6.62971590125357	3.36333564344567e-11	3.23351994815058e-10
ENSMUSG00000039450.11	Dcxr	768.141544068735	-1.04889879985353	0.158242174009854	-6.62844027779985	3.39252325816509e-11	3.26006680226366e-10
ENSMUSG00000028351.5	Brinp1	87.0995141120139	-1.55397678781306	0.234563290376003	-6.62497863720298	3.47298401854733e-11	3.33583741066874e-10
ENSMUSG00000039193.9	Nlrc4	37.6474343595061	3.13575949422935	0.473372543859558	6.62429525097189	3.48908762253575e-11	3.34975068176565e-10
ENSMUSG00000006715.11	Gmnn	200.427325615675	1.34071679154016	0.20242339789361	6.62332914816901	3.51197801503162e-11	3.37016378920442e-10
ENSMUSG00000001018.15	Snapin	1052.53709744014	-0.623021394796791	0.0940713682041066	-6.62285886439987	3.52317381779657e-11	3.37934081809875e-10
ENSMUSG00000038074.16	Fkbp14	1159.59715865355	-0.697939045287174	0.105412525757679	-6.62102572982254	3.56714868022318e-11	3.41835233944164e-10
ENSMUSG00000041130.10	Zfp598	1147.77255776351	0.843948775345125	0.127464244445885	6.62106286365997	3.56625257351726e-11	3.41835233944164e-10
ENSMUSG00000034116.17	Vav1	43.5516387780487	7.02268221305602	1.06082896027399	6.61999481164444	3.59211476474573e-11	3.44068410529717e-10
ENSMUSG00000038534.19	Osbpl7	292.047317771339	0.982734331442926	0.148454485259423	6.61976854202555	3.59761725116974e-11	3.44436075309724e-10
ENSMUSG00000021796.15	Bmpr1a	2968.88623066657	-0.618904273370625	0.0935502229473407	-6.6157434356838	3.6968906577157e-11	3.53776882681725e-10
ENSMUSG00000021756.12	Il6st	11307.6980297942	-0.757179956884429	0.114480543612765	-6.61404927850113	3.73947166246205e-11	3.57686339839658e-10
ENSMUSG00000034255.17	Arhgap27	174.246773057496	1.11173120622494	0.168100929640296	6.61347446801056	3.75402772136697e-11	3.58912793554618e-10
ENSMUSG00000062604.11	Srpk2	1567.53954045928	-0.616722127711435	0.0932640952328489	-6.61264258417656	3.77519193876786e-11	3.60769611913924e-10
ENSMUSG00000034902.17	Pip5k1c	2022.89645622423	0.795792160027178	0.120422226656147	6.60834948933037	3.88628368654873e-11	3.71214517895118e-10
ENSMUSG00000040325.16	Dcaf1	981.598474970508	0.65080569244654	0.0984928273677045	6.60764554983156	3.90480212809885e-11	3.72811343401836e-10
ENSMUSG00000020676.2	Ccl11	105.502119391118	-1.8064311523283	0.273458132899504	-6.60587832285158	3.95167364702013e-11	3.77112461132641e-10
ENSMUSG00000060301.6	2610008E11Rik	497.335819374903	-1.03567704187619	0.156830016997748	-6.60381897357736	4.00698783369405e-11	3.8221493626559e-10
ENSMUSG00000027848.12	Olfml3	1221.9683965995	-0.805461332017547	0.121993337895461	-6.60250261131281	4.04274152770366e-11	3.85447751644118e-10
ENSMUSG00000022407.10	Adsl	865.442405686986	0.846235123658853	0.128211609541759	6.60030029014832	4.10325793947187e-11	3.91037458973887e-10
ENSMUSG00000021048.7	Mthfd1	1197.00095843791	0.750382531492536	0.113742049553752	6.59723061468063	4.18908895872861e-11	3.99033374858369e-10
ENSMUSG00000035279.8	Ssc5d	1278.08571370689	-0.976592684248164	0.148086043158507	-6.59476520149066	4.25929403711406e-11	4.05534164094866e-10
ENSMUSG00000019302.16	Atp6v0a1	1477.27631853868	-0.60569981273087	0.0918718814324941	-6.592874808773	4.31390335141913e-11	4.1054476078632e-10
ENSMUSG00000021640.6	Naip1	45.5316623435035	7.98140970320417	1.21116392741567	6.58986741805839	4.40219512327211e-11	4.18754764966036e-10
ENSMUSG00000039660.16	Spout1	333.032544504972	0.975084880934278	0.147976430508906	6.58946075115383	4.41426904314131e-11	4.19710403876812e-10
ENSMUSG00000007097.14	Atp1a2	23.9855032293984	4.53048711419137	0.687607670487625	6.58876756127302	4.43492454088805e-11	4.214807303574e-10
ENSMUSG00000038495.14	Otud7b	1946.2299999539	0.651169926081927	0.0988899589382888	6.58479316882195	4.55519062694556e-11	4.32711752120909e-10
ENSMUSG00000021877.12	Arf4	7344.20123895898	-0.485360379065485	0.0737192284267408	-6.58390476167038	4.58250724612226e-11	4.35106960951765e-10
ENSMUSG00000028028.11	Alpk1	182.414562004498	-1.11608764486388	0.169574592235965	-6.58169145593954	4.65126056734995e-11	4.41432565261699e-10
ENSMUSG00000030616.16	Sytl2	436.251336624697	-0.793801487085499	0.120657265896333	-6.5789779106011	4.73693131210954e-11	4.49357200867807e-10
ENSMUSG00000024487.5	Yipf5	1491.54168368175	-0.584885986680215	0.0889212213714329	-6.57757482026801	4.78183254947397e-11	4.53408849938441e-10
ENSMUSG00000060002.14	Chpt1	512.873994353453	-1.12466978992954	0.171003902087591	-6.57686623638251	4.80466639269391e-11	4.5536533728192e-10
ENSMUSG00000047844.3	Bex4	26.7998398685761	8.18508385697774	1.24454710245523	6.5767569912222	4.8081962535209e-11	4.55491323806083e-10
ENSMUSG00000075701.9	Selenos	1018.67963731674	-0.658426261720669	0.100143796569471	-6.57480826846736	4.87159010754271e-11	4.61285652497834e-10
ENSMUSG00000044221.14	Grsf1	1742.89687521688	0.775030753046497	0.11789320896756	6.5740067628472	4.89790053691387e-11	4.63564898095932e-10
ENSMUSG00000040732.20	Erg	62.8125356430716	-1.92616527115625	0.293142368665377	-6.57075017823497	5.00623928962747e-11	4.73602134625224e-10
ENSMUSG00000026814.16	Eng	503.945662128152	1.0396748202584	0.158286440337149	6.56831259862754	5.08886239427762e-11	4.81198550475799e-10
ENSMUSG00000030657.11	Xylt1	351.94052465596	-1.0334057883815	0.15735459190188	-6.56736975954216	5.12117694779637e-11	4.84033066860443e-10
ENSMUSG00000090124.7	Ugt1a7c	133.691762465798	-1.21415240074203	0.184894722508031	-6.56672285867593	5.14346463928622e-11	4.85917729660363e-10
ENSMUSG00000052516.19	Robo2	586.980711137873	-0.791494930024113	0.120551133643776	-6.56563655687346	5.18110465940975e-11	4.89250389348187e-10
ENSMUSG00000035847.15	Ids	1947.86433605029	-0.762085919169911	0.116096263108993	-6.56425882075508	5.22923056354124e-11	4.93569737504515e-10
ENSMUSG00000027706.8	Sec62	3112.55368036688	-0.692975484805339	0.10557773277208	-6.56365188577527	5.25056999845704e-11	4.95358014576401e-10
ENSMUSG00000026452.15	Syt2	29.7618757956677	3.24246036165231	0.494105036198795	6.56228964310284	5.29877619932014e-11	4.99643075069109e-10
ENSMUSG00000026788.13	Zbtb43	465.831544655913	0.865626028563755	0.131910300990645	6.56223222949924	5.30081739625955e-11	4.99643075069109e-10
ENSMUSG00000030798.15	Cd37	25.9641670387189	5.25285504785216	0.80075381119168	6.55988766389369	5.38483283955555e-11	5.07331155876014e-10
ENSMUSG00000032238.17	Rora	521.047510077471	-0.823593125711268	0.125560391927297	-6.55933860248023	5.4046954281089e-11	5.08970840156624e-10
ENSMUSG00000022687.12	Boc	973.343394292283	-0.981207743644398	0.149603461297675	-6.55872354244552	5.42703066652639e-11	5.10841781566301e-10
ENSMUSG00000021754.17	Map3k1	209.418203346392	1.10092339690775	0.167874218549515	6.55802544559892	5.45249070449227e-11	5.13005023146752e-10
ENSMUSG00000020604.13	Arsg	125.400234585299	-1.25709713643037	0.191759418008534	-6.55559528437047	5.54203483000783e-11	5.21192998393149e-10
ENSMUSG00000031849.9	Comp	76.0612805521223	-1.79114164462323	0.273286098391888	-6.55408985368426	5.59822529656346e-11	5.26238262550259e-10
ENSMUSG00000029217.16	Tec	115.99629814108	-1.41888915613826	0.216502956487346	-6.55367104061318	5.61395640104319e-11	5.27477455947313e-10
ENSMUSG00000022636.13	Alcam	3025.07559683378	-0.709403951996343	0.10824798907613	-6.55350698013819	5.62013048231607e-11	5.27817971204448e-10
ENSMUSG00000078706.4	Gm53	418.626893343898	-0.945295998576281	0.144284686435675	-6.5516030975173	5.69226679214811e-11	5.3435025093276e-10
ENSMUSG00000029859.6	Epha1	153.465868894563	1.26285349212585	0.192757931882644	6.55149948846053	5.6962183187445e-11	5.34478798638678e-10
ENSMUSG00000000957.11	Mmp14	8591.03750133536	-0.678603255810422	0.103617738728253	-6.54910311824232	5.78836542660522e-11	5.42878912393753e-10
ENSMUSG00000067750.3	Khdc1a	43.9126103757424	7.93449117751063	1.21163570732216	6.54857819851369	5.8087438821258e-11	5.44543431232436e-10
ENSMUSG00000060733.13	Ipmk	462.316504488126	0.923826730397235	0.14112908369295	6.54596987540267	5.91104958413289e-11	5.53883274522258e-10
ENSMUSG00000026709.10	Dars2	312.911669761602	1.06138400154515	0.162371156580396	6.53677675209281	6.28587679407546e-11	5.88739202536507e-10
ENSMUSG00000036698.11	Ago2	4862.66124929627	0.622081287704127	0.0951682466775354	6.53664756283641	6.2913063912099e-11	5.88981234697664e-10
ENSMUSG00000040006.13	Ginm1	690.130597846694	-0.789586886512879	0.120796873952707	-6.53648443602941	6.29816887716698e-11	5.89357131955151e-10
ENSMUSG00000029769.16	Ccdc136	501.145046857565	-0.784493615371833	0.120043580324497	-6.53507345624997	6.35783290300451e-11	5.94671411022551e-10
ENSMUSG00000023868.17	Pde10a	276.111891262652	-1.0233261645835	0.15661582331376	-6.53398962462049	6.40403836667848e-11	5.98722629412275e-10
ENSMUSG00000035818.14	Plekhs1	24.730075747145	4.8404476258407	0.740818278835859	6.53392034743946	6.40700290435675e-11	5.98729359445961e-10
ENSMUSG00000022750.18	Klhl22	742.667647655814	-0.760932463048434	0.116519899730762	-6.53049363075915	6.55532756885936e-11	6.12313742544314e-10
ENSMUSG00000022680.14	Pdxdc1	2489.85813181364	-0.542898770346873	0.0831405846120161	-6.52988877670712	6.58185498156535e-11	6.14514281747502e-10
ENSMUSG00000025402.12	Nab2	695.34505794547	-1.09430753437529	0.16773949295642	-6.52385145017461	6.85245787173046e-11	6.39490646920419e-10
ENSMUSG00000028792.14	Ak2	1519.31304864377	0.645025688457763	0.0988786702076333	6.52340577703246	6.8728594121614e-11	6.411055293931e-10
ENSMUSG00000029998.14	Pcyox1	2687.56613060785	-0.558557178553721	0.0856371580528593	-6.52236939260586	6.92053185204926e-11	6.45261661286341e-10
ENSMUSG00000003348.10	Mob3a	880.196293200803	-0.750284697989431	0.115050759473913	-6.52133633380797	6.96837310217131e-11	6.49429783169041e-10
ENSMUSG00000028957.12	Per3	447.543712304999	-0.946691582556309	0.145295326747245	-6.51563683258145	7.23819060822742e-11	6.742723105297e-10
ENSMUSG00000117285.1	Gm49863	29.7433573480311	2.91671266924135	0.447712586799126	6.51469883858766	7.28356411999841e-11	6.78193853890451e-10
ENSMUSG00000058006.12	Mdn1	1932.23290567268	0.657418006834666	0.100917041454805	6.51443995342535	7.29613605405891e-11	6.79058993628441e-10
ENSMUSG00000021403.3	Serpinb9b	997.168238740715	0.824583188137585	0.126612550616802	6.51264968694313	7.38365730412312e-11	6.86895831631661e-10
ENSMUSG00000005142.10	Man2b1	1704.87380914989	-0.719650349665689	0.110541137036353	-6.51024920640197	7.50262316927582e-11	6.9764958212417e-10
ENSMUSG00000046861.9	Hectd3	490.410306244429	-0.788658597847112	0.121150398659631	-6.50974826804184	7.52768462668349e-11	6.99665667210245e-10
ENSMUSG00000047986.12	Palm3	76.8538912642677	1.65311303190961	0.253987466941717	6.50864017746575	7.58341249799472e-11	7.04528973500865e-10
ENSMUSG00000034755.18	Pcdh11x	45.4552095317747	-2.50478965904867	0.38491689968463	-6.50735174553492	7.64871744129113e-11	7.09958754786032e-10
ENSMUSG00000040466.16	Blvrb	197.265273131284	-1.0957353957345	0.168383218460843	-6.507390734958	7.64673319414425e-11	7.09958754786032e-10
ENSMUSG00000115092.1	E130202H07Rik	24.2197476347951	8.04690974765787	1.23699109125541	6.50522853765354	7.75753523074885e-11	7.19736538508608e-10
ENSMUSG00000045555.3	Mettl24	47.9636947627764	2.29252966608723	0.352496091988344	6.50370236207623	7.83668788090511e-11	7.2675449124935e-10
ENSMUSG00000023044.2	Csad	635.087907759689	-0.814511124231186	0.125276396383701	-6.50171259505638	7.94107087406843e-11	7.36104908295309e-10
ENSMUSG00000115483.1	Gm9732	23.6436310414988	8.00790149775749	1.23213531071519	6.49920623824123	8.0744905189522e-11	7.48137328790472e-10
ENSMUSG00000036466.17	Megf11	57.4542048020011	1.87038158861995	0.287825802359569	6.49831103843623	8.12267349610778e-11	7.5226496060821e-10
ENSMUSG00000016386.15	Mpped2	90.1295717268713	1.52128879936154	0.234177900183715	6.49629533003784	8.23219796778283e-11	7.62067378064118e-10
ENSMUSG00000034612.7	Chst11	940.401000280555	-0.71350853902992	0.109840177556805	-6.4958793303199	8.25498061068794e-11	7.63834795085515e-10
ENSMUSG00000003421.13	Nosip	850.096181848935	0.861447830192735	0.132664847699658	6.49341438316036	8.39124629890745e-11	7.76096546653643e-10
ENSMUSG00000074115.5	Saa1	24.0419268077071	8.04469425900503	1.23897625064424	6.49301732363473	8.41340100215878e-11	7.77798067635929e-10
ENSMUSG00000026556.15	Vangl2	244.743957575975	1.05104363353415	0.161970402198207	6.48910924014353	8.63453452178791e-11	7.97884955653964e-10
ENSMUSG00000005054.7	Cstb	1402.73752976549	-0.60091238108047	0.0926320285441132	-6.48709081000318	8.75095992238488e-11	8.08282549903814e-10
ENSMUSG00000003721.14	Insig2	813.113440774061	-0.656135120252235	0.10115183218539	-6.48663604085469	8.77740264860806e-11	8.10363324815068e-10
ENSMUSG00000039994.15	Timeless	282.935398498195	0.917327852113642	0.141425554606349	6.48629488968227	8.79729028345948e-11	8.1183732312674e-10
ENSMUSG00000031453.16	Rasa3	1504.32523258139	-0.655564537174858	0.101072765527922	-6.48606510122409	8.81071078030471e-11	8.12713468990763e-10
ENSMUSG00000039431.16	Mtmr7	82.3792148712298	1.58593087387872	0.244597072195774	6.48385060230543	8.94107601979391e-11	8.24371191686922e-10
ENSMUSG00000113101.1	Gm33424	24.5991479713485	8.07634862077774	1.24600397847548	6.48180002656119	9.06347186610751e-11	8.3528407905859e-10
ENSMUSG00000072980.3	Oip5	97.5686414446246	1.4440117652225	0.222793702864434	6.48138500620529	9.08844239988477e-11	8.37212591166956e-10
ENSMUSG00000030713.6	Klk7	23.3694198833501	7.99073922867209	1.23336871021896	6.47879191556067	9.24599090626542e-11	8.51346822814893e-10
ENSMUSG00000041889.7	Shisa4	814.035517450955	-0.875587545782784	0.135150722660826	-6.47860054718433	9.25772310707161e-11	8.52048068444976e-10
ENSMUSG00000006435.16	Neurl1a	306.096261869084	0.891979914901517	0.137686013982336	6.47836253735947	9.27233506010957e-11	8.53013615152035e-10
ENSMUSG00000025512.15	Chid1	973.26249526491	-0.616416158935181	0.0951655905168903	-6.47730083517716	9.33779041914763e-11	8.58653593451519e-10
ENSMUSG00000042524.14	Sun2	1277.20862381546	-0.797377983336953	0.12314022935879	-6.47536542273	9.45827552189621e-11	8.69346558737699e-10
ENSMUSG00000060461.5	Dppa5a	24.3867472027042	8.05958392772182	1.2446882762236	6.47518264747759	9.46973205108828e-11	8.70013243344324e-10
ENSMUSG00000037493.6	Cib2	87.1536726143399	-1.55845961226359	0.24072497535449	-6.47402543075813	9.54258302957703e-11	8.76317329765816e-10
ENSMUSG00000026393.10	Nek7	2038.87126191713	-0.706537780286047	0.109153979143458	-6.47285408951938	9.61688112329651e-11	8.82748657965031e-10
ENSMUSG00000028716.15	Pdzk1ip1	25.2908262084455	5.21817493311862	0.806265074769014	6.47203394567669	9.66923911054621e-11	8.87161260413103e-10
ENSMUSG00000061928.6	Dsg1b	41.7632057455377	7.85616462993267	1.21397932523461	6.47141550653212	9.70890447490574e-11	8.90405909286991e-10
ENSMUSG00000018921.11	Pelp1	873.612367321063	0.794964208182348	0.122916235976997	6.46752808417531	9.96190309739633e-11	9.13203862767966e-10
ENSMUSG00000044681.19	Cnpy1	23.0509960303848	7.97491921236834	1.2331348941498	6.46719126204497	9.98412490211728e-11	9.14835774010295e-10
ENSMUSG00000069808.13	Tlcd3a	350.199074777314	0.878046686493075	0.135818690577633	6.46484429174489	1.01403169542208e-10	9.28736374492991e-10
ENSMUSG00000026317.7	Cln8	696.024850977173	0.748684872101161	0.115811060449053	6.46470958126246	1.0149354131735e-10	9.29152946363484e-10
ENSMUSG00000046561.9	Arsj	228.875413892631	-1.02282170622033	0.158219765593696	-6.4645634025708	1.01591695724622e-10	9.29640366845244e-10
ENSMUSG00000104528.1	Gm43314	31.5052566278216	2.85416854366649	0.441557654810271	6.46386380707831	1.02062738473476e-10	9.33538057296724e-10
ENSMUSG00000018750.14	Zbtb4	1350.33782581155	-0.747506388280037	0.115674407862583	-6.4621587617552	1.03219719078057e-10	9.43703606535643e-10
ENSMUSG00000030493.13	Faap24	165.411444926269	1.21455841959169	0.187969936440706	6.46145039249301	1.03704153298612e-10	9.47714026105063e-10
ENSMUSG00000045330.8	Magec2	44.0110950588066	7.93596121593264	1.22853247105741	6.45970815008421	1.04905100284746e-10	9.58265962398038e-10
ENSMUSG00000057454.5	Lypd3	22.9937662337693	7.97187763543578	1.23415299288236	6.45939172972184	1.05124666429811e-10	9.59848024009994e-10
ENSMUSG00000046167.5	Gldn	176.55075772848	-1.12220313319638	0.1737607043423	-6.45832518603111	1.05868062244754e-10	9.66209444622645e-10
ENSMUSG00000020739.11	Nup85	921.20397914113	0.683888921301514	0.105911455350652	6.45717612922317	1.06674721758583e-10	9.73142382406749e-10
ENSMUSG00000037410.13	Tbc1d2b	1792.60606447825	-0.840717543303355	0.130201518858149	-6.45704866330548	1.06764574603843e-10	9.735330086894e-10
ENSMUSG00000034910.5	Pygo1	232.902068200917	-0.948760449880014	0.146988676885152	-6.45464990899482	1.08469359256796e-10	9.88642565942939e-10
ENSMUSG00000025351.14	Cd63	6355.74780491463	-0.675633908818811	0.104691691254147	-6.45355806869774	1.09254110870309e-10	9.95356884200934e-10
ENSMUSG00000022415.12	Syngr1	69.9249490399427	1.64888286280713	0.255675651632926	6.44911962588614	1.12501739122128e-10	1.02449339995113e-09
ENSMUSG00000060594.6	Layn	472.130685205031	-0.857386112697727	0.132956133570017	-6.44863903361186	1.12859001983816e-10	1.02729484699341e-09
ENSMUSG00000039372.5	Marchf4	28.6127149693137	3.00804964961892	0.466607681968971	6.4466355052829	1.14360371769297e-10	1.04050344406711e-09
ENSMUSG00000031383.8	Dusp9	91.7904812327587	1.52536076251252	0.236660929880845	6.44534255519284	1.15339606909545e-10	1.04895189956972e-09
ENSMUSG00000018819.10	Lsp1	1462.062676786	0.721385075885927	0.111936648027867	6.4445835085783	1.15918295450784e-10	1.05375177757391e-09
ENSMUSG00000021466.12	Ptch1	520.887274702224	0.798807111730701	0.123963937710505	6.44386687357551	1.16467253949434e-10	1.05827730004361e-09
ENSMUSG00000033788.15	Dysf	880.084062015291	-0.666319761913351	0.10340586104698	-6.44373302602864	1.16570065433593e-10	1.05874672418163e-09
ENSMUSG00000042719.17	Naa25	956.967314518305	0.735068979126348	0.114099100043046	6.44237315499448	1.17619656795992e-10	1.06781108597379e-09
ENSMUSG00000003363.15	Pld3	2420.24318914927	-0.974994010769504	0.151369612062644	-6.44114758229019	1.18573502786292e-10	1.07599865592874e-09
ENSMUSG00000002103.16	Acp2	1001.97202831167	-0.619587182291964	0.0962727624071179	-6.43574742014627	1.22867205673978e-10	1.11398523444839e-09
ENSMUSG00000026520.8	Pycr2	750.172743119944	0.808916738640829	0.125690122768482	6.43580196139066	1.22823089179046e-10	1.11398523444839e-09
ENSMUSG00000036333.11	Kidins220	3672.96563469025	-0.585956573061987	0.0910985650057346	-6.43211638981472	1.25839318955381e-10	1.14043260203915e-09
ENSMUSG00000062168.12	Ppef1	44.4231818435517	-2.11974911437215	0.329728347356681	-6.42877426634821	1.28636986578718e-10	1.16527657995313e-09
ENSMUSG00000034485.10	Uaca	781.817008120098	0.71019855949741	0.110473427141062	6.42868224401664	1.28714871493925e-10	1.16547205820331e-09
ENSMUSG00000049409.9	Prokr1	35.3345020623488	2.7960449239825	0.434940314923096	6.42857152590438	1.28808641039939e-10	1.16581113287525e-09
ENSMUSG00000078627.9	Marchf10	23.5627109315155	4.07115917830342	0.633457857424521	6.42688243675075	1.30247472970245e-10	1.17831837544192e-09
ENSMUSG00000037331.15	Larp1	3937.04864716603	0.530197005990676	0.0825103496493108	6.42582425409835	1.31156864694543e-10	1.18602706086166e-09
ENSMUSG00000039156.19	Stim2	817.649288413221	0.715046199596045	0.111358614254256	6.42111258643576	1.35281923872311e-10	1.22279499660828e-09
ENSMUSG00000020953.17	Coch	126.322118512674	-1.27769460908508	0.199023550615038	-6.41981617319482	1.36439001200007e-10	1.23217752436254e-09
ENSMUSG00000050107.2	Haspin	116.179746241367	1.49094126194097	0.232239448608649	6.41984499564234	1.36413171716001e-10	1.23217752436254e-09
ENSMUSG00000020303.2	Stc2	179.590248613697	1.17195616325946	0.182655306594022	6.41621743771345	1.39701876638941e-10	1.26068852007599e-09
ENSMUSG00000097993.7	Ptprv	2098.3577037542	0.81003692387688	0.1262487015519	6.41620003944261	1.39717834922186e-10	1.26068852007599e-09
ENSMUSG00000032023.7	Jhy	39.880719634862	7.79233695595485	1.21506386875597	6.41310893717297	1.42581556742553e-10	1.28596760044187e-09
ENSMUSG00000044201.10	Cdc25c	154.209260772676	1.25402803956018	0.195575644681411	6.41198469064475	1.43637264429652e-10	1.29492497231244e-09
ENSMUSG00000049091.6	Sephs2	407.997142212487	0.796145843045347	0.124174657054546	6.4115002362811	1.44094535973308e-10	1.29848184593448e-09
ENSMUSG00000037104.9	Socs5	1489.74592700087	-0.5802183301605	0.0905234706485933	-6.40958997708862	1.45911514977e-10	1.31428304982982e-09
ENSMUSG00000078521.2	Aunip	70.955834604953	1.63275016716032	0.254856359304697	6.40655062174949	1.48848703552674e-10	1.34015629179504e-09
ENSMUSG00000020205.8	Phlda1	623.836907843932	0.929856867829245	0.145162207602923	6.40564016753438	1.49739744494645e-10	1.34759259621507e-09
ENSMUSG00000056014.15	A430033K04Rik	126.349079692872	1.34348275421566	0.209773942713853	6.40443105962052	1.50931132648589e-10	1.35772425671149e-09
ENSMUSG00000020088.10	Sar1a	4608.2838271422	-0.496787208110275	0.0775891820492648	-6.40278960274183	1.52563368114938e-10	1.37181110191621e-09
ENSMUSG00000019986.17	Ahi1	497.426661100955	-0.754921139115933	0.117972947200876	-6.39910383717471	1.56291532200825e-10	1.40472358880802e-09
ENSMUSG00000024007.15	Ppil1	360.305881646194	0.88544565626301	0.138397347487229	6.39785134859405	1.57578580914338e-10	1.41567666942096e-09
ENSMUSG00000059182.7	Skap2	1104.563678154	-0.63437785058742	0.0991689840856659	-6.39693807934364	1.58523573473122e-10	1.4235485671671e-09
ENSMUSG00000006930.15	Hap1	39.4464893956397	2.49234767430141	0.389722446314435	6.39518636370906	1.60351659049983e-10	1.43934041226175e-09
ENSMUSG00000055976.6	Cldn23	36.9295315248525	6.78199539558153	1.06101126497309	6.39201073492236	1.63718401657461e-10	1.46892379536532e-09
ENSMUSG00000002020.15	Ltbp2	6917.67447122235	-0.889085409265307	0.139181843762759	-6.38794102182458	1.68134155716391e-10	1.50788946671298e-09
ENSMUSG00000024810.16	Il33	242.992545486561	0.966707545252111	0.151353684512275	6.38707639240664	1.69087182472455e-10	1.51577981377104e-09
ENSMUSG00000032281.11	Acsbg1	23.9122680709148	4.07965264905848	0.638857817256148	6.38585384550872	1.70443732738574e-10	1.52727914456959e-09
ENSMUSG00000066720.7	Cldn9	36.8034245049581	6.77637039843901	1.06127544531018	6.38511936593284	1.71263825920914e-10	1.53396362299308e-09
ENSMUSG00000034614.14	Pik3ip1	517.739916168973	-0.791286920375758	0.123957470040934	-6.38353557969887	1.73045366227182e-10	1.54925001537044e-09
ENSMUSG00000042302.14	Ehbp1	710.338873893616	-0.744916036783519	0.11682627879244	-6.37627119928194	1.81451495897526e-10	1.62380653419061e-09
ENSMUSG00000026426.10	Arl8a	1825.66791281189	-0.561775378442077	0.0881443666147484	-6.37335543968933	1.84936594938056e-10	1.65427942032101e-09
ENSMUSG00000060450.14	Rnf14	1752.70170473227	-0.565048908478782	0.0887296828560391	-6.36820610973618	1.91251804754679e-10	1.71003071560134e-09
ENSMUSG00000079445.3	B3gnt7	22.9635223082034	4.23421392384505	0.664944021646401	6.36777500963336	1.91789968690262e-10	1.71410214245239e-09
ENSMUSG00000005952.15	Trpv1	22.7416563893292	4.00048362027811	0.628272900294998	6.36742985158157	1.92221913038623e-10	1.71722113853537e-09
ENSMUSG00000033676.13	Gabrb3	56.110283853319	-2.02404511645867	0.317954484133312	-6.36583290207673	1.9423280098916e-10	1.73443690581304e-09
ENSMUSG00000117592.1	Gm46603	38.2842326814562	7.74117476542888	1.21616987745561	6.36520843751242	1.95024707238754e-10	1.74075740195557e-09
ENSMUSG00000022704.16	Qtrt2	386.722038114107	0.836834592000951	0.131506977736734	6.36342349587123	1.97305690459753e-10	1.76035796845967e-09
ENSMUSG00000028560.11	Usp1	1066.90930786549	0.966156186498708	0.151842798572192	6.36287130890413	1.9801659577607e-10	1.76593947262769e-09
ENSMUSG00000036768.6	Kif15	407.024818266005	0.882600627378548	0.138771307623881	6.36010889059796	2.01610774023298e-10	1.7972185234747e-09
ENSMUSG00000045312.12	Lhfpl2	1056.55804395301	-0.624805421634503	0.0983244194898541	-6.35452947371813	2.09065560348887e-10	1.86287044066363e-09
ENSMUSG00000020183.11	Cpm	149.048034831912	1.11177174351291	0.175006663814844	6.35273948590414	2.11513760201803e-10	1.8838740630022e-09
ENSMUSG00000018654.17	Ikzf1	36.9878405983382	6.78795331413575	1.06894164510595	6.35016265407353	2.15087385939461e-10	1.9148790544348e-09
ENSMUSG00000031889.9	Phaf1	514.563380387166	0.718571387008095	0.113165791691643	6.34972261729123	2.15703509410158e-10	1.91953866779057e-09
ENSMUSG00000033596.5	Rfwd3	568.997598694679	0.732396413375363	0.115396373687917	6.3467888111986	2.19855607871382e-10	1.95564728290921e-09
ENSMUSG00000030562.17	Nox4	267.04473643216	-1.28622854498932	0.202686352246575	-6.3459060303408	2.21120181077439e-10	1.9653534681926e-09
ENSMUSG00000096145.2	Vkorc1	273.149073259055	-0.928217745190618	0.146270591009456	-6.34589454233225	2.21136684256271e-10	1.9653534681926e-09
ENSMUSG00000024472.9	Dcp2	734.579116254128	0.930946445862122	0.146708624802447	6.34554680827869	2.21636793824742e-10	1.96895278771603e-09
ENSMUSG00000039960.5	Rhou	888.899432255368	0.682535195550251	0.107572583716781	6.34488056312974	2.22598072687038e-10	1.97664414695367e-09
ENSMUSG00000026192.13	Atic	2633.42805567424	0.56574784059307	0.0891696913681961	6.34462037394529	2.2297458635149e-10	1.9791384918051e-09
ENSMUSG00000037499.9	Nenf	541.171475809721	-0.832282063729369	0.131224552138829	-6.342426399359	2.26174272269811e-10	2.0066786376823e-09
ENSMUSG00000039735.16	Fnbp1l	1387.00277721023	0.695275436486488	0.109630084772904	6.34201312465215	2.26781990617225e-10	2.01120840779175e-09
ENSMUSG00000030980.17	Knop1	1552.87838953634	0.66261842585433	0.104503187015574	6.34065280473769	2.28793620994876e-10	2.02817951219398e-09
ENSMUSG00000027318.17	Adam33	153.255142637612	-1.44146198674051	0.227457934006242	-6.33726844059415	2.33874317398039e-10	2.07233069170463e-09
ENSMUSG00000005107.13	Slc2a9	75.1440276874098	-1.61060923328993	0.254161056634446	-6.33696308402759	2.34338109645044e-10	2.07555178927803e-09
ENSMUSG00000037697.19	Ddhd1	486.428753443369	0.878852775650745	0.138704584708032	6.33614799035443	2.35580522443524e-10	2.08566348762126e-09
ENSMUSG00000028312.19	Smc2	1350.66047220209	0.828606984133984	0.130830442440117	6.33344173328198	2.39751873511822e-10	2.12168620342933e-09
ENSMUSG00000059824.12	Dbp	175.492449965214	-1.2959717680539	0.204657751263724	-6.33238545841293	2.41399486291512e-10	2.1353538319436e-09
ENSMUSG00000055943.5	Emc7	1257.01059769285	-0.643609102062349	0.101646333477903	-6.33184769229538	2.42242555062336e-10	2.14189604751614e-09
ENSMUSG00000020261.15	Slc36a1	601.391337054455	-0.788833229725665	0.124605080016817	-6.33066669207391	2.44104142646735e-10	2.15743452119759e-09
ENSMUSG00000000791.9	Il12rb1	27.0500036519081	3.30670460397455	0.522372268016788	6.33016874446382	2.448932288056e-10	2.16348482417717e-09
ENSMUSG00000026740.12	Dnajc1	1147.11075541344	-0.628092637412566	0.099287803188497	-6.32597980056158	2.51630733829674e-10	2.2220582591896e-09
ENSMUSG00000038762.15	Abcf1	2644.08037043019	0.56810896664792	0.089823569513203	6.32472044616769	2.53691440925786e-10	2.23930027109716e-09
ENSMUSG00000101199.1	Gm9687	24.0503030425739	5.12934927564047	0.811200053144698	6.32316190778839	2.56264539571824e-10	2.26104846743273e-09
ENSMUSG00000031028.14	Tub	33.7946342011142	2.84318252662904	0.449866806421083	6.32005403832302	2.61471852210858e-10	2.306010169967e-09
ENSMUSG00000025784.5	Clec3b	185.46925889958	-1.41863031689485	0.224494130939622	-6.31923120197913	2.6286774779958e-10	2.31733369322977e-09
ENSMUSG00000035522.3	Tsga8	21.1265377031408	7.85766713747964	1.24438081996897	6.31451964815369	2.71001892949135e-10	2.38802391747729e-09
ENSMUSG00000027422.15	Rrbp1	10014.2125529635	-0.473778866567708	0.0750694562363189	-6.31120685190859	2.76867838353719e-10	2.43867548343984e-09
ENSMUSG00000031227.8	Magee1	634.653483089447	-0.751775659370162	0.119134988884885	-6.31028437914717	2.78523206317197e-10	2.45221261061661e-09
ENSMUSG00000040321.3	Zfp770	231.096690045537	0.995369857800726	0.157793251883443	6.30806353199424	2.82548239607838e-10	2.48659269202493e-09
ENSMUSG00000107283.3	Mpv17	600.366204820177	-0.745720131192756	0.118328080661958	-6.30214000785784	2.93563796571759e-10	2.58243817477214e-09
ENSMUSG00000036667.14	Tcaf1	2068.75023504395	-0.645210628146425	0.102428506201049	-6.29913148279242	2.99318017316761e-10	2.6309318783835e-09
ENSMUSG00000036854.14	Hspb6	534.722096086625	-0.920731083160901	0.146168093167798	-6.29912495406176	2.99330623392103e-10	2.6309318783835e-09
ENSMUSG00000020521.7	Rnft1	1080.3003246496	-0.781784494166364	0.124115184160254	-6.29886262068424	2.99837581998827e-10	2.63426914677153e-09
ENSMUSG00000053654.7	Krt42	21.0195072821182	7.84900713460704	1.24620838300878	6.29831033206245	3.00907620544502e-10	2.64254850982208e-09
ENSMUSG00000041895.15	Wipi1	1327.75944500392	-0.639987612282764	0.101640021683554	-6.29661034779489	3.04224733355826e-10	2.67054612202385e-09
ENSMUSG00000038991.17	Txndc5	7650.93130203598	-0.560751202524614	0.0890962947938235	-6.2937656815274	3.09855452649286e-10	2.71882069283068e-09
ENSMUSG00000022558.16	Mroh1	2081.68698774775	-0.912516247769001	0.145010099309339	-6.29277720734745	3.11835757033211e-10	2.7350374300129e-09
ENSMUSG00000031621.9	Isx	20.6635829681086	7.81382385867099	1.24216061670603	6.29051006253262	3.16424536981285e-10	2.77410906013368e-09
ENSMUSG00000059811.13	Atl2	944.945655737935	0.804916761418153	0.128053739918778	6.2857731599928	3.26225998455726e-10	2.85882808722908e-09
ENSMUSG00000046727.13	Cystm1	181.156954253729	1.20837802684357	0.192286964029145	6.28424309960198	3.29454834937117e-10	2.88590166244748e-09
ENSMUSG00000025047.9	Pdcd11	1581.34522483022	0.546038552507417	0.0868923564324464	6.28408038320297	3.29800040106041e-10	2.88770348145302e-09
ENSMUSG00000024759.14	Atl3	5415.35647168252	-0.678530409673852	0.107988994302408	-6.2833292786645	3.31398102273575e-10	2.90046905664302e-09
ENSMUSG00000091311.3	Spata31d1b	36.259637336179	7.6532072411479	1.21826318161618	6.28206397159188	3.34107302432177e-10	2.9229446547099e-09
ENSMUSG00000065954.11	Tacc1	685.286477957455	-0.787928223732519	0.125476753782896	-6.27947567958141	3.39716729673275e-10	2.9707632393355e-09
ENSMUSG00000058153.15	Sez6l	35.2936711326918	6.72424007911618	1.07115659690693	6.27755091882276	3.43947641236962e-10	3.00649164947799e-09
ENSMUSG00000010080.15	Epn3	129.66256138862	1.31185819352934	0.208997099579072	6.27692057053173	3.4534439115897e-10	3.01725798032518e-09
ENSMUSG00000050876.9	Spata31d1a	35.6098500224051	7.63219685541731	1.21592523295368	6.27686361675172	3.45470863972688e-10	3.01725798032518e-09
ENSMUSG00000039103.12	Nexn	452.666038162767	-0.994839264813097	0.158495301976451	-6.27677446843763	3.4566891947053e-10	3.0177144513372e-09
ENSMUSG00000019810.15	Fuca2	865.423594950429	-0.781762293705614	0.12455858143305	-6.27626201833239	3.46809551301193e-10	3.02639582731172e-09
ENSMUSG00000022100.14	Xpo7	1689.77829396826	0.544047934884803	0.0867050574334292	6.27469666694489	3.50316576795019e-10	3.0557112613064e-09
ENSMUSG00000027879.9	Sec22b	1628.3807112633	-0.539798858435338	0.0860327412063309	-6.27434219654524	3.51115530081533e-10	3.06139020941771e-09
ENSMUSG00000032803.15	Cdv3	2087.66098973491	0.645773232404619	0.102954710112892	6.27240105573136	3.55522381960601e-10	3.09850854071683e-09
ENSMUSG00000020697.16	Lig3	839.022792448061	0.701649966841913	0.111871186140163	6.27194536011101	3.56564719942307e-10	3.10628499077685e-09
ENSMUSG00000050211.14	Pla2g4e	23.3373762609193	5.0852529778338	0.811138569676716	6.26927773864897	3.6272664034246e-10	3.15863640237635e-09
ENSMUSG00000034708.12	Grn	4863.87486495492	-0.680324917850408	0.108522064090492	-6.26900090366059	3.63372022292039e-10	3.16292577351679e-09
ENSMUSG00000028373.16	Astn2	45.4415321272529	-2.05619988048558	0.327999313662236	-6.26891519231348	3.63572067266621e-10	3.16333678871449e-09
ENSMUSG00000045005.9	Fzd5	470.495251739659	0.722102637977384	0.115207437536523	6.26784740133173	3.66073256403956e-10	3.18376064466617e-09
ENSMUSG00000049299.14	Trappc1	844.712264901263	0.690419752174729	0.110188381739028	6.26581261361957	3.70886125590674e-10	3.2242637184382e-09
ENSMUSG00000066964.2	Lhfpl7	35.0880423145528	7.61596482019566	1.21623488470155	6.26191940059716	3.80267485582243e-10	3.30443185729087e-09
ENSMUSG00000030161.8	Gabarapl1	1409.56570718842	-0.639462312326545	0.102125386013361	-6.26154120233031	3.81191068056159e-10	3.31106752735814e-09
ENSMUSG00000039004.6	Bmp6	62.7585060851622	1.76998278641831	0.282782640310968	6.2591635203346	3.87047869924569e-10	3.36053014243652e-09
ENSMUSG00000037016.11	Frem2	29.2309066739069	3.63333641948172	0.580564165150204	6.2582857116951	3.89232250154605e-10	3.37807897104829e-09
ENSMUSG00000000266.11	Mid2	447.192683230581	-1.0669961800696	0.17053605940078	-6.2567188653165	3.93161214497898e-10	3.41074768604023e-09
ENSMUSG00000048455.9	Sprr1b	20.3716648862236	7.79493834375077	1.24716209286518	6.25014052972294	4.10083534560272e-10	3.55606161787309e-09
ENSMUSG00000023033.14	Scn8a	23.0539344554995	3.8480583303868	0.615710155472127	6.2497886321789	4.11008527508795e-10	3.56259024744746e-09
ENSMUSG00000039646.5	Vasn	1840.10256712728	-0.958104435645045	0.153314871574937	-6.24925961717122	4.12402922409172e-10	3.57318044828273e-09
ENSMUSG00000031556.6	Tm2d2	628.43688504356	-0.671887204894478	0.107531838725796	-6.24826295965954	4.1504250066363e-10	3.59454590846714e-09
ENSMUSG00000085327.1	Gm16104	20.1798196206351	7.77571528214094	1.2446793996118	6.24716315266896	4.17974404209348e-10	3.61842417094492e-09
ENSMUSG00000022881.15	Rfc4	205.270087208941	1.11562891443829	0.178631191783905	6.24543173729646	4.22631083314255e-10	3.6572076895994e-09
ENSMUSG00000026405.14	C4bp	55.8318873099402	-1.89749627863396	0.303892318742596	-6.24397578222825	4.26586070678332e-10	3.68988929250765e-09
ENSMUSG00000041308.6	Sntb2	1449.67623273002	-0.705189121001772	0.112956555305541	-6.24301191811559	4.29224182044903e-10	3.71115762078005e-09
ENSMUSG00000040852.6	Plekhh2	1069.40554731136	-0.768436126989071	0.123119081348525	-6.24140562593858	4.33656053372401e-10	3.74791091806068e-09
ENSMUSG00000019230.14	Lhx9	531.945797787235	-0.729344382477948	0.116896845621581	-6.23921354421306	4.39776296815237e-10	3.79921935216135e-09
ENSMUSG00000058135.12	Gstm1	391.821292028392	-0.960343233994439	0.153959071528065	-6.23765280254616	4.44185152788308e-10	3.83570649877563e-09
ENSMUSG00000041438.8	Utp4	1312.22823044987	0.620333307189675	0.0994566547485248	6.23722272539913	4.45407617617067e-10	3.84465899793815e-09
ENSMUSG00000000384.15	Tbrg4	765.162958750599	0.769050066296025	0.123301665610102	6.23714256000301	4.45635845082553e-10	3.84502557622499e-09
ENSMUSG00000035104.14	Eva1a	165.546369964336	1.18037848868056	0.189252114877002	6.23706894608659	4.45845521294948e-10	3.84523185220172e-09
ENSMUSG00000031832.15	Taf1c	246.327628464421	0.983304312176561	0.157670454363814	6.23645258170979	4.47604908732441e-10	3.85879800327063e-09
ENSMUSG00000022033.9	Pbk	283.460122445423	0.973506703516754	0.156125271668226	6.23542039744535	4.50566425080996e-10	3.88271208690739e-09
ENSMUSG00000017999.16	Ddx27	1125.61233924606	0.680120201316647	0.109120355780608	6.23275278431149	4.58309137090892e-10	3.94779060700973e-09
ENSMUSG00000069170.14	Adgrv1	38.0091152459201	2.36764877615288	0.379887738556694	6.23249590826036	4.5906153486923e-10	3.95262675135532e-09
ENSMUSG00000046750.17	Selenov	19.8701946150137	7.75700189276824	1.24497708079634	6.23063830846311	4.64538498325587e-10	3.9981215704122e-09
ENSMUSG00000036242.15	Armh4	142.5714119323	-1.15758717534398	0.18583245171349	-6.22919820876448	4.68828337928077e-10	4.03336565535049e-09
ENSMUSG00000020256.14	Aldh1l2	1371.01678676695	-0.607323112552602	0.0975059464581112	-6.22857512401574	4.70696374295467e-10	4.04775415518981e-09
ENSMUSG00000026837.16	Col5a1	27362.1175138739	-0.682363763004562	0.10955668956732	-6.22840801140915	4.71198619672856e-10	4.05039046038557e-09
ENSMUSG00000036390.8	Gadd45a	439.167976570675	-0.797591412222297	0.128121932846094	-6.22525272999433	4.80780363557753e-10	4.13103891460437e-09
ENSMUSG00000071424.10	Grid2	36.7563362345365	-2.37906202398464	0.382225981941844	-6.22422895455239	4.83929959157737e-10	4.15637602680747e-09
ENSMUSG00000036580.15	Spart	1184.01422173995	-0.585818053188244	0.0941212024919274	-6.22408169124792	4.84384661016167e-10	4.15855582678293e-09
ENSMUSG00000037370.13	Enpp1	815.939648040232	0.656874438716764	0.105543023531323	6.22375991078005	4.85379667361841e-10	4.16537053678389e-09
ENSMUSG00000032577.16	Mapkapk3	623.732826468531	0.690528244003456	0.111020070668113	6.21985051754958	4.97628744703605e-10	4.26871835334435e-09
ENSMUSG00000026686.14	Lmx1a	25.4053403563059	5.64691370458008	0.907974396621283	6.21924332403329	4.99558098993675e-10	4.28349340972248e-09
ENSMUSG00000053965.10	Pde5a	230.873817080342	-0.919027870054411	0.147774922776361	-6.2191057372112	4.99996293874174e-10	4.28547548111864e-09
ENSMUSG00000040265.16	Dnm3	147.014962803412	-1.3131598087401	0.211205699579643	-6.21744494279106	5.05315376051678e-10	4.32927275202553e-09
ENSMUSG00000085939.3	Cd63-ps	1431.64894433606	-0.74974007295517	0.120627404829931	-6.21533783315826	5.1214341609901e-10	4.38595637974075e-09
ENSMUSG00000020076.7	Ddx50	1912.82223021464	-0.687353571093745	0.110606100711124	-6.2144272935626	5.15121783364661e-10	4.40963845900129e-09
ENSMUSG00000006221.7	Hspb7	53.719581802042	-1.87564736426276	0.301851884977175	-6.21380040215614	5.17182157724525e-10	4.42544583825546e-09
ENSMUSG00000038576.15	Susd4	38.2382281991205	2.4381370974495	0.392411143004926	6.21322085499211	5.19094080860255e-10	4.43997040484562e-09
ENSMUSG00000030109.15	Slc6a12	59.1235090145477	1.76545950764072	0.284152326484741	6.21307426717664	5.19578765223665e-10	4.44228040535508e-09
ENSMUSG00000051855.15	Mest	3140.57947844311	-0.986241623375985	0.158751033928957	-6.21250519739821	5.21464551098764e-10	4.45656265202036e-09
ENSMUSG00000020634.12	Ubxn2a	497.661607704632	0.87389064500058	0.140697821390619	6.21111710446744	5.26092479911275e-10	4.49425845715373e-09
ENSMUSG00000027805.16	Pfn2	1119.10349191662	-0.811165541095907	0.130609718300237	-6.21060631362249	5.27805534747104e-10	4.50703249328808e-09
ENSMUSG00000021276.10	Cinp	547.519084966666	0.771290364268104	0.124197387317045	6.21019798346634	5.29178877998294e-10	4.51503445823854e-09
ENSMUSG00000051111.16	Sv2c	150.450767273413	-1.31175260639726	0.211224388340576	-6.21023271366851	5.29061933805495e-10	4.51503445823854e-09
ENSMUSG00000097545.7	Mir124a-1hg	19.8690061090952	7.75001361321937	1.24823287885086	6.20878823537652	5.33947161013097e-10	4.55384107367536e-09
ENSMUSG00000026698.8	Pigc	567.074583650061	-0.728406996978062	0.117448607916141	-6.20192107766956	5.57780496907561e-10	4.75514765464975e-09
ENSMUSG00000042506.15	Usp22	2657.58845969133	0.540702723590767	0.0872522097133742	6.19700893956714	5.75462338741691e-10	4.90386782610715e-09
ENSMUSG00000041642.18	Kif21b	362.749297851704	0.980175762417147	0.158175867928796	6.19674654074528	5.76422108380015e-10	4.91002519397446e-09
ENSMUSG00000068417.8	Pnp2	30.020953732904	2.84674510383259	0.459554128851545	6.1945806274155	5.84404198542578e-10	4.97596976784567e-09
ENSMUSG00000052310.9	Slc39a1	1984.8347360707	-0.590418559964157	0.0953446871844627	-6.1924641781233	5.9230813880614e-10	5.04119496922216e-09
ENSMUSG00000028884.14	Rpa2	310.562821043059	0.848486647362153	0.137039231038127	6.19156018998741	5.95715810496405e-10	5.06811408198319e-09
ENSMUSG00000090841.2	Myl6	5389.06378203633	-0.484574371106331	0.0782787241725257	-6.19037134583764	6.0022640807348e-10	5.10439047687468e-09
ENSMUSG00000030800.10	Prss8	25.7228845444919	5.66899687171983	0.915876019450156	6.18969898908719	6.02792133611115e-10	5.12410446555091e-09
ENSMUSG00000021699.17	Pde4d	599.759398472991	0.686800950088655	0.110965389614864	6.18932581115957	6.04220802079978e-10	5.13414055100717e-09
ENSMUSG00000039747.11	Orai2	398.229808027479	-0.911522234881215	0.147282643880876	-6.18893177677108	6.05732902995215e-10	5.14487704517766e-09
ENSMUSG00000038894.7	Irs2	530.758247961113	0.826516884279887	0.133555176781438	6.18857991279868	6.07086295766221e-10	5.15425727484209e-09
ENSMUSG00000034850.15	Tmem127	1997.59827647471	-0.530890498743686	0.0857922680679079	-6.18809259505141	6.08965565284667e-10	5.16809275761678e-09
ENSMUSG00000045216.7	Hs6st1	847.230353088529	0.624455694271202	0.100999030908741	6.18278896988066	6.29788810005978e-10	5.34262236816137e-09
ENSMUSG00000028221.3	Pip4p2	1253.99698294972	-0.669389372213315	0.108279433204867	-6.18205463771516	6.32726171799664e-10	5.36534167557609e-09
ENSMUSG00000017417.14	Plxdc1	50.7865945448127	-2.09643717609284	0.339135553584922	-6.18170862338641	6.34114873567435e-10	5.37402092764351e-09
ENSMUSG00000075707.5	Dio3	55.1301003762994	2.04969001315726	0.331575435323057	6.18167027711274	6.34268956289343e-10	5.37402092764351e-09
ENSMUSG00000037072.15	Selenof	5954.58540768182	-0.685060007578337	0.110849022627528	-6.1801177073095	6.40538254655441e-10	5.42491871240301e-09
ENSMUSG00000025574.13	Tk1	463.288215341788	0.766049237176402	0.123988289326143	6.17839992260367	6.47545150633222e-10	5.48201925274318e-09
ENSMUSG00000062901.3	Klhl24	1128.9370491874	-0.645199345409286	0.104431903293651	-6.17818238546371	6.48437808482505e-10	5.48733205142248e-09
ENSMUSG00000068699.12	Flnc	6457.97013682156	-0.760688543866037	0.123134522192236	-6.17770329817386	6.50407965998071e-10	5.5017550013053e-09
ENSMUSG00000022724.15	Riox2	340.908992430058	1.04275431931519	0.168958204448006	6.17167022295195	6.75723276265959e-10	5.71356049649881e-09
ENSMUSG00000037071.3	Scd1	4261.82375758802	0.624804681130339	0.101255338262829	6.17058509555842	6.80377454698501e-10	5.75056469367263e-09
ENSMUSG00000022090.10	Pdlim2	774.422102236872	0.82837866508445	0.134320200680235	6.16719347417074	6.95126861021187e-10	5.87282893725614e-09
ENSMUSG00000030748.9	Il4ra	1979.72516468926	-0.741187903233451	0.120188602428656	-6.16687346600455	6.96534501618472e-10	5.88232054222797e-09
ENSMUSG00000089728.3	Clec2f	18.9270420502636	7.69155487144953	1.24738595249692	6.16613876086482	6.99776825962911e-10	5.90729221884433e-09
ENSMUSG00000047003.15	Zfp41	164.067732386456	1.10527316067914	0.179257749333362	6.16583196424988	7.01135102495762e-10	5.91634548983277e-09
ENSMUSG00000046807.10	Lrrc75b	95.7548697532504	-1.54346226947467	0.250344509004908	-6.16535299939176	7.03260760626062e-10	5.93186409299057e-09
ENSMUSG00000020900.15	Myh10	7229.74853313994	-0.598561532587347	0.0971003971256089	-6.16435720456476	7.07700265074301e-10	5.96687893554907e-09
ENSMUSG00000031530.6	Dusp4	692.472879947557	0.81067232378665	0.131512530967079	6.16422114170689	7.08308986647943e-10	5.96957968836554e-09
ENSMUSG00000037225.13	Fgf2	786.378011040514	-0.77804482296935	0.12622392586639	-6.16400430923788	7.09280113143927e-10	5.97290035067785e-09
ENSMUSG00000041406.14	Firrm	168.48559017368	1.04123770780074	0.168920636326811	6.16406455979871	7.09010139020416e-10	5.97290035067785e-09
ENSMUSG00000086560.1	Gm13372	116.45707477114	-1.34571954667752	0.218334082586405	-6.16357982563235	7.11185007483232e-10	5.98650608779805e-09
ENSMUSG00000010797.6	Wnt2	33.55459070574	-2.51611152247902	0.408381829109091	-6.16117403648459	7.22075788560106e-10	6.07571005992099e-09
ENSMUSG00000048458.8	Inka2	653.920581671942	-0.646543016197937	0.104942760908971	-6.1609110585413	7.23276082934288e-10	6.08333670892192e-09
ENSMUSG00000022237.17	Ankrd33b	31.193021565037	2.76943485010221	0.449533587565373	6.16068504491774	7.24309218323400e-10	6.0891259938911e-09
ENSMUSG00000025328.9	Padi3	33.26252733732	7.54179946114772	1.22419253211561	6.16063181509057	7.24552747618425e-10	6.0891259938911e-09
ENSMUSG00000025809.15	Itgb1	29185.8893258686	-0.617651262652475	0.100290962603981	-6.15859342273335	7.33938834831909e-10	6.16550322328964e-09
ENSMUSG00000030339.7	Ltbr	1504.47881677151	-0.738967463797411	0.120027143534602	-6.15666958352947	7.42906183799311e-10	6.23830227118131e-09
ENSMUSG00000021115.15	Vrk1	367.73126303656	0.828595934043708	0.134626108653485	6.15479376423509	7.517525713899e-10	6.31002695669081e-09
ENSMUSG00000042808.8	Gpx2	18.7333555420572	7.68078561477096	1.24806806287153	6.15414002109724	7.54859712400823e-10	6.33353919212997e-09
ENSMUSG00000014850.15	Msh3	268.289137504946	1.0056329825504	0.163417265498295	6.15377438536866	7.56602981846251e-10	6.3455936471781e-09
ENSMUSG00000028583.14	Pdpn	2368.85377442624	-0.586933673360212	0.0954011121954292	-6.15227285985805	7.63803188266486e-10	6.40338687481895e-09
ENSMUSG00000031250.8	Tnmd	57.8945375411993	-2.11311353930437	0.343540624587951	-6.15098590403646	7.70027635258482e-10	6.4529562842977e-09
ENSMUSG00000038697.15	Taf5l	510.87107638894	0.769921793162324	0.125186418258682	6.15020226532384	7.7384196301589e-10	6.48229655704812e-09
ENSMUSG00000041219.14	Arhgap11a	841.157021440652	0.703478387812258	0.114395909811506	6.14950647249017	7.77244146858003e-10	6.50816205332274e-09
ENSMUSG00000073821.11	8030451A03Rik	66.4667840171596	-1.7259403802117	0.280720397736023	-6.14825425630344	7.83403839941871e-10	6.55708697248556e-09
ENSMUSG00000038379.15	Ttk	218.517832190232	1.01330424474596	0.164930647182018	6.14382021812889	8.05600203439389e-10	6.74014495189649e-09
ENSMUSG00000058656.13	Samd12	458.281967255424	0.871389843911847	0.141839951676823	6.14347250975715	8.07366505595796e-10	6.75219365629389e-09
ENSMUSG00000006423.15	Steep1	799.569006341328	-0.653201563685274	0.106347981968617	-6.14211526719924	8.14297297206419e-10	6.80652989529611e-09
ENSMUSG00000052889.11	Prkcb	25.8466846061792	4.01174930894957	0.653158993549231	6.14207160671544	8.1452121120095e-10	6.80652989529611e-09
ENSMUSG00000032113.16	Chek1	236.75934212869	1.11374383140048	0.181338608559685	6.1417909856406	8.15961818231204e-10	6.81581665680697e-09
ENSMUSG00000021838.17	Samd4	1581.56855178968	-0.672458565165091	0.109514259496389	-6.14037448874192	8.23271617488013e-10	6.8741021421478e-09
ENSMUSG00000026971.15	Itgb6	22.5736769090486	3.64680926808772	0.594113600653847	6.13823562374983	8.34430362562613e-10	6.96446535269497e-09
ENSMUSG00000027309.18	Dnaaf9	1255.64355779159	-0.585031288505706	0.0953229138860763	-6.13736261991422	8.39027212576476e-10	7.00000978360357e-09
ENSMUSG00000036867.7	Smad6	342.903905573786	-1.22421711281902	0.199543389780273	-6.13509229329557	8.51097687268383e-10	7.09785295276722e-09
ENSMUSG00000030978.10	Rrm1	2446.87715045529	0.618695260604653	0.100853421444771	6.13459862582315	8.53744661871918e-10	7.11706031256014e-09
ENSMUSG00000029413.14	Naaa	564.636014603357	-0.725799156064382	0.118315506106158	-6.13443816411656	8.54606762395353e-10	7.12137897537094e-09
ENSMUSG00000058159.14	T2	21.9028625161221	4.99781721575934	0.814862653929259	6.1333246672429	8.60612595407166e-10	7.16853928061687e-09
ENSMUSG00000028020.16	Glrb	211.586040069601	-1.10418578778405	0.180089138820648	-6.13132915741084	8.71478864914352e-10	7.25613074210063e-09
ENSMUSG00000002489.16	Tiam1	822.741467433952	0.649069174655073	0.105865241754994	6.1310885791696	8.72797904076804e-10	7.26419132146593e-09
ENSMUSG00000029482.4	Aacs	1801.54547571848	0.689956435934453	0.112539112012403	6.13081464387608	8.74302203682758e-10	7.27378670178031e-09
ENSMUSG00000003476.16	Crhr2	32.5077320143585	7.50550188179438	1.22425408069247	6.13067336279496	8.75079028517202e-10	7.27732455254221e-09
ENSMUSG00000025759.11	Mfsd8	226.508724606202	-0.940217354902446	0.153400760011096	-6.12915708393125	8.83458684677369e-10	7.34406076872967e-09
ENSMUSG00000035916.8	Ptprq	46.9015631032122	-2.03025004365894	0.331277922921044	-6.12854012654151	8.86890629600228e-10	7.36963032601169e-09
ENSMUSG00000060923.5	Acyp2	134.077856741165	-1.29508896028523	0.211352089054578	-6.12763737552077	8.91935799686944e-10	7.40857910020869e-09
ENSMUSG00000025785.5	Exosc7	334.365652759715	0.841633028234726	0.137358572432267	6.12726976796255	8.93998243765481e-10	7.42273150730112e-09
ENSMUSG00000025049.6	Taf5	128.641686160663	1.17064374217581	0.191094832786545	6.12598323620518	9.0125295362321e-10	7.47996587291372e-09
ENSMUSG00000073002.9	Vamp5	61.8117129206144	-1.74469414833661	0.284882612552236	-6.1242563479254	9.11081134855745e-10	7.55850437289742e-09
ENSMUSG00000068154.5	Insm1	19.8205751598236	7.74804277792672	1.26524188496544	6.12376405649765	9.13901989683669e-10	7.57886910435187e-09
ENSMUSG00000030089.15	Slc41a3	218.713836446073	-1.07876870194255	0.176175428869806	-6.12326423078989	9.16774729759934e-10	7.59964762967596e-09
ENSMUSG00000030177.14	Ccdc77	207.531128163041	1.25390312667832	0.20482104627144	6.1219447390996	9.24400862526076e-10	7.65979721914621e-09
ENSMUSG00000061589.14	Dot1l	1079.40069910582	0.724537918787641	0.118355479184149	6.1217099857315	9.25764109898062e-10	7.66802373380551e-09
ENSMUSG00000063171.4	Rps4l	526.661542472991	1.00065312244827	0.163469072844944	6.12136048142526	9.27797365932051e-10	7.68179107097101e-09
ENSMUSG00000025656.17	Arhgef9	290.432621765795	-0.944272240169431	0.154311171704447	-6.11927334709118	9.40030320807297e-10	7.77996305893252e-09
ENSMUSG00000020826.9	Nos2	18.4829827448863	7.64875434017832	1.24997828142132	6.11910979083659	9.40995562754112e-10	7.7848389901868e-09
ENSMUSG00000032939.14	Nup93	1667.27829114647	0.556875661878498	0.0911095343876155	6.11215572136865	9.82941972663074e-10	8.12861202243427e-09
ENSMUSG00000055128.15	Cgrrf1	337.964939869064	-0.811518462262851	0.132877172591909	-6.10728273663062	1.01341623688665e-09	8.37727743103701e-09
ENSMUSG00000053604.5	Rpia	222.947265366298	0.951982031233105	0.155909902116643	6.10597542753175	1.0217472793762e-09	8.44277322786747e-09
ENSMUSG00000005611.15	Irag1	103.920904682446	-1.37598332947333	0.225352942597052	-6.10590353787255	1.02220734007802e-09	8.44320420282323e-09
ENSMUSG00000030522.14	Mtmr10	753.690057628906	-0.653209883156026	0.107035199653699	-6.10275764673136	1.04253862134822e-09	8.60770120593811e-09
ENSMUSG00000020737.12	Jpt1	1571.62304633805	0.804766882867626	0.131893362596185	6.10164808165188	1.0498031583392e-09	8.66422471071093e-09
ENSMUSG00000036995.7	Asap3	311.761595259761	-0.945221038438368	0.15492538354309	-6.10113731411527	1.05316381953925e-09	8.68849657259586e-09
ENSMUSG00000092417.3	Gpank1	83.3110832677444	1.44244601550179	0.23643403018935	6.10083926728564	1.05512970134019e-09	8.70124688766559e-09
ENSMUSG00000019987.9	Arg1	27.1440758451383	3.00705742973538	0.49293104022451	6.10036127642883	1.05828994558068e-09	8.72383257012125e-09
ENSMUSG00000041025.15	Iffo2	1545.46533864495	0.568895261283881	0.0932625261218589	6.09993407792268	1.06112218419798e-09	8.74369748834152e-09
ENSMUSG00000028692.14	Akr1a1	7404.71739798934	-0.489951825381477	0.0803246978204135	-6.09964106527845	1.06306906964291e-09	8.75625414744868e-09
ENSMUSG00000025484.9	Bet1l	465.260854609563	-0.803829251077661	0.131787629928719	-6.09942869078405	1.06448234167837e-09	8.76440731519512e-09
ENSMUSG00000022995.16	Enah	2958.1952892707	0.670339627131388	0.109908829830243	6.09905162457597	1.06699608991228e-09	8.78161115908319e-09
ENSMUSG00000037887.11	Dusp8	442.609437251321	0.854601391408445	0.140125451250814	6.09883061057035	1.0684721906503e-09	8.78677229808125e-09
ENSMUSG00000108314.1	Prkcz2	38.6744873240277	2.23125340538918	0.365846634210903	6.09887640541447	1.06816617417463e-09	8.78677229808125e-09
ENSMUSG00000027878.11	Notch2	2677.22629140831	0.575219189884975	0.0943306442673646	6.09790375495169	1.07468415493014e-09	8.83434762625058e-09
ENSMUSG00000053799.8	Exoc6	159.532125705337	1.12285230209209	0.184186155369352	6.09629046135641	1.08558085104884e-09	8.92038032388249e-09
ENSMUSG00000025395.14	Prim1	283.999610389286	1.05982059419119	0.173887359453902	6.09486852592153	1.09527431437616e-09	8.99646152113977e-09
ENSMUSG00000001604.14	Tcea3	152.175867865451	-1.10383073923879	0.181130741763327	-6.09411041158933	1.10047688751071e-09	9.03560931954943e-09
ENSMUSG00000034206.15	Polq	181.779346099784	1.15904527001799	0.19019568702054	6.09396189879331	1.10149887784201e-09	9.03683126137601e-09
ENSMUSG00000037455.16	Slc18b1	321.710889469351	-0.880476725314123	0.144483408161316	-6.09396425872697	1.10148263073291e-09	9.03683126137601e-09
ENSMUSG00000038151.13	Prdm1	67.0413617031921	1.62006195403731	0.265872683184416	6.09337497419241	1.10554686022668e-09	9.06644788424405e-09
ENSMUSG00000064225.6	Paqr9	23.1643020085652	5.07461944219497	0.832837800722734	6.09316656591623	1.10698772569703e-09	9.07466888483282e-09
ENSMUSG00000020964.14	Sel1l	3720.27057377024	-0.483330863187167	0.0793250687722784	-6.09304058184537	1.10785962540579e-09	9.07822105553224e-09
ENSMUSG00000035770.8	Dync1li2	3181.93457952376	-0.542888230676568	0.0891395989017988	-6.09031493707576	1.12688781822286e-09	9.23049107613571e-09
ENSMUSG00000009614.16	Sardh	442.967880155594	-0.903084017495731	0.148316480877014	-6.08889863186936	1.13690071178487e-09	9.30882430112148e-09
ENSMUSG00000020250.10	Txnrd1	4326.20970564351	-0.487545879950721	0.0800800985488311	-6.08822777176562	1.14167373344697e-09	9.34420901882912e-09
ENSMUSG00000038525.16	Armc10	532.11176895516	0.797300284609575	0.130990209832649	6.08671659987561	1.15249706945503e-09	9.4290659449208e-09
ENSMUSG00000027509.11	Rae1	923.518878881813	0.744717428929489	0.122363233539637	6.08612086643048	1.15679127500749e-09	9.46045934467798e-09
ENSMUSG00000031990.15	Jam3	344.239639282125	-0.845172642179292	0.138899336795138	-6.0847852961734	1.16647518669385e-09	9.53588858190208e-09
ENSMUSG00000040195.11	Nemp1	209.344779625227	1.10836029707029	0.182164121222744	6.08440503887711	1.16924676893997e-09	9.55477255044943e-09
ENSMUSG00000025869.11	Nop16	588.269244102171	0.757073388752341	0.124478039644531	6.08198354436089	1.18704754053626e-09	9.69640767228096e-09
ENSMUSG00000072704.6	Smim10l1	1328.4818590074	-0.818431083677948	0.134602678200852	-6.08034769157193	1.19922218067846e-09	9.7919920780526e-09
ENSMUSG00000040434.16	Large2	30.7918502748305	7.424269340417	1.22139423136537	6.07852006318842	1.21296807954469e-09	9.90032581959602e-09
ENSMUSG00000041961.14	Znrf3	332.578250327831	0.822909150702491	0.135389843559436	6.07807150867441	1.21636513800197e-09	9.92413953153438e-09
ENSMUSG00000027465.13	Tbc1d20	1742.77918348314	-0.559586646748591	0.0920801908232842	-6.07716645399359	1.22324769027732e-09	9.97636089087878e-09
ENSMUSG00000047641.8	Krt87	25.435895721476	5.65276525665882	0.930564552223673	6.07455468097403	1.24332264859e-09	1.01360911788753e-08
ENSMUSG00000047412.16	Zbtb44	584.459124197035	0.835552409150794	0.137562390338022	6.07398873411297	1.24771485405427e-09	1.01678936079013e-08
ENSMUSG00000039055.4	Eme1	90.4336430012742	1.45482326687671	0.239559163949958	6.07291845107882	1.25606250401856e-09	1.02318920781898e-08
ENSMUSG00000030341.17	Tnfrsf1a	2766.71682801485	-0.586925647411862	0.0966498010494536	-6.07270414464222	1.2577405125323e-09	1.02415306329292e-08
ENSMUSG00000025130.11	P4hb	19283.1283623079	-0.477303772716839	0.0786229774235983	-6.07079238611458	1.27280650366218e-09	1.03601344157701e-08
ENSMUSG00000037254.18	Itih2	445.677544601122	-0.766805914135524	0.12631510609848	-6.07057966240153	1.27449375212276e-09	1.03697901632032e-08
ENSMUSG00000033364.13	Usp37	479.642042898094	0.739261329426166	0.121827376537634	6.06810513725377	1.29428170995795e-09	1.05266550547818e-08
ENSMUSG00000001768.16	Rin2	937.854602296778	-0.781443582719948	0.128862098551619	-6.06418482628484	1.32624573067655e-09	1.078238820867e-08
ENSMUSG00000030263.13	Irag2	21.3478811536291	4.61299177751875	0.760825197640514	6.06314274530424	1.3348709164871e-09	1.08482501375604e-08
ENSMUSG00000009585.18	Apobec3	389.28711544116	0.770323634463784	0.127054759194238	6.06292624809222	1.33666968683416e-09	1.08586051207929e-08
ENSMUSG00000055184.4	Fam72a	58.5669103674312	1.7524337544147	0.289107903932827	6.06152142703742	1.34839920315268e-09	1.09495940000225e-08
ENSMUSG00000031861.16	Lpar2	210.81801587881	1.03260521990934	0.170364953687409	6.06113638726423	1.35163156147542e-09	1.09715379180313e-08
ENSMUSG00000006818.5	Sod2	900.609921059998	0.640370110672682	0.105661797026891	6.06056425966055	1.35644845113453e-09	1.10063216346663e-08
ENSMUSG00000040003.18	Magi2	151.744312448992	-1.06458897021949	0.175808953683392	-6.05537401773447	1.40091778483344e-09	1.13626948386628e-08
ENSMUSG00000002365.10	Snx9	2573.45827676545	-0.566756468153427	0.0935996037655822	-6.05511610468836	1.40316422187953e-09	1.13764266946674e-08
ENSMUSG00000025006.18	Sorbs1	363.980549419822	-0.751483300433607	0.124108449277563	-6.0550535020621	1.40371002358474e-09	1.13764266946674e-08
ENSMUSG00000031825.16	Crispld2	170.817313642019	-1.19988433203	0.198186933989706	-6.05430594174448	1.4102436475608e-09	1.14249053858556e-08
ENSMUSG00000030134.11	Rasgef1a	37.6568526784525	2.17793094672462	0.359847534813965	6.05237145184438	1.42728885417401e-09	1.15584710455977e-08
ENSMUSG00000017446.14	C1qtnf1	933.616920507134	-0.752381934886684	0.124322559948882	-6.05185362331698	1.43188551751153e-09	1.15868024159511e-08
ENSMUSG00000029869.7	Ephb6	842.449549710137	-1.02804386025935	0.169872626219538	-6.05185122016504	1.43190688342447e-09	1.15868024159511e-08
ENSMUSG00000034435.6	Tmem30b	41.7551377770177	2.28485585848398	0.377607761252711	6.05087101733288	1.44064761996381e-09	1.16529758052485e-08
ENSMUSG00000040205.8	Cuzd1	30.7526897403853	7.41485477317281	1.22584994409774	6.04874585904585	1.45977721093568e-09	1.18030970660772e-08
ENSMUSG00000017801.15	Mlx	516.106477825855	0.744083064887527	0.123031562888223	6.04790386645371	1.46742467922122e-09	1.18602981004296e-08
ENSMUSG00000078676.9	Casc3	1010.86838879625	0.591555533316496	0.0978295480562356	6.04679818183817	1.47752648094368e-09	1.19372836178974e-08
ENSMUSG00000057531.14	Dtnbp1	781.009101623104	-0.734970400478224	0.121583046371968	-6.0450072802887	1.49403255554462e-09	1.20659304983293e-08
ENSMUSG00000029513.14	Prkab1	592.054513778016	0.75823872222043	0.125453428321381	6.04398566357235	1.50352877358755e-09	1.21378869284277e-08
ENSMUSG00000020235.16	Fzr1	899.162126763619	1.02849189323422	0.170251265601772	6.04102348137559	1.5313968812023e-09	1.23580444616009e-08
ENSMUSG00000028187.10	Rpf1	432.002878614952	0.797537816276576	0.132055935148479	6.0393939536292	1.54694139835025e-09	1.24786204226235e-08
ENSMUSG00000021906.14	Oxnad1	279.779804585409	0.973769324080229	0.161345574230101	6.03530235475503	1.58665320979569e-09	1.27939753757542e-08
ENSMUSG00000031527.7	Eri1	708.768887605556	0.749004907920398	0.124113310048273	6.03484757298858	1.59112805728494e-09	1.28250621720175e-08
ENSMUSG00000042029.7	Ncapg2	646.246511476317	0.830001408027165	0.137583531388608	6.03270899976252	1.61233608798905e-09	1.29909477171215e-08
ENSMUSG00000033653.18	Vps8	742.743788360904	-0.619337953460551	0.102685479667401	-6.03140731743761	1.62537935016478e-09	1.30909444237591e-08
ENSMUSG00000034120.18	Srsf2	2089.59699588977	0.525999045175607	0.087216545374183	6.03095482535941	1.62993750183264e-09	1.31225501168548e-08
ENSMUSG00000026335.16	Pam	4281.70901136531	-0.534683069328538	0.0886851423219961	-6.02900390447841	1.64973302934827e-09	1.3276758932535e-08
ENSMUSG00000057530.14	Ece1	3100.59349705948	-0.656541337115672	0.108901616515243	-6.02875657978664	1.65225924608698e-09	1.32919215447938e-08
ENSMUSG00000044345.9	Marveld1	1579.93889254342	-0.729697209618219	0.121043294049351	-6.02839847799176	1.65592364081501e-09	1.33162251131429e-08
ENSMUSG00000026672.11	Optn	383.35241412152	-0.763149146493742	0.126621722099578	-6.02700021638927	1.67030779799619e-09	1.34266800429993e-08
ENSMUSG00000032517.16	Mobp	18.1221874397223	7.62099507967041	1.26457657069566	6.02651927631239	1.67528339670917e-09	1.34614483806223e-08
ENSMUSG00000009549.14	Srp14	1252.43402028224	-0.576642291446695	0.0957183763028513	-6.02436348922393	1.69776427934839e-09	1.36367958161553e-08
ENSMUSG00000027560.4	Dok5	50.5618059939363	-1.85899769956205	0.308609194578822	-6.02379233094184	1.70376949714703e-09	1.3679722583959e-08
ENSMUSG00000029464.10	Gpn3	320.631412723659	0.86697780171327	0.143974064768515	6.02176373298357	1.72526616232149e-09	1.38469500945686e-08
ENSMUSG00000037138.18	Aff3	124.590346230785	-1.19748966092132	0.198945958387094	-6.01917058597057	1.75313040246744e-09	1.40651341863076e-08
ENSMUSG00000001056.3	Nhp2	876.962352163323	0.789410762653021	0.131150855616129	6.01910493793181	1.7538414736338e-09	1.40653873160581e-08
ENSMUSG00000062867.13	Impdh2	1392.41222986216	0.760755261149974	0.126391418005863	6.01904206118397	1.75452279085895e-09	1.40654017226915e-08
ENSMUSG00000045667.14	Smtnl2	21.6548988661789	3.58477986474664	0.596042123341464	6.01430624508559	1.80658698773607e-09	1.44771754003674e-08
ENSMUSG00000046169.10	Adamts6	258.555771662502	-0.921617266566754	0.153261569743206	-6.0133617847641	1.81714868941133e-09	1.45561767500484e-08
ENSMUSG00000079092.4	Prl2c2	34.1479872619999	-2.31854721578706	0.385593295981449	-6.01293445697926	1.82194715249522e-09	1.45889687077364e-08
ENSMUSG00000048142.9	Nat8l	48.2738230223016	1.94654618583618	0.324000892988674	6.00784203981877	1.88008876276091e-09	1.50487073860743e-08
ENSMUSG00000030209.14	Grin2b	21.4689130738259	4.96566281582576	0.826734281038999	6.00635891085242	1.89735932870706e-09	1.51810748917307e-08
ENSMUSG00000045751.16	Mms22l	323.087089688904	0.817376156296289	0.136111785897538	6.00518280548893	1.91116449850894e-09	1.52856236300759e-08
ENSMUSG00000051517.14	Arhgef39	72.0206016067102	1.58065961214823	0.263250802912003	6.0043866710507	1.92056504964004e-09	1.53548767719194e-08
ENSMUSG00000054418.6	2900041M22Rik	19.7732017452832	4.24108359790939	0.706407336471426	6.00373662467043	1.92827402592638e-09	1.54105575531468e-08
ENSMUSG00000096001.2	Gpr15lg	27.216617942057	3.4281545317093	0.571362877372285	5.99996021350824	1.97365882391323e-09	1.57671802378155e-08
ENSMUSG00000022043.19	Trim35	3369.42993132608	-0.607124622209926	0.101189919020912	-5.99985283202426	1.97496443062491e-09	1.5771523437309e-08
ENSMUSG00000007682.6	Dio2	127.864803764895	1.40903268181711	0.234850312425697	5.99970537515425	1.97675866844212e-09	1.57797638557977e-08
ENSMUSG00000037999.13	Arap2	693.267359241644	0.990786376941442	0.165184512031691	5.9980585634527	1.99690509868362e-09	1.59344404925414e-08
ENSMUSG00000029718.14	Pcolce	10983.7401703828	-0.75617448549814	0.126127444061786	-5.99532077354799	2.03084165882321e-09	1.61989947961394e-08
ENSMUSG00000029178.14	Klf3	4829.535737108	0.602437460418328	0.100495755476739	5.9946557698924	2.0391692163397e-09	1.62571072640144e-08
ENSMUSG00000041617.10	Ccdc74a	127.910055747417	-1.23833211673125	0.206574133299322	-5.99461363798599	2.03969793539037e-09	1.62571072640144e-08
ENSMUSG00000037613.16	Tnfrsf23	752.605843296686	-0.682028141772697	0.113810724064012	-5.9926526905241	2.06445444778225e-09	1.64480918455138e-08
ENSMUSG00000034112.9	Atp2c2	16.9679318412948	7.53003233789641	1.25663681641308	5.99221050946924	2.07007719669087e-09	1.64865440147381e-08
ENSMUSG00000038773.11	Kdm3b	1678.2003056364	0.51039953103299	0.0851868832231018	5.99152723660836	2.07879500505283e-09	1.65496068498418e-08
ENSMUSG00000043531.16	Sorcs1	136.917905197493	-1.24589669444603	0.207980379331608	-5.99045303431984	2.09257300466759e-09	1.66528906665185e-08
ENSMUSG00000061393.14	Acvr2b	35.8595491188742	2.22829454253679	0.372095474017068	5.98850214027215	2.11782352805755e-09	1.68473594186254e-08
ENSMUSG00000030218.2	Mgp	17942.979013708	-0.733344983388942	0.122463395080166	-5.98827905194763	2.12072981435283e-09	1.68639978591199e-08
ENSMUSG00000041415.10	Dicer1	1815.43400172476	0.539792429754588	0.0901943702874267	5.98476853970382	2.16697793181368e-09	1.72251444741211e-08
ENSMUSG00000034780.6	B3galt1	63.3482093027256	-1.59130520537097	0.265900639145907	-5.98458586065218	2.16941128314403e-09	1.7237867236007e-08
ENSMUSG00000046818.7	Ddit4l	429.591876926799	-0.757752095804097	0.126638274966372	-5.9835945807483	2.18266197393345e-09	1.73365004598805e-08
ENSMUSG00000028555.15	Ttc39a	65.4696468547279	1.67394443936131	0.279817769057631	5.98226640502071	2.200539685405e-09	1.74717955305708e-08
ENSMUSG00000032116.18	Stt3a	5971.52251130767	-0.450605216031578	0.075327472854223	-5.98195052824365	2.20481244839477e-09	1.74990080020412e-08
ENSMUSG00000106933.1	Gm43621	30.1266992332909	2.51319277626678	0.420180268808933	5.98122511414166	2.21465550411496e-09	1.75703925947396e-08
ENSMUSG00000034765.6	Dusp5	747.122603567698	0.744489611676014	0.124493998818574	5.98012449387992	2.22967147827906e-09	1.76827470991947e-08
ENSMUSG00000020689.4	Itgb3	372.404242473589	0.752252862757454	0.125834110977425	5.9781315011826	2.25711504582653e-09	1.78935367037776e-08
ENSMUSG00000067212.8	H2-T23	102.661995070743	-1.42630288920157	0.238622034616339	-5.97724720390892	2.26939697031546e-09	1.7984015271271e-08
ENSMUSG00000089682.10	Bcl2l2	879.647127916646	-0.644940132060967	0.107933234661157	-5.97536184369605	2.29580031361918e-09	1.81862880564881e-08
ENSMUSG00000027080.6	Med19	334.487894028285	0.826414847089113	0.138318363419147	5.97472979480551	2.30471856827865e-09	1.82499501319051e-08
ENSMUSG00000034574.10	Daam1	1198.80343775148	0.65499059586323	0.109702301907748	5.97061852370275	2.36355803593758e-09	1.87087142584597e-08
ENSMUSG00000030844.11	Rgs10	99.0545035795011	-1.34440551976344	0.225245620888008	-5.96862000896293	2.39268625497151e-09	1.89320385289202e-08
ENSMUSG00000022307.16	Oxr1	1036.89987809296	-0.642685904344825	0.107705737219063	-5.96705357522102	2.41576106548005e-09	1.91073130662482e-08
ENSMUSG00000039842.15	Mcph1	417.887440872291	0.826867204021224	0.138659056998084	5.96331189554137	2.47175966868548e-09	1.95353010241011e-08
ENSMUSG00000079260.3	Tmppe	155.842578262255	1.0372702255907	0.17394194586392	5.96331276184635	2.47174655824028e-09	1.95353010241011e-08
ENSMUSG00000037523.13	Mavs	764.60813516222	0.71280580981513	0.119546333829813	5.96259029431957	2.48270376035128e-09	1.96143073036302e-08
ENSMUSG00000044042.19	Fmn1	1135.82401874358	-0.759433044425486	0.127371986218863	-5.96232395340492	2.48675510546454e-09	1.96388187439949e-08
ENSMUSG00000038604.9	Ripor1	1316.17974589862	-0.738856344703859	0.123927968069629	-5.96198224026987	2.49196237791665e-09	1.96724367889003e-08
ENSMUSG00000053801.18	Grwd1	547.593469719242	0.935379566701763	0.156896664771927	5.96175558009138	2.49542224686776e-09	1.9692239835271e-08
ENSMUSG00000029326.13	Enoph1	445.472739795952	0.756327517267306	0.126884446740024	5.9607582859778	2.51070116916204e-09	1.98052604803678e-08
ENSMUSG00000034923.9	Ly6g6f	16.778535527712	7.51829648016374	1.2614639703999	5.95997718252734	2.522731558812e-09	1.98925792517523e-08
ENSMUSG00000029363.14	Rfc5	366.560798134917	0.795413436040825	0.133465972987953	5.95967210393484	2.52744554499706e-09	1.99221612094037e-08
ENSMUSG00000053641.9	Dennd4a	851.810796610355	-0.765403505185428	0.128473634116804	-5.9576699176233	2.55859634352265e-09	2.01600250150648e-08
ENSMUSG00000030835.6	Nomo1	3578.05338396166	0.548041153936635	0.0920158227105512	5.95594472551287	2.58573720620215e-09	2.03605376368435e-08
ENSMUSG00000031996.17	Aplp2	6791.64953474491	-0.497564170715452	0.0835410070167689	-5.95592737606786	2.5860115680594e-09	2.03605376368435e-08
ENSMUSG00000062198.5	2700097O09Rik	197.076310308833	1.04028555702983	0.174692556363244	5.95495067841773	2.60150274617749e-09	2.04747168605049e-08
ENSMUSG00000056214.9	Pard6g	485.654604027381	-0.681845619992133	0.114554599661672	-5.95214528273775	2.64650279580093e-09	2.0820965933213e-08
ENSMUSG00000017969.13	Ptgis	171.444612129801	-1.12374250937702	0.188800158200125	-5.95202101571264	2.64851354019424e-09	2.08288684530701e-08
ENSMUSG00000068220.6	Lgals1	22924.1639008254	-0.606705498561744	0.101985683287318	-5.94892811427765	2.69904135892539e-09	2.12181758786163e-08
ENSMUSG00000033200.16	Tpsg1	28.5403504164943	7.31998369550292	1.23053204823232	5.94863311851016	2.70390936745726e-09	2.12483750937729e-08
ENSMUSG00000103189.1	Gm37092	30.376028754103	7.39461498751912	1.24313288335274	5.94837051335637	2.70825006024855e-09	2.12744091070531e-08
ENSMUSG00000040734.14	Ppp1r13l	469.688050686253	0.95435892439169	0.160490925908214	5.9464977162478	2.73940355175262e-09	2.15109689369224e-08
ENSMUSG00000015846.15	Rxra	1633.05382383265	-0.731792755939998	0.123067012018672	-5.94629498137949	2.74279685397293e-09	2.15294471294599e-08
ENSMUSG00000073988.13	Ttpa	23.3107101963342	3.16611032223246	0.532544420988891	5.94525113295386	2.76033330644659e-09	2.16588851820083e-08
ENSMUSG00000022987.12	Zfp641	34.2925711837779	-2.27881179092306	0.3834189444077	-5.94339905255161	2.79171700288889e-09	2.18968360147015e-08
ENSMUSG00000039168.15	Dap	3967.35584882474	-0.591442531708809	0.0995226281204269	-5.94279454711683	2.80203542242229e-09	2.19694436396663e-08
ENSMUSG00000032370.8	Lactb	290.388517355249	-0.807125244901898	0.135849470043258	-5.94132052664532	2.82735169531994e-09	2.21595428782383e-08
ENSMUSG00000024365.9	Cyp21a1	16.1217131152564	7.45598783449793	1.25521821189498	5.93999335242418	2.85033634529151e-09	2.23312308899277e-08
ENSMUSG00000027007.16	Itprid2	1109.21195679239	-0.601351689622472	0.101259314232501	-5.93872962877973	2.87239118229675e-09	2.24955070307834e-08
ENSMUSG00000023944.14	Hsp90ab1	38246.8594770271	0.498137287089651	0.0838943286368601	5.93767534925821	2.89091781470356e-09	2.26320377634452e-08
ENSMUSG00000097039.8	Pvt1	425.751803215525	-0.766545457633917	0.129152111439456	-5.93521429181788	2.93461945703734e-09	2.29654775581156e-08
ENSMUSG00000005124.10	Ccn4	2380.73145760697	-0.617385286691668	0.104026749028624	-5.93487052567403	2.94077477728539e-09	2.3004949778923e-08
ENSMUSG00000022425.16	Enpp2	204.552143561691	-1.15556283133582	0.194804308043495	-5.93191620319716	2.99419438473773e-09	2.34139892594206e-08
ENSMUSG00000028654.13	Mycl	57.8992223431196	1.85070287268097	0.312075765357327	5.93029987625574	3.02381922389527e-09	2.36277969480589e-08
ENSMUSG00000063760.9	Rnf217	566.118840337748	-0.704751533734322	0.118837976139464	-5.93035624325382	3.02278131541817e-09	2.36277969480589e-08
ENSMUSG00000025885.18	Myo5b	24.146738418175	3.00967422818551	0.507836558767965	5.92646231592132	3.09530375381666e-09	2.41681223690121e-08
ENSMUSG00000036412.5	Arsi	302.207079534798	-1.10485123460611	0.186425035990467	-5.92651748053091	3.09426460745508e-09	2.41681223690121e-08
ENSMUSG00000031635.14	Anxa10	22.3405528686914	3.34354043443742	0.564389472355703	5.92417222185565	3.13874383145523e-09	2.44980612998838e-08
ENSMUSG00000020640.10	Itsn2	1743.38447877848	0.608784813942471	0.10276954621094	5.92378614470974	3.14612544272813e-09	2.45464193513115e-08
ENSMUSG00000098188.1	Sowahc	271.996423728526	0.932933392831794	0.157533936443424	5.92211058705337	3.17835763901499e-09	2.47885549246312e-08
ENSMUSG00000033031.13	Cip2a	710.83300741016	0.99375853606548	0.167816900087718	5.92168330809377	3.18662838605878e-09	2.4843699044456e-08
ENSMUSG00000032006.15	Pdgfd	254.321827799463	-1.1305829435506	0.190926380607888	-5.9215648458372	3.18892514223817e-09	2.4852244547887e-08
ENSMUSG00000040648.14	Ppip5k2	1208.50713477422	0.743721389918093	0.125658810942636	5.9185773312594	3.2473831158367e-09	2.5298300005534e-08
ENSMUSG00000031295.13	Phka2	560.397766994409	-0.648318010785069	0.10954238417508	-5.91842158327386	3.25045914813153e-09	2.53127366091702e-08
ENSMUSG00000005950.14	P2rx5	84.5409893465652	-1.376764618394	0.232657790871819	-5.91755218355234	3.26768203099971e-09	2.54372885895687e-08
ENSMUSG00000074088.6	Snrnp40	653.179683551159	0.702339259011953	0.118701725831459	5.91684117557972	3.28183317250271e-09	2.55378439239224e-08
ENSMUSG00000020330.16	Hmmr	760.278834450247	0.888464341972871	0.150176321883729	5.91614131194893	3.29582077055287e-09	2.56370515331356e-08
ENSMUSG00000028635.7	Edn2	45.4005181188295	1.89304808747215	0.320062321015808	5.91462338167152	3.32635814547054e-09	2.58648712445885e-08
ENSMUSG00000021326.13	Trim27	886.534440843414	0.635469154091886	0.107444355455983	5.91440240294636	3.33082665238156e-09	2.58898914298333e-08
ENSMUSG00000030074.9	Gxylt2	796.92420160086	-0.740795428380209	0.125257451417596	-5.91418250967336	3.3352790108572e-09	2.59147673595095e-08
ENSMUSG00000037892.13	Pcdh18	801.033223715938	-0.64360423587901	0.108840709735295	-5.91326753973108	3.35386744879536e-09	2.6049419258017e-08
ENSMUSG00000022452.16	Smdt1	711.644333382878	-0.747945513842747	0.126493797307685	-5.9129026858403	3.36130787841986e-09	2.60974162698472e-08
ENSMUSG00000037926.15	Ssh2	345.727976460949	0.803492908853522	0.135899386304346	5.91241013446598	3.37137792573e-09	2.61657861584872e-08
ENSMUSG00000028152.10	Tspan5	1119.63340400834	-0.575325963835276	0.0973517700551527	-5.90976377223893	3.42598677016709e-09	2.65796477345159e-08
ENSMUSG00000031785.16	Adgrg1	103.817950325195	1.43725532797945	0.243216231689516	5.90937256940242	3.43413212355138e-09	2.66328590578456e-08
ENSMUSG00000003438.17	Timm50	676.051581917296	0.841702885587235	0.142443302624768	5.90903798267368	3.44111361096832e-09	2.66770077278776e-08
ENSMUSG00000030157.5	Clec2d	383.042229278992	-1.2181466368933	0.206177944006159	-5.90822962545842	3.45803786042007e-09	2.67981750927873e-08
ENSMUSG00000106734.3	Gm20559	81.9755589432896	-1.42267887389367	0.240857022271607	-5.90673612284952	3.48952013847548e-09	2.70320274499641e-08
ENSMUSG00000014932.15	Yes1	1034.13186355308	0.997749744945201	0.168946959197092	5.90569815335494	3.51156417162495e-09	2.71926175789243e-08
ENSMUSG00000031749.12	St3gal2	1777.54837203014	-0.72639258824807	0.123033357287106	-5.90402964094516	3.54728386056786e-09	2.74589486274847e-08
ENSMUSG00000028618.11	Tmem59	5381.90744099378	-0.439485877834173	0.0744640789584638	-5.90198501050848	3.59153803451889e-09	2.7791119916451e-08
ENSMUSG00000002718.14	Cse1l	2317.44813682818	0.650594061849625	0.110243242458607	5.90144164250164	3.60338884602491e-09	2.78724012421037e-08
ENSMUSG00000027833.16	Shox2	506.965823720332	-0.676158287233237	0.114584504883673	-5.90095744550871	3.61398120977687e-09	2.79438913190779e-08
ENSMUSG00000027324.1	Rpusd2	130.864022524658	1.12122814589035	0.190095810494188	5.89822649418477	3.67429388611484e-09	2.83996300032454e-08
ENSMUSG00000042682.9	Selenok	1136.56466591769	-0.561901952422687	0.0952702861495835	-5.8979769572692	3.6798534750439e-09	2.84319847256191e-08
ENSMUSG00000068732.5	Tmem167b	1186.7602874974	-0.646121607600077	0.109572145060252	-5.89676881149662	3.7068865154016e-09	2.86301656650364e-08
ENSMUSG00000041852.15	Tcf20	1861.85089040266	0.527465858397304	0.0894552375266342	5.89642231110567	3.71467529133422e-09	2.86796209829642e-08
ENSMUSG00000041272.11	Tox	61.816199843839	-1.68610462340549	0.286020822377163	-5.89504151967684	3.74587181261086e-09	2.89096945000866e-08
ENSMUSG00000035842.10	Ddx11	243.579627000887	0.857041226691224	0.145385590055763	5.89495304426321	3.74787942759083e-09	2.8914407853784e-08
ENSMUSG00000042671.12	Rgs8	57.150549690943	1.71429444317047	0.29082751074258	5.89454016503909	3.75726201711105e-09	2.89759934769679e-08
ENSMUSG00000045658.16	Pid1	452.71196801353	-0.959143811902441	0.162730412350584	-5.89406613089677	3.76806253483614e-09	2.90484642117592e-08
ENSMUSG00000028121.8	Bcar3	222.90839033407	0.886536220450513	0.150442392845001	5.89286173720927	3.79563986952838e-09	2.9250167408551e-08
ENSMUSG00000049422.7	Chchd10	66.7768019178613	1.73498010916894	0.29444347033894	5.89240477016442	3.80615449766907e-09	2.93202798463908e-08
ENSMUSG00000040112.9	Mrps35	387.329946852209	0.79305630564331	0.134617050348347	5.89120251551439	3.83395349911268e-09	2.95234387939484e-08
ENSMUSG00000070733.13	Fryl	1408.89977470593	0.580153504277644	0.0984888903854765	5.89054767504209	3.84917801119034e-09	2.96296525301707e-08
ENSMUSG00000026525.9	Opn3	39.7735323618363	2.75094937946149	0.467045672560441	5.89010784401493	3.85943674624948e-09	2.96975766582223e-08
ENSMUSG00000057969.15	Sema3b	594.669028407216	-0.823322144029635	0.139787068396577	-5.88983053635451	3.86591841732992e-09	2.97363973691237e-08
ENSMUSG00000042743.13	Sgtb	212.004336731656	1.10043433209584	0.186873655310099	5.88865418332927	3.89353199609287e-09	2.99376741408344e-08
ENSMUSG00000007034.15	Slc44a4	26.9287280126252	7.23549789955614	1.22953181788606	5.88475856769301	3.98635472313108e-09	3.06286400943171e-08
ENSMUSG00000039046.15	Usp6nl	814.36403528577	0.697605746244876	0.118544030511048	5.88478174090648	3.98579624714483e-09	3.06286400943171e-08
ENSMUSG00000048285.9	Frmd6	2050.02016246165	-0.581169842298803	0.0987661622418139	-5.88430115241187	3.99739406417788e-09	3.07020629812311e-08
ENSMUSG00000102918.1	Pcdhgc3	832.152895753835	-0.657133882518603	0.111694246402456	-5.88332795720582	4.02098041899909e-09	3.08717632391922e-08
ENSMUSG00000051176.6	Zfp42	15.753488637884	7.42588250564471	1.26223751250599	5.88311029586002	4.02627416445775e-09	3.09009450982985e-08
ENSMUSG00000038007.14	Acer2	89.7112356852709	1.42391742661761	0.242186191185131	5.87943276059512	4.11674782644973e-09	3.15836038768284e-08
ENSMUSG00000057899.7	Adgrf2	19.3207372744052	4.19467758439861	0.713669986487896	5.877615233676	4.16218968396899e-09	3.19204017297051e-08
ENSMUSG00000035365.15	Parpbp	164.496691081183	1.12066930158388	0.190679010128146	5.87725571278527	4.17123609222344e-09	3.197793180479e-08
ENSMUSG00000021215.15	Net1	1682.83251875322	0.656837011727171	0.111768530091899	5.87676165363455	4.18369903001649e-09	3.20616017113333e-08
ENSMUSG00000037905.13	Bri3bp	836.949245722497	0.710991076896008	0.121014623683456	5.87524924884934	4.22207604089198e-09	3.23437275982321e-08
ENSMUSG00000072244.11	Trim6	56.4409843006394	1.79881401270294	0.306201890916862	5.87460125512858	4.23862341524003e-09	3.24584780140782e-08
ENSMUSG00000031465.6	Angpt2	82.2898615513602	-1.37593682747809	0.23423683366	-5.87412665198203	4.25078305880799e-09	3.25395556709566e-08
ENSMUSG00000021767.19	Kat6b	934.146695470899	-0.695504734334669	0.118431154089735	-5.87265014581962	4.28882961149682e-09	3.28186632637237e-08
ENSMUSG00000050248.11	Evc2	993.505481937039	-0.566672797883909	0.0964949643850716	-5.87256341815467	4.29107468200847e-09	3.2823708367662e-08
ENSMUSG00000071708.11	Sms	326.595696467034	0.994336776399462	0.169331092877906	5.87214527172758	4.30191506523323e-09	3.28944735630819e-08
ENSMUSG00000044976.17	Wdr72	109.476176820933	-1.37875340280345	0.234850119279946	-5.87078008318978	4.33749324917515e-09	3.31542735467786e-08
ENSMUSG00000020326.7	Ccng1	15289.2561224074	-0.780497119575957	0.133001772239927	-5.86832119926934	4.40229794729612e-09	3.36371964603479e-08
ENSMUSG00000047554.14	Tmem41b	664.894941718503	-0.705107854992303	0.120167724384501	-5.86769749201683	4.41888519216528e-09	3.37514777094572e-08
ENSMUSG00000027470.9	Mylk2	27.0239031505294	-2.77642377078909	0.473399889444142	-5.86485935611248	4.49513553328987e-09	3.43212137231896e-08
ENSMUSG00000005553.14	Atp4a	24.064350300611	5.56876227187762	0.949573747213406	5.86448634265591	4.50525175332071e-09	3.43857691895226e-08
ENSMUSG00000045404.16	Kcnk13	20.3562117415688	4.26355383453708	0.727270251465155	5.86240647950022	4.5620656351361e-09	3.4806559742603e-08
ENSMUSG00000040569.13	Slc26a7	31.6290721170463	-2.85849169887806	0.487670323519693	-5.86152480685576	4.58635941927153e-09	3.49790175458737e-08
ENSMUSG00000042042.14	Csgalnact2	805.209835503753	-0.81727963749364	0.139485572340992	-5.85924138086256	4.64986410338148e-09	3.54502898990399e-08
ENSMUSG00000024776.18	Stambpl1	440.660881069557	-0.738916746115119	0.126134825716714	-5.85815013352975	4.6805143140001e-09	3.56708268724183e-08
ENSMUSG00000038372.14	Gmds	326.364163047066	-0.771588144224282	0.13177143098207	-5.85550402294159	4.75565508847866e-09	3.62301452618402e-08
ENSMUSG00000038845.11	Phb1	916.163525561415	0.681171037463882	0.116361791844202	5.85390639545931	4.80158934578649e-09	3.65666290906676e-08
ENSMUSG00000033102.15	Cdc14b	735.031843499794	0.712902354166771	0.121807558831095	5.85269388047847	4.83673890114427e-09	3.6820764440892e-08
ENSMUSG00000055720.10	Ubl7	733.504880498569	0.650629161442493	0.111198775266889	5.85104610982373	4.88490764202328e-09	3.71737879714117e-08
ENSMUSG00000039509.8	Nup133	681.588831387676	0.612755000595169	0.104735006814787	5.85052714684749	4.90017473974314e-09	3.72762649533052e-08
ENSMUSG00000070803.6	Cited4	22.3123429372779	5.46458726018468	0.93444760971772	5.84793326384069	4.97718146671465e-09	3.78481554663948e-08
ENSMUSG00000004897.16	Hdgf	6797.06958316438	0.625864837049965	0.107027360956884	5.84770876768694	4.98390136174114e-09	3.78714296206608e-08
ENSMUSG00000033499.14	Larp4b	2232.59644381574	0.564885059690248	0.0965986197325978	5.84775498090915	4.98251732953999e-09	3.78714296206608e-08
ENSMUSG00000042557.14	Sin3a	1328.31118460025	0.568824139928946	0.0972842387233872	5.84703285335161	5.00418700656623e-09	3.80116208619869e-08
ENSMUSG00000097016.2	Gm26708	22.5655486839676	3.23118771163497	0.552730990012995	5.84585950492662	5.03959265925942e-09	3.82665181416033e-08
ENSMUSG00000062661.6	Ncs1	1562.41069883308	-0.575627891907497	0.0984704537642554	-5.84569147295276	5.04468291459105e-09	3.8291122716949e-08
ENSMUSG00000000901.17	Mmp11	618.996446688709	-0.831723000860171	0.142282448165325	-5.84557696036937	5.04815475295482e-09	3.83002125612965e-08
ENSMUSG00000029375.6	Cxcl15	25.6305377330382	-2.97671871862822	0.509229916096526	-5.84552993556643	5.04958114303967e-09	3.83002125612965e-08
ENSMUSG00000022360.8	Atad2	1053.84690815231	0.765724757048783	0.131018152407981	5.84441730382803	5.08344492390021e-09	3.85429401024947e-08
ENSMUSG00000048546.8	Tob2	604.860509145281	0.809391066100102	0.138496541371088	5.84412475638232	5.09238544832511e-09	3.85965896722378e-08
ENSMUSG00000038745.15	Nlrp6	27.861131258365	7.28571682615036	1.24677266242136	5.84366103440281	5.10658858178562e-09	3.86900721282505e-08
ENSMUSG00000022817.15	Itgb5	4980.24084304417	-0.674407555548415	0.115418609527666	-5.84314399825408	5.12247009723891e-09	3.8796197783662e-08
ENSMUSG00000005583.16	Mef2c	306.543902088654	-0.907024128706174	0.155269695844413	-5.8416043373657	5.17004816950712e-09	3.91422191150797e-08
ENSMUSG00000036109.17	Mbnl3	254.998864988661	1.03008984968347	0.176343653805118	5.84137748910343	5.17709439848854e-09	3.91812347182136e-08
ENSMUSG00000060508.16	Nlrp9b	16.1762755017694	7.45162363435882	1.27649183133554	5.83758035220835	5.29643536618247e-09	4.00697791098724e-08
ENSMUSG00000028024.14	Enpep	82.0811970460828	-1.50813872475959	0.258384718503276	-5.83679535498718	5.32143895114937e-09	4.02442326817102e-08
ENSMUSG00000034390.16	Cmip	1149.35885247115	0.770504076033311	0.132076146502435	5.83378676950652	5.41833571165694e-09	4.09620638771318e-08
ENSMUSG00000028115.16	Bnipl	26.6271174607468	6.31468649735358	1.08285840247874	5.83149789750792	5.4932004140249e-09	4.15128716209936e-08
ENSMUSG00000034645.14	Zyg11a	19.0472931243182	4.78921165668088	0.821356140768803	5.83085876998265	5.514284180681e-09	4.1656995713838e-08
ENSMUSG00000027933.11	Ints3	1435.24467096289	0.551888289375442	0.0947015094906785	5.82766095644721	5.62096277965651e-09	4.2447394591795e-08
ENSMUSG00000045752.13	Tssc4	736.418891147944	-0.692355545652072	0.118809123289272	-5.82746111143629	5.62769582523361e-09	4.24827410235268e-08
ENSMUSG00000030283.7	St8sia1	26.3387364149527	7.18794347195389	1.23355805908305	5.82700053639712	5.64324310599917e-09	4.25845749365938e-08
ENSMUSG00000049916.12	2610318N02Rik	57.0193060896324	1.92594114168425	0.330549259935978	5.82648753186521	5.66060940043548e-09	4.27000561150197e-08
ENSMUSG00000000216.8	Scnn1g	15.5890472510289	7.41593562720614	1.2729484088198	5.82579433370887	5.68415824317731e-09	4.28620733972776e-08
ENSMUSG00000027610.17	Gss	1017.18929332877	-0.649282320655823	0.111520988408218	-5.82206389956976	5.81253161840194e-09	4.38141267186095e-08
ENSMUSG00000039081.10	Zfp503	960.483894052683	-0.890982335900389	0.153093478235216	-5.8198582080124	5.8897570205656e-09	4.43800802943893e-08
ENSMUSG00000052776.10	Oas1a	20.4006338018507	3.83562519597276	0.659185672492201	5.81873265156281	5.92954855172634e-09	4.46636555575632e-08
ENSMUSG00000022246.14	Rai14	4253.13645970365	-0.571898109935727	0.0982891562672127	-5.8185270039448	5.9368469640815e-09	4.4702362789932e-08
ENSMUSG00000066607.5	Insyn1	632.519754222319	-0.868151025109928	0.149224876291145	-5.81773660455998	5.96497957917405e-09	4.48978590215722e-08
ENSMUSG00000054612.4	Mgmt	357.198498334489	-0.9114430159676	0.156725200954902	-5.81554855514187	6.04353670309035e-09	4.54560923754604e-08
ENSMUSG00000074802.11	Gas2l3	266.712060754959	0.974851488668223	0.167626869440305	5.81560397759134	6.04153451567351e-09	4.54560923754604e-08
ENSMUSG00000034342.9	Cbl	2072.00720233289	0.487335813734157	0.0838074365830811	5.81494714077127	6.06530490112252e-09	4.56032495998311e-08
ENSMUSG00000042492.12	Tbc1d10b	1149.50656742001	0.658596337186226	0.113285948096715	5.8135748365187	6.11526141475203e-09	4.59621626811737e-08
ENSMUSG00000040688.16	Tbl3	807.045211507613	0.704634188204956	0.121254454463006	5.81120249417256	6.20256826890231e-09	4.6601437603633e-08
ENSMUSG00000042772.15	Smg7	1382.55800211545	0.522207902441667	0.0898851372475863	5.80972470457779	6.25756541528303e-09	4.69975858239998e-08
ENSMUSG00000020346.16	Mgat1	1818.36322538557	-0.62807784636421	0.108132188493442	-5.80842628929404	6.30627823472375e-09	4.73462652087584e-08
ENSMUSG00000062175.13	Tgif2	31.3320847491097	2.40489581608383	0.414077660016993	5.80783763119493	6.32848432931534e-09	4.74957567558007e-08
ENSMUSG00000085786.1	Gm15987	103.718713730044	-1.4434055327982	0.248558146764479	-5.80711415653536	6.35588033735572e-09	4.768407651429e-08
ENSMUSG00000018012.11	Rac3	297.068673407101	1.02462688594683	0.176475305333864	5.80606382297169	6.39585900222744e-09	4.79666251764876e-08
ENSMUSG00000034839.5	Larp6	58.6709442954568	-1.63061200825716	0.280877626679533	-5.80541792357713	6.42056509750919e-09	4.81344719135613e-08
ENSMUSG00000030257.16	Srgap3	759.07245283762	-0.669463058902618	0.115353630966417	-5.80357161967029	6.49170049751455e-09	4.86501479355734e-08
ENSMUSG00000022706.16	Mrpl40	448.023101122343	0.73417751467349	0.126580713216412	5.80007408726073	6.62856270214407e-09	4.96578426969526e-08
ENSMUSG00000027326.13	Knl1	419.882517819748	1.04955314456638	0.180982884013617	5.79918454878538	6.66381648819836e-09	4.99038847645506e-08
ENSMUSG00000021917.16	Spcs1	1649.46741715642	-0.531445619692156	0.0916567461427729	-5.79821608400027	6.70240559087674e-09	5.01747172967659e-08
ENSMUSG00000002847.7	Pla1a	66.5661881174034	-1.56575778680543	0.270093569135817	-5.79709391754561	6.747390882921e-09	5.04932190475711e-08
ENSMUSG00000022999.15	Lmbr1l	302.823039005386	0.874431241362008	0.150886022417246	5.79530977988101	6.81951843219758e-09	5.10145327170429e-08
ENSMUSG00000034919.2	Ttc22	20.6222402856339	4.07235311882254	0.702760774655636	5.79479285937388	6.84055576841531e-09	5.11534190211086e-08
ENSMUSG00000027035.10	Cers6	1141.57483783207	-0.57098624107187	0.0985883392723209	-5.79162044199457	6.97105409026847e-09	5.21104545375468e-08
ENSMUSG00000026785.14	Pkn3	154.047052780588	1.00195608939835	0.17301771043603	5.79106085078387	6.99432287904028e-09	5.22655195932328e-08
ENSMUSG00000047747.10	Rnf150	1068.42685399455	-0.72525236116487	0.125240461763102	-5.79087900950665	7.00190040751403e-09	5.23032611097556e-08
ENSMUSG00000033213.16	AA467197	34.1436769181126	2.18851238371293	0.377931019774968	5.79077204357567	7.0063615257633e-09	5.23177046254598e-08
ENSMUSG00000006958.14	Chrd	251.601759744675	-0.960542617791519	0.165879998642868	-5.79058732607976	7.01407185781437e-09	5.23563914117922e-08
ENSMUSG00000031112.10	Stk26	80.3477543649352	-1.47110474435874	0.254065588076675	-5.79025579770673	7.02793095450599e-09	5.24409310841094e-08
ENSMUSG00000004655.5	Aqp1	3565.51730641445	-0.990135413086022	0.171004906934722	-5.79009942366149	7.03447720027305e-09	5.24708625471899e-08
ENSMUSG00000039929.14	Urb1	322.601605538787	0.750825919226157	0.129685052652425	5.78961032030794	7.05499070905852e-09	5.26049181148423e-08
ENSMUSG00000022964.14	Tmem50b	468.861667284719	-0.664654142481674	0.114803290099477	-5.78950430693888	7.05944468641986e-09	5.26191737717697e-08
ENSMUSG00000023952.13	Gtpbp2	1130.32592116137	0.626620350305384	0.108251897663197	5.78853917420443	7.10011912096887e-09	5.29032993826259e-08
ENSMUSG00000053644.13	Aldh7a1	1271.76097227708	-0.569799724971475	0.0984647936425149	-5.78683714140694	7.17240541936752e-09	5.34226771412337e-08
ENSMUSG00000037108.13	Zcwpw1	110.898896291834	1.6431718815558	0.284079669665702	5.78419386184671	7.2860879258045e-09	5.42499043079954e-08
ENSMUSG00000079104.4	Prps1l3	458.777415189943	0.763022361193628	0.131995296028361	5.78067843440181	7.43999798597267e-09	5.53759504896254e-08
ENSMUSG00000038838.15	Vars2	448.978774265161	0.881470663056395	0.152524683866008	5.77920006594316	7.50566309074389e-09	5.58446154979539e-08
ENSMUSG00000026516.8	Nvl	1318.04491677206	0.591280431539234	0.102329676982996	5.77819112668056	7.550800618646e-09	5.61602666206804e-08
ENSMUSG00000045103.19	Dmd	700.814520231218	0.835240914083226	0.144571690475578	5.77734763518117	7.58873889299705e-09	5.64221646358283e-08
ENSMUSG00000021916.16	Glt8d1	712.749802066738	-0.616896835281084	0.106799441271595	-5.77621781477575	7.6398461021753e-09	5.67817502581424e-08
ENSMUSG00000027792.11	Bche	57.5009004477542	-1.71718177046241	0.297292483088323	-5.77606857941394	7.64662170802978e-09	5.68117095242313e-08
ENSMUSG00000059669.8	Taf1b	293.805905215616	0.940338057103279	0.162801154340061	5.77599133688628	7.65013097914510e-09	5.6817388280346e-08
ENSMUSG00000020246.13	Hcfc2	628.594376674353	-0.655162920021098	0.113445236127619	-5.77514704349576	7.68859104622533e-09	5.70825488040954e-08
ENSMUSG00000032348.6	Gsta4	1486.42045628174	0.605610843297764	0.104867636437187	5.77500231599585	7.69520266233484e-09	5.71111509170559e-08
ENSMUSG00000091337.3	Eid1	2068.00714683221	-0.730454757989283	0.126542033853843	-5.77242783084205	7.81374143631661e-09	5.79701197097912e-08
ENSMUSG00000053897.15	Slc39a8	155.040936150918	1.07921203288544	0.186991283650701	5.77145635783431	7.85893145289115e-09	5.82844937812232e-08
ENSMUSG00000073700.3	Klhl21	813.88521160445	0.659713194976246	0.114307734291364	5.77137845541294	7.86256622642773e-09	5.8290565301156e-08
ENSMUSG00000055415.8	Atp10b	27.0208390146611	2.6665849070968	0.46213418747628	5.77015286763148	7.91996534207408e-09	5.86950814950202e-08
ENSMUSG00000028540.6	Dph2	193.944963610383	0.972015510736516	0.168466934332575	5.76977027917916	7.93796676844213e-09	5.88074352684265e-08
ENSMUSG00000022595.7	Lypd2	31.2444130867681	2.52806499442943	0.438257037624616	5.76845270558968	8.00026574318587e-09	5.92477640852251e-08
ENSMUSG00000045281.5	Gpr20	19.619645653717	3.60604162548954	0.625349580489147	5.76644126421082	8.09629079659205e-09	5.99374546490196e-08
ENSMUSG00000052656.12	Rnf103	542.049149501603	-0.687346577022485	0.119221678599299	-5.76528182707976	8.15214983042616e-09	6.03294062710015e-08
ENSMUSG00000036368.8	Rmdn2	148.526305679541	-1.16886505903736	0.202748929489814	-5.76508621761223	8.16161071617728e-09	6.03567660699338e-08
ENSMUSG00000060568.14	Fam78b	77.3015004576	1.49511509224002	0.259339652580882	5.76508481198696	8.16167873954031e-09	6.03567660699338e-08
ENSMUSG00000021359.16	Tfap2a	50.2968687924628	1.7384563554849	0.301585303688648	5.76439347084253	8.19520216834167e-09	6.05830320294658e-08
ENSMUSG00000044715.7	Gskip	502.545447758096	-0.641184310883371	0.111255063136494	-5.76319218925553	8.25377151727033e-09	6.09942222906029e-08
ENSMUSG00000025369.15	Smarcc2	2342.53036607131	-0.595554646975547	0.10334067704934	-5.76302249975779	8.26207758579258e-09	6.10338129722772e-08
ENSMUSG00000036834.16	Plch1	42.1387277092861	2.20811313546646	0.383162711139577	5.7628601929954	8.2700298834425e-09	6.10707629530419e-08
ENSMUSG00000025321.14	Itgb8	90.8925232738195	-1.40206262273373	0.243450606049878	-5.75912562093388	8.45507631775245e-09	6.24149874112546e-08
ENSMUSG00000032291.8	Crabp1	1764.28470754316	0.988544962710688	0.171650915299444	5.75904276995072	8.45922685357578e-09	6.24233642218057e-08
ENSMUSG00000036339.18	Tmem260	520.443796100773	-0.676521362592769	0.117503350615248	-5.75746443867771	8.53867492899908e-09	6.29871818800257e-08
ENSMUSG00000047751.9	Utf1	15.4860539152443	7.41459987019568	1.28794037356874	5.75694342871684	8.5650597837576e-09	6.31593061859631e-08
ENSMUSG00000005873.6	Reep5	2642.89679706154	-0.503807043809954	0.0875309043639468	-5.75576189313848	8.62518884694429e-09	6.35800512617165e-08
ENSMUSG00000042642.13	Flad1	323.537605981589	0.798928850424796	0.138836729005289	5.75444881299645	8.69249378516983e-09	6.40533744603882e-08
ENSMUSG00000023940.14	Sgo1	220.226089628655	1.02532616804119	0.178234154232	5.75269185897203	8.7833496592515e-09	6.46998414935398e-08
ENSMUSG00000070972.13	Dnajc25	454.832271112596	-0.801245070832852	0.139304889582234	-5.75173687898343	8.83312032340472e-09	6.50433146830858e-08
ENSMUSG00000114230.1	Gm48239	19.5146609554761	4.82309580849218	0.83890996443436	5.74924129282954	8.96448064256506e-09	6.5987121202153e-08
ENSMUSG00000026678.10	Rgs5	71.1371176143708	-1.61437268921536	0.280834552813812	-5.74848313015692	9.00476283836805e-09	6.62600732283613e-08
ENSMUSG00000115333.1	Gm34590	29.1610992873168	2.52482802518038	0.439371629797525	5.74645210102412	9.11354317847705e-09	6.70366845242702e-08
ENSMUSG00000075232.6	Amd1	474.764555640785	0.680970462969086	0.118511345633498	5.74603603839768	9.13598429365001e-09	6.7177882378068e-08
ENSMUSG00000025383.2	Il23a	14.2267903076292	7.28190332875732	1.26773124895091	5.74404341202705	9.24420715261758e-09	6.79495184133634e-08
ENSMUSG00000004267.16	Eno2	956.910430430912	-0.673398949345539	0.117252385464976	-5.74315777606661	9.29270659715753e-09	6.82817656565721e-08
ENSMUSG00000055707.13	Klhl26	873.123074066307	-0.685578467069006	0.119399059471336	-5.74190843801069	9.3615439954429e-09	6.87631650680173e-08
ENSMUSG00000029468.17	P2rx7	53.736381298863	1.70025135274799	0.296199471245852	5.74022413205708	9.45513280304875e-09	6.94013453511724e-08
ENSMUSG00000032352.16	Lrrc1	280.512524612875	0.876543457811137	0.152700915386254	5.74026328260008	9.4529471064451e-09	6.94013453511724e-08
ENSMUSG00000027913.5	Crct1	61.0208196361069	1.94668405146129	0.339177276953647	5.73942944806215	9.4996047596136e-09	6.97030552709117e-08
ENSMUSG00000017723.11	Wfdc2	39.7840572074316	2.76322806697472	0.481473100659716	5.73911203593416	9.51742448536848e-09	6.97905552942119e-08
ENSMUSG00000034088.15	Hdlbp	18173.4358937013	-0.450426112929318	0.0784837960141492	-5.7390969321631	9.51827323037635e-09	6.97905552942119e-08
ENSMUSG00000027068.6	Dhrs9	320.504873521094	-0.835389096929744	0.145575147427834	-5.73854199490933	9.54950857357868e-09	6.99947868146265e-08
ENSMUSG00000105124.2	Gm5297	162.351956000661	1.10189888340489	0.1921534354109	5.73447402097493	9.78154154808788e-09	7.16701339836712e-08
ENSMUSG00000056429.4	Tgoln1	3184.93385663871	-0.563418618684801	0.0982858321141226	-5.73245000388864	9.8990218638326e-09	7.25052560366139e-08
ENSMUSG00000004393.10	Ddx56	882.518315176455	0.659645803561115	0.115103750051844	5.73088021253871	9.99108071055021e-09	7.3153653918528e-08
ENSMUSG00000021709.14	Erbin	4137.19398294724	-0.682169065255502	0.119058932257139	-5.72967565156873	1.00622847093681e-08	7.36273016986156e-08
ENSMUSG00000035212.14	Leprot	1580.44225282068	-0.523312783886238	0.0913339146057127	-5.72966554806473	1.0062884028474e-08	7.36273016986156e-08
ENSMUSG00000020534.14	Shmt1	318.621873339653	0.950813978192052	0.165976207879048	5.72861610915306	1.01253239150487e-08	7.40579786987959e-08
ENSMUSG00000025105.10	Bnc1	138.215164533856	1.09495202498521	0.191250170557229	5.72523424054966	1.03291122855795e-08	7.55218280463478e-08
ENSMUSG00000024462.17	Gabbr1	1061.08679452749	0.568750042773218	0.0993441080212233	5.72505057523606	1.03402931815849e-08	7.55768815556589e-08
ENSMUSG00000030861.15	Acadsb	1454.65615061404	-0.635101964179976	0.110947783071536	-5.72433217318531	1.03841400629239e-08	7.58705665945859e-08
ENSMUSG00000062421.13	Arf2	881.097135242288	-0.644301664628838	0.11256390671146	-5.72387440567786	1.04121736037015e-08	7.60485467265412e-08
ENSMUSG00000059742.10	Kcnh7	31.6552549622008	2.59228893240369	0.4529554759068	5.72305462742012	1.04625604898018e-08	7.63896083168988e-08
ENSMUSG00000021318.15	Gli3	1367.20783411594	-0.637392946327285	0.111416111690045	-5.72083280109871	1.06003173988716e-08	7.73681134835132e-08
ENSMUSG00000031949.17	Adat1	128.195176553747	1.08458011740058	0.189615048028247	5.71990529590778	1.06583443575885e-08	7.77642121458317e-08
ENSMUSG00000033216.9	Eefsec	298.609695679926	0.854909182012033	0.149464580766685	5.71981119290429	1.06642488885346e-08	7.77798758787096e-08
ENSMUSG00000029651.16	Mtus2	65.6581630025638	-1.67321139195478	0.292828571675193	-5.71396220793206	1.10375521080228e-08	8.04742131327803e-08
ENSMUSG00000024177.9	Nme4	362.163428534584	-0.725522059993705	0.127006931262669	-5.71246035772032	1.11354361662861e-08	8.11592933823791e-08
ENSMUSG00000022533.14	Atp13a3	4289.21886194038	0.702039570669805	0.122906556956854	5.71197817311124	1.11670413797729e-08	8.13609959591406e-08
ENSMUSG00000029061.2	Mmp23	475.377153481113	-0.916805072355038	0.160519000104938	-5.71150500411591	1.11981403939892e-08	8.15588698153354e-08
ENSMUSG00000044768.16	Macir	327.045468359249	0.864749867125735	0.151435613192885	5.71034678628926	1.1274619794371e-08	8.20870049678808e-08
ENSMUSG00000022389.15	Tef	1282.64371716292	-0.572392553386088	0.100292333372067	-5.7072413627332	1.14821905769416e-08	8.35688687595335e-08
ENSMUSG00000062017.15	Abca14	13.9615591660414	7.24527849554242	1.26982263264263	5.70574055721803	1.1583832886645e-08	8.4279000675102e-08
ENSMUSG00000021990.16	Spata13	181.780394905137	1.08327970895302	0.189879058632524	5.70510364204779	1.1627231849657e-08	8.45650288320624e-08
ENSMUSG00000029094.12	Afap1	1750.68992217291	-0.651373186751243	0.114188554552679	-5.70436493659916	1.16777646444387e-08	8.49027222954817e-08
ENSMUSG00000022021.14	Diaph3	744.389730298697	0.847953841319352	0.148657438731399	5.70407944974401	1.16973511313353e-08	8.50152637175246e-08
ENSMUSG00000032481.17	Smarcc1	2703.14849324729	0.460786180334466	0.0807843180288145	5.70390629738449	1.17092461985173e-08	8.50718452309964e-08
ENSMUSG00000038398.8	Upf3a	551.21694908885	-0.643062938775249	0.112755492003075	-5.70316290010702	1.17604491444122e-08	8.54138725755046e-08
ENSMUSG00000014837.15	Matcap1	115.098777311049	1.18378767167346	0.207606191278459	5.70208269986354	1.18352380125235e-08	8.59268999022181e-08
ENSMUSG00000013766.11	Ly6g6e	13.8838830954185	7.23562977173024	1.26913971001484	5.70120823943461	1.18961205700487e-08	8.63386394387928e-08
ENSMUSG00000050628.6	Ubald2	137.134367064989	1.16097369542734	0.203653470687928	5.70073120534426	1.19294612933824e-08	8.65502696500954e-08
ENSMUSG00000000538.18	Tom1l2	1471.56402390236	-0.627116600500884	0.110020679924955	-5.69998841062097	1.19815573201796e-08	8.68977767941124e-08
ENSMUSG00000001323.17	Srr	258.581889139198	-0.851306349084168	0.149357158170871	-5.69980280496657	1.19946092834688e-08	8.69428000147204e-08
ENSMUSG00000024309.15	Pfdn6	330.121065122092	0.729931717906794	0.128063123567324	5.69978068294626	1.19961658457917e-08	8.69428000147204e-08
ENSMUSG00000028557.10	Rnf11	2977.67306957589	-0.623379132389072	0.109439941811358	-5.69608428213157	1.22590292979265e-08	8.88168174440957e-08
ENSMUSG00000032218.7	Ccnb2	376.286127568105	0.750739961802571	0.131821839755429	5.69511063717082	1.23291944624833e-08	8.92939104894828e-08
ENSMUSG00000061451.13	Tmem151a	356.384749817493	-1.04606877373382	0.183681049389251	-5.69502829612555	1.23351461857962e-08	8.9305768065686e-08
ENSMUSG00000109511.1	Nup62	1281.08829346866	0.740582035041933	0.130050691126957	5.69456439350228	1.23687299065861e-08	8.95176015162331e-08
ENSMUSG00000028412.17	Slc44a1	1864.99800420222	0.556326571547979	0.0977028467485943	5.694067164486	1.24048248993421e-08	8.97474556419022e-08
ENSMUSG00000051537.9	Gm5124	48.2321112954526	1.73522543315971	0.304749664987692	5.69393713108688	1.24142811912638e-08	8.97844886016662e-08
ENSMUSG00000102252.5	Snrpn	230.487386085641	0.883772079822567	0.155260436093287	5.69219114708375	1.25419331034628e-08	9.0676029796918e-08
ENSMUSG00000040767.10	Snrnp25	251.902543313686	1.1541887295339	0.202792026316724	5.69148970251558	1.25935752439714e-08	9.10176026448898e-08
ENSMUSG00000056174.8	Col8a2	158.222978674704	-1.80031090127852	0.316384973966006	-5.69025411893284	1.26850449946337e-08	9.16466828425559e-08
ENSMUSG00000044988.7	Ucn3	13.8278418047215	7.2413452715071	1.27265888871646	5.68993414944862	1.27088372313867e-08	9.17865393762994e-08
ENSMUSG00000027244.14	Atg13	913.337520883448	0.621929479997946	0.109311072425884	5.68953781346928	1.27383680354926e-08	9.19677293221702e-08
ENSMUSG00000055301.8	Adh7	134.171803140614	1.07674469198954	0.189362665523556	5.68615090526175	1.29934590020302e-08	9.37767112562843e-08
ENSMUSG00000027514.14	Zbp1	55.6295941493945	1.94815402550781	0.342639559111824	5.68572417778535	1.30259486709977e-08	9.3978428560816e-08
ENSMUSG00000030079.15	Ruvbl1	642.482673208868	0.738434398744949	0.129914301070629	5.68401163428106	1.31571320850983e-08	9.48918038430137e-08
ENSMUSG00000029020.13	Mfn2	1841.32630778053	-0.588382008529736	0.103519904723839	-5.68375724552073	1.31767278168757e-08	9.50000310280425e-08
ENSMUSG00000040940.18	Arhgef1	2762.33226339606	0.654930275498146	0.115239843381576	5.68319303706076	1.32202903989574e-08	9.52809160752155e-08
ENSMUSG00000032012.9	Nectin1	1103.76219590567	0.647698684517301	0.114092215907807	5.67697523765054	1.37097309434853e-08	9.8774006543405e-08
ENSMUSG00000038949.8	Cnst	450.458265360102	-0.690745239021392	0.121728616317216	-5.67446883008476	1.39119644152871e-08	1.00196155682682e-07
ENSMUSG00000010660.3	Plcd1	759.397465733981	-0.749933331385001	0.132164041073517	-5.67426151087377	1.39288214642395e-08	1.00282669735059e-07
ENSMUSG00000042523.12	Dnal1	503.241616010253	-0.67779672735864	0.119536956064393	-5.67018560346745	1.42642904197919e-08	1.02662220931597e-07
ENSMUSG00000028759.13	Hp1bp3	2647.60204153183	-0.471291693620787	0.0831189910816459	-5.67008438730745	1.42727201284691e-08	1.02687185936455e-07
ENSMUSG00000020721.16	Helz	1160.12378196176	0.557407532084642	0.0983144300214251	5.66964108893445	1.43096969324771e-08	1.02917448507763e-07
ENSMUSG00000066894.14	Vsig10	233.288435842486	0.868419437389556	0.153197580153684	5.66862372446338	1.43949104550055e-08	1.03494356202903e-07
ENSMUSG00000032057.9	Hoatz	86.7029799864702	-1.29911751671783	0.229285340627913	-5.66594232828015	1.46218702707944e-08	1.05089615533046e-07
ENSMUSG00000043987.18	Cep164	1446.50316733692	0.61167961249646	0.10797148350954	5.66519596299159	1.46856603830785e-08	1.05511448895988e-07
ENSMUSG00000050063.18	Klk6	14.0375032230947	7.26644852768017	1.2829319900714	5.66393899592117	1.47937019355771e-08	1.06250810674708e-07
ENSMUSG00000032290.7	Ptpn9	1904.09642991706	-0.570942107748038	0.100818598461852	-5.66306332818215	1.48694251076434e-08	1.06757624107912e-07
ENSMUSG00000024613.16	Tcof1	1255.02299888432	0.588048514773736	0.103848124637989	5.66258193707062	1.49112135366164e-08	1.07020530164502e-07
ENSMUSG00000024887.10	Asah2	399.213349873066	-0.832593962116548	0.147056947850891	-5.66171115533257	1.49870940407584e-08	1.07527854263313e-07
ENSMUSG00000048070.4	Pirt	13.4496299740866	7.19559141654505	1.2715105231753	5.65908915844104	1.52178485944692e-08	1.09145616097338e-07
ENSMUSG00000095123.1	Gm21781	255.522191369407	-0.947913167132878	0.167513465395636	-5.65872817981578	1.5249886330461e-08	1.09337512003537e-07
ENSMUSG00000074024.5	4632427E13Rik	76.1221466919725	-1.42162896925905	0.251280399005678	-5.65754024143733	1.53557819920612e-08	1.10058632774818e-07
ENSMUSG00000019982.15	Myb	19.2000499154197	4.18244555412036	0.739485615325222	5.65588493872318	1.55045314292608e-08	1.11086291469114e-07
ENSMUSG00000043333.12	Rhbdl2	65.0857775932748	1.7445451776928	0.308453483464823	5.65578043760932	1.5513968968302e-08	1.11115447638368e-07
ENSMUSG00000074896.3	Ifit3	39.5936619074341	-2.0107466190856	0.355646572917355	-5.65377757640548	1.56959301929384e-08	1.12379819807552e-07
ENSMUSG00000024969.15	Mark2	1270.19851189899	0.688145342667516	0.121727187072747	5.65317706927922	1.57508894021429e-08	1.12734322176679e-07
ENSMUSG00000075184.3	F930017D23Rik	13.4570591462951	7.19242641101489	1.2729801345551	5.65006964034723	1.60382849076084e-08	1.14751627826681e-07
ENSMUSG00000025920.19	Stau2	458.475301236138	-0.711377798510133	0.125923766074271	-5.64927353022904	1.61127300884369e-08	1.15244436800468e-07
ENSMUSG00000055538.7	Zcchc24	3081.42092524847	-0.553832262381892	0.0980530713962521	-5.64829081328564	1.6205088017701e-08	1.15864979923452e-07
ENSMUSG00000036478.8	Btg1	1167.59969012996	-0.614754957585658	0.10888510714964	-5.64590487788936	1.64314682477738e-08	1.17443011485038e-07
ENSMUSG00000096992.3	Gm26788	17.5861696477631	4.32606578675122	0.766476917277614	5.64409141258503	1.66055832880205e-08	1.18646520013371e-07
ENSMUSG00000028212.16	Ccne2	271.407401173029	0.929432967971244	0.164731363125768	5.64211301561104	1.6797577480281e-08	1.199769000222e-07
ENSMUSG00000036564.17	Ndrg4	1548.40196766644	-0.54334199109916	0.0963631890971395	-5.63848079531118	1.71556949089537e-08	1.22492490141578e-07
ENSMUSG00000047466.10	Ark2n	578.90825444541	0.815938264791716	0.144751080553075	5.6368371253197	1.73201784012668e-08	1.2362426645787e-07
ENSMUSG00000036737.12	Oxsr1	2311.50000951513	0.532639412582746	0.0944958224335484	5.63664507981091	1.73394961924216e-08	1.23719486965507e-07
ENSMUSG00000030541.16	Idh2	1716.71081964251	0.591839516721904	0.105030747222386	5.63491674936653	1.7514292429489e-08	1.24923617849067e-07
ENSMUSG00000029426.8	Scarb2	3589.15649800916	0.585862365915001	0.10397202389093	5.63480774914593	1.75253734396017e-08	1.24959595186468e-07
ENSMUSG00000004667.18	Polr2e	1227.31090470398	0.825491716091522	0.146501397505764	5.63470199019119	1.75361314485086e-08	1.24993245472686e-07
ENSMUSG00000031385.14	Plxnb3	19.9934356786639	4.53522509149853	0.80560664936969	5.62957753023378	1.80651556096571e-08	1.28719675030737e-07
ENSMUSG00000045273.8	Cenph	170.334818984768	1.10392412999941	0.196219169191532	5.6259749470341	1.84463119062796e-08	1.31390299431549e-07
ENSMUSG00000030982.19	Vps35l	1809.61436263708	-0.483424800036437	0.0859336520837076	-5.62555865268632	1.84908562847073e-08	1.3166227527938e-07
ENSMUSG00000055421.8	Pcdh9	337.902288371396	-0.894442116226961	0.159002541095143	-5.62533221209182	1.85151297489937e-08	1.31789776710599e-07
ENSMUSG00000002658.9	Gtf2f1	1499.55796656619	0.531213148493263	0.0944502382396809	5.62426478105046	1.86299711139758e-08	1.32561626706148e-07
ENSMUSG00000075702.9	Selenom	948.769544628125	-0.914801765947109	0.162667301847297	-5.62375938838572	1.86845856048331e-08	1.32904548946543e-07
ENSMUSG00000047040.9	Prr15l	13.6314878864126	7.21397495940193	1.2829954840464	5.62275943220782	1.87931028106385e-08	1.33630517031057e-07
ENSMUSG00000031740.8	Mmp2	6885.41734887349	-0.701728263088624	0.124846063811789	-5.62074799688129	1.90132443697659e-08	1.35149431734129e-07
ENSMUSG00000094973.2	Eif4a3l1	13.2574943102327	7.17522495786671	1.27686733151395	5.61939739609377	1.91624637797865e-08	1.36163349734912e-07
ENSMUSG00000067787.10	Blcap	900.798874120665	-0.6527864202111	0.116201928468122	-5.61769007465467	1.93527229271509e-08	1.37468089179512e-07
ENSMUSG00000031539.6	Ap3m2	244.143622513033	-0.811778742047211	0.144526313204469	-5.61682315177269	1.94500312241061e-08	1.38111902678481e-07
ENSMUSG00000024431.15	Nr3c1	1841.65858245334	-0.621098411335798	0.110627348174879	-5.61432974379869	1.97325608491942e-08	1.4007005384687e-07
ENSMUSG00000011958.17	Bnip2	2663.42424566631	-0.509103494455429	0.0906928745204233	-5.61348945159725	1.98286694977936e-08	1.40704021232372e-07
ENSMUSG00000021376.11	Tpmt	194.10788199883	1.08589263273328	0.193467566185166	5.61278902787243	1.99091278140377e-08	1.41226537567775e-07
ENSMUSG00000002055.9	Spag5	465.739869610355	0.699149338575619	0.124590069876905	5.61159761180309	2.00467155691188e-08	1.42105125193558e-07
ENSMUSG00000033059.7	Pygb	1947.93951193842	-0.504266221279065	0.0898605562630863	-5.61165256759279	2.00403488761739e-08	1.42105125193558e-07
ENSMUSG00000036371.6	Serbp1	7638.25112916023	0.572739689538899	0.10206643308198	5.61144023793671	2.00649583822917e-08	1.42185749248564e-07
ENSMUSG00000032531.15	Amotl2	4325.2627213749	-0.588140908521339	0.104825716764737	-5.61065477702689	2.01562504237878e-08	1.42783787652972e-07
ENSMUSG00000042363.14	Lgalsl	919.890922365841	-0.576349159381119	0.102736811457888	-5.60995763059441	2.02376156064878e-08	1.43311120574304e-07
ENSMUSG00000055447.19	Cd47	2176.33111356818	-0.537715693996282	0.0958587646044912	-5.60945779152143	2.02961488825043e-08	1.43676465704158e-07
ENSMUSG00000023191.9	P3h3	1973.1520997319	-0.713893534985079	0.127300215572303	-5.60795228645631	2.0473444711353e-08	1.44881993873605e-07
ENSMUSG00000028670.14	Lypla2	782.709696022751	0.884608137359708	0.157797820652768	5.60595915520452	2.07104802756687e-08	1.4650930663912e-07
ENSMUSG00000060904.14	Arl1	1818.83412748097	-0.62728628681701	0.111897984613851	-5.60587653997266	2.07203626799027e-08	1.46529138063309e-07
ENSMUSG00000020251.13	Glt8d2	96.7490464872006	-1.31406730086449	0.234425160647521	-5.60548747086199	2.07669645659998e-08	1.46808538098234e-07
ENSMUSG00000036298.10	Slc2a13	175.384579224304	-1.07839417535749	0.192396899994035	-5.60504964160506	2.08195285234111e-08	1.47129880814642e-07
ENSMUSG00000039756.12	Dnttip2	1519.04411821668	0.643488292244439	0.1148232871858	5.60416190840437	2.09265028113002e-08	1.47835386242697e-07
ENSMUSG00000073678.4	Pgap1	261.017820589225	0.822341416351224	0.146744127004664	5.60391364981227	2.09565140063858e-08	1.47996889600198e-07
ENSMUSG00000031357.3	Syap1	1047.0093022914	-0.628573390995459	0.112185193739606	-5.60299777575326	2.10675929520021e-08	1.48730595673087e-07
ENSMUSG00000035283.5	Adrb1	20.5995088519131	3.2315229043267	0.576836424765357	5.60214779370287	2.11711916174634e-08	1.49411011009163e-07
ENSMUSG00000037049.9	Smpd1	1097.18798672713	-0.722984164479905	0.129120050439829	-5.5993175499635	2.15197285583597e-08	1.51818971175695e-07
ENSMUSG00000005370.4	Msh6	1058.51198667611	0.600359544404814	0.107312096986723	5.59451880321649	2.21234493545511e-08	1.56024967015282e-07
ENSMUSG00000044303.6	Cdkn2a	1805.92031742798	-0.852752670197922	0.15246069943913	-5.59326221993611	2.22842342317319e-08	1.57105369333317e-07
ENSMUSG00000020312.12	Shc2	251.8463022468	-0.91854002597777	0.164229758983799	-5.59301816955345	2.2315592731388e-08	1.57272881834185e-07
ENSMUSG00000018865.9	Sult4a1	88.5546144119522	1.24426906689561	0.222512149125575	5.59191519108201	2.2457851605594e-08	1.58221603262148e-07
ENSMUSG00000028382.15	Ptbp3	2275.18065168011	0.74494204586389	0.133221577356359	5.59175218193988	2.24789505610748e-08	1.58316365315988e-07
ENSMUSG00000047409.13	Ctdspl	452.710429144092	-0.772876491397608	0.138222368506913	-5.59154426122394	2.25058905342841e-08	1.58452186452091e-07
ENSMUSG00000039640.7	Mrpl12	913.432369629239	0.702847594429313	0.125818255849767	5.58621314277751	2.32074381485427e-08	1.63335859312032e-07
ENSMUSG00000021785.8	Ngly1	580.938881801852	-0.699422806066058	0.125274327892086	-5.58312958317011	2.36228597761118e-08	1.66203118458783e-07
ENSMUSG00000026094.14	Stk17b	1119.48262917318	-0.807732318097168	0.144698065029691	-5.58219156511475	2.37506563797294e-08	1.67045476182133e-07
ENSMUSG00000030203.17	Dusp16	445.96996404062	0.839260855104431	0.150392216092654	5.58048067186785	2.39854806218947e-08	1.68639763380638e-07
ENSMUSG00000006611.15	Hfe	76.3629671094447	-1.41487865319693	0.253565946860293	-5.579923766248	2.40624022413184e-08	1.69123145668268e-07
ENSMUSG00000023908.8	Pkmyt1	147.084733872482	1.15148257320608	0.206424493706284	5.57822646204229	2.42983191749468e-08	1.70723322675568e-07
ENSMUSG00000027364.14	Usp50	17.0071370199826	4.00951433782913	0.718901083919607	5.57728236542415	2.44305139871046e-08	1.71593895154081e-07
ENSMUSG00000028972.11	Car6	46.7038977955851	-1.77930834600984	0.319045640163932	-5.57697119790006	2.44742372016892e-08	1.71784413644545e-07
ENSMUSG00000033389.16	Arhgap44	384.577167216445	0.738588565468496	0.132434898808035	5.57699346710028	2.44711055586312e-08	1.71784413644545e-07
ENSMUSG00000021178.9	Psmc1	2615.79231392818	0.529398701635645	0.0949698927944392	5.57438453449158	2.48406497297528e-08	1.74297155510561e-07
ENSMUSG00000040747.9	Cd53	113.560198034428	-1.21151434249207	0.217392984345206	-5.57292290798244	2.50500440389659e-08	1.75706832112014e-07
ENSMUSG00000001785.13	Pwp1	989.259152483182	0.69405187783016	0.124545412128551	5.57268120895361	2.50848347753909e-08	1.75777018831038e-07
ENSMUSG00000033400.14	Agl	972.576282613653	-0.60331906453829	0.108263460678058	-5.57269332385719	2.50830898114057e-08	1.75777018831038e-07
ENSMUSG00000096014.1	Sox1	12.6795364743186	7.11782851445934	1.27727289281977	5.57267640648482	2.50855265291506e-08	1.75777018831038e-07
ENSMUSG00000040659.3	Efhd2	821.173358556776	0.639801623397732	0.114963828425897	5.56524284340559	2.61787579883768e-08	1.83375333875266e-07
ENSMUSG00000026923.15	Notch1	727.287814821978	0.909423522969229	0.163473778462952	5.56311557437531	2.65000254566552e-08	1.85562931978115e-07
ENSMUSG00000006641.12	Slc5a6	187.616986048001	0.977884686469067	0.175782966969583	5.5630229898115	2.65140944275642e-08	1.85598660992949e-07
ENSMUSG00000019990.15	Pde7b	372.564369368042	-0.855237549674201	0.15376303860859	-5.56204896451898	2.6662545349452e-08	1.86574721497061e-07
ENSMUSG00000050552.8	Lamtor4	441.727692571398	-0.735056625544366	0.132160011916429	-5.56186863851961	2.66901171273982e-08	1.86704540189258e-07
ENSMUSG00000024008.16	Cpne5	17.0987238150537	4.30308375364466	0.773970906162882	5.55974871843449	2.70163338325773e-08	1.88909310492138e-07
ENSMUSG00000079330.9	Lemd1	24.1039762542186	2.900158411654	0.521639173780873	5.55970210333988	2.70235503341814e-08	1.88909310492138e-07
ENSMUSG00000021270.13	Hsp90aa1	7550.5157683576	0.737361649567743	0.13267313795627	5.55773128552052	2.73303706457899e-08	1.90989649560164e-07
ENSMUSG00000031558.15	Slit2	2862.24245852984	-0.518474252549585	0.0933243747085836	-5.55561453445129	2.76636748324386e-08	1.93253596137917e-07
ENSMUSG00000023072.14	Cep89	261.911446794093	0.799165840540696	0.143896858792836	5.55374069486279	2.79620186979604e-08	1.95271870792538e-07
ENSMUSG00000018999.14	Slc35b4	991.389940865367	-0.557904406759266	0.1004782153325	-5.55249120332267	2.81626892971751e-08	1.96606915940043e-07
ENSMUSG00000079470.8	Utp14b	142.08237951031	1.18904219111339	0.214150337114041	5.55237132538431	2.81820152093526e-08	1.96675499938769e-07
ENSMUSG00000022203.7	Efs	225.741406800945	-1.04172551677947	0.187621507833292	-5.55227131904879	2.81981474004751e-08	1.96721757007898e-07
ENSMUSG00000027130.15	Slc12a6	643.909781302628	0.681238300933611	0.122700812528729	5.55202762633791	2.82374954121955e-08	1.96929891353449e-07
ENSMUSG00000027796.2	Smad9	86.7010052269691	-1.34661632540856	0.242737556802457	-5.54762247403047	2.89580306852599e-08	2.01886923932029e-07
ENSMUSG00000040990.17	Sh3kbp1	2025.66348731579	-0.592361832006386	0.106793004730778	-5.54682241125919	2.9090794507091e-08	2.02744227441844e-07
ENSMUSG00000021392.8	Nol8	652.093639034047	0.755040758750762	0.136150677947878	5.54562614105976	2.92904079972161e-08	2.04066696443748e-07
ENSMUSG00000071470.4	Ccnb1ip1	21.2045215575683	6.88198336011488	1.24132701178142	5.54405349661941	2.95548473144679e-08	2.05839766003422e-07
ENSMUSG00000028245.15	Nsmaf	810.286917950205	-0.59077833136081	0.106565913516438	-5.54378329680138	2.9600513835732e-08	2.0608847490273e-07
ENSMUSG00000021708.17	Rasgrf2	30.4363743171522	2.29072115962773	0.413312723876503	5.54234367174284	2.98449815762486e-08	2.07720670358699e-07
ENSMUSG00000037400.17	Atp11b	1666.918636913	0.754703724191305	0.13618182662715	5.54188281126228	2.99236549859672e-08	2.08198230102365e-07
ENSMUSG00000019850.11	Tnfaip3	247.949974249522	0.98199249909052	0.177226393624531	5.54089308599799	3.00932914351657e-08	2.0930814496522e-07
ENSMUSG00000033900.13	Map9	275.538362750303	0.91741324915146	0.165665985099649	5.53772851197926	3.06419757523861e-08	2.13052823681101e-07
ENSMUSG00000024042.7	Sik1	755.534161214343	0.582339817855688	0.105162991835767	5.53749762811166	3.06823848464765e-08	2.13262150415452e-07
ENSMUSG00000038112.15	AW551984	882.301594023313	-0.747300008004487	0.13495712976107	-5.53731402948119	3.07145550159552e-08	2.13414090055474e-07
ENSMUSG00000047117.13	Ankdd1b	21.5924307348837	6.9107079117035	1.24854532884582	5.53500762210365	3.11214820034505e-08	2.1616897851994e-07
ENSMUSG00000108691.1	Gm45226	12.3671721184261	7.08207946272985	1.27959034185646	5.53464591836086	3.11857711720035e-08	2.16542863968232e-07
ENSMUSG00000062248.5	Cks2	183.419858613963	0.922138316056362	0.166623132006374	5.53427549315954	3.12517440198741e-08	2.16928185602741e-07
ENSMUSG00000054863.9	Tafa5	130.192852713088	-1.06169104909462	0.191887931589921	-5.53287035978653	3.15032318201395e-08	2.18600534845815e-07
ENSMUSG00000004266.15	Ptpn6	24.8452916174612	2.62534316881864	0.474522825621862	5.53259617254056	3.15525336823449e-08	2.18869267657794e-07
ENSMUSG00000097819.1	Gm26813	67.0693052096111	-1.43148645834712	0.258784683448753	-5.53157334997608	3.17371096075472e-08	2.20075856538231e-07
ENSMUSG00000028536.12	2610528J11Rik	12.6646781299017	7.12318478916851	1.28801534513016	5.5303570847199	3.19579572556205e-08	2.21533073420659e-07
ENSMUSG00000057497.8	Fam136a	397.564773365592	0.930271098588615	0.16822190609356	5.53002352779922	3.20187840542156e-08	2.21880418861135e-07
ENSMUSG00000020422.14	Tns3	3359.90880626909	-0.529883469140656	0.0958221618786232	-5.52986343401282	3.20480183225534e-08	2.22008678466711e-07
ENSMUSG00000024525.7	Impa2	298.113262222501	0.828450946023922	0.149821122407384	5.5296004509381	3.209609712047e-08	2.22267351721849e-07
ENSMUSG00000074489.9	Bglap3	17.5680774462665	4.66850310028123	0.844396042833289	5.52880741200127	3.2241505216328e-08	2.23199637616312e-07
ENSMUSG00000024566.10	Atp9b	1445.1865845727	-0.505165617637427	0.0913740980151912	-5.52854286510649	3.22901533492055e-08	2.23461679764361e-07
ENSMUSG00000074945.3	Or4f61	129.934501673807	-1.16124865465135	0.210050351963159	-5.52842993976523	3.2310941126286e-08	2.23530805605947e-07
ENSMUSG00000028228.5	Cpne3	2480.11883998741	0.67719329027144	0.122495487736261	5.52831212631663	3.23326425639983e-08	2.23606203953292e-07
ENSMUSG00000004631.15	Sgce	445.524355084019	-0.805921574763186	0.145807176800391	-5.52731074319123	3.25176707665897e-08	2.24810710486854e-07
ENSMUSG00000037086.3	Prr32	39.8516148658316	-1.87842576108841	0.339872785408982	-5.52684957940375	3.26032262573126e-08	2.25326938330589e-07
ENSMUSG00000019295.8	Tmem129	425.768715147453	-0.767214733255643	0.138896291762546	-5.52365166499375	3.32025420733846e-08	2.29392329231304e-07
ENSMUSG00000030554.16	Synm	231.469643230257	-0.818773646178797	0.148248752528561	-5.52297157455712	3.33313677226066e-08	2.3020553236244e-07
ENSMUSG00000029676.15	Pot1a	263.564403796597	0.782425518623704	0.141696932431369	5.52182397457807	3.35498511795036e-08	2.31637214664624e-07
ENSMUSG00000006642.3	Tcf23	21.7137162759392	6.00183621352086	1.08765059516388	5.51816570524336	3.42556354164873e-08	2.36431276254042e-07
ENSMUSG00000049764.8	Zfp280b	276.450231931146	0.803027061782381	0.145610737291021	5.51488905778584	3.49000042327833e-08	2.4079839587146e-07
ENSMUSG00000049553.11	Polr1a	1540.87171590827	0.528958201445741	0.0959215579488231	5.51448717845007	3.49798405710033e-08	2.41268817054048e-07
ENSMUSG00000032555.10	Topbp1	2114.47715036659	0.603928893622269	0.109520736976029	5.5142880727186	3.501946000712e-08	2.4146162647814e-07
ENSMUSG00000015766.14	Eps8	2997.71717916155	-0.511673174696986	0.092792563403959	-5.5141614362941	3.50446816402784e-08	2.41474655549974e-07
ENSMUSG00000064127.13	Med14	1455.18190837093	0.554867888531654	0.100625802679794	5.5141710550854	3.50427652887637e-08	2.41474655549974e-07
ENSMUSG00000036943.9	Rab8b	1155.28252180355	0.61481802922184	0.111509133296759	5.5136114060328	3.51544334060081e-08	2.42150288542749e-07
ENSMUSG00000025507.13	Pidd1	438.57240434453	-0.851135417166236	0.154515577164628	-5.50841172640735	3.6208573190599e-08	2.4932842863347e-07
ENSMUSG00000037278.9	Tmem97	507.369854461284	0.639038176947871	0.11601433773699	5.50826897272473	3.62379419990112e-08	2.49447675902073e-07
ENSMUSG00000106968.1	C78283	13.3193046997372	7.17428596363923	1.30310452308199	5.50553377458258	3.68051386872086e-08	2.53267807741533e-07
ENSMUSG00000039145.16	Camk1d	586.953451115553	0.671016545209416	0.121900919680848	5.5046060929337	3.69994596795735e-08	2.54520377503321e-07
ENSMUSG00000074607.11	Tox2	18.3322713135603	4.40350493568708	0.800082040630952	5.50381674886045	3.71655863540286e-08	2.55578229881076e-07
ENSMUSG00000019823.17	Mical1	501.224352907849	-0.79148583933381	0.143855010994469	-5.5019691970566	3.75572582645798e-08	2.58185881374473e-07
ENSMUSG00000039382.12	Wdr45	349.82902140313	0.719340297083772	0.13074735676803	5.50175785473059	3.76023161203594e-08	2.58409807893532e-07
ENSMUSG00000020929.14	Eftud2	2359.1020878447	0.465755896187372	0.0846623788485178	5.5013324988272	3.76931603246115e-08	2.58948133275517e-07
ENSMUSG00000006586.15	Runx1t1	572.791072188938	-0.67705575275726	0.123073025079559	-5.50125222256939	3.7710328961848e-08	2.58980125806666e-07
ENSMUSG00000027799.12	Nbea	1218.56536612215	-0.649686713988507	0.118131021128995	-5.49971301169973	3.80409896453962e-08	2.611643265904e-07
ENSMUSG00000079111.3	Kdelr2	3283.10607652261	-0.573707622757418	0.104326621666305	-5.4991488614714	3.81628858448349e-08	2.61914315020636e-07
ENSMUSG00000024921.17	Smarca2	1210.73348646583	-0.527038736992103	0.0958469899871759	-5.49875105167746	3.8249068425088e-08	2.6241878267514e-07
ENSMUSG00000031078.15	Cttn	8235.23084079016	-0.412616128050392	0.0750637855988248	-5.49687342249964	3.86583973235909e-08	2.65139220079857e-07
ENSMUSG00000029811.14	Aoc1	21.7467527198913	6.00058291348566	1.09190297685713	5.49552757036835	3.89544075811073e-08	2.67080915045161e-07
ENSMUSG00000024268.16	Celf4	239.057510282572	0.98154364674126	0.178679030608868	5.49333429556084	3.94415178240505e-08	2.70331118357623e-07
ENSMUSG00000052087.14	Rgs14	12.0975415531664	7.03995707857227	1.28182917074733	5.4921180132512	3.9714185813118e-08	2.72109874924108e-07
ENSMUSG00000067001.11	Serpinb7	50.6702361418893	-1.73299951734303	0.315625090725555	-5.4906899618127	4.00366618951347e-08	2.74228611703307e-07
ENSMUSG00000033565.18	Rbfox2	5218.37249721867	-0.463314696581577	0.0843834971440797	-5.49058420499562	4.00606441387715e-08	2.74302108180097e-07
ENSMUSG00000031360.14	Ctps2	669.463033462712	-0.72792022786669	0.132580502542556	-5.49040178538348	4.01020437783572e-08	2.74494776510653e-07
ENSMUSG00000037447.16	Arid5a	223.825539074552	-0.85570740947382	0.155890153418421	-5.48916907649089	4.03828931241992e-08	2.76325786703405e-07
ENSMUSG00000054958.6	Nt5c1a	11.9742831125914	7.02863545201042	1.28056306255424	5.4887070051755	4.04886579809998e-08	2.76957941688273e-07
ENSMUSG00000041096.13	Tspyl2	817.354283151928	-0.594054242862809	0.108245104058183	-5.48804722422826	4.06401428792929e-08	2.77902318288234e-07
ENSMUSG00000031608.13	Galnt7	668.96266109108	0.846923165605762	0.154327044293393	5.48784673148841	4.06862845413475e-08	2.78125958956853e-07
ENSMUSG00000001020.8	S100a4	1877.8845041131	-0.624961084005913	0.113894540929185	-5.48719086013516	4.08375828015594e-08	2.79068050977048e-07
ENSMUSG00000015094.16	Npdc1	1134.2398845873	-0.96696014722329	0.176322712369838	-5.48403625504061	4.15729513614761e-08	2.83999511627457e-07
ENSMUSG00000030162.14	Olr1	71.7848855709491	-1.55807422427823	0.284185370710876	-5.48259827865446	4.19124023938347e-08	2.86223958149121e-07
ENSMUSG00000037660.5	Gdf7	52.178325726576	2.34778943904603	0.428626026686551	5.47747755122426	4.31431719806485e-08	2.94531832726729e-07
ENSMUSG00000017774.19	Myo1c	8548.0166533548	-0.453987682643508	0.0828880868883232	-5.47711618987147	4.32313367368831e-08	2.94939169122196e-07
ENSMUSG00000045763.8	Basp1	1724.91920964724	-0.522788377975018	0.0954487144929776	-5.47716520596494	4.32193675836286e-08	2.94939169122196e-07
ENSMUSG00000028433.14	Ubap2	2373.36549304637	0.663779353696108	0.121246649480515	5.47462017746547	4.38451005879796e-08	2.99027919957361e-07
ENSMUSG00000028249.15	Sdcbp	4635.84487690729	-0.434819212766924	0.0794355668925451	-5.47386051081019	4.40335719283307e-08	3.00214395699775e-07
ENSMUSG00000090356.2	Teddm3	20.0559262205834	6.79418883434567	1.24124949531861	5.47366896016479	4.4081219006057e-08	3.00341393089655e-07
ENSMUSG00000096917.2	2500002B13Rik	88.3046567629221	1.28424027408351	0.234619580115184	5.4737131208445	4.40702298695123e-08	3.00341393089655e-07
ENSMUSG00000033237.19	Arid2	1352.2501799784	0.528423265728038	0.0965481637584131	5.47315707681693	4.42087923248742e-08	3.01111481517793e-07
ENSMUSG00000044626.13	Liph	25.2281337189271	2.81390577673809	0.514196660311965	5.47243106369239	4.43903458411908e-08	3.02248608081187e-07
ENSMUSG00000040383.16	Aqr	1441.36397675473	0.557328185778308	0.101882204629795	5.47031925549162	4.49225628622221e-08	3.05771827913559e-07
ENSMUSG00000054309.9	Cpsf3	1184.83471511843	0.579771862223892	0.106001654027217	5.46946052440872	4.51407445627863e-08	3.07155907858354e-07
ENSMUSG00000063663.11	Brwd3	623.334331221073	0.837672434109905	0.153180953711835	5.46851559421505	4.53820144425689e-08	3.08696127816869e-07
ENSMUSG00000058729.13	Lin9	189.685751818462	1.0014942178087	0.183161331437703	5.46782560460549	4.55589793527514e-08	3.09798066236072e-07
ENSMUSG00000054814.14	Usp46	956.38644115562	0.652963534501425	0.119431297219058	5.46727323327798	4.57011306214669e-08	3.10662628155581e-07
ENSMUSG00000032375.15	Aph1b	210.513978157651	-0.95881061916902	0.175433426536722	-5.46538158717615	4.6191205658305e-08	3.13890927748278e-07
ENSMUSG00000015749.12	Anp32e	1607.64886313477	0.637881678937154	0.116724029969449	5.46487025083103	4.63245515508168e-08	3.14693761913474e-07
ENSMUSG00000039542.16	Ncam1	1629.27712169416	-0.528231542336128	0.0966637122602372	-5.46463124563257	4.63870070447766e-08	3.15014651843777e-07
ENSMUSG00000038193.4	Hand2	73.9302007551146	-1.3592935450551	0.248795280314091	-5.46350213452227	4.66831654060191e-08	3.16921889386418e-07
ENSMUSG00000024833.15	Pola2	449.415119319756	0.726661722228812	0.13300738523689	5.46331860396028	4.67314771181491e-08	3.17145850776579e-07
ENSMUSG00000083534.1	H2-M6-ps	16.8032764355096	3.98054321347401	0.728647064515516	5.4629235569908	4.68356319011536e-08	3.17748523343815e-07
ENSMUSG00000056531.11	Ccdc18	112.768165330199	1.31585971502384	0.240927858628291	5.46163371274545	4.71772706920109e-08	3.19961443661184e-07
ENSMUSG00000028820.13	Sfpq	3775.22098339402	0.448236111458103	0.0820890749232999	5.46036256197202	4.75163210712594e-08	3.2215536516672e-07
ENSMUSG00000025702.15	Marchf8	1323.70567714444	-0.525031764194595	0.0961710624303244	-5.45935285445119	4.77873195796465e-08	3.23886616889031e-07
ENSMUSG00000047945.6	Marcksl1	1773.02326314374	0.711615112781675	0.130365670972702	5.45860814025714	4.7988155116441e-08	3.25141349510708e-07
ENSMUSG00000032231.14	Anxa2	20183.8322294808	-0.385030581960586	0.0705426270266413	-5.45812650009722	4.81184799249992e-08	3.25917675382054e-07
ENSMUSG00000026353.9	Ubxn4	2326.63667928169	-0.528834574533255	0.0969904031346996	-5.45244227718915	4.96827017587256e-08	3.36402434970187e-07
ENSMUSG00000008429.8	Herpud2	944.345457142463	-0.541811541909811	0.0993798418188796	-5.45192598411724	4.98271957899321e-08	3.37270479285743e-07
ENSMUSG00000029212.11	Gabrb1	62.8668699936195	-1.58686418111064	0.291107666295368	-5.45112466911315	5.00522654407759e-08	3.38683178280033e-07
ENSMUSG00000034872.6	Gipc3	36.4699233547418	2.13172219970346	0.391104655905358	5.4505160383959	5.02238729750621e-08	3.39733315918566e-07
ENSMUSG00000025147.7	Mob2	466.61876885553	0.782690431867128	0.143621960911924	5.44965705033866	5.04670411874797e-08	3.41266672832291e-07
ENSMUSG00000037679.9	Inf2	3611.85306923445	-0.663566702634389	0.121799252823179	-5.44803590542312	5.09290787970822e-08	3.44278576754018e-07
ENSMUSG00000036306.13	Lzts1	33.8050648970024	2.02585820437263	0.371868396830507	5.44778266085352	5.10016245330099e-08	3.44656423835707e-07
ENSMUSG00000040570.14	Rundc3b	26.7516612906673	2.50770429614107	0.460622308238426	5.44416597131686	5.20486736195373e-08	3.51617328737207e-07
ENSMUSG00000030786.18	Itgam	16.4632904198868	4.23151845011287	0.777672746085736	5.44125851318744	5.29054744551367e-08	3.57288879525897e-07
ENSMUSG00000031388.14	Naa10	254.88879113613	0.817449061388802	0.150240021777973	5.44095409275726	5.29959708628046e-08	3.57783301007564e-07
ENSMUSG00000048865.16	Arhgap30	16.911436203028	4.59963073376474	0.845554235945095	5.4397820248912	5.33457994939009e-08	3.60027617777716e-07
ENSMUSG00000035861.6	Tmprss11b	17.5768441209972	3.42356427327293	0.629581887215967	5.43783794100566	5.39309931484706e-08	3.63858418246477e-07
ENSMUSG00000028948.16	Nol9	1007.16329220516	0.697560722045855	0.128288763350646	5.43742650429364	5.40556360077881e-08	3.64580517994528e-07
ENSMUSG00000042353.9	Frem3	19.968733972497	6.78272797235348	1.24789581604275	5.43533192847975	5.46945189632339e-08	3.68769331602599e-07
ENSMUSG00000025358.16	Cdk2	640.246611251041	0.60880218396497	0.112034582497038	5.43405589949035	5.50873110201431e-08	3.71296727712779e-07
ENSMUSG00000040274.11	Cdk6	1375.21325040443	0.609509856637874	0.112229355063977	5.43093076040953	5.606088419128e-08	3.77735755818784e-07
ENSMUSG00000032333.6	Stoml1	410.46323363684	-0.707416498955488	0.130289499330126	-5.42957416056257	5.64886762499095e-08	3.80494340936179e-07
ENSMUSG00000035158.15	Mitf	198.02118354476	-0.881584663405887	0.162480676807356	-5.42578158048375	5.77014853941706e-08	3.88537100251769e-07
ENSMUSG00000040260.8	Daam2	358.507461518797	-0.837075412898198	0.154348910521087	-5.42326738862105	5.85193529851135e-08	3.93916125996379e-07
ENSMUSG00000042628.8	Zfyve1	982.492098697801	-0.581481539744058	0.107230677543121	-5.4227162698867	5.87001273497785e-08	3.95004530563415e-07
ENSMUSG00000028782.14	Adgrb2	72.8873723258785	1.57174948448133	0.289859044811245	5.42246140880249	5.87839080816267e-08	3.95393168672694e-07
ENSMUSG00000048521.8	Cxcr6	145.936682671411	-1.37219630155745	0.253059554496931	-5.42242439446835	5.87960854714987e-08	3.95393168672694e-07
ENSMUSG00000024789.13	Jak2	1025.16287252127	-0.592755048423553	0.109327718301568	-5.42181852536708	5.89957588721182e-08	3.96607084408566e-07
ENSMUSG00000114832.2	Gm21388	11.8000355416908	6.99538660005495	1.29029490158934	5.42154091397114	5.90874692994938e-08	3.97094651633189e-07
ENSMUSG00000020549.14	Elac2	663.730547961557	0.597089443265639	0.110179623959638	5.41923653219553	5.9854085464516e-08	4.02116103547555e-07
ENSMUSG00000080316.11	Spaca6	838.932682524485	-0.631953253570121	0.116661063781063	-5.41700232355247	6.06065534152266e-08	4.07039276165404e-07
ENSMUSG00000040658.7	Dnph1	201.162142205086	0.999712959236971	0.184602006253899	5.41550430314381	6.11162021155823e-08	4.10328987217138e-07
ENSMUSG00000030403.9	Vasp	2482.84497923674	0.628251523876205	0.116068266802267	5.41277595664017	6.2055114663988e-08	4.16497671345619e-07
ENSMUSG00000067613.6	Krt83	11.6558592596261	6.99720158424364	1.29290151812366	5.41201436161855	6.23196895030148e-08	4.18137845388299e-07
ENSMUSG00000028066.15	Pmf1	284.43881460835	0.847620319534877	0.156649481944689	5.41093598914142	6.2696181581369e-08	4.20527628824613e-07
ENSMUSG00000043410.16	Hfm1	22.0683557555173	6.01996002996622	1.1127342679533	5.41006078750408	6.30033597721327e-08	4.22451099424482e-07
ENSMUSG00000031671.11	Setd6	255.264224790903	0.901221478580758	0.166675679320518	5.40703648099555	6.4076096013908e-08	4.29504893585454e-07
ENSMUSG00000020659.16	Cbll1	231.295292569686	0.889540548483402	0.164559021305133	5.40560184077647	6.45911375601807e-08	4.32817078782189e-07
ENSMUSG00000029922.15	Mkrn1	885.643839611432	0.606302475175633	0.112174042700059	5.40501581811416	6.48026737935462e-08	4.34094027460393e-07
ENSMUSG00000050335.17	Lgals3	2785.17557816966	-0.565885094141073	0.104700968958158	-5.40477418472813	6.48900913318399e-08	4.34538984302088e-07
ENSMUSG00000097833.1	Gm5976	16.2207876846486	4.55686869552538	0.843136460479592	5.40466331266631	6.49302405827842e-08	4.34667221805644e-07
ENSMUSG00000068744.12	Psrc1	1709.18444131317	-0.556180527060745	0.102919366947785	-5.40404147008518	6.51558700775798e-08	4.36036648799167e-07
ENSMUSG00000045136.6	Tubb2b	1014.90746821887	0.675359640899504	0.124993459336985	5.40315984917835	6.54770598779932e-08	4.38044493346665e-07
ENSMUSG00000067851.11	Arfgef1	2396.66168410027	0.644451004846164	0.119286823939495	5.40253301716744	6.57063581046635e-08	4.39436480261205e-07
ENSMUSG00000114206.1	Gm30551	17.0886411906129	4.64364280846008	0.859607223400058	5.40205186979792	6.58828917104764e-08	4.40474798293008e-07
ENSMUSG00000037316.9	Bag4	259.64152927198	0.95632539261521	0.177047442310518	5.40152051978216	6.6078378627616e-08	4.41639121476598e-07
ENSMUSG00000034285.15	Nipsnap1	340.028864668454	0.796282637437299	0.147426828094016	5.40120578955617	6.61944346706169e-08	4.42271982971949e-07
ENSMUSG00000050315.14	Synpo2	49.6586738254292	-1.6707230342251	0.309493766045973	-5.39824454485757	6.72961002951561e-08	4.49487570186975e-07
ENSMUSG00000022098.10	Bmp1	4062.31206949552	-0.667150334039776	0.123648030280796	-5.39555973940484	6.83102591507668e-08	4.56114211019911e-07
ENSMUSG00000045532.5	C1ql1	17.005990168158	4.29323398240989	0.795775668606682	5.39503047376013	6.8511923637473e-08	4.57313223918753e-07
ENSMUSG00000024039.15	Cbs	35.3894559901338	2.20407111507401	0.408573633958676	5.39455053356902	6.86952923008121e-08	4.58389379540461e-07
ENSMUSG00000004567.16	Mcoln1	801.080896091824	-0.645049076790365	0.119600378244043	-5.39336987274533	6.91484078105111e-08	4.61264225997348e-07
ENSMUSG00000026049.11	Tex30	134.125898418812	1.0980572794566	0.203631635159033	5.39237078069443	6.95341009625239e-08	4.6368761463379e-07
ENSMUSG00000030805.14	Stx4a	1055.10831876154	-0.505662148620247	0.0937755058816146	-5.39226255157304	6.95760070113299e-08	4.63817639010473e-07
ENSMUSG00000023088.17	Abcc1	3184.2227561339	0.460787896423889	0.0854653260593646	5.39151861544206	6.98647199798618e-08	4.65442497220199e-07
ENSMUSG00000063146.11	Clip2	1146.71978977821	-0.751736658309815	0.139427988431288	-5.39157644578859	6.98422351582585e-08	4.65442497220199e-07
ENSMUSG00000024844.15	Banf1	1299.43701326588	0.553238132273169	0.102618870227877	5.39119297498247	6.99914621114184e-08	4.66136832124919e-07
ENSMUSG00000051154.11	Commd3	1617.90411829252	-0.489313565913228	0.0907704762283679	-5.39066870908744	7.0195979058687e-08	4.67348527029837e-07
ENSMUSG00000032120.11	C2cd2l	341.708178643483	0.769973373350086	0.142838852819375	5.39050376107224	7.02604451663453e-08	4.67627316558901e-07
ENSMUSG00000026134.11	Prim2	340.624590565166	0.716789427304887	0.132988269403287	5.38986957662576	7.0508835975727e-08	4.69129667586491e-07
ENSMUSG00000063415.12	Cyp26b1	250.362995881524	0.787733635476802	0.146154928044392	5.38971655637601	7.05688966234321e-08	4.69378403344608e-07
ENSMUSG00000020889.11	Nr1d1	798.918259195995	-0.803765819564304	0.149194072271554	-5.38738441364706	7.14904218426503e-08	4.75355040707041e-07
ENSMUSG00000004098.7	Col5a3	719.691821988158	0.618439427267177	0.114815112669464	5.38639394142804	7.18853147720721e-08	4.77827273753089e-07
ENSMUSG00000022296.9	Baalc	71.9522852763109	-1.35122010359934	0.250929031826703	-5.38486955360559	7.24972065524749e-08	4.81739864664423e-07
ENSMUSG00000072573.2	Gm10369	16.0027950673346	3.91652556577612	0.72744211088838	5.38396871332223	7.28611736329653e-08	4.84003027287788e-07
ENSMUSG00000074151.13	Nlrc5	112.806330738171	-1.08342016167117	0.201292051991127	-5.38232956022988	7.35279868707999e-08	4.88275842232495e-07
ENSMUSG00000026491.13	Ahctf1	2400.94977206804	0.654990000045119	0.121696743908932	5.38214893025616	7.36018283181695e-08	4.88609443347591e-07
ENSMUSG00000007589.9	Tinf2	327.257276299063	0.730561086531417	0.135743794903111	5.38191146823959	7.36990119614862e-08	4.89097739208337e-07
ENSMUSG00000009575.14	Cbx5	3623.42697574182	0.663484230395729	0.123291482662753	5.38142794673498	7.38972821816054e-08	4.90256360217003e-07
ENSMUSG00000000706.16	Btn1a1	20.0287854900265	5.88577936445592	1.0940418138598	5.37984864005406	7.45484901871655e-08	4.9425983292253e-07
ENSMUSG00000004948.12	Zp3	17.7883423428216	5.11760606197959	0.951248757799425	5.37988199198118	7.45346806513747e-08	4.9425983292253e-07
ENSMUSG00000029397.15	Rchy1	873.808127039823	-0.610050550301964	0.113405991353186	-5.3793502708517	7.47551379089651e-08	4.95471213441457e-07
ENSMUSG00000022951.16	Rcan1	1296.70336807891	0.552863649378987	0.10280268775381	5.37791045602792	7.53552756001889e-08	4.99289004368857e-07
ENSMUSG00000031129.9	Slc9a9	86.2522488101917	-1.27703179110207	0.237521496290517	-5.37648933273859	7.59521967867856e-08	5.03083046812696e-07
ENSMUSG00000029925.13	Tbxas1	17.8475592314978	3.27881439933875	0.609892578383985	5.37605230092573	7.61366842424472e-08	5.04143706696869e-07
ENSMUSG00000006476.19	Nsmf	597.496941593174	-0.764576954420003	0.142252941483109	-5.37477078820747	7.66801642643523e-08	5.07580019222203e-07
ENSMUSG00000046020.13	Pofut1	1431.71369451936	-0.538009897947179	0.100148007104747	-5.37214781902215	7.78042856106329e-08	5.14856428342228e-07
ENSMUSG00000024841.8	Eif1ad	495.563691784207	0.667989575157904	0.124428364408819	5.36846705597745	7.94086922838532e-08	5.253053760254e-07
ENSMUSG00000040263.16	Klhdc4	415.327829990092	0.63388222102012	0.118086228579635	5.36796058816156	7.96319485891106e-08	5.26613962890096e-07
ENSMUSG00000027207.15	Galk2	790.971095992493	-0.548954732811081	0.102287590367017	-5.36677744427633	8.01558618998719e-08	5.29909353390434e-07
ENSMUSG00000031839.7	Hsbp1	1637.1113801876	-0.54830473847949	0.102200780604228	-5.36497603284262	8.09599687374864e-08	5.35054403862462e-07
ENSMUSG00000035198.9	Tubg1	542.365748711832	0.649090128067347	0.121033476892007	5.36289747874056	8.18974935576664e-08	5.40904983774772e-07
ENSMUSG00000079553.11	Kifc1	322.906497809715	0.71689324325724	0.133675899202313	5.36292067257576	8.18869742872989e-08	5.40904983774772e-07
ENSMUSG00000047604.3	Frat2	83.3497119741864	1.38178815256265	0.257700093270117	5.36200097962046	8.23050936706744e-08	5.43423647173617e-07
ENSMUSG00000034450.8	Gulo	11.666499349588	6.98216556684231	1.30276223655032	5.35950871997249	8.34485664074617e-08	5.50797792113537e-07
ENSMUSG00000022833.7	Ccdc14	171.897926076778	0.955355559088928	0.178368911527562	5.35606542029776	8.50537240434011e-08	5.6121359068357e-07
ENSMUSG00000042997.13	Nhlrc3	620.769880134932	-0.59292318665583	0.110702872654876	-5.35598736000563	8.50904576251406e-08	5.61277049835177e-07
ENSMUSG00000070461.3	9230112E08Rik	199.818204944438	-1.01770043923068	0.190030377670752	-5.35546185670356	8.5338148861937e-08	5.62731552498641e-07
ENSMUSG00000025372.16	Baiap2	1807.08489633147	0.645503240300728	0.120564168901872	5.35402222882742	8.6020285756317e-08	5.67049011105098e-07
ENSMUSG00000031555.15	Adam9	5642.84316514523	-0.486931689183211	0.0909495631803833	-5.35386506714126	8.6095072306949e-08	5.67361318586927e-07
ENSMUSG00000047963.7	Stbd1	205.166970074241	-0.938668083828012	0.175356924856924	-5.35290000434191	8.65556866689274e-08	5.7021519998731e-07
ENSMUSG00000058152.8	Chsy3	127.860450391467	-1.00246242785066	0.187298208024695	-5.35222647575188	8.68785675782608e-08	5.7216018781496e-07
ENSMUSG00000040693.7	Slco4c1	11.2764589230727	6.9301932114681	1.29499640732714	5.35151539591678	8.72207155262374e-08	5.74230785838927e-07
ENSMUSG00000027454.10	Gins1	80.711250907746	1.30129398113645	0.243218179859009	5.35031543238585	8.78010585928709e-08	5.77867762102968e-07
ENSMUSG00000021749.6	Fam3d	12.191917210824	7.03390987075885	1.31493949091214	5.34922703240102	8.83306778905196e-08	5.81168690926848e-07
ENSMUSG00000028980.14	H6pd	1474.731744351	-0.728076552931579	0.136150277755534	-5.3475950613842	8.9130601057325e-08	5.86245411911525e-07
ENSMUSG00000029378.5	Areg	55.6859648429996	1.59179136777855	0.297875979435656	5.34380573685161	9.10151096720654e-08	5.98450366932046e-07
ENSMUSG00000026932.14	Nacc2	1239.38029490669	-0.671955450832856	0.125746863323754	-5.34371540626667	9.10605003520983e-08	5.98558684276939e-07
ENSMUSG00000026469.14	Xpr1	1470.05635382517	-0.527273309671219	0.0987152679064374	-5.34135520121336	9.22542894501451e-08	6.06213186453509e-07
ENSMUSG00000013921.15	Clip3	1364.85138627779	-0.63036971976857	0.118046722537714	-5.34000187567406	9.2945619869372e-08	6.10562166193631e-07
ENSMUSG00000031207.16	Msn	15768.6120179109	-0.458175967891855	0.0858239463723878	-5.33855628013004	9.36896248442504e-08	6.15254297160895e-07
ENSMUSG00000029512.11	Ulk1	1120.39240624611	0.689242642069447	0.129126661685885	5.33772524644142	9.41199395978772e-08	6.17884119802239e-07
ENSMUSG00000022564.7	Grina	2498.10605944997	-0.667219084391684	0.125038279507365	-5.33611856321474	9.49573227026943e-08	6.23183773818348e-07
ENSMUSG00000026167.14	Wnt10a	172.737127875211	-1.24687608900479	0.233723736138337	-5.33482867254349	9.56348124969137e-08	6.27232250910525e-07
ENSMUSG00000063704.13	Mapk15	29.4267614655278	2.48635162629158	0.466059893795247	5.33483283885375	9.56326167101359e-08	6.27232250910525e-07
ENSMUSG00000037573.5	Tob1	1730.1226913002	0.540187839321534	0.101279272767097	5.33364650597122	9.62598299578077e-08	6.31131523692322e-07
ENSMUSG00000036712.15	Cyld	1104.30781204762	-0.632385231332312	0.118577838210726	-5.33308112944759	9.65601433852804e-08	6.32900065842913e-07
ENSMUSG00000070570.5	Slc17a7	24.9939316312018	2.53979501982505	0.476431895370811	5.33086689724731	9.77450418371319e-08	6.40463634373787e-07
ENSMUSG00000024410.15	Rmc1	834.477384890314	0.626434020991195	0.117532373270979	5.32988489517613	9.82750328909542e-08	6.43732565129703e-07
ENSMUSG00000027335.9	Adra1d	160.623341792545	-1.58564032983372	0.297507733193423	-5.32974492062303	9.83508039485591e-08	6.44025084128828e-07
ENSMUSG00000030630.16	Fah	726.820826434337	0.840235766010158	0.15768256408164	5.32865362066998	9.89434889209366e-08	6.47701226177883e-07
ENSMUSG00000017607.9	Tns4	17.8997271143674	3.65821733166988	0.686557045037232	5.32835160328374	9.91081244066503e-08	6.48511549885136e-07
ENSMUSG00000028057.14	Rit1	447.536888758943	-0.691626497211052	0.1298021860553	-5.32831162732803	9.91299359310387e-08	6.48511549885136e-07
ENSMUSG00000030259.12	Rassf8	1374.15954228126	-0.468032753412557	0.0878424047174114	-5.32809586575203	9.92477391574023e-08	6.49077078299864e-07
ENSMUSG00000014867.9	Surf4	6630.83991791359	-0.466530988060728	0.08762821616125	-5.32398134411679	1.01520323082337e-07	6.63729996045889e-07
ENSMUSG00000001661.5	Hoxc6	454.615059598579	-0.772113632114939	0.145028158145939	-5.323887733153	1.01572609008706e-07	6.63862151522323e-07
ENSMUSG00000068267.5	Cenpb	3123.33869566257	-0.689237692003493	0.12950571926295	-5.32206373530158	1.02596610901022e-07	6.70343197298061e-07
ENSMUSG00000030400.17	Ercc2	255.949761775287	0.850480240433787	0.159832225576161	5.32108113597235	1.03152381238909e-07	6.73761798442469e-07
ENSMUSG00000068394.4	Cep152	179.257266565709	0.904066477982743	0.170028982846587	5.31713160219551	1.05415826721669e-07	6.88328768868081e-07
ENSMUSG00000026585.13	Kifap3	1961.36467216171	-0.659735340041129	0.124080618431006	-5.31698945720497	1.05498178535876e-07	6.88649258124914e-07
ENSMUSG00000017204.4	Gsdma	16.1390254081558	4.97671411303143	0.93610957715579	5.31637987098939	1.05852049419352e-07	6.90741352752576e-07
ENSMUSG00000026271.15	Gpr35	37.6665190619587	2.18198297973033	0.410496480727937	5.31547304829753	1.063805955141e-07	6.93971618829614e-07
ENSMUSG00000032198.9	Dock6	714.677132646664	0.754663074762682	0.141976711935854	5.31540042358246	1.06423035486196e-07	6.94029745283168e-07
ENSMUSG00000034636.9	Zyg11b	2022.85804837648	0.549431356363837	0.103396507011411	5.31382898943775	1.07345363772097e-07	6.99824152667287e-07
ENSMUSG00000100215.1	Gm8292	397.324463619671	-1.01059211451784	0.190205094403214	-5.31317059455566	1.07734093592613e-07	7.02137280627677e-07
ENSMUSG00000022142.8	Nup155	1339.88203925801	0.548655692216742	0.103265218055245	5.31307348736941	1.077915428275e-07	7.02290571289399e-07
ENSMUSG00000028587.18	Orc1	148.104591660829	1.07568265033461	0.202595415376125	5.30951131513796	1.09919560001126e-07	7.15929821417026e-07
ENSMUSG00000028068.14	Iqgap3	507.647839897263	0.739031636865246	0.139197645661447	5.30922511909934	1.10092285028237e-07	7.16829256935981e-07
ENSMUSG00000042729.11	Wdr74	662.273542077227	0.697463482634251	0.131388095477665	5.30842219836284	1.1057826704255e-07	7.19767153935137e-07
ENSMUSG00000046441.5	Cmtr2	241.718836099348	0.765344901866092	0.144201018038045	5.30748612096601	1.11147465797523e-07	7.23244701208088e-07
ENSMUSG00000074582.10	Arfgef2	1779.66731243723	-0.478341368302839	0.0901487266734969	-5.30613560450286	1.11973670747897e-07	7.2839189528935e-07
ENSMUSG00000031532.7	Saraf	1728.16996857016	-0.486101542310252	0.0916257037533102	-5.30529668420354	1.12489885985879e-07	7.31519996865132e-07
ENSMUSG00000002957.11	Ap2a2	3584.85274716295	0.48207857883645	0.0908983486206378	5.3034910551389	1.1360877335682e-07	7.38564070261561e-07
ENSMUSG00000066735.8	Vkorc1l1	986.98861865802	0.602106348705095	0.113556627644328	5.30225633849357	1.14380077667385e-07	7.4334481244496e-07
ENSMUSG00000047909.11	Ankrd16	731.438940778287	-0.563211177158941	0.106238513052642	-5.30138422475721	1.14927921769957e-07	7.46670763564454e-07
ENSMUSG00000025616.14	Usp16	1187.71738437433	-0.508447102602064	0.0959107392302102	-5.30125308889197	1.150105179472e-07	7.46972924690647e-07
ENSMUSG00000051726.6	Kcnf1	34.7336666292464	1.95014149220604	0.368021881553541	5.29898245173317	1.1644982432347e-07	7.56083724489179e-07
ENSMUSG00000039579.15	Grin3a	97.4528165170258	-1.23300516178649	0.232693943157896	-5.2988279155587	1.16548412305445e-07	7.56249400097305e-07
ENSMUSG00000089697.1	Gm15947	10.704089016749	6.87517861696348	1.29748247606552	5.2988604808072	1.16527630247594e-07	7.56249400097305e-07
ENSMUSG00000032015.16	Pou2f3	15.8298585121712	3.89848242330475	0.736097775569829	5.29614754002871	1.18271290224829e-07	7.67188165579362e-07
ENSMUSG00000022231.10	Sema5a	1279.7451235982	0.704408426928927	0.133016698352782	5.2956390863102	1.18600880634278e-07	7.6908509656921e-07
ENSMUSG00000026074.15	Map4k4	5261.21993966547	0.407109918636074	0.076907397041781	5.29350796276341	1.19992014638494e-07	7.77862421234637e-07
ENSMUSG00000046223.10	Plaur	1139.32636539768	0.681655840880155	0.128806945828956	5.29207362610191	1.20937182070646e-07	7.83744123882374e-07
ENSMUSG00000028883.17	Sema3a	906.383974914389	-0.617074332742368	0.116614765122597	-5.29156262582736	1.21275646866818e-07	7.85691585131849e-07
ENSMUSG00000038909.16	Kat7	1588.36671166032	0.517050630939193	0.0977371928947602	5.29021363950911	1.22173567201201e-07	7.91261160043071e-07
ENSMUSG00000021278.7	Amn	15.634942009579	4.50530206712025	0.851868384354894	5.28873021920169	1.23168396090903e-07	7.97454685857239e-07
ENSMUSG00000027750.16	Postn	13380.6337335682	-0.613108608866273	0.11594306463243	-5.28801451652146	1.23651167592407e-07	8.00330055658298e-07
ENSMUSG00000019297.9	Nop9	729.780905381509	0.590225082837313	0.111621717100231	5.28772624333773	1.23846136735666e-07	8.01341414283076e-07
ENSMUSG00000030077.11	Chl1	456.053537883539	-0.769123095655977	0.145472727327465	-5.28706039809543	1.24297608536341e-07	8.04011312216786e-07
ENSMUSG00000037461.10	Ints7	765.18144812351	0.609886865838114	0.115374209282987	5.28616290961697	1.24908664777901e-07	8.07711481486342e-07
ENSMUSG00000024378.9	Stard4	832.426051558758	0.656230186686169	0.124151792443962	5.28570851671245	1.25219146026162e-07	8.09466303433955e-07
ENSMUSG00000042712.10	Tceal9	2245.74995510261	-0.725499282979582	0.137270304833222	-5.28518738164844	1.25576150654593e-07	8.11520681361042e-07
ENSMUSG00000025241.16	Fyco1	1480.04620703411	-0.51410940545493	0.0972806235844865	-5.28480787346553	1.25836752973826e-07	8.12950983085278e-07
ENSMUSG00000056050.13	Mia3	2437.06923729506	-0.525686715824352	0.0994746674278915	-5.28462903588412	1.25959739240502e-07	8.13491620137019e-07
ENSMUSG00000021133.9	Susd6	3300.63223393356	-0.461926687846769	0.0874354680052472	-5.2830584473917	1.27044836924335e-07	8.20243630535498e-07
ENSMUSG00000037034.16	Pax1	108.511632427321	-1.11802120770055	0.211671016892119	-5.28188140311325	1.27863963179049e-07	8.25274765775848e-07
ENSMUSG00000079243.4	Xirp1	15.8750645858193	3.65870605954858	0.692781697621507	5.28118175192825	1.28353281751811e-07	8.28174744071301e-07
ENSMUSG00000022262.8	Dnah5	16.0748062717215	4.96759276235716	0.940660449309301	5.28096271721079	1.28506841162149e-07	8.28907168967071e-07
ENSMUSG00000104348.1	Gm37691	18.3179063985544	6.6655601802861	1.26281719285795	5.27832549159464	1.30369739498607e-07	8.40661444822949e-07
ENSMUSG00000003452.15	Bicd1	162.766830966876	1.30607878455885	0.247587504922602	5.27522091620554	1.32596258140781e-07	8.54752397152296e-07
ENSMUSG00000023443.13	Esx1	10.7699364914915	6.89024015745704	1.30656704965485	5.27354501958182	1.33813409062579e-07	8.62329935923515e-07
ENSMUSG00000040978.4	Gm11992	17.6358288705084	3.25795924650057	0.617819042594441	5.27332280471518	1.33975606027428e-07	8.63106464102624e-07
ENSMUSG00000020894.16	Vamp2	882.863817308746	-0.538681830390798	0.102166204731777	-5.27260292975577	1.3450235737655e-07	8.66230334579096e-07
ENSMUSG00000024330.17	Col11a2	83.3851490563381	-1.2947541393288	0.24557542715208	-5.27232775014981	1.34704242311564e-07	8.66991017290755e-07
ENSMUSG00000070509.15	Rgma	541.992445791217	0.824648182716689	0.156409070889917	5.27238080262678	1.34665297679144e-07	8.66991017290755e-07
ENSMUSG00000033706.13	Smyd5	857.205552026362	0.62537521479505	0.118636920141161	5.27133723676359	1.35433359711661e-07	8.71412841986843e-07
ENSMUSG00000036845.12	Lin37	264.625421494858	0.942304264244331	0.178775803159296	5.27087137963912	1.35777595936158e-07	8.73356264227017e-07
ENSMUSG00000022668.10	Gtpbp8	428.946224684574	-0.623771323249582	0.11835529125344	-5.27032899537942	1.36179446819067e-07	8.75452687000324e-07
ENSMUSG00000074170.5	Plekhf1	247.867008852507	-0.910906026320008	0.172837036304708	-5.27031732200095	1.36188108224602e-07	8.75452687000324e-07
ENSMUSG00000001270.9	Ckb	1079.34537862229	0.685188132575879	0.130033537716399	5.26931855126684	1.36931152053692e-07	8.79955888345036e-07
ENSMUSG00000034714.9	Ttyh2	697.389853705183	-0.661762186887624	0.125617844804277	-5.26805875326633	1.37873983559369e-07	8.8573978451129e-07
ENSMUSG00000030007.8	Cct7	4833.58049379402	0.539042879514675	0.102324643759871	5.26796732153465	1.37942654843706e-07	8.85905992122206e-07
ENSMUSG00000057554.13	Lgals8	1107.69759066353	-0.501094085447812	0.0951530913638841	-5.266188184381	1.39285508852151e-07	8.94252713315965e-07
ENSMUSG00000036731.7	Cysrt1	15.889224991984	4.52718044830799	0.859693431925696	5.26604052117415	1.39397528366626e-07	8.94466037275595e-07
ENSMUSG00000047735.14	Samd9l	447.217457810821	-0.967786557472515	0.183779141457009	-5.26603046352193	1.39405161420893e-07	8.94466037275595e-07
ENSMUSG00000024491.16	Rbm27	1103.65258081643	0.71128843110165	0.135080476878947	5.2656641991209	1.39683406074638e-07	8.9597360469133e-07
ENSMUSG00000022195.7	6030458C11Rik	588.570099828701	0.604532382826317	0.114819555601777	5.26506464563392	1.40140036124957e-07	8.98624104011923e-07
ENSMUSG00000025151.16	Maged1	7402.09926823473	-0.553981017720949	0.105238810785204	-5.26403722721309	1.40925894543152e-07	9.03383428661725e-07
ENSMUSG00000013419.7	Zbtb47	853.394639363594	-0.826051809226634	0.156926420974535	-5.26394347170307	1.40997818719092e-07	9.03564659339468e-07
ENSMUSG00000025492.6	Ifitm3	3305.91920508292	-0.763605641789322	0.145086330401998	-5.26311224271483	1.41637047574647e-07	9.07380144768683e-07
ENSMUSG00000028134.11	Ptbp2	634.011050308912	-0.624011315231703	0.118572583066518	-5.26269479076488	1.41959131494948e-07	9.09162148147874e-07
ENSMUSG00000090031.2	4732440D04Rik	57.9454905461779	-1.45739151797466	0.27697743495932	-5.26176985568772	1.42675288334869e-07	9.13466066577003e-07
ENSMUSG00000055561.9	Spink5	77.9722976079256	-1.25556563720038	0.238629684904669	-5.26156516404056	1.42834248151757e-07	9.14201021179103e-07
ENSMUSG00000039270.9	Megf9	927.988767727346	0.737819691639703	0.140230335943101	5.26148416230764	1.42897199921313e-07	9.14321218290961e-07
ENSMUSG00000026234.12	Ncl	16507.9239426921	0.744283668599361	0.141484263906744	5.26054027527711	1.43632737697868e-07	9.18743522128606e-07
ENSMUSG00000031812.16	Map1lc3b	2126.30011483731	-0.566652416264833	0.107796896487926	-5.25666725783988	1.46689367629611e-07	9.38005319915144e-07
ENSMUSG00000031666.15	Rbl2	574.486614949594	-0.558328260932011	0.106245371058945	-5.2550831661386	1.47957596137418e-07	9.45822817309576e-07
ENSMUSG00000073910.10	Mob3b	64.3213532791198	1.5783352655392	0.300436557905663	5.25347273494858	1.49257779955258e-07	9.53839699689377e-07
ENSMUSG00000016257.15	Prelid3b	1191.01255801515	0.548866520552984	0.104481105233851	5.25326104968457	1.49429503857953e-07	9.54642376653018e-07
ENSMUSG00000020493.8	Prr11	348.977379315982	0.775523384888722	0.147676304879244	5.25150859863993	1.50858489486522e-07	9.63177012301519e-07
ENSMUSG00000068206.13	Pick1	176.784312749904	0.924723680271419	0.176087095883059	5.25151304037371	1.50854850951798e-07	9.63177012301519e-07
ENSMUSG00000001773.14	Folh1	38.9678181362032	-1.93541737336187	0.368560069744557	-5.25129424547612	1.51034182066196e-07	9.64001398269559e-07
ENSMUSG00000029007.8	Agtrap	662.645230798587	-0.641544142801202	0.122195094377524	-5.25016283238949	1.51964818023325e-07	9.69642345334404e-07
ENSMUSG00000021371.5	Mcur1	509.712732477285	0.648711980184803	0.123562019501849	5.25009208169422	1.52023197384156e-07	9.69715920694805e-07
ENSMUSG00000028646.16	Rragc	2449.51811252306	-0.55913644465305	0.106507229383312	-5.24975110037608	1.5230485963702e-07	9.71213274684744e-07
ENSMUSG00000081355.1	Gm15264	24.9121196767669	2.45653052680648	0.467986941836842	5.24914331405196	1.52808163959998e-07	9.74122631908836e-07
ENSMUSG00000021536.7	Adcy2	200.2071932952	-0.905151262610664	0.172448417165051	-5.2488232567791	1.53073847661947e-07	9.75515878311156e-07
ENSMUSG00000039683.16	Sdk1	387.982246728628	0.801854000382736	0.152799462866409	5.24775405188295	1.53964651401769e-07	9.80890833907426e-07
ENSMUSG00000026831.16	Pierce1	67.7714372473988	-1.41006774385676	0.268711365349981	-5.24751806467221	1.54161937466092e-07	9.81543507723972e-07
ENSMUSG00000029198.3	Grpel1	1246.56122632091	0.606828567972037	0.115640523342822	5.24754256060449	1.54141447422507e-07	9.81543507723972e-07
ENSMUSG00000002129.11	Sf3a1	1654.03740383213	0.443365546052957	0.0844960029846845	5.24717774086095	1.54446879815627e-07	9.83055339884276e-07
ENSMUSG00000031756.5	Cenpn	182.97692257757	0.868905733694704	0.16563106674504	5.24603113878528	1.55410646961207e-07	9.88885638318481e-07
ENSMUSG00000018574.14	Acadvl	697.062263883867	-0.552045392572711	0.105282393012785	-5.24347307061755	1.57581817551066e-07	1.00239276013814e-06
ENSMUSG00000036894.3	Rap2b	501.310310756489	-0.740248462172114	0.141287863474684	-5.23929263255335	1.6119326058202e-07	1.02505047643233e-06
ENSMUSG00000097145.5	9230114K14Rik	165.551057118995	-1.00688269564646	0.19219132508057	-5.23896016235047	1.61483889385523e-07	1.02658323906355e-06
ENSMUSG00000063605.5	Ccdc102a	519.860137067589	-0.832376435247459	0.158895231971119	-5.23852367954471	1.61866210145254e-07	1.02869778440179e-06
ENSMUSG00000040488.18	Ltbp4	1138.34781891174	0.935390064891698	0.178566221115405	5.23833712249063	1.62029884665445e-07	1.02918836383078e-06
ENSMUSG00000042807.15	Hecw2	165.861365317534	-0.926968347473061	0.176959011760057	-5.23832235642206	1.62042846404392e-07	1.02918836383078e-06
ENSMUSG00000008393.9	Carhsp1	2550.69997875694	0.4794863162474	0.0915556414216849	5.23710291143058	1.63116749597847e-07	1.03569128832081e-06
ENSMUSG00000026018.12	Ica1l	44.254215528782	-1.84920058717315	0.35350739151068	-5.23100968064847	1.68586679656544e-07	1.07009373879509e-06
ENSMUSG00000047746.14	Fbxo40	16.9172375942384	6.54641835223656	1.25169796769294	5.23003034374381	1.69482219017245e-07	1.07544832968668e-06
ENSMUSG00000032078.17	Zpr1	885.251855742187	0.581337811299368	0.111256075084401	5.22522307980356	1.7394526787436e-07	1.10343030944878e-06
ENSMUSG00000102758.3	Naaladl2	313.631688039151	-0.817948756448782	0.156594028032656	-5.22337132983261	1.75694563910657e-07	1.11418559386847e-06
ENSMUSG00000086390.7	1810019D21Rik	16.9461153434561	3.3682624521733	0.644864760934889	5.22320749437475	1.75850151011973e-07	1.11483071234206e-06
ENSMUSG00000024066.9	Xdh	205.704451409257	-0.909749182554586	0.174203618882524	-5.22233228213293	1.76683559422027e-07	1.1197712787742e-06
ENSMUSG00000115317.1	Gm32618	99.193172433471	-1.25643184494488	0.240619526976944	-5.22165370670548	1.7733234996952e-07	1.12353912213624e-06
ENSMUSG00000052798.13	Nup107	879.083356334326	0.614662529512493	0.117721965161998	5.22130707439902	1.7766465562185e-07	1.12530009385455e-06
ENSMUSG00000074178.3	Gm10638	28.6195657657037	-2.20275836426	0.421943097770986	-5.22051048090748	1.78430608129765e-07	1.12980579922851e-06
ENSMUSG00000001827.12	Folr1	27.1706084832384	2.60996809290875	0.499968902238944	5.22026086266741	1.78671281018511e-07	1.13098374489363e-06
ENSMUSG00000047181.12	Samd14	305.497215591076	-0.87692472837493	0.168019682058606	-5.2191785964043	1.7971839803905e-07	1.13691660177576e-06
ENSMUSG00000053819.16	Camk2d	2903.09753027959	-0.535260521684865	0.102555722288808	-5.21921653652358	1.79681589984441e-07	1.13691660177576e-06
ENSMUSG00000031021.13	Tmem9b	704.830291270179	-0.555894228867362	0.106513690501944	-5.2189932228216	1.79898345249353e-07	1.13770725582534e-06
ENSMUSG00000016918.15	Sulf1	5034.68449621823	-0.459785997555206	0.088125498241059	-5.21740026135801	1.81451872822184e-07	1.14718152582358e-06
ENSMUSG00000028832.11	Stmn1	347.85929604124	0.915584967707584	0.175613616879497	5.21363311101237	1.85177541646001e-07	1.17037860596353e-06
ENSMUSG00000022799.4	Arhgap31	983.133853248255	-0.566172980591036	0.108612615150552	-5.21277367096118	1.86037820243179e-07	1.17545691123735e-06
ENSMUSG00000022508.5	Bcl6	407.492144171409	-0.704712798316872	0.135191718118341	-5.21269207999855	1.86119691313835e-07	1.1756153465075e-06
ENSMUSG00000038335.13	Tsr1	943.747942685497	0.612326209064156	0.117474998515317	5.21239597193372	1.86417108601351e-07	1.17713475623531e-06
ENSMUSG00000003352.14	Cacnb3	1098.67143249687	0.727940803190734	0.139689513182156	5.21113422624286	1.8768959075888e-07	1.18480842913024e-06
ENSMUSG00000063480.8	Snu13	390.997519086425	0.659824347185217	0.126622075879516	5.21097401540831	1.87851764359782e-07	1.18547063124486e-06
ENSMUSG00000023905.15	Tnfrsf12a	1807.97543147708	-0.593035939046278	0.113840610654818	-5.20935310901004	1.89500164808932e-07	1.19550865936607e-06
ENSMUSG00000048572.5	Tmem252	69.2631275392226	-1.38246306711195	0.265480960123678	-5.20739064100084	1.91514637507831e-07	1.20784932412389e-06
ENSMUSG00000107728.1	Gm38910	25.0821298867613	2.33377471222263	0.448268434480863	5.20619908230961	1.92747855071073e-07	1.21525673229246e-06
ENSMUSG00000037369.17	Kdm6a	926.63996462563	0.534418925668581	0.102653243710982	5.20605980238896	1.92892504497607e-07	1.2157984015213e-06
ENSMUSG00000033306.15	Lpp	7604.36128682077	-0.533333218541312	0.102470751235805	-5.2047361038079	1.94272481672717e-07	1.22412362196151e-06
ENSMUSG00000019188.16	H13	2997.41514226506	-0.422650061654192	0.0812085911717602	-5.20449937076566	1.94520283532115e-07	1.22531203555425e-06
ENSMUSG00000004054.9	Map3k11	364.256741734582	0.993557997341556	0.190966944937825	5.20277474023078	1.96334794476657e-07	1.23636565587841e-06
ENSMUSG00000029119.9	Man2b2	2082.29650767084	-0.718366242695953	0.138083522761852	-5.20240379393343	1.96727205223521e-07	1.23845998203214e-06
ENSMUSG00000037379.7	Spon2	284.216617582599	-0.870753619867492	0.167454372477487	-5.19994555522616	1.99346910674306e-07	1.25457029615308e-06
ENSMUSG00000100826.6	Snhg14	313.076027636622	1.0839892925952	0.208519711242881	5.19849795558454	2.00905334297602e-07	1.26399377344257e-06
ENSMUSG00000018570.17	2810408A11Rik	63.4603521391119	1.61444132325333	0.310638239832336	5.19717509384778	2.02339762358399e-07	1.27263164419827e-06
ENSMUSG00000020743.15	Mif4gd	274.274987564978	0.829849619455932	0.159676950458066	5.19705328211327	2.02472343914402e-07	1.27296151478829e-06
ENSMUSG00000027963.14	Extl2	649.734998205331	-0.583108681383099	0.112200715766438	-5.19701391742387	2.02515206927766e-07	1.27296151478829e-06
ENSMUSG00000048264.16	Dip2c	828.218064410176	-0.603651824357954	0.116161354583096	-5.19666653789003	2.02893838300283e-07	1.27495432877279e-06
ENSMUSG00000038664.16	Herc1	1998.2518484659	0.473030651864443	0.0910306283090793	5.19639005740294	2.03195681103094e-07	1.27646355179149e-06
ENSMUSG00000064339.1	mt-Rnr2	8168.36698479949	-0.866906890295925	0.166834749733343	-5.19620098139944	2.0340235139914e-07	1.27737417221201e-06
ENSMUSG00000050064.14	Zfp697	168.17027320915	-0.903931151044089	0.173963007672516	-5.19611130629412	2.03500442149704e-07	1.27760256355982e-06
ENSMUSG00000028669.15	Pithd1	319.607855606389	0.72536898652127	0.139608068189951	5.19575262322471	2.03893243509016e-07	1.27968048738421e-06
ENSMUSG00000033033.10	Calhm2	210.817670365196	-0.999037015994077	0.192287690246146	-5.19553287428446	2.04134257066087e-07	1.28041666273058e-06
ENSMUSG00000104379.1	Gm37509	15.4177158430166	3.61626669666791	0.696030908173948	5.19555475798519	2.04110243389301e-07	1.28041666273058e-06
ENSMUSG00000044636.6	Csrnp2	230.370205136435	0.849986774611858	0.163649641244503	5.19394218128423	2.05887106521724e-07	1.29102005994946e-06
ENSMUSG00000026817.14	Ak1	3529.47531377858	-0.519123216650693	0.0999576411572007	-5.19343204422243	2.06452321421616e-07	1.29417219900243e-06
ENSMUSG00000041057.10	Wdr43	1894.93999200911	0.669485166616103	0.128953212263182	5.19169049662557	2.0839321864839e-07	1.30594345528399e-06
ENSMUSG00000038497.7	Tmco3	785.18770920731	-0.520858755834765	0.100327468487301	-5.19158674775787	2.08509398178802e-07	1.30627603901423e-06
ENSMUSG00000028211.11	Trp53inp1	4733.79767412285	-0.679828932324967	0.130968900299228	-5.19076613433986	2.09430541504383e-07	1.31164985736739e-06
ENSMUSG00000096916.7	Zfp850	102.807303576962	1.33006894430369	0.256303314670442	5.18943325416571	2.10935094516906e-07	1.32067317646867e-06
ENSMUSG00000023991.16	Foxp4	1319.99860928422	0.851856854268541	0.164159049557165	5.18921653461388	2.11180712387362e-07	1.32181117801815e-06
ENSMUSG00000002820.6	Atg4d	218.766240485655	0.896951554253145	0.172889674149601	5.18799956483819	2.12565100210092e-07	1.33007406567373e-06
ENSMUSG00000021795.10	Sftpd	10.288912494289	6.82410161109445	1.31569806945464	5.18667752847204	2.14078946679724e-07	1.33914177011895e-06
ENSMUSG00000032451.6	Trim42	9.92977726252593	6.76662459300376	1.30482792128769	5.18583675487723	2.15047119701245e-07	1.34479164069368e-06
ENSMUSG00000025464.15	Paox	113.711895361014	1.17311798694588	0.226232950584434	5.18544263298221	2.15502416765753e-07	1.34682503763113e-06
ENSMUSG00000036853.5	Mcoln3	10.0972483979175	6.77689943130842	1.30690800741409	5.18544487665778	2.15499822194879e-07	1.34682503763113e-06
ENSMUSG00000045319.13	Proser2	61.6555607103126	1.46834780603945	0.283252867252392	5.18387623144901	2.17321178872912e-07	1.35778179338678e-06
ENSMUSG00000030246.12	Ldhb	537.01157274773	-0.707832905354715	0.136657699546857	-5.17960501092743	2.22356214214519e-07	1.38882054255472e-06
ENSMUSG00000030465.19	Psd3	978.259524429855	-0.66763228209135	0.128905011276868	-5.17925777654508	2.22770462103067e-07	1.39098817347553e-06
ENSMUSG00000046133.3	C130073F10Rik	17.6061666079002	6.59782475293948	1.27410673813527	5.17839248114785	2.23805999817426e-07	1.39703268703888e-06
ENSMUSG00000021180.9	Rps6ka5	132.471211511685	1.15964124939588	0.223943624122983	5.17827312091296	2.23949208090526e-07	1.39750517282659e-06
ENSMUSG00000037706.17	Cd81	9258.41930736537	-0.484890166779497	0.0936452482249227	-5.17794737021636	2.24340494116306e-07	1.39952498122767e-06
ENSMUSG00000015243.4	Abca1	2145.70832364868	0.559304289518234	0.108044602486244	5.17660555592719	2.25959234003162e-07	1.4091986094099e-06
ENSMUSG00000027843.13	Ptpn22	37.3696659155865	1.84462684554205	0.356352208739913	5.17641479497147	2.26190278784342e-07	1.41021463269792e-06
ENSMUSG00000003500.13	Impdh1	1275.61858218615	0.584249829436404	0.11290040417845	5.17491353275351	2.28016553269473e-07	1.42074492357761e-06
ENSMUSG00000030521.11	Mphosph10	748.686862706441	0.839589617822399	0.162241134180227	5.17494914014674	2.27973072649137e-07	1.42074492357761e-06
ENSMUSG00000010830.8	Kdelr3	1317.444930248	-0.607062056159362	0.117347775375071	-5.17318759745594	2.30133747813163e-07	1.43350540053706e-06
ENSMUSG00000057541.14	Pus7	1016.25397216021	0.727055880712498	0.14056200996334	5.17249206170375	2.30992316073512e-07	1.43842056269724e-06
ENSMUSG00000117655.1	6720468P15Rik	16.1955333982622	3.48330120870663	0.673582794992566	5.17130371292377	2.32466377705543e-07	1.44716437657956e-06
ENSMUSG00000020053.18	Igf1	409.045103045362	-1.14849063553101	0.222268211733282	-5.16713850610892	2.37705113917985e-07	1.47933197624425e-06
ENSMUSG00000061119.7	Prcp	769.745895350873	-0.548475860180004	0.106159168558403	-5.16654253822895	2.38463950060281e-07	1.48360844673813e-06
ENSMUSG00000056116.18	H2-T22	194.890058861588	-0.915015432382147	0.177178596252415	-5.164367772045	2.41252946811072e-07	1.50050923859447e-06
ENSMUSG00000024603.8	Dctn4	2060.25843821763	-0.449285003829668	0.0870364392242992	-5.16203337169881	2.44281727136864e-07	1.51889079904054e-06
ENSMUSG00000027447.6	Cst3	3545.49689466382	-0.771151010657778	0.149405139830855	-5.16147578008905	2.45010594082394e-07	1.52296525132477e-06
ENSMUSG00000029480.13	Dhx37	584.499249993178	0.657064814818227	0.127314728585457	5.16094895004381	2.45701180394785e-07	1.52679937946312e-06
ENSMUSG00000007338.10	Mrpl49	531.5371420093	0.595818663584836	0.11548483367704	5.15928061386033	2.47900519103737e-07	1.54000385502048e-06
ENSMUSG00000024953.17	Prdx5	1515.10898467553	-0.63385281262489	0.122869542236204	-5.15874643210092	2.48608732460179e-07	1.54394003996197e-06
ENSMUSG00000030796.17	Tead2	1485.58801477441	0.642699291769368	0.124597875547032	5.15818820303055	2.49350915875566e-07	1.54808476535943e-06
ENSMUSG00000032067.6	Pts	290.109406257222	-0.711655442458653	0.137971919856163	-5.15797303683647	2.49637557327708e-07	1.54939963991791e-06
ENSMUSG00000064043.13	Trerf1	822.594901320788	0.506959842581347	0.0983400346690978	5.15517250209647	2.53397548396555e-07	1.57226494432263e-06
ENSMUSG00000063446.4	Plppr1	14.735929522377	4.06634309268816	0.788861563062466	5.15469796360983	2.54040059142907e-07	1.57577919814175e-06
ENSMUSG00000027408.7	Cpxm1	1426.12490325111	-0.642008764818352	0.124552742380644	-5.15451328125972	2.54290538623429e-07	1.57686035319543e-06
ENSMUSG00000028492.13	Saxo1	10.0297408497741	6.76751390998728	1.31297183989433	5.15434810127531	2.54514769686747e-07	1.57777814248157e-06
ENSMUSG00000040875.12	Osbpl10	108.285202560654	1.10621416619514	0.214642849695721	5.15374338238296	2.55337303465107e-07	1.58240324683361e-06
ENSMUSG00000028273.15	Pdlim5	4142.54478395059	-0.404625402326014	0.0785338061917608	-5.15224489868752	2.57386609091702e-07	1.59414883949406e-06
ENSMUSG00000079598.4	Clec2l	20.764158275005	2.67715747388067	0.519609878912933	5.15224514106912	2.573862763328e-07	1.59414883949406e-06
ENSMUSG00000049100.15	Pcdh10	52.1418917802192	-1.56204137631639	0.303277651550773	-5.15053241915149	2.59748026674495e-07	1.60829327075542e-06
ENSMUSG00000044465.19	Fhip1b	692.182571462186	0.594982287256383	0.115535159662989	5.14979413186357	2.60772528685599e-07	1.61415387896627e-06
ENSMUSG00000031659.13	Adcy7	239.475171717486	0.873441610325046	0.169616755524509	5.14950075317788	2.61180725367957e-07	1.61619725990773e-06
ENSMUSG00000078812.10	Eif5a	8898.95050364389	0.539676641073043	0.10483666544988	5.14778525964323	2.63579986297749e-07	1.6305565261139e-06
ENSMUSG00000015652.9	Steap1	294.38377519116	-0.727527304784074	0.141348972237341	-5.1470293223107	2.64643972159557e-07	1.63664941133274e-06
ENSMUSG00000014791.10	Elmo3	80.1318863648655	1.23684255150535	0.240396231846106	5.14501638402193	2.67497463837494e-07	1.65380227119841e-06
ENSMUSG00000029233.15	Srd5a3	351.211452038815	-0.662924647202353	0.128881344181088	-5.14368197674052	2.6940544186897e-07	1.66510099768462e-06
ENSMUSG00000029868.14	Trpv6	43.4960407095671	-1.69873634402947	0.33031312785634	-5.1428060248586	2.70665044720802e-07	1.67238679423161e-06
ENSMUSG00000024357.10	Sil1	604.941603695912	-0.545361580174051	0.106066361527181	-5.14170159437681	2.72261304377814e-07	1.68174775867394e-06
ENSMUSG00000043079.17	Synpo	2712.79065268003	-0.64499209193084	0.125489041385392	-5.13982802649668	2.74990033769492e-07	1.69809627356644e-06
ENSMUSG00000051235.10	Gen1	174.895918119934	0.981942987949617	0.191088913124454	5.13867064234172	2.766888661547e-07	1.70807719670031e-06
ENSMUSG00000044788.10	Fads6	18.7235941306582	2.82084781774071	0.549114550626088	5.13708444717854	2.7903358899875e-07	1.72203824051435e-06
ENSMUSG00000025790.14	Slco3a1	949.218375197176	-0.500253641695877	0.0974225574112858	-5.1348851332651	2.82316399421066e-07	1.74177858468454e-06
ENSMUSG00000000605.9	Clcn4	1302.30665874669	-0.52311984271111	0.101880937697335	-5.13461943455191	2.82715511302037e-07	1.74372120632922e-06
ENSMUSG00000049940.7	Pgrmc2	1749.26988749429	-0.450677289983578	0.0877849448631772	-5.13387905734872	2.83830524939971e-07	1.75007686497839e-06
ENSMUSG00000027712.13	Anxa5	9654.50304756051	-0.438286262243408	0.0853836344527586	-5.13314132213363	2.84945783243299e-07	1.75643024638268e-06
ENSMUSG00000017291.13	Taok1	3580.11847681342	0.644375824293623	0.125543614018594	5.13268499820456	2.85637740093451e-07	1.76017135522308e-06
ENSMUSG00000037736.20	Limch1	140.311858792503	-0.967401172072705	0.188493074566968	-5.13229026740187	2.86237607558847e-07	1.76334292823231e-06
ENSMUSG00000046791.8	Riox1	199.293424809292	0.804099850401773	0.156766623388164	5.12927964526462	2.90853006842944e-07	1.79124260298783e-06
ENSMUSG00000047485.6	Klhl34	15.9582193483699	6.45753839608073	1.25921213772257	5.12823709574457	2.92467963816547e-07	1.80065270167719e-06
ENSMUSG00000118157.1	Gm9902	9.61622440071499	6.70528710674299	1.30799101570974	5.12640150139303	2.95332451420462e-07	1.81774796668217e-06
ENSMUSG00000001482.15	Def8	1016.0052346327	0.622606980742449	0.121462123770788	5.12593524148626	2.96064364356173e-07	1.82171114084674e-06
ENSMUSG00000025245.14	Lztfl1	400.198568337734	-0.757725189558162	0.147877139029007	-5.12401845568251	2.99091688009675e-07	1.83979163450587e-06
ENSMUSG00000040631.8	Dok4	257.756904417214	0.866610772732503	0.16914323429628	5.12353199545955	2.99864733820005e-07	1.84399884888303e-06
ENSMUSG00000034329.16	Brip1	151.136061213155	0.91179056793272	0.178010645771396	5.12211257917493	3.02131406441513e-07	1.85738579801987e-06
ENSMUSG00000034333.15	Zbed4	49.4323864691484	1.51960611236659	0.296847630588931	5.11914516330067	3.06923656003679e-07	1.88628644763069e-06
ENSMUSG00000033075.17	Senp1	770.15353450903	0.544728937722217	0.106411483618811	5.11908037739194	3.07029096792703e-07	1.88637437652483e-06
ENSMUSG00000016528.10	Mapkapk2	1736.31503014376	-0.556281172422695	0.10867352152799	-5.11882898981439	3.07438568015627e-07	1.88832964966038e-06
ENSMUSG00000025504.14	Eps8l2	325.47786089409	0.817245129810801	0.159686566173279	5.11780764904165	3.09107602553462e-07	1.89801787755981e-06
ENSMUSG00000078817.4	Nlrp12	15.2216170404216	4.89492877061518	0.956570969972873	5.11716215970259	3.10166943731514e-07	1.90395776046816e-06
ENSMUSG00000030681.18	Mvp	1751.80448685383	-0.472933911574996	0.0924257795166701	-5.11690476453809	3.10590343180657e-07	1.90599155454978e-06
ENSMUSG00000058589.14	Anks1b	59.8831973135489	-1.395364887733	0.272753294672818	-5.11584979901641	3.12331535663822e-07	1.91610861194589e-06
ENSMUSG00000028878.11	Fam76a	679.118009078366	-0.597559512960964	0.116825609518506	-5.11497021435446	3.13790467852319e-07	1.92448856120745e-06
ENSMUSG00000021892.14	Sh3bp5	403.945167458214	-0.621761919891258	0.121570646939404	-5.1144082518634	3.14726015115733e-07	1.92965455772528e-06
ENSMUSG00000019843.14	Fyn	1094.06835728833	0.531053893177302	0.103885799994948	5.1119006948315	3.18933480601092e-07	1.95487240597039e-06
ENSMUSG00000039952.15	Dag1	5685.63162870621	-0.519889980406252	0.101775497129948	-5.10820379233766	3.25235762948036e-07	1.99291150303771e-06
ENSMUSG00000027030.15	Stk39	631.070981549622	-0.566412612946971	0.110884425276944	-5.10813499310028	3.25354180220982e-07	1.99304710754486e-06
ENSMUSG00000023232.17	Serinc2	106.255091806034	1.12010436917277	0.219286686720322	5.10794515583771	3.25681144110165e-07	1.99445976388648e-06
ENSMUSG00000028889.17	Yrdc	515.728674997541	0.59692976728465	0.116871314182242	5.10758154352432	3.26308293235824e-07	1.99770936459282e-06
ENSMUSG00000056185.5	Snx32	134.66294860071	-0.950134300917217	0.186070407249528	-5.1063160174796	3.28500143018713e-07	2.01053354829815e-06
ENSMUSG00000063884.6	Ptcd3	1205.78368069473	0.643115859395751	0.125979748547615	5.10491461373796	3.30943912674445e-07	2.02489153072667e-06
ENSMUSG00000074221.12	Zfp568	713.314774759036	0.621958737765796	0.1218604216113	5.10386169309071	3.327915339669e-07	2.03559455129458e-06
ENSMUSG00000026458.13	Ppfia4	116.815818097228	1.02670287215773	0.201209599853718	5.10265351605566	3.34923861837874e-07	2.04803220566681e-06
ENSMUSG00000040158.12	Tax1bp3	268.866203340483	-0.738550620708983	0.144860896279676	-5.09834358116286	3.42638492732917e-07	2.09458776168891e-06
ENSMUSG00000032652.13	Crebl2	209.955744320375	-0.777013709262178	0.152415170932079	-5.09800766229788	3.43246928681277e-07	2.09768768136219e-06
ENSMUSG00000030607.7	Acan	82.3816884661638	1.58385775150755	0.310717557062466	5.09741955517864	3.44314654917923e-07	2.10359180700888e-06
ENSMUSG00000054199.17	Gon4l	534.780020936809	0.562581372961652	0.110368881962515	5.09728252165065	3.44563903581281e-07	2.10449343175832e-06
ENSMUSG00000020132.10	Rab21	2017.57641014875	-0.584272568420703	0.114628125586133	-5.09711351758669	3.44871542936171e-07	2.10575105228195e-06
ENSMUSG00000049758.7	Or4f62	134.507494743573	-0.999079132415509	0.196060049188061	-5.09578130043817	3.47305887479619e-07	2.11998955026264e-06
ENSMUSG00000028191.11	Bcl10	815.174995295207	-0.531121525189054	0.104244883642727	-5.09494093743093	3.48849995089458e-07	2.12878716048252e-06
ENSMUSG00000050541.14	Adra1b	81.2606524832617	-1.52172283311795	0.298702871306111	-5.09443657660219	3.49779902150088e-07	2.133832653877e-06
ENSMUSG00000073600.5	Prob1	47.3969858923255	1.63775241490431	0.321492884941893	5.09421045259001	3.50197591008731e-07	2.13575130709774e-06
ENSMUSG00000059991.7	Nptx2	60.1036166119464	-1.44072374933399	0.282840520587217	-5.09376713896171	3.51017862988554e-07	2.14012334197351e-06
ENSMUSG00000046841.5	Ckap4	5818.29802080188	-0.48702960144477	0.0956214768840546	-5.09330766805992	3.51869988132178e-07	2.1446869506325e-06
ENSMUSG00000036046.14	5031439G07Rik	2077.45496722812	0.456185229573642	0.0895700720402505	5.09305417738912	3.52340960929439e-07	2.14692539013202e-06
ENSMUSG00000048327.6	Ckap2l	505.123609152216	0.776648911089089	0.152535662160906	5.09158907554237	3.5507499013748e-07	2.1629479755314e-06
ENSMUSG00000026315.13	Serpinb8	589.426779968448	-0.693180060717373	0.136197877807526	-5.08950706043283	3.58995493742718e-07	2.18618644453678e-06
ENSMUSG00000021707.5	Dhfr	240.852370244397	0.884260497840886	0.173757284606833	5.08905568961747	3.59850933923935e-07	2.19075131802692e-06
ENSMUSG00000016349.10	Eef1a2	32.3497882926499	-1.93390649859997	0.380029345952491	-5.08883463658023	3.60270592085867e-07	2.19140025253365e-06
ENSMUSG00000016995.17	Matn4	32.3791800175011	-2.08804049936656	0.410310255026064	-5.08893081220678	3.60087949440372e-07	2.19140025253365e-06
ENSMUSG00000074476.6	Spc24	138.820200417703	0.980235552196733	0.19262485088982	5.08883224396326	3.602751369328e-07	2.19140025253365e-06
ENSMUSG00000025170.13	Rab40b	59.9870341272102	-1.43716835329485	0.282433759956547	-5.08851474949724	3.60878718217356e-07	2.19413815667562e-06
ENSMUSG00000041930.7	Fam222a	24.5275940760717	2.45334744491253	0.482137205146473	5.08848398075233	3.60937263804073e-07	2.19413815667562e-06
ENSMUSG00000020553.8	Pctp	147.801618221689	0.914570573804151	0.179737466143293	5.0883691276421	3.61155882878653e-07	2.19482255422937e-06
ENSMUSG00000029541.12	Cyp2w1	9.45618243753187	6.69022792242819	1.31483588368247	5.08826082818095	3.61362144369879e-07	2.1954314723546e-06
ENSMUSG00000050334.12	Mir9-2hg	15.2724100860521	6.40446624391361	1.25879231226878	5.08778627061246	3.62267303311594e-07	2.20028489179773e-06
ENSMUSG00000015980.14	Lrrc27	122.332168071867	-1.02573924915532	0.201612717252233	-5.08767136882562	3.62486792874827e-07	2.20097216946789e-06
ENSMUSG00000020925.16	Ccdc43	521.375959380293	0.730716186384529	0.143655320969545	5.0865932528837	3.64552510854005e-07	2.21286581295221e-06
ENSMUSG00000071068.7	Treml2	9.3052297199581	6.66177512006848	1.31008806458071	5.08498268183259	3.67659614766682e-07	2.23045144766131e-06
ENSMUSG00000075705.12	Msrb1	621.906682364764	-0.607675958761675	0.119504103843056	-5.08497983935121	3.67665120992338e-07	2.23045144766131e-06
ENSMUSG00000061313.8	Ddhd2	890.354054710321	-0.539601883794178	0.106130605149104	-5.08431929730435	3.68946830247708e-07	2.23757118057349e-06
ENSMUSG00000013846.10	St3gal1	1236.68216848574	-0.473757334347076	0.0931834282464304	-5.08413720403364	3.69300919787861e-07	2.23906260652868e-06
ENSMUSG00000032092.5	Mpzl2	20.4652596490677	2.7363821516286	0.538330810328151	5.08308664324931	3.71350201514674e-07	2.25082805890256e-06
ENSMUSG00000079225.3	Gm9531	105.761701702757	1.14026603036202	0.224436099305617	5.08058210728975	3.7628005296835e-07	2.28004122259715e-06
ENSMUSG00000020413.11	Hus1	276.808107853385	0.699492566421781	0.137715642598305	5.07925282287715	3.78922171494549e-07	2.29537899554161e-06
ENSMUSG00000015854.7	Cd5l	14.5763645606738	4.82193590037265	0.949504561703077	5.07837044165833	3.80685891320582e-07	2.30538831610437e-06
ENSMUSG00000027546.15	Atp9a	890.844774638052	0.600086694002584	0.118276347480419	5.07359845637718	3.90362350624041e-07	2.36329637191197e-06
ENSMUSG00000087247.3	Alkal1	62.8614005371805	-1.70260861447684	0.33561773222565	-5.07305917117664	3.91470704765767e-07	2.36931348477971e-06
ENSMUSG00000067148.15	Polr1c	767.983323027888	0.616138551428443	0.121502016513781	5.07101502598157	3.95699525001504e-07	2.39420767845839e-06
ENSMUSG00000042473.8	Tbc1d8b	977.86615159323	-0.598380407227844	0.118024109305179	-5.06998452054057	3.97848058948963e-07	2.40650408304634e-06
ENSMUSG00000027710.14	Acad9	959.83544303219	0.509669735787329	0.100535878438155	5.0695308352118	3.98797526932395e-07	2.41154250948689e-06
ENSMUSG00000019889.10	Ptprk	1170.98385798507	-0.491495655905306	0.0969595682981734	-5.06907842652353	3.99746500214588e-07	2.41657500231944e-06
ENSMUSG00000029505.17	Ep400	2404.86978085307	0.511533200201698	0.100913653855974	5.06901871704861	3.99871909568e-07	2.41662734486074e-06
ENSMUSG00000001700.10	Gramd2b	318.124992399205	-0.679312808346368	0.134071346771714	-5.06680080944548	4.04557227666799e-07	2.44422943825892e-06
ENSMUSG00000058881.13	Zfp516	1416.24999182895	0.485646910624612	0.0958545543903411	5.06649802623827	4.05200950467391e-07	2.44740428179881e-06
ENSMUSG00000051596.13	Otop1	15.0692668316988	6.38194559457064	1.2597033426581	5.06622899094965	4.05773753685927e-07	2.45014904537486e-06
ENSMUSG00000028059.16	Arhgef2	2608.67787685275	-0.484949232205741	0.0957281603186242	-5.06589942386465	4.06476500003486e-07	2.45367660354977e-06
ENSMUSG00000022257.4	Laptm4b	968.575159294568	-0.477559973032722	0.0942866382190005	-5.06498038378979	4.08442407193208e-07	2.46482489402105e-06
ENSMUSG00000001504.10	Irx2	227.465074862716	-0.772202510009085	0.152463421549426	-5.06483786183922	4.08748094602618e-07	2.46595068789845e-06
ENSMUSG00000024395.9	Lims2	108.097958391495	-1.02336385638448	0.202056825597023	-5.06473292035901	4.08973318847801e-07	2.46659053812082e-06
ENSMUSG00000035199.6	Arl6ip5	2762.87070509214	-0.587728535052751	0.11604732124371	-5.0645592569816	4.09346296329637e-07	2.46812088194791e-06
ENSMUSG00000052748.14	Swt1	268.798958643249	0.843240613288772	0.166527574564627	5.06366957840682	4.11262215643619e-07	2.47895067024091e-06
ENSMUSG00000056648.5	Hoxb8	162.739456207022	-0.87808796234004	0.173418876983419	-5.06339319925359	4.11859156408683e-07	2.48182610727899e-06
ENSMUSG00000025381.3	Cnpy2	1005.32110217228	-0.473955203189351	0.0936067169032214	-5.06326061707053	4.12145812221204e-07	2.48283066564805e-06
ENSMUSG00000034761.15	Map4k5	1927.97600597385	-0.489427865032255	0.0966837151474049	-5.06215409995435	4.14545731041885e-07	2.4965615614885e-06
ENSMUSG00000006931.15	P3h4	2289.97474238479	-0.487391126098325	0.0963100562844295	-5.06064625960686	4.17837792794735e-07	2.51565575132583e-06
ENSMUSG00000098894.1	Gm27234	9.87456987774534	6.73223577433332	1.3304902647005	5.05996620414863	4.19330795262404e-07	2.52391047721329e-06
ENSMUSG00000042272.17	Sestd1	897.775735820136	-0.543757449852527	0.107488863224511	-5.0587329100019	4.22051526145925e-07	2.53954783130654e-06
ENSMUSG00000098090.8	2700099C18Rik	122.649740303882	1.09987128218213	0.217516963183544	5.0564850947006	4.2705423099985e-07	2.5689030884818e-06
ENSMUSG00000022471.14	Xrcc6	541.30802294612	0.617144419944394	0.12207824557089	5.05531855457427	4.29672965481022e-07	2.58390491356528e-06
ENSMUSG00000028223.8	Decr1	618.587247607726	-0.604620360777471	0.119605838679436	-5.05510740489817	4.3014862265074e-07	2.58561323536781e-06
ENSMUSG00000043430.5	Psapl1	15.2220607918905	6.38705992722906	1.26349295183433	5.0550815641325	4.30206869056801e-07	2.58561323536781e-06
ENSMUSG00000024854.4	Pold4	192.532784313302	-0.793104264428275	0.15695390675606	-5.05310304674944	4.34689214565091e-07	2.61179449993696e-06
ENSMUSG00000050973.11	Gdpgp1	120.738812567878	0.967010282991668	0.191434946703569	5.05137802498023	4.38634000538657e-07	2.6347316242454e-06
ENSMUSG00000051495.7	Irf2bp2	1376.9400389986	-0.601121566146146	0.119097302466455	-5.04731470568325	4.48062970859586e-07	2.69058759321804e-06
ENSMUSG00000040018.9	Cox15	672.220374623095	0.574523207099796	0.113847785078701	5.04641532290365	4.50176269878324e-07	2.70249379646503e-06
ENSMUSG00000041870.16	Ankrd13a	2311.70264556226	0.435014915269333	0.0862237417409519	5.04518716638718	4.53077630829393e-07	2.71912260960789e-06
ENSMUSG00000039105.6	Atp6v1g1	1156.35836314992	-0.469133011530626	0.0930013345842907	-5.04436859565098	4.55021406861081e-07	2.72999655090363e-06
ENSMUSG00000036534.6	Slc38a7	558.528121307968	-0.597434654525997	0.118439616497248	-5.04421301076976	4.55391766977133e-07	2.73142688631112e-06
ENSMUSG00000085531.1	Slc36a3os	9.11612380464066	6.62758615749052	1.3139509919369	5.04401320761651	4.55867812442398e-07	2.73269847950918e-06
ENSMUSG00000109819.1	B930018H19Rik	9.11612380464066	6.62758615749052	1.3139509919369	5.04401320761651	4.55867812442398e-07	2.73269847950918e-06
ENSMUSG00000020255.8	Nopchap1	1112.42869165883	0.580071757607094	0.115008932627874	5.04371046972489	4.56590022158235e-07	2.736235341243e-06
ENSMUSG00000074156.6	Ces1h	9.05449458435318	6.61999695629151	1.31267815517871	5.04312266504524	4.57995438598019e-07	2.74386326585829e-06
ENSMUSG00000027774.16	Gfm1	1003.21707777314	0.533830451328188	0.105966250684678	5.03774029824549	4.71059984054605e-07	2.82131672741501e-06
ENSMUSG00000031168.14	Ebp	521.71999487622	0.58579354226433	0.116349465287172	5.03477640243971	4.78406921784712e-07	2.86449085161173e-06
ENSMUSG00000096956.2	Snhg18	466.268922564295	-0.708495661518785	0.140786031949182	-5.03242865580956	4.84304864344419e-07	2.89896656653127e-06
ENSMUSG00000021806.4	Nid2	1528.1343326503	-0.827276622081698	0.164458215563235	-5.03031496023746	4.89674770688407e-07	2.93026252630221e-06
ENSMUSG00000042046.15	Dstyk	823.20435091436	-0.518496193087909	0.10308200226173	-5.02993909423125	4.90635663732913e-07	2.93516404728543e-06
ENSMUSG00000044217.17	Aqp5	929.121735558775	-0.597806726260848	0.118854614283098	-5.0297309016286	4.91168685798151e-07	2.9375037929315e-06
ENSMUSG00000001588.12	Acap1	9.05146483581672	6.62470899414849	1.31718428516615	5.02944733607483	4.91895578779732e-07	2.94100132442567e-06
ENSMUSG00000020780.15	Srp68	1885.80020505089	0.47481232785337	0.0944108137771581	5.02921549828063	4.92490643380293e-07	2.94370887303745e-06
ENSMUSG00000037851.13	Iars1	4305.78149087747	0.466557527874539	0.0927886245146233	5.02817592474399	4.95167492998926e-07	2.95885448544595e-06
ENSMUSG00000029098.17	Acox3	668.527094212361	-0.569758258202528	0.113350549810975	-5.02651517043954	4.99472988657994e-07	2.98372045951856e-06
ENSMUSG00000031748.16	Gnao1	255.612563855538	-0.816221750740898	0.162407122265563	-5.02577559010151	5.01401944229996e-07	2.99437935476534e-06
ENSMUSG00000027344.14	Fsip1	21.2741270762922	2.60483154473321	0.518366610336746	5.02507586868111	5.03233553247912e-07	3.004450913954e-06
ENSMUSG00000029370.10	Rassf6	62.8416377227659	1.38094596777853	0.274843710039136	5.02447724774888	5.04805638810812e-07	3.01296768101067e-06
ENSMUSG00000020483.14	Dynll2	2280.50720821601	-0.532656540890583	0.106037194155164	-5.0232990898566	5.07913536617855e-07	3.03064349796857e-06
ENSMUSG00000029672.16	Fam3c	1248.70601345721	-0.527795092946638	0.105103238743587	-5.02168248339391	5.12208075415426e-07	3.05538759453139e-06
ENSMUSG00000039201.10	Tbc1d25	210.4088182348	0.814341025431701	0.16221344929313	5.020181920675	5.16225662809206e-07	3.07846585839463e-06
ENSMUSG00000046785.8	Epm2aip1	1583.42736421289	-0.536794529969693	0.106960876739109	-5.01860630105906	5.20476906995255e-07	3.10292381851808e-06
ENSMUSG00000030254.16	Rad18	359.613973314128	0.647119805749022	0.12895208314672	5.01829664134032	5.21316372789817e-07	3.10703357338797e-06
ENSMUSG00000073399.9	Trim40	14.6657377359022	6.35091718256364	1.26581104624562	5.01727110171806	5.24105870950589e-07	3.12275976476863e-06
ENSMUSG00000026020.9	Nop58	2431.42221730175	0.635665194434873	0.126704607116675	5.01690671634004	5.25100471120278e-07	3.12778551128594e-06
ENSMUSG00000063296.5	Tmem117	107.845217172651	-1.11488909761738	0.222257456452733	-5.01620559962846	5.27019311326666e-07	3.13831206132067e-06
ENSMUSG00000042079.13	Hnrnpf	450.424156640975	0.626385894994473	0.124880902258566	5.01586618662909	5.27950655540531e-07	3.14295387375135e-06
ENSMUSG00000029376.8	Mthfd2l	178.314300411796	-0.893128003623349	0.178122226763783	-5.01413001538416	5.32739559260214e-07	3.17055093074387e-06
ENSMUSG00000006179.9	Prss16	13.8902281226839	3.97566558018694	0.792998972260721	5.01345615726703	5.34609531165487e-07	3.18076535946951e-06
ENSMUSG00000026773.19	Pfkfb3	749.678458055865	0.62204115027603	0.124081779735732	5.013154643662	5.35448286390003e-07	3.18484025286973e-06
ENSMUSG00000055850.12	Rnf181	1234.01736315719	-0.470593626923485	0.0938880031954559	-5.01228709640148	5.37868726559546e-07	3.1983179462959e-06
ENSMUSG00000022436.16	Sh3bp1	242.760101133621	0.916656529901891	0.182919134923356	5.01126648278746	5.40729725908529e-07	3.21256159488537e-06
ENSMUSG00000024665.8	Fads2	1532.95547839772	-0.463646999482162	0.0925189616977831	-5.01137270645864	5.40431275389598e-07	3.21256159488537e-06
ENSMUSG00000050587.14	Lrrc4c	85.3503624777729	-1.23670717164095	0.246784784948656	-5.01127803279384	5.40697266823503e-07	3.21256159488537e-06
ENSMUSG00000019772.5	Vip	55.799819164853	-1.4936289004217	0.298084004154382	-5.01076501793143	5.42140810018158e-07	3.22002083976064e-06
ENSMUSG00000027966.20	Col11a1	6984.49047073507	-0.568875718031633	0.113552449907106	-5.0098057637419	5.44849976722019e-07	3.2351834963193e-06
ENSMUSG00000025155.15	Dus1l	554.818105865469	0.597471665771279	0.119273096260299	5.00927438378367	5.46356335980047e-07	3.24319753325237e-06
ENSMUSG00000020978.10	Klhdc2	1165.30146183022	-0.514420869091112	0.10274213968858	-5.00691216525529	5.53101507462266e-07	3.28229590107839e-06
ENSMUSG00000027555.8	Car13	405.027773096282	-0.693830768517202	0.138612074799311	-5.00555791782037	5.57004612109985e-07	3.30451088164648e-06
ENSMUSG00000027424.11	Mgme1	122.17680309474	1.05523153366555	0.210890384027947	5.00369677133172	5.62412009679721e-07	3.33563501099156e-06
ENSMUSG00000027079.15	Clp1	193.964372287585	0.862669522253085	0.172450663525341	5.00241347071605	5.66169968515986e-07	3.3569613802098e-06
ENSMUSG00000038510.12	Rpf2	410.041428458373	0.840303014949006	0.167984428246919	5.00226731559817	5.6659949484073e-07	3.35854608926354e-06
ENSMUSG00000054693.14	Adam10	3880.07564139954	-0.467251060518341	0.0934180909768393	-5.00171921340359	5.68213078650447e-07	3.36714644001878e-06
ENSMUSG00000073514.4	Dok6	42.0395464976451	-1.70780872754879	0.341513265907588	-5.00070977626653	5.71196407971118e-07	3.38385645351865e-06
ENSMUSG00000027692.16	Tnik	152.468685899409	-0.867755800402605	0.173558246875089	-4.99979583814957	5.739105165217e-07	3.39896245535985e-06
ENSMUSG00000005656.9	Snx6	2196.37899128559	0.601959564190881	0.120418167383308	4.99890985946296	5.76553459741665e-07	3.41363846201165e-06
ENSMUSG00000050052.12	Tdrp	91.4846361709717	1.22272554536727	0.244610411166187	4.99866518165719	5.7728541778459e-07	3.41699481347533e-06
ENSMUSG00000039904.9	Gpr37	20.3009992168214	3.07275686105439	0.614747944398775	4.99840119686703	5.78076137641087e-07	3.42069696198767e-06
ENSMUSG00000031105.16	Slc25a14	168.687411276505	0.91027346963507	0.182147679271924	4.99744752869536	5.80941390629853e-07	3.43666928969629e-06
ENSMUSG00000009687.14	Fxyd5	1100.8035356993	0.470018152414205	0.0941060242837327	4.99455965748893	5.89701612252777e-07	3.48649919223657e-06
ENSMUSG00000040102.10	Klhl42	582.736856141875	0.565918293417331	0.113306546427693	4.99457720016621	5.89648014940415e-07	3.48649919223657e-06
ENSMUSG00000024073.16	Birc6	4575.40186887493	0.506889880649466	0.10149223071651	4.99437126439085	5.90277496883974e-07	3.48890745516887e-06
ENSMUSG00000030138.8	Bms1	1768.3332603883	0.533758116241783	0.106888117311276	4.99361509649748	5.92594429091365e-07	3.50132730593274e-06
ENSMUSG00000069581.12	Tspear	14.8781385045464	6.37901434694468	1.27744434801497	4.99357514623403	5.92717081984073e-07	3.50132730593274e-06
ENSMUSG00000109244.1	Gm44751	28.3960542434491	2.16702013236067	0.434039454045112	4.9926800712809	5.9547151199279e-07	3.51659481504672e-06
ENSMUSG00000028184.12	Adgrl2	2089.92263945684	-0.533549479216958	0.106867888358024	-4.99260804545407	5.95693693939176e-07	3.5169035284789e-06
ENSMUSG00000102278.1	Gm37145	32.9046950088456	2.38039156028788	0.476810722631275	4.992319692711	5.96583991797633e-07	3.52115541665788e-06
ENSMUSG00000038071.3	Npy6r	14.4475049298577	-3.61443061724765	0.724065880167838	-4.99185325016258	5.98026863452009e-07	3.52866534965597e-06
ENSMUSG00000027574.15	Nkain4	47.8473550562986	-1.55189285994084	0.310997367788226	-4.99005143026677	6.03632188323477e-07	3.56072461274085e-06
ENSMUSG00000064115.13	Cadm2	60.6987299747322	-1.34918431806078	0.270591657281883	-4.98605290204975	6.16252773884628e-07	3.6341356600108e-06
ENSMUSG00000053411.16	Cbx7	107.282371647581	1.02432257094564	0.20545940654791	4.98552287362312	6.17944677702951e-07	3.64307515914935e-06
ENSMUSG00000030549.6	Rhcg	8.70819528517207	6.57658579991619	1.31927083303901	4.98501568837589	6.19567855118605e-07	3.65160450828588e-06
ENSMUSG00000047284.14	Neurl4	682.671502344799	0.587979714515994	0.117974031038849	4.98397578974286	6.22908769824539e-07	3.67025010720129e-06
ENSMUSG00000030589.15	Rasgrp4	9.29917022288519	6.66962995959225	1.33843383552303	4.98316000580327	6.25541811297014e-07	3.68471541036907e-06
ENSMUSG00000028345.15	Tex10	981.486247739559	0.527695248388654	0.105921299534811	4.98195594942855	6.29447658890184e-07	3.7066677358088e-06
ENSMUSG00000000555.8	Itga5	4107.7789485271	-0.461834851547184	0.0927070141166003	-4.98166029774533	6.30410314010843e-07	3.71022550176584e-06
ENSMUSG00000034751.17	Mast4	1448.51378195121	0.499634041476345	0.100294128036006	4.98168787405951	6.30320464328365e-07	3.71022550176584e-06
ENSMUSG00000001761.7	Smo	1659.43460811091	-0.599030707163385	0.120273336296623	-4.98057778729968	6.33947140101673e-07	3.72998062904051e-06
ENSMUSG00000099583.2	H3c4	43.1279539583039	-1.75232511540685	0.351866421480421	-4.9800862157697	6.35559531159393e-07	3.73840486941412e-06
ENSMUSG00000026456.18	Cyb5r1	1652.06457662171	-0.429767706791749	0.0863049631082167	-4.97964069867996	6.37024274017848e-07	3.74595609315211e-06
ENSMUSG00000031458.8	Coprs	187.342888968755	-0.79286654448842	0.159251501269447	-4.97870687665872	6.40104998687181e-07	3.76193451670243e-06
ENSMUSG00000036676.14	Tmtc3	1981.0922952399	-0.70013500995862	0.140625515823652	-4.97871958625636	6.40062972878899e-07	3.76193451670243e-06
ENSMUSG00000070047.14	Fat1	12448.5048299396	-0.561847401856673	0.112877936230292	-4.97747762424005	6.44182260629363e-07	3.78482220061516e-06
ENSMUSG00000001555.10	Fkbp10	5189.22093235219	-0.447795576701763	0.0899722331518906	-4.97704192743329	6.45633406181402e-07	3.79227181457118e-06
ENSMUSG00000040380.14	Cbln3	24.70908393055	2.22832605457614	0.447757777815486	4.9766328246662	6.4699884430531e-07	3.79921392291507e-06
ENSMUSG00000041891.16	Lman1	3855.11519718817	-0.398105846687133	0.080014399716944	-4.97542752423886	6.51037901706539e-07	3.82184728514567e-06
ENSMUSG00000020186.7	Csrp2	321.301978484279	0.665804657177443	0.133845575070263	4.97442412143938	6.54418909244823e-07	3.84060589806028e-06
ENSMUSG00000039278.10	Pcsk1n	14.2524799500157	6.30883405022426	1.26880957262581	4.97224657374558	6.61814551831901e-07	3.88290799556931e-06
ENSMUSG00000062376.7	Borcs7	226.552029138718	-0.786229299461625	0.158132153276899	-4.97197618048549	6.62738495331842e-07	3.88722700903196e-06
ENSMUSG00000006705.13	Pknox1	541.451014923761	0.60999216839825	0.122721740187466	4.97053062861107	6.67699122770816e-07	3.91521363802638e-06
ENSMUSG00000072640.11	Lyrm9	120.809183597297	0.954692425377473	0.192206707183326	4.96700890082305	6.7993468535807e-07	3.98583065766828e-06
ENSMUSG00000048351.14	Coa7	164.09065714297	0.850603800561239	0.171272638679997	4.96637295435433	6.82167067702688e-07	3.99778486250791e-06
ENSMUSG00000059422.5	Gm8116	131.92906100865	1.00724070214452	0.202842621295132	4.96562653210344	6.84796266633588e-07	4.01205715342447e-06
ENSMUSG00000029366.10	Dck	418.213444857943	0.722702188686243	0.145551771919404	4.96525860974351	6.86095827009148e-07	4.01853353799161e-06
ENSMUSG00000027684.16	Mecom	974.637663028217	-0.585335894990554	0.117931339427682	-4.96336171395299	6.92833764139371e-07	4.05685037734677e-06
ENSMUSG00000052819.6	Best2	14.7906245147853	6.36178689656327	1.28188266846152	4.96284648594125	6.94674881370519e-07	4.06533089326784e-06
ENSMUSG00000078652.9	Psme3	2250.63549055389	0.445390636715038	0.0897445445213223	4.96287143793145	6.94585609337889e-07	4.06533089326784e-06
ENSMUSG00000029126.7	Nsg1	771.500677715713	-0.588171348670555	0.11854291591832	-4.96167437855019	6.98880870852148e-07	4.08878890496569e-06
ENSMUSG00000005102.13	Eif2ak4	727.86104895903	0.527154711501877	0.106249660249697	4.96147197330337	6.99609661793023e-07	4.08917251458384e-06
ENSMUSG00000031176.8	Dynlt3	2528.30406150248	-0.754038872319129	0.151977448575875	-4.96151816855033	6.99443264301879e-07	4.08917251458384e-06
ENSMUSG00000059173.19	Pde1a	342.03576489798	-0.772558753188301	0.155712278682301	-4.96145043747353	6.99687247918204e-07	4.08917251458384e-06
ENSMUSG00000061024.8	Rrs1	659.651404254478	0.559661115297239	0.112802227742	4.96143672425768	6.99736656198656e-07	4.08917251458384e-06
ENSMUSG00000021253.7	Tgfb3	1878.75090586637	-0.55194050319718	0.111259781669271	-4.96082676881272	7.01937709683709e-07	4.1008774069272e-06
ENSMUSG00000029910.14	Mad2l1	537.679215856954	0.655998046457343	0.132261026414773	4.95987415370662	7.05388617789978e-07	4.11987556423102e-06
ENSMUSG00000103280.1	Gm37277	16.7908218616087	3.34539196901895	0.674701716183036	4.95832734492615	7.11026877149454e-07	4.15163478987773e-06
ENSMUSG00000015714.11	Cers2	2510.80605019154	-0.417510346644775	0.084220094587076	-4.95737209381909	7.14530516168851e-07	4.1697398235633e-06
ENSMUSG00000031074.14	Fgf3	14.4139952635957	6.30669635786361	1.27217713958018	4.95740424949377	7.14412306558718e-07	4.1697398235633e-06
ENSMUSG00000009621.18	Vav2	683.023215391176	0.558811357134346	0.112758120780825	4.95584134663386	7.20179650904992e-07	4.2015215879601e-06
ENSMUSG00000002741.9	Ykt6	2648.86535721387	-0.439489748338384	0.0886925122908039	-4.95520689387387	7.2253365441583e-07	4.21406709291442e-06
ENSMUSG00000026725.17	Tnn	231.937545242208	-1.12925404311751	0.227902044950478	-4.95499741287051	7.23312516222977e-07	4.21742134459138e-06
ENSMUSG00000059401.14	Mamld1	141.958333464307	-0.930565469255594	0.187821731367628	-4.95451438169406	7.251115367291e-07	4.22672027562817e-06
ENSMUSG00000018189.12	Uchl5	613.358878944751	0.920291707360381	0.185756214362167	4.9542983556184	7.25917507227436e-07	4.23022705014096e-06
ENSMUSG00000037646.10	Vps13b	1075.2010883106	0.55926336152743	0.112915111768006	4.95295406230909	7.30952354149833e-07	4.25836835872429e-06
ENSMUSG00000021379.2	Id4	443.426771326129	0.764828329069957	0.154443048975039	4.9521706165848	7.33902130786168e-07	4.274350085859e-06
ENSMUSG00000040560.10	Wdr7	828.08218177874	-0.524275866237818	0.105890834118498	-4.95109770927976	7.37960381259838e-07	4.29677691468281e-06
ENSMUSG00000022783.11	Spag6l	8.62767063522974	6.55331636449583	1.32386056889747	4.95015601979409	7.4154011064285e-07	4.31640572277738e-06
ENSMUSG00000029863.13	Casp2	358.88799162976	0.644764963117676	0.130258941406773	4.94987105034274	7.42626683954468e-07	4.32151524632374e-06
ENSMUSG00000004865.16	Srpk1	1745.19883733712	0.555712909037957	0.112285968344368	4.94908595643626	7.45628144860327e-07	4.33776193661155e-06
ENSMUSG00000026853.15	Crat	833.358490393915	-0.55261026205313	0.111694305774186	-4.9475240319802	7.51634265893753e-07	4.37147447871166e-06
ENSMUSG00000030772.6	Dkk3	3202.64496056362	-0.582975984291618	0.117873083723767	-4.94579394951446	7.58341412545769e-07	4.40924407255193e-06
ENSMUSG00000030095.10	Tmem43	4023.42747145838	0.478270846503932	0.0967061811087843	4.9456078300303	7.59066381947209e-07	4.41221989326742e-06
ENSMUSG00000018398.18	Septin8	2426.79685747912	-0.42911420614305	0.0867722873069088	-4.94529093862994	7.60302268226293e-07	4.41816301235712e-06
ENSMUSG00000047777.9	Phf13	579.082906488643	0.62106899927407	0.125628657096483	4.94368891324762	7.66579945753552e-07	4.45339273004568e-06
ENSMUSG00000024588.9	Fech	1066.72840865843	-0.465692297140044	0.0942111799914399	-4.94306829807627	7.69025274281071e-07	4.46610783312275e-06
ENSMUSG00000038301.15	Snx10	397.126111470587	-0.691102879954538	0.139813782515087	-4.9430239817735	7.69200175133224e-07	4.46610783312275e-06
ENSMUSG00000031441.15	Atp11a	4066.57634144247	0.407845295152886	0.0825111728622838	4.94290992364882	7.69650498651648e-07	4.46746934144432e-06
ENSMUSG00000023805.17	Synj2	737.397254569234	0.561067578576552	0.113549656166077	4.94116492749163	7.76571826057012e-07	4.50638077587724e-06
ENSMUSG00000019539.11	Rcn3	3288.12655088592	-0.759215687650113	0.153665743815457	-4.94069575169521	7.78442961361568e-07	4.5159727738854e-06
ENSMUSG00000040675.17	Mthfd1l	1010.65469153372	0.490287525036806	0.0992647938726808	4.93918846661445	7.84483646702867e-07	4.54974138501055e-06
ENSMUSG00000020681.14	Ace	54.7198791046873	1.65141423636496	0.334363354618188	4.93898094260577	7.85318860239868e-07	4.5533095484888e-06
ENSMUSG00000031398.13	Plxna3	972.11528084907	-0.663790411902954	0.134439273826188	-4.93747394649829	7.9140975264956e-07	4.5873398124036e-06
ENSMUSG00000005299.6	Letm1	1079.98676515301	0.44968434080565	0.0910901867954293	4.93669358495831	7.94581630485004e-07	4.60443593768452e-06
ENSMUSG00000006782.16	Cnp	249.104769686744	-0.727996188001316	0.147471129908464	-4.93653360120851	7.95233415380653e-07	4.6069231639978e-06
ENSMUSG00000000753.15	Serpinf1	5000.01098514717	-0.59934025416502	0.121425412623531	-4.93587166982269	7.97935647188997e-07	4.62128426445581e-06
ENSMUSG00000034674.18	Tdg	205.307637666963	0.788246887383211	0.159790968783591	4.93298772379779	8.09812466985638e-07	4.6887575536044e-06
ENSMUSG00000046230.11	Vps13a	1297.36229406956	0.61135800706619	0.123937644147439	4.93278705813468	8.10645164454841e-07	4.69226629168086e-06
ENSMUSG00000020185.16	E2f7	191.781430467998	0.81868890252966	0.165973183235042	4.93265771356737	8.1118233952767e-07	4.69406297061315e-06
ENSMUSG00000050555.9	Hyls1	167.154173667572	1.03453012685918	0.209773760649508	4.93164694981887	8.15391920530532e-07	4.71710379068236e-06
ENSMUSG00000026248.9	Mrpl44	247.847800600142	0.773333754328196	0.156837799945479	4.93078680392755	8.18990779051513e-07	4.7365996467134e-06
ENSMUSG00000041747.3	Utp15	634.117817112948	0.579246133513831	0.117497735902267	4.92984932063405	8.229306407456e-07	4.75805623821038e-06
ENSMUSG00000040268.17	Plekha1	1335.37881119894	0.553422881194967	0.1122799630215	4.92895496491206	8.26706264324831e-07	4.77855151221996e-06
ENSMUSG00000004347.17	Pde1c	70.1735435215139	-1.26708346719824	0.257184548384601	-4.92674803038092	8.36094601582982e-07	4.83012061349879e-06
ENSMUSG00000063060.6	Sox7	36.3963486974239	1.83662955658956	0.372783772649671	4.92679588367049	8.35889948122426e-07	4.83012061349879e-06
ENSMUSG00000009112.4	Bcl2l13	886.863086423084	0.468526132072295	0.0951115969243767	4.92606734849401	8.39010893987113e-07	4.84561565140604e-06
ENSMUSG00000022463.8	Srebf2	3493.97914892252	0.633441791279839	0.128610019562986	4.92529115097144	8.42348365545527e-07	4.86353384056537e-06
ENSMUSG00000071041.4	Impdh2-ps	509.36042895119	0.777895551974376	0.157955538954314	4.92477539644474	8.44573058124596e-07	4.8750188873734e-06
ENSMUSG00000045817.8	Zfp36l2	2912.17252680699	-0.58573484655864	0.118941530850244	-4.92456118877536	8.45498698981403e-07	4.8790012741054e-06
ENSMUSG00000032193.9	Ldlr	3004.34074326269	0.51361828631234	0.104328303971866	4.92309629082869	8.51855098688463e-07	4.91431122847059e-06
ENSMUSG00000079685.10	Ulbp1	447.954789236233	0.734060759993332	0.149112974152583	4.9228496994647	8.52929608963356e-07	4.91913902923725e-06
ENSMUSG00000017765.17	Slc12a4	1891.98876499084	-0.596294788934231	0.121129710621211	-4.92277894396135	8.53238163653907e-07	4.91954784107862e-06
ENSMUSG00000032044.4	Rpusd4	190.9149831886	0.918092052426507	0.186572247365551	4.92083932841142	8.61738536634374e-07	4.9671751517112e-06
ENSMUSG00000029403.14	Cdkl2	480.174589100513	0.847348721675995	0.172279110805931	4.91846468043661	8.72256514177213e-07	5.02640244625672e-06
ENSMUSG00000040310.12	Alx4	216.373904056404	-0.786610938249236	0.159963822825177	-4.91743023113992	8.76876935308011e-07	5.05162139825787e-06
ENSMUSG00000029500.16	Pgam5	952.78313533695	0.481304623462232	0.0978980532014676	4.91638605388546	8.81564703838942e-07	5.07721419164225e-06
ENSMUSG00000027189.16	Trim44	2492.37238569879	-0.517049603541843	0.105187433941671	-4.91550733929453	8.85528328231405e-07	5.09862332852903e-06
ENSMUSG00000047030.15	Spata2	447.217456438731	0.729243165012304	0.148364165279417	4.91522439828313	8.86808240617459e-07	5.10457279547853e-06
ENSMUSG00000012520.10	Phox2b	9.20004054155343	6.62605932665292	1.34824382397277	4.91458533600282	8.89705662422316e-07	5.1198269409173e-06
ENSMUSG00000055302.5	Mrfap1	2731.26555223791	0.532874369019673	0.108440139269643	4.9139956164631	8.92387456189821e-07	5.13383211664067e-06
ENSMUSG00000050271.12	Prag1	225.061942373278	0.959869202920525	0.195354760476799	4.91346717416964	8.94797198202351e-07	5.14626485290093e-06
ENSMUSG00000041817.14	Fam169a	32.8056213598388	1.89014446189017	0.384793796137483	4.91209702667566	9.01074407019208e-07	5.18092754191405e-06
ENSMUSG00000051457.7	Spn	13.7333567523888	4.72070910790636	0.961134728203004	4.91159976784158	9.03363023571149e-07	5.19264405023582e-06
ENSMUSG00000028617.10	Lrrc42	1298.65808871703	0.518578588611728	0.105592786567851	4.91111756273715	9.05587700561498e-07	5.20398662241045e-06
ENSMUSG00000021835.15	Bmp4	614.160684850728	-0.646468545739044	0.131656135097066	-4.91028044581761	9.09462314369957e-07	5.22480167780842e-06
ENSMUSG00000050382.14	Kif7	218.516957506371	0.868242957904803	0.1768549941462	4.90934939155325	9.13790468073716e-07	5.24821001627576e-06
ENSMUSG00000025081.13	Tdrd1	19.2542830564974	2.74380826411901	0.558935424350302	4.90898974118231	9.15467664327813e-07	5.25638423964532e-06
ENSMUSG00000024734.8	Zp1	8.28880050825707	6.50250684140375	1.32547394374837	4.90579756174986	9.30484570907515e-07	5.34112593821815e-06
ENSMUSG00000022774.13	Ncbp2	1028.32319246141	-0.608864149679429	0.124112629867097	-4.90573884649304	9.30762992915562e-07	5.34124291387835e-06
ENSMUSG00000093573.1	Gm20610	8.39280118074321	6.52862660383242	1.33083240112925	4.90567151678355	9.31082362541161e-07	5.34159474008855e-06
ENSMUSG00000029364.15	Wsb2	1564.58577675514	-0.73765188350571	0.15040123974677	-4.90455986099378	9.363706318965e-07	5.37044491815618e-06
ENSMUSG00000110685.1	Gm5373	8.82117597421916	6.58887761325471	1.34346270914307	4.9043993319751	9.3713667152438e-07	5.37334957448286e-06
ENSMUSG00000028718.16	Stil	246.160496882823	0.788541176294521	0.16082199394614	4.90319238647548	9.42915531789267e-07	5.40419070036746e-06
ENSMUSG00000054008.9	Ndst1	3517.56638164328	0.473820145670545	0.0966355317234314	4.90316695339978	9.4303767378749e-07	5.40419070036746e-06
ENSMUSG00000021224.15	Numb	761.766638626997	0.511368090579568	0.104351144015142	4.90045504920735	9.56149331782332e-07	5.4778120726716e-06
ENSMUSG00000031262.12	Cenpi	231.330864046044	0.727931215340392	0.148552759394679	4.90015276933634	9.5762163520085e-07	5.48472889513625e-06
ENSMUSG00000073775.4	Kti12	345.625338444153	0.736967732482617	0.150399857884594	4.90005604292599	9.58093217719727e-07	5.48591189863918e-06
ENSMUSG00000035901.14	Dennd5a	2762.60405457733	-0.409963109684738	0.0836661384722689	-4.89998842029288	9.58423039685395e-07	5.48628277058849e-06
ENSMUSG00000025150.10	Cbr2	640.77510368089	-1.02463380648057	0.209214553733303	-4.89752643014845	9.70505838827214e-07	5.55391218078089e-06
ENSMUSG00000021572.9	Cep72	107.6859841862	1.09069743941855	0.22271675407887	4.89724019160365	9.71920100902997e-07	5.55921657500918e-06
ENSMUSG00000056121.16	Fez2	660.249578244127	-0.585169622299019	0.11948991731496	-4.89723012157239	9.71969891538637e-07	5.55921657500918e-06
ENSMUSG00000021952.16	Xpo4	1175.67778503821	0.622267407784221	0.127071152984756	4.89699977664379	9.73109488252278e-07	5.5641970434624e-06
ENSMUSG00000021639.17	Gtf2h2	400.064241895445	0.686961918337431	0.140304350867546	4.89622676766422	9.76943241926862e-07	5.58457557709034e-06
ENSMUSG00000024867.14	Pip5k1b	17.8637737932046	2.86109410423775	0.584363139815565	4.89608927958865	9.77626638084622e-07	5.58693919981049e-06
ENSMUSG00000036904.6	Fzd8	343.576637211727	-0.859418523574332	0.175546501376438	-4.89567446138623	9.7969131716216e-07	5.59719309244812e-06
ENSMUSG00000020649.11	Rrm2	1468.88970378067	0.475490539044619	0.0971302344214378	4.89539165510006	9.81101337605081e-07	5.60370214875485e-06
ENSMUSG00000033845.13	Mrpl15	713.981778416318	0.532285307366321	0.108746791472793	4.89472195140112	9.84448152701338e-07	5.62126684490069e-06
ENSMUSG00000015143.15	Actn1	9288.65941855181	-0.360846570461188	0.0737309228569631	-4.8941008260703	9.87562020930169e-07	5.63749207700871e-06
ENSMUSG00000060216.15	Arrb2	161.063187449815	0.840376396379723	0.171737544283909	4.8933761099463	9.91207203153839e-07	5.65674052883411e-06
ENSMUSG00000025104.13	Hdgfl3	515.947531857278	0.769370183971464	0.15731176950488	4.89073504412903	1.00460117227594e-06	5.73156468576267e-06
ENSMUSG00000066043.13	Phactr4	841.842702135764	0.494582710293201	0.10112755515922	4.8906819661022	1.00487213124464e-06	5.73156468576267e-06
ENSMUSG00000004328.15	Hif3a	9.23451125406125	6.66415745397408	1.36266544854876	4.89053087907336	1.00564380329727e-06	5.73438597367774e-06
ENSMUSG00000031790.8	Mmp15	74.7287892013093	-1.32280338360146	0.270529074390039	-4.88969027297337	1.00994759771943e-06	5.7573410424661e-06
ENSMUSG00000039578.17	Ccser1	135.73586121153	1.06619590324509	0.218069567175129	4.88924666131356	1.01222597326313e-06	5.76874047923283e-06
ENSMUSG00000034032.15	Rpap1	630.046206108106	0.678530435389187	0.138785383131444	4.88906266697083	1.01317241326936e-06	5.77254494419555e-06
ENSMUSG00000026427.16	Eif2d	923.655477416847	0.53531246412971	0.109511659734417	4.888177801596	1.0177359425557e-06	5.79694999310965e-06
ENSMUSG00000036073.17	Galt	222.738674396714	-0.74779959801545	0.152991782150645	-4.88784160497668	1.01947499565589e-06	5.80483745377532e-06
ENSMUSG00000040253.15	Gbp7	94.9467567348473	1.08970591598237	0.222943969863717	4.88780170483416	1.0196815779471e-06	5.80483745377532e-06
ENSMUSG00000011877.13	Git1	1597.45915920647	0.720316730998039	0.147386730616752	4.88725632208418	1.02250933015438e-06	5.81933478825007e-06
ENSMUSG00000022875.18	Kng1	66.67547669205	-1.37166068876949	0.280777440713792	-4.88522398837479	1.03311338497427e-06	5.87806870686706e-06
ENSMUSG00000030842.12	Lamtor1	1163.56030689441	-0.648822891345798	0.132853820338835	-4.88373529410761	1.04094798667203e-06	5.92101741580776e-06
ENSMUSG00000061360.8	Phf5a	546.852314465058	0.592441216909719	0.12131185560404	4.88362175287663	1.04154786526919e-06	5.9228019953865e-06
ENSMUSG00000028641.16	P3h1	1621.79836833846	-0.564207334816389	0.115539178467883	-4.88325555277533	1.04348489827692e-06	5.93218728630429e-06
ENSMUSG00000029507.16	Pus1	478.114993172101	0.7808392895339	0.159938722771157	4.8821153251995	1.04953841733224e-06	5.96496312475564e-06
ENSMUSG00000068115.13	Ninl	274.943940443931	-0.726499965957564	0.148836785270886	-4.8811855525858	1.05449962553222e-06	5.99151461676953e-06
ENSMUSG00000015202.13	Cnksr3	694.720777629104	-0.578459361802739	0.118556976741355	-4.879167617986	1.06534496925287e-06	6.05147516974893e-06
ENSMUSG00000002603.15	Tgfb1	412.571279191872	-0.789320691381079	0.161777651028275	-4.87904655781611	1.06599900625329e-06	6.05352906184826e-06
ENSMUSG00000073643.11	Wdfy1	963.239829245854	-0.516145230110231	0.105795267447556	-4.87871756991483	1.06777834162604e-06	6.06197034923681e-06
ENSMUSG00000031737.11	Irx5	237.527508272168	-0.725619761654016	0.148742071410746	-4.87837606920401	1.06962837607931e-06	6.0708082688417e-06
ENSMUSG00000074212.7	Dnajb14	693.723097962037	-0.548507542845416	0.112440917896812	-4.87818449995921	1.0706675270741e-06	6.07504033522663e-06
ENSMUSG00000069920.10	B3gnt9	417.159181229734	-0.891959499863834	0.182956426182927	-4.8752564666519	1.08667181975903e-06	6.16416004307813e-06
ENSMUSG00000031709.15	Tbc1d9	324.94623746591	0.659045352177403	0.135200618294372	4.87457350781094	1.090437772563e-06	6.18382779569354e-06
ENSMUSG00000027935.14	Rab13	344.929664483181	-0.623528701831657	0.127943656438175	-4.87346320396086	1.09658700104651e-06	6.21699653099471e-06
ENSMUSG00000029050.15	Ski	4092.14179976496	-0.584613018232593	0.120031195468243	-4.87050900353038	1.11311128754738e-06	6.30895140770626e-06
ENSMUSG00000045518.8	Onecut3	9.03779499731839	6.64348134092879	1.36406251717388	4.87036426650959	1.11392699939387e-06	6.31184641676806e-06
ENSMUSG00000039308.6	Ndst2	594.946098159959	-0.596498667259305	0.122487067340163	-4.86989100329057	1.11659824336411e-06	6.32525096863537e-06
ENSMUSG00000042846.8	Lrrtm3	17.5111426928925	-2.71583424906856	0.557729196299606	-4.86944966676919	1.11909483684794e-06	6.33765910476487e-06
ENSMUSG00000020866.17	Cacna1g	929.604437855268	-0.912181350701607	0.187380167291873	-4.86807843052434	1.12688609226876e-06	6.38003698683564e-06
ENSMUSG00000032557.13	Uba5	1158.38804522144	-0.461911687905096	0.0949080763132256	-4.86693762900268	1.13340778739264e-06	6.41520584939574e-06
ENSMUSG00000000567.5	Sox9	220.561821705461	-0.90997451084248	0.187041307587855	-4.86509917289289	1.14399430225633e-06	6.47335649600978e-06
ENSMUSG00000040856.17	Dlk1	1025.89371647224	-2.00830626587734	0.412935860388185	-4.86348234321285	1.15338318805997e-06	6.52470035792655e-06
ENSMUSG00000026107.11	Nabp1	914.173838907099	-0.581767093296898	0.119626374905421	-4.86320089325496	1.15502511877648e-06	6.53220353375805e-06
ENSMUSG00000039720.7	Got1l1	19.6463049064047	2.79264960737546	0.574264608745393	4.86300141928756	1.15619017724625e-06	6.5370064132259e-06
ENSMUSG00000055373.8	Fut9	16.9283851001587	3.53132946181907	0.726191425185914	4.86280798608302	1.15732103355905e-06	6.54161334616025e-06
ENSMUSG00000029372.7	Ppbp	164.744493325493	-1.08860532194536	0.223917804573268	-4.86162913226116	1.16423593344198e-06	6.5789024259666e-06
ENSMUSG00000042203.8	Tbc1d22b	393.383106144006	0.628010509064656	0.129236325655265	4.85939619437852	1.17744297825277e-06	6.65171730536413e-06
ENSMUSG00000049929.7	Lpar4	501.693557214882	-0.762497480071818	0.156914554583679	-4.85931647382777	1.17791715238619e-06	6.65258039215326e-06
ENSMUSG00000049401.10	Ogfr	1168.66328783005	-0.535026895568023	0.110128365362254	-4.85821154076077	1.18450819321286e-06	6.6879801121967e-06
ENSMUSG00000086266.1	Igf2os	41.6121062921693	1.6040606999459	0.330258604368577	4.85698382639482	1.19187325322629e-06	6.72772960690782e-06
ENSMUSG00000019947.10	Arid5b	2929.78122999917	-0.42864961986281	0.0882590926705566	-4.85671908573572	1.19346719756588e-06	6.73489027328685e-06
ENSMUSG00000054920.12	Klhl5	711.554570381495	-0.510466530124436	0.105148221039579	-4.85473291965913	1.20549104057139e-06	6.80088826622709e-06
ENSMUSG00000018500.2	Adora2b	140.05403345277	-0.913824673331755	0.188256337467695	-4.85415091796614	1.20903638186463e-06	6.81903108125774e-06
ENSMUSG00000035621.13	Midn	2904.4698773585	0.686737841523605	0.141538960316465	4.85193504310146	1.22262670536271e-06	6.89380282601547e-06
ENSMUSG00000055065.7	Ddx17	9091.20935403947	-0.40525014117277	0.0835704121659114	-4.84920596500388	1.23956662504594e-06	6.98741546073688e-06
ENSMUSG00000033107.6	Rnf125	33.7412584915769	1.89031768791339	0.389874602576874	4.84852738654773	1.24381361481722e-06	7.00944677732146e-06
ENSMUSG00000038291.16	Snx25	377.652359990784	-0.713564863616231	0.147194658179314	-4.84776331181094	1.24861245095773e-06	7.03457515579046e-06
ENSMUSG00000005672.12	Kit	14.0507461383532	3.70685221944153	0.76467967112921	4.84758829009746	1.2497141941688e-06	7.03886642315645e-06
ENSMUSG00000045934.15	Mtmr11	477.472473424502	0.578643958825842	0.119382509968222	4.84697430955227	1.25358653628572e-06	7.05875617915617e-06
ENSMUSG00000019966.18	Kitl	594.099505661735	-0.725420461965744	0.149667132819027	-4.84689222210799	1.25410513129141e-06	7.05975580979084e-06
ENSMUSG00000047767.17	Atg16l2	186.75122424512	-0.911521871834457	0.188073076604915	-4.84663668127943	1.25572085562187e-06	7.06692930682898e-06
ENSMUSG00000040690.15	Col16a1	3175.05929275949	-0.488314353490151	0.100766496217	-4.84599913485698	1.25976064585474e-06	7.08773732224716e-06
ENSMUSG00000040296.15	Rigi	640.225848504057	-0.546035870096279	0.112684623545134	-4.84569990933654	1.26166098573178e-06	7.09650020208212e-06
ENSMUSG00000031060.16	Rbm10	575.993599096454	0.582980612254494	0.120310519769087	4.8456328953895	1.26208695982511e-06	7.09696766678073e-06
ENSMUSG00000037649.10	H2-DMa	68.2053771509286	-1.40153760565135	0.289304615264304	-4.84450482883215	1.26927831341263e-06	7.13546762882349e-06
ENSMUSG00000020407.13	Upp1	28.0988701593379	1.98734085752031	0.410262682222859	4.84406928447069	1.27206541504575e-06	7.149194142284e-06
ENSMUSG00000043252.8	Tmem64	1053.76209502281	-0.480586893988235	0.0992142227143914	-4.84393145297024	1.27294864126781e-06	7.15221604929491e-06
ENSMUSG00000038239.11	Hrc	19.4616399032266	2.55515225030215	0.527563638448971	4.84330621764278	1.27696257075748e-06	7.17282177804861e-06
ENSMUSG00000028843.8	Sh3bgrl3	1064.54232474968	-0.776730165229528	0.160396486855372	-4.84256345296325	1.28174684725319e-06	7.19774226567929e-06
ENSMUSG00000037653.7	Kctd8	48.5401079747193	-1.47873976587426	0.305494161272818	-4.84048454383941	1.29522930250473e-06	7.27148124018047e-06
ENSMUSG00000028986.12	Klhl7	653.737168519712	-0.563490314322167	0.116422465966859	-4.84004792066998	1.29807823971343e-06	7.28549931774086e-06
ENSMUSG00000070436.12	Serpinh1	19724.6810945155	-0.530829600976144	0.109717719184076	-4.83813922604023	1.31060326756634e-06	7.35380239505439e-06
ENSMUSG00000048834.16	Vstm2a	26.064343455957	-2.08238237626412	0.43060271428135	-4.83597131926929	1.32497026621841e-06	7.43240095947287e-06
ENSMUSG00000027217.13	Tspan18	64.32598289681	-1.33862494237631	0.276815453773046	-4.83580278532359	1.32609348598117e-06	7.43668628185428e-06
ENSMUSG00000039018.15	Mtg1	224.130260159251	0.744563303942569	0.153992056725165	4.83507604078187	1.33094748200962e-06	7.46188567988002e-06
ENSMUSG00000052155.5	Acvr2a	807.42475478246	-0.554486066584197	0.114692163573545	-4.83455930473086	1.33440920145579e-06	7.47926782045315e-06
ENSMUSG00000056938.16	Acbd4	388.533348452325	0.774412041043368	0.16019050692513	4.83431918600091	1.33602075086253e-06	7.48627328697986e-06
ENSMUSG00000043411.15	Usp48	2104.57295434455	0.422639011248809	0.0874618707957843	4.83226584800174	1.34987832035764e-06	7.56187587363542e-06
ENSMUSG00000020175.15	Rab36	127.574798389776	-0.94278707559443	0.195122414187721	-4.831772298017	1.3532297403426e-06	7.5785991329414e-06
ENSMUSG00000062991.9	Nrg1	668.974155159611	-0.618156254504586	0.127942126251839	-4.8315302599225	1.35487620781849e-06	7.58576754818362e-06
ENSMUSG00000028023.16	Pitx2	51.2650222894283	-1.4662805607998	0.303518935604806	-4.83093602670298	1.35892666306071e-06	7.60638804724003e-06
ENSMUSG00000038271.17	Iffo1	342.8913966969	-0.79012023432794	0.163574528222354	-4.83033784608503	1.36301578555821e-06	7.62721377271409e-06
ENSMUSG00000031938.15	4931406C07Rik	719.241673113229	-0.532927410505101	0.110374292549476	-4.82836535750579	1.37658359943234e-06	7.70105511477025e-06
ENSMUSG00000038371.15	Sbf2	1206.19500481774	-0.449740456717011	0.09315361499096	-4.82794421623526	1.37949721014013e-06	7.71526959002718e-06
ENSMUSG00000078234.6	Klhdc7a	32.2828834208273	-1.96236477654661	0.406567165769608	-4.82666811726414	1.3883619895e-06	7.76275116711521e-06
ENSMUSG00000032783.9	Troap	124.630677659966	1.03499545106185	0.214438961845132	4.82652705532742	1.38934527169598e-06	7.76615116900759e-06
ENSMUSG00000025056.4	Nr0b1	8.27293482713868	6.48237812050092	1.34327904775551	4.82578666832655	1.39451718362146e-06	7.79295658309414e-06
ENSMUSG00000091476.8	Catspere2	31.2738605901652	-2.01725168850972	0.418165006545743	-4.82405666885722	1.40667422490515e-06	7.85877187079936e-06
ENSMUSG00000022947.8	Cbr3	323.149626712639	0.802502109478165	0.166397173485811	4.82281094484213	1.41549121629516e-06	7.90589656937226e-06
ENSMUSG00000003848.14	Nob1	729.202839405016	0.564495266411851	0.117068953915422	4.82190407902403	1.42194323591606e-06	7.93979040739857e-06
ENSMUSG00000059851.15	Kmt5c	438.971304407245	0.662558433402662	0.137421004399369	4.82137673420837	1.42570809605369e-06	7.95866555561364e-06
ENSMUSG00000038205.12	Prkab2	500.965658860935	-0.56020702048631	0.116193744594246	-4.82131824258336	1.42612627397387e-06	7.95885353059726e-06
ENSMUSG00000031089.7	Slc6a14	13.1132861274486	4.65027824772344	0.964866958195767	4.81960565466884	1.43842260405554e-06	8.02531252866457e-06
ENSMUSG00000038677.14	Scube3	135.692719139778	-1.04758199003777	0.217368536850688	-4.81938189038535	1.44003673557461e-06	8.03215316347582e-06
ENSMUSG00000020482.4	Ccdc117	312.260055225837	0.688272511034487	0.142829853642976	4.81882809146417	1.44403907647985e-06	8.05230733945486e-06
ENSMUSG00000020260.9	Pofut2	1810.82666985501	-0.552096941306729	0.114584870109119	-4.81823595716402	1.44833030166785e-06	8.07406111344543e-06
ENSMUSG00000025956.10	Mettl21a	403.420872624327	-0.60294059571255	0.125188744373571	-4.81625244130045	1.46279444866729e-06	8.15249927112662e-06
ENSMUSG00000024219.16	Anks1	645.29283338423	0.621952316885527	0.129141096505405	4.81606811244241	1.46414563839729e-06	8.15783326223027e-06
ENSMUSG00000048612.16	Myof	10595.8879615431	-0.438194067277998	0.0910182925593895	-4.81435165345555	1.47678558621834e-06	8.22604543841051e-06
ENSMUSG00000039070.5	Cpa4	86.3419299173815	-1.22396600583062	0.254298057444856	-4.81311583001783	1.4859510441671e-06	8.27487238719793e-06
ENSMUSG00000020950.10	Foxg1	60.6192861458882	-1.40426651478776	0.291771479732256	-4.81289849191699	1.48756857241892e-06	8.28165193128006e-06
ENSMUSG00000053460.8	Ggcx	809.229017315536	-0.609599289710549	0.126724934432139	-4.81041313962556	1.50618647232752e-06	8.3830475371625e-06
ENSMUSG00000067714.13	Lpar5	12.7240440524043	6.14532033175762	1.27769302513594	4.80970014773602	1.51156875182439e-06	8.410742363982e-06
ENSMUSG00000032014.6	Oaf	2180.19126907279	-0.579966954389669	0.120592873424442	-4.80929708299098	1.51461960968627e-06	8.42324218312791e-06
ENSMUSG00000084989.3	Crocc2	72.1762989921056	-1.32833375060968	0.27620129783329	-4.80929583253241	1.51462908380125e-06	8.42324218312791e-06
ENSMUSG00000022935.16	Grik1	21.2897777151793	-2.37385056921617	0.493700760299328	-4.80827813142705	1.52235863117515e-06	8.46395415167724e-06
ENSMUSG00000097391.8	Mirg	289.866964769588	-0.815719834859744	0.169665710915226	-4.80780607029855	1.5259568472814e-06	8.48168119814114e-06
ENSMUSG00000036661.14	Dennd3	68.5514415986793	1.20754738404029	0.251197232736416	4.80716833894178	1.53083084659083e-06	8.50648797143184e-06
ENSMUSG00000060227.15	Golm2	1258.05795465207	-0.592272889894931	0.123233224255473	-4.80611372033159	1.53892385419744e-06	8.54916394472162e-06
ENSMUSG00000049907.8	Rasl11b	67.2673152824015	-1.47786452597451	0.30761020395134	-4.80434168629948	1.55261492032546e-06	8.62290749552369e-06
ENSMUSG00000039765.15	Cc2d2a	479.201399163348	-0.570534725772139	0.11875795904552	-4.80418096065	1.55386249248331e-06	8.62752138731545e-06
ENSMUSG00000028538.12	St3gal3	455.787361143822	-0.703663260068821	0.146502186366413	-4.80309050343389	1.56235223989471e-06	8.67233280063838e-06
ENSMUSG00000071659.4	Hnrnpul2	3574.99652826575	0.429804163121551	0.0894875354541184	4.80295005265754	1.56344895465548e-06	8.67609381029858e-06
ENSMUSG00000059898.9	Dsc3	16.1033116437144	3.10961672131245	0.647490605382429	4.80256654762707	1.56644733768967e-06	8.69040295975302e-06
ENSMUSG00000066441.14	Rdh11	741.474125488505	0.693011473561404	0.144314671703296	4.80208606222797	1.57021175095586e-06	8.70895311710486e-06
ENSMUSG00000036246.14	Gmip	423.525482326216	0.56323028135833	0.117292352010618	4.80193526434989	1.57139498467049e-06	8.71318103072446e-06
ENSMUSG00000020865.16	Abcc3	95.8642975597682	-1.10597849218993	0.230342731557462	-4.80144732465339	1.57522947423506e-06	8.73210361199561e-06
ENSMUSG00000023017.10	Asic1	117.588783035186	-0.968414008028522	0.201779075890012	-4.79937775389751	1.59159347893384e-06	8.8204533923565e-06
ENSMUSG00000091512.5	Lamtor3	500.232071249209	-0.56169597796903	0.117039900425386	-4.79918366238799	1.59313650589981e-06	8.82664147099041e-06
ENSMUSG00000004891.16	Nes	2107.48910659766	0.74882478570257	0.156074872003183	4.79785615769911	1.60372878305509e-06	8.88294944620214e-06
ENSMUSG00000032494.12	Cripto	9.34493376205429	6.66335746885522	1.38902077443744	4.7971618506238	1.6092956498446e-06	8.91139931945785e-06
ENSMUSG00000022568.17	Scrib	1123.54972125141	0.625573020844007	0.130414196072336	4.79681690862111	1.61206825336023e-06	8.92436501104663e-06
ENSMUSG00000029149.14	Krtcap3	56.9386940159862	1.42872337750899	0.297885026654357	4.79622421293021	1.61684299851583e-06	8.94840460595698e-06
ENSMUSG00000095026.2	Gm3336	14.2060039574143	5.39360845347404	1.12465956777867	4.79576985605255	1.62051249076786e-06	8.96631597070405e-06
ENSMUSG00000033152.13	Podxl2	125.333928009904	-1.03142975234779	0.215073851221963	-4.79570039076169	1.62107421370755e-06	8.96702703087458e-06
ENSMUSG00000022350.7	Washc5	3088.52633463368	-0.457418224884344	0.0954153674691969	-4.79396806842475	1.63514312105718e-06	9.04243319870761e-06
ENSMUSG00000028851.6	Nudc	1120.93580917949	0.52080548116069	0.108642915699014	4.79373623038188	1.6370348549218e-06	9.05047661913094e-06
ENSMUSG00000008090.14	Fgfrl1	473.078090845407	-0.600817507698814	0.125411133234301	-4.79078286117012	1.66131837746414e-06	9.18227746198404e-06
ENSMUSG00000073591.4	Pcdhb22	176.247867923946	-0.830969548599429	0.173544838589847	-4.78821240292447	1.68273496307229e-06	9.2981663109005e-06
ENSMUSG00000046491.10	C1qtnf2	83.3870592403617	-1.12674037793575	0.235458047802827	-4.78531266376286	1.70721357848241e-06	9.43090842300706e-06
ENSMUSG00000036411.10	Matcap2	65.1132838519365	1.23378418302472	0.257891363101347	4.78412370304881	1.71734899649555e-06	9.48436682989897e-06
ENSMUSG00000031373.4	Car5b	329.250749322148	-0.713865663743536	0.149280322924139	-4.78204796024125	1.73518264727461e-06	9.58030024431503e-06
ENSMUSG00000037890.13	Wdr19	405.671314522042	-0.613635539525673	0.128349503911177	-4.78097320851611	1.74448612430792e-06	9.62909820987992e-06
ENSMUSG00000027238.17	Frmd5	155.793681473553	-0.839264825528521	0.175638361901748	-4.77836855480356	1.76723232767423e-06	9.75205063997038e-06
ENSMUSG00000031730.18	Dhodh	229.108369833812	0.76406949688508	0.159933610231207	4.777416677961	1.77561587792964e-06	9.7957017743245e-06
ENSMUSG00000030499.9	Kctd15	598.806630014517	0.600638607499287	0.1257469975036	4.7765642076829	1.78315634469836e-06	9.83467977055991e-06
ENSMUSG00000026806.15	Ddx31	308.686949345791	0.64112444250867	0.134251336005256	4.77555353701337	1.79213603233393e-06	9.88157265137985e-06
ENSMUSG00000027303.18	Ptpra	1606.5970888321	-0.422392085263222	0.088450139464088	-4.7754824110223	1.79276961220843e-06	9.88243360934815e-06
ENSMUSG00000034248.7	Slc25a37	1572.24399936141	0.435358464121286	0.0911683272917873	4.77532578532353	1.79416556986633e-06	9.88623836454595e-06
ENSMUSG00000072982.1	9230009I02Rik	7.86940573134206	6.42428831724634	1.34531679093201	4.77529780386946	1.79441507008064e-06	9.88623836454595e-06
ENSMUSG00000043733.14	Ptpn11	4159.28281042249	-0.395892509369041	0.0829327220258444	-4.77365869223089	1.80908874088292e-06	9.96442997539531e-06
ENSMUSG00000052533.14	Nup188	1339.44828237176	0.54950809512712	0.115132884246245	4.77281620038143	1.81667569872036e-06	1.00035568735868e-05
ENSMUSG00000002014.12	Ssr4	1769.60815609394	-0.497256916977255	0.104190039974111	-4.77259551009687	1.8186681459991e-06	1.00118648813924e-05
ENSMUSG00000086290.9	Snhg12	491.569217681849	-0.60331119139509	0.126415033890478	-4.77246394537046	1.81985694420711e-06	1.00157455166559e-05
ENSMUSG00000049191.12	Rtl5	177.693475210146	-0.817661526034291	0.171452866454575	-4.76901636550314	1.85127622252032e-06	1.0183249144286e-05
ENSMUSG00000074923.10	Pak6	27.5442792166457	2.19495011626762	0.460248627148703	4.76905304392891	1.8509392295982e-06	1.0183249144286e-05
ENSMUSG00000020267.6	Hint1	2199.91289598577	0.4115786834095	0.0863474860634195	4.76653927257603	1.87417212036992e-06	1.0306452901046e-05
ENSMUSG00000014226.10	Cacybp	2197.02235074493	0.711031047939361	0.149198163461363	4.7656823076344	1.88215624835092e-06	1.03476101419962e-05
ENSMUSG00000030917.13	Ldaf1	318.061491908533	-0.660797682806761	0.138687179979957	-4.7646630561113	1.89169491162808e-06	1.03972896908629e-05
ENSMUSG00000027107.3	Chrna1	20.2056358490009	2.43094259319183	0.510295772026474	4.76379136659928	1.89988944646601e-06	1.04395571150517e-05
ENSMUSG00000032440.13	Tgfbr2	8622.17684297319	-0.499629901247405	0.104900543457845	-4.76289144725149	1.90838513772703e-06	1.04806749710299e-05
ENSMUSG00000050730.17	Arhgap42	932.906866368359	-0.509446275696902	0.10696144517979	-4.76289633933591	1.90833885547503e-06	1.04806749710299e-05
ENSMUSG00000063888.7	Rpl7l1	1659.0429009007	0.449371970990549	0.0943555249143065	4.76254009925405	1.91171193628474e-06	1.04961605753734e-05
ENSMUSG00000020946.13	Gosr2	1855.55367008512	-0.444627526164304	0.0933791482393628	-4.76152904098644	1.92131642993113e-06	1.05460962034326e-05
ENSMUSG00000059689.15	Zfp637	415.462642396366	-0.592005029601704	0.124355396844148	-4.76058976631028	1.93028054467708e-06	1.05924912498067e-05
ENSMUSG00000028532.14	Cachd1	961.194371979443	-0.630263845433403	0.132430339445076	-4.75921037486126	1.94351784999836e-06	1.06623047911784e-05
ENSMUSG00000030512.13	Snrpa1	604.120515769524	0.682305620242797	0.143372559264848	4.75896938536468	1.94583943254455e-06	1.06722126163857e-05
ENSMUSG00000020623.11	Map2k6	96.8468644082266	1.09414711107742	0.229921674899172	4.75878192674633	1.94764716508896e-06	1.06792976609739e-05
ENSMUSG00000028937.14	Acot7	1736.64184346248	0.545245283330607	0.114635004457758	4.75635942014137	1.97115392252554e-06	1.08053270768951e-05
ENSMUSG00000031960.14	Aars1	6047.73490441592	-0.433716077236334	0.09120405189574	-4.75544746336639	1.98007349926672e-06	1.08513479908186e-05
ENSMUSG00000022367.7	Has2	766.19883268508	-0.561283352333855	0.118032321976899	-4.75533602095626	1.98116613904494e-06	1.08515898153192e-05
ENSMUSG00000031201.17	Brcc3	457.091170137055	0.652661193034845	0.137247726523953	4.7553515789636	1.98101356541094e-06	1.08515898153192e-05
ENSMUSG00000096210.2	H1f0	2445.127304188	0.525028241946252	0.110413415225418	4.75511278112687	1.98335664178852e-06	1.08607140551271e-05
ENSMUSG00000010110.17	Stx5a	1389.49669059612	-0.491954968500344	0.103480877050857	-4.75406647605592	1.99365437609368e-06	1.09142163265705e-05
ENSMUSG00000043015.15	Nemp2	85.6411820709312	1.10521963663515	0.232492884595764	4.75377832984781	1.99649931875387e-06	1.09269009515829e-05
ENSMUSG00000027654.2	Fam83d	292.804881850702	0.822635338257249	0.173087441968221	4.75271532644343	2.00702839734732e-06	1.0981623261087e-05
ENSMUSG00000040093.16	Bmf	88.4811041241993	1.16447191442916	0.245019268634555	4.7525728115937	2.00844405942928e-06	1.09864650069045e-05
ENSMUSG00000079491.9	H2-T10	71.1615997724908	-1.26918815127104	0.267100951832711	-4.75171706638451	2.01696474244107e-06	1.10301593669188e-05
ENSMUSG00000110020.1	Gm45441	13.651684978728	4.30504406080932	0.906179127123344	4.7507649778644	2.02648552578838e-06	1.10792984411764e-05
ENSMUSG00000014245.8	Pigl	134.438875208593	0.959393990121971	0.201983533620373	4.74986239187768	2.03555113972393e-06	1.11259236971602e-05
ENSMUSG00000026779.6	Mastl	301.758593956558	0.866021520860606	0.182515060583316	4.74493183243516	2.08576563874376e-06	1.13973767044237e-05
ENSMUSG00000027006.13	Dnajc10	3838.42968143796	-0.48624663080733	0.102494436005847	-4.74412709368525	2.09407350065184e-06	1.14397538638143e-05
ENSMUSG00000034573.14	Ptpn13	1047.25532114589	0.473264692728246	0.0997624087767971	4.7439180602295	2.09623668890093e-06	1.14485496632085e-05
ENSMUSG00000093930.2	Hmgcs1	3232.50319138497	0.740779184419435	0.15623905795136	4.74131881062707	2.12331500415381e-06	1.159337833579e-05
ENSMUSG00000060288.13	Ppih	185.793035472762	0.83468066998894	0.176050149802519	4.74115285289578	2.12505527101503e-06	1.15998204258281e-05
ENSMUSG00000068284.14	Usf3	906.597952666688	0.482058594397988	0.101744983450273	4.73791019518511	2.15933459419407e-06	1.17838298880103e-05
ENSMUSG00000037656.9	Slc20a2	1311.44075173292	-0.531473368899355	0.112181840937148	-4.73760605512904	2.16257687258192e-06	1.1798412937684e-05
ENSMUSG00000028233.6	Tgs1	603.226013709883	0.531843118165303	0.11227664267974	4.73689901542874	2.17013233196426e-06	1.18365136072011e-05
ENSMUSG00000021226.7	Acot2	188.879113541883	-0.913803986452184	0.19302346549538	-4.73416008829276	2.19964064795083e-06	1.19942997291713e-05
ENSMUSG00000039652.16	Cpeb3	138.263596117464	0.90961040808916	0.192160066902777	4.73360788612431	2.20563639038238e-06	1.2023826084942e-05
ENSMUSG00000020747.18	Tmem94	631.770355972405	0.822422425256716	0.173777151330767	4.73262692453346	2.21632627470501e-06	1.20789198420535e-05
ENSMUSG00000071379.2	Hpcal1	985.71201855751	0.692011523223689	0.146337746821427	4.72886550636956	2.257778766234e-06	1.23015958626685e-05
ENSMUSG00000023175.15	Bsg	10451.7452711513	-0.463253536594064	0.0979884864398103	-4.7276323313619	2.27153020958697e-06	1.23732641600633e-05
ENSMUSG00000066306.13	Numa1	3294.51608826059	0.508618139343595	0.107601740079324	4.72685793899466	2.28020672376175e-06	1.24172583465258e-05
ENSMUSG00000040423.11	Rc3h1	1403.91401397813	0.503756672357405	0.10658346565597	4.7264054443813	2.28529132391024e-06	1.24416741487686e-05
ENSMUSG00000021702.7	Thbs4	32.2016899070668	-1.95917832919298	0.414633006460092	-4.72509013674373	2.30013308995343e-06	1.25171866456485e-05
ENSMUSG00000026435.15	Slc45a3	47.1213153502644	1.5148335345432	0.320594999679691	4.72506912477327	2.30037093579627e-06	1.25171866456485e-05
ENSMUSG00000107300.1	Gm43279	12.1202014470165	6.06832062537891	1.28448381865481	4.7243262524973	2.30879510127988e-06	1.25597239951096e-05
ENSMUSG00000037773.14	Pced1a	445.263173768552	-0.621947723067512	0.131666115701953	-4.72367335932798	2.31622335453735e-06	1.2596822705089e-05
ENSMUSG00000029438.9	Bcl7a	219.614050781911	0.770263545055507	0.163083072752731	4.72313608061208	2.32235341793577e-06	1.26268435507887e-05
ENSMUSG00000034647.15	Ankrd12	1050.45925499397	-0.597145347158236	0.126437260115631	-4.72285896271502	2.3255212714589e-06	1.26407470582794e-05
ENSMUSG00000029161.7	Cgref1	461.914517802461	-0.55054880932869	0.116575281575357	-4.72268908029876	2.32746532111996e-06	1.26479928280026e-05
ENSMUSG00000038591.3	Colec10	20.6584209670529	-2.31361881920501	0.490041780649946	-4.72126849293633	2.34378300772065e-06	1.27333240096613e-05
ENSMUSG00000072791.11	Abcb5	7.76843480739238	6.39150408959743	1.35385113712151	4.72097996179013	2.34711063677359e-06	1.27480564341581e-05
ENSMUSG00000073408.2	Mucl3	12.8175942282916	3.56691522028746	0.755577064682421	4.72078281225579	2.349386970022e-06	1.27570726370633e-05
ENSMUSG00000021497.10	Txndc15	1009.08583859021	-0.486826348936474	0.10314387903612	-4.71987628820893	2.35988121154808e-06	1.28106953049655e-05
ENSMUSG00000036989.16	Trim3	950.505445242364	-0.588252913691725	0.124647255388855	-4.7193410866255	2.36609800695732e-06	1.28410756806527e-05
ENSMUSG00000032698.15	Lmo2	12.3648994675646	3.80433110748701	0.806267310261994	4.71844890530264	2.37649637660196e-06	1.28941280469945e-05
ENSMUSG00000032834.11	Pwp2	594.921629662569	0.533214689195326	0.1130145308767	4.71810735362045	2.38048876154542e-06	1.29104074824206e-05
ENSMUSG00000050092.3	Sprr2b	12.3945670357664	4.14751241167707	0.879066816162186	4.71808551457351	2.38074425626355e-06	1.29104074824206e-05
ENSMUSG00000022443.17	Myh9	25525.5143686295	-0.493756373715527	0.104658863777848	-4.71776929246611	2.38444668626296e-06	1.29270984701302e-05
ENSMUSG00000048388.3	Fam171b	298.920995543197	-0.777151267338692	0.16478513787304	-4.71614902514724	2.40350418815373e-06	1.30270052868799e-05
ENSMUSG00000026721.16	Rabgap1l	743.357172239103	-0.621640664580267	0.131827529097432	-4.71556031457453	2.41046472270488e-06	1.30613113338398e-05
ENSMUSG00000028047.11	Thbs3	846.348933751251	-0.700033942415163	0.148458362317453	-4.71535541338021	2.41289187922053e-06	1.30710413525218e-05
ENSMUSG00000036639.12	Nudt1	152.599991859985	0.953072384545223	0.202168103760749	4.71425693181113	2.42594399807027e-06	1.31383084291095e-05
ENSMUSG00000031467.10	Agpat5	531.950268234212	0.632156058326944	0.134149095810819	4.71233931549138	2.44889165345225e-06	1.32591180577578e-05
ENSMUSG00000026811.18	St6galnac6	762.923525527167	-0.51264934251398	0.108795695318422	-4.712037006736	2.4525282718496e-06	1.32753354338428e-05
ENSMUSG00000025764.14	Jade1	1248.76258743787	-0.601990045018194	0.127766524313909	-4.71164139629536	2.45729509332503e-06	1.32976604279045e-05
ENSMUSG00000020838.12	Slc6a4	23.7354114488078	2.09458001872957	0.444590895070869	4.71125261887266	2.46198824618842e-06	1.331957519808e-05
ENSMUSG00000027115.14	Kif18a	203.164964498207	0.866930097085402	0.184037670162603	4.71061221498536	2.46973769113711e-06	1.33580090067538e-05
ENSMUSG00000067276.5	Capn6	2361.62670880171	-0.517252934571405	0.109810180456442	-4.71042787127175	2.47197274749037e-06	1.33666049896299e-05
ENSMUSG00000071552.5	Tigit	13.2243396758391	4.22961999735	0.898189084841443	4.70905299199517	2.48870368139117e-06	1.34535590235351e-05
ENSMUSG00000025202.8	Scd3	13.5508541272115	5.31033728176097	1.12777674053034	4.70867778250485	2.49328846057396e-06	1.34748245027207e-05
ENSMUSG00000097974.1	Gm10605	13.9089691217376	5.35922347052257	1.13896839025359	4.70533117194705	2.53454177929608e-06	1.36942000234011e-05
ENSMUSG00000033436.13	Armcx2	2009.47934437708	-0.41714142668371	0.0886769990894834	-4.70405438802428	2.55045257604556e-06	1.37762920037687e-05
ENSMUSG00000059474.13	Mbtd1	735.195908671143	0.616674973043701	0.131095723268265	4.70400526935406	2.55106658536381e-06	1.37762920037687e-05
ENSMUSG00000022106.14	Rcbtb2	726.874015166909	-0.537812705820933	0.114333612512954	-4.70388973111472	2.55251143382845e-06	1.37804992615584e-05
ENSMUSG00000032549.7	Rab6b	55.9211337566302	1.52438367374708	0.324088182413744	4.70360771069704	2.55604150295402e-06	1.37959590794382e-05
ENSMUSG00000025158.7	Rfng	411.011827057973	0.656469376823545	0.139578483595602	4.70322760294144	2.56080675297551e-06	1.38179865823947e-05
ENSMUSG00000033420.12	Antxr1	3869.06524587657	-0.489437945960139	0.104066280194062	-4.70313674177111	2.56194710316765e-06	1.38179865823947e-05
ENSMUSG00000039968.9	Rsbn1l	378.99214351323	0.873977105261767	0.185829116126848	4.70312254332193	2.56212534437561e-06	1.38179865823947e-05
ENSMUSG00000031562.15	Dctd	374.429479153885	0.660142923866961	0.140450247121671	4.70019054715569	2.59918849038659e-06	1.40142231212587e-05
ENSMUSG00000086429.9	Gt(ROSA)26Sor	135.045456212853	-0.954353535762667	0.20306146167567	-4.6998259930137	2.6038326027169e-06	1.40356070426138e-05
ENSMUSG00000020085.15	Aifm2	248.725431096952	-0.662719686091204	0.141036869186418	-4.69891092956158	2.61552485125258e-06	1.40949619620091e-05
ENSMUSG00000060675.13	Plaat3	183.785312251666	-0.810181051458635	0.172432134301314	-4.69855027162686	2.62014699851238e-06	1.41161953988047e-05
ENSMUSG00000048537.16	Phldb1	2245.40617815354	-0.55117908238415	0.117315180029479	-4.69827589443794	2.62366863222443e-06	1.41314902467899e-05
ENSMUSG00000069601.14	Ank3	1215.068476237	0.439405161375993	0.0935572538960414	4.69664449390798	2.64470166666299e-06	1.42410717477256e-05
ENSMUSG00000061458.9	Nol10	782.631886820365	0.610087646533662	0.129910845809932	4.69620255899389	2.65042716588409e-06	1.42681903528309e-05
ENSMUSG00000052331.14	Ankrd44	444.423680528123	-0.599963369075136	0.127798529937349	-4.69460305505279	2.67124918906159e-06	1.43765436724872e-05
ENSMUSG00000056592.14	Zfp175	82.8540509080761	1.18381606460982	0.252179559327358	4.69433790655922	2.67471597340644e-06	1.43914598215596e-05
ENSMUSG00000030346.16	Rad51ap1	152.59729048563	0.957854183527882	0.204046939476596	4.69428351135718	2.67542771765395e-06	1.43915484219644e-05
ENSMUSG00000029377.5	Ereg	1117.02803166804	-0.632342384186055	0.134719763633881	-4.69376108693697	2.68227274063551e-06	1.44246202801804e-05
ENSMUSG00000037405.8	Icam1	225.942610167085	-0.93404980849208	0.199005826979208	-4.69358019647169	2.68464675795694e-06	1.44336372059612e-05
ENSMUSG00000037962.7	Rflna	32.9153409956068	1.86409809371646	0.397189895512067	4.69321630479351	2.68942860416906e-06	1.44555914509726e-05
ENSMUSG00000058809.8	Hspd1-ps3	545.250684070667	0.808364371713681	0.172253806417413	4.69286797503224	2.69401361005793e-06	1.44764765614198e-05
ENSMUSG00000002105.15	Slc39a13	1294.08837456473	-0.712157012257417	0.151861865596577	-4.68950522542157	2.73866440986746e-06	1.47125913884886e-05
ENSMUSG00000033065.14	Pfkm	792.921404614477	-0.52441596316011	0.111848818289648	-4.68861424894149	2.75061334352849e-06	1.47729490393607e-05
ENSMUSG00000029765.12	Plxna4	225.147865843945	-0.814911322844315	0.173838903393619	-4.68773851500393	2.76240660165549e-06	1.48324394935582e-05
ENSMUSG00000085006.7	BC021767	13.1480780243209	3.6159735419043	0.771519629329038	4.6868198869405	2.77482964188336e-06	1.48952797607219e-05
ENSMUSG00000040722.7	Scamp5	627.631891445538	-0.500834297065992	0.106869111630702	-4.68642706413316	2.78015831839824e-06	1.49200147867579e-05
ENSMUSG00000029598.12	Plbd2	2156.40977918551	-0.654671452885087	0.139795176645481	-4.68307611603315	2.82601512292038e-06	1.51621791159484e-05
ENSMUSG00000054855.13	Rnd1	101.144216814272	-0.999455737316308	0.21353252820209	-4.68057839117801	2.86066699271362e-06	1.53441166318163e-05
ENSMUSG00000025511.15	Tspan4	1367.54083080758	-0.805919917316475	0.172189927595771	-4.68041266158398	2.86298058697483e-06	1.53525479714487e-05
ENSMUSG00000049128.7	Ivl	30.8425949542653	1.8255873132522	0.390107955966878	4.67969772297389	2.8729817636054e-06	1.54021884291293e-05
ENSMUSG00000017561.16	Crlf3	430.830775445632	0.60999247993381	0.130360021838694	4.67929102289202	2.87868598383145e-06	1.54287729620216e-05
ENSMUSG00000114865.2	Cirop	7.23302959289383	6.29613709687945	1.34572623323961	4.67861660222121	2.88816910964562e-06	1.54755921306121e-05
ENSMUSG00000115338.2	Pnp	370.720689240604	0.811530494042593	0.173477785733854	4.67800814155898	2.89675047632342e-06	1.55175564465369e-05
ENSMUSG00000004936.8	Map2k1	2133.62058461168	0.518134632837261	0.11077745306485	4.67725713583557	2.90737594833577e-06	1.55704462495737e-05
ENSMUSG00000070331.14	Qrich2	15.5742332789607	3.44595252180342	0.736858725320009	4.6765443678595	2.91749500045197e-06	1.56205972618612e-05
ENSMUSG00000074994.6	Qser1	1468.27614312617	0.582799463383281	0.124644238204445	4.6757031995924	2.92948040283119e-06	1.56807124019143e-05
ENSMUSG00000055817.18	Mta3	786.864393052771	0.534745815544294	0.114368317084461	4.67564644804019	2.93029072725181e-06	1.56809947681968e-05
ENSMUSG00000047884.6	Klk9	12.3235987024634	4.56509421782291	0.976565251891429	4.67464330620116	2.94464958738518e-06	1.57537611293062e-05
ENSMUSG00000046834.7	Krt1	13.1218989288883	5.26630601049672	1.1266092030977	4.67447451699896	2.94707224240435e-06	1.57626481512992e-05
ENSMUSG00000017679.16	Ttpal	999.096531004014	-0.436405188937452	0.093361664667053	-4.6743509822127	2.94884656630497e-06	1.5768063827421e-05
ENSMUSG00000034271.16	Jdp2	574.672684115153	-0.710051284660513	0.151926083036351	-4.67366281332102	2.95874947367136e-06	1.58169306186786e-05
ENSMUSG00000025815.13	Dhtkd1	141.637971686775	-0.82316942712306	0.176132675403055	-4.67357590089035	2.96000243028973e-06	1.58195430685688e-05
ENSMUSG00000060988.12	Galnt13	113.560836306774	-1.0134148458902	0.216853854752003	-4.67326184747397	2.96453416639595e-06	1.58396728730588e-05
ENSMUSG00000046694.6	Tent5b	376.1917184577	0.751122255275638	0.160733936018231	4.67307821784718	2.96718699298709e-06	1.58497557594425e-05
ENSMUSG00000057193.8	Slc44a2	2750.32709183637	-0.4914462497035	0.105191122063351	-4.67193656711378	2.98373114848063e-06	1.5934017296801e-05
ENSMUSG00000028175.15	Depdc1a	109.50950681476	1.02778707225433	0.220008775948618	4.67157306713239	2.98901733314986e-06	1.59581299403841e-05
ENSMUSG00000022808.5	Snx4	1766.57557028471	-0.398204914330542	0.0852473572885575	-4.6711701922048	2.99488662375912e-06	1.59853425026276e-05
ENSMUSG00000081683.5	Fzd10	13.9567012038264	3.26261662531783	0.698673377847337	4.66973084815424	3.01594618053212e-06	1.60935988633242e-05
ENSMUSG00000026051.8	Ecrg4	177.200454066593	-1.17588621206648	0.251872192347166	-4.66858290749981	3.03284387134627e-06	1.61795967249991e-05
ENSMUSG00000040189.18	Odad1	35.3230627495811	1.69212648435127	0.362498770647541	4.66795095974692	3.04218486759972e-06	1.62252472492777e-05
ENSMUSG00000085932.1	Gm15556	7.14049517785411	6.28973300440419	1.34823063568205	4.66517585192115	3.08353222306374e-06	1.6441533612879e-05
ENSMUSG00000021987.9	Mtmr6	1778.99563776499	-0.491931890776254	0.105458294013189	-4.6647055632697	3.09059243360784e-06	1.64749350459049e-05
ENSMUSG00000021890.6	Eaf1	1319.79497970539	0.444494156560026	0.0952937501409567	4.66446284150365	3.09424235955292e-06	1.64901448507687e-05
ENSMUSG00000071637.5	Cebpd	447.66622693858	-0.902480463594041	0.193486214631098	-4.66431402006967	3.09648230471984e-06	1.64978345496515e-05
ENSMUSG00000030621.17	Me3	67.0083127358536	-1.18178942164909	0.253392163945805	-4.66387516980141	3.10309659946861e-06	1.65288205127125e-05
ENSMUSG00000022094.15	Slc39a14	2166.1676651339	0.388398522893714	0.0832797550040051	4.66378080573166	3.10452061193566e-06	1.65321513111542e-05
ENSMUSG00000029250.5	Polr2b	1912.3981894435	0.475130522784049	0.101886125969261	4.66334859887983	3.1110508964904e-06	1.65626652537178e-05
ENSMUSG00000044018.3	Mrpl50	757.582084770521	0.558522063875235	0.119814304176756	4.66156414054933	3.13815234481055e-06	1.67026524518472e-05
ENSMUSG00000040462.13	Os9	2358.89373558033	-0.44125894224137	0.0946862128796804	-4.66022379416617	3.15865762748933e-06	1.68074689540878e-05
ENSMUSG00000054263.12	Lifr	499.689648497276	-0.664458179844379	0.142584434953067	-4.66010318772236	3.16050901390413e-06	1.68129982212289e-05
ENSMUSG00000060600.15	Eno3	501.204394852575	0.544433455293205	0.116892997090075	4.65753696839238	3.20014971376321e-06	1.70195012654637e-05
ENSMUSG00000040415.15	Dtx3	1133.8800594659	-0.655254811707273	0.140688892903684	-4.65747365114217	3.20113378585718e-06	1.70203617347695e-05
ENSMUSG00000028080.16	Lrba	866.833553232874	0.523361398875197	0.112408178477064	4.65590142964538	3.2256624278746e-06	1.71463756020997e-05
ENSMUSG00000033187.8	BC016579	12.1055466538327	3.76018403458164	0.807668874184754	4.65560102012981	3.23036966371693e-06	1.71669888752957e-05
ENSMUSG00000109771.1	Gm35315	70.29348496346	1.42540334734526	0.306185175016554	4.65536369377844	3.23409308219053e-06	1.71823646581781e-05
ENSMUSG00000008690.15	Ncaph2	1491.56438195184	0.449647941688857	0.0966071387943743	4.65439663466197	3.24930789815409e-06	1.72587693569134e-05
ENSMUSG00000024659.15	Anxa1	10765.9328786946	-0.510981744916903	0.109822803189173	-4.65278366676474	3.2748377057667e-06	1.73883539133923e-05
ENSMUSG00000044519.8	Zfp488	7.13324717486267	6.28022775551969	1.34978857619836	4.65274922774036	3.27538489339179e-06	1.73883539133923e-05
ENSMUSG00000027752.15	Exosc8	392.189030119623	0.68783824263106	0.147851619310662	4.65221987989047	3.28380652580387e-06	1.74285926352857e-05
ENSMUSG00000105572.1	Gm43300	88.7301671697324	-1.16664590188693	0.250786716250474	-4.65194456600219	3.28819482333458e-06	1.74474095483728e-05
ENSMUSG00000021819.11	Zswim8	3197.3565076096	-0.611681572232016	0.1314920066068	-4.65185366028465	3.28964502721318e-06	1.74506310656806e-05
ENSMUSG00000029034.9	Ints11	665.542243411945	0.514824278989531	0.110673155362117	4.65175387206637	3.29123763838938e-06	1.74546061688501e-05
ENSMUSG00000032076.20	Cadm1	104.788268830747	1.17058945519817	0.251674863199821	4.65119734372823	3.30013335266529e-06	1.7497300273263e-05
ENSMUSG00000055489.8	Ano5	69.0525246514025	-1.17953213798984	0.253649635648381	-4.65024179898667	3.31546087462467e-06	1.75740652096943e-05
ENSMUSG00000052957.8	Gas1	2632.76149451234	-0.856766040981624	0.18427895063168	-4.64928869002543	3.3308173237526e-06	1.76509441332194e-05
ENSMUSG00000006418.17	Rnf114	805.182039887417	0.533791650695407	0.114819339713937	4.64896986888539	3.33596936369263e-06	1.76737214893969e-05
ENSMUSG00000037992.16	Rara	683.578804321232	0.761401912090733	0.163818100446483	4.64784971877678	3.35413126706404e-06	1.77653948559259e-05
ENSMUSG00000026827.12	Gpd2	1608.16203541578	0.441317664268719	0.0949803302346994	4.64641113773987	3.37759527358065e-06	1.78850971010094e-05
ENSMUSG00000020612.16	Prkar1a	6640.97122069613	-0.36626245968199	0.078837429474068	-4.64579403622571	3.3877086926991e-06	1.79340619514524e-05
ENSMUSG00000026620.11	Mark1	301.539998136674	-0.672375997929307	0.14474727956714	-4.64517191576944	3.39793375660294e-06	1.79835926432943e-05
ENSMUSG00000027739.9	Rab33b	368.435009738961	-0.576016603073406	0.12401018099685	-4.64491381629416	3.40218451512824e-06	1.8001487034417e-05
ENSMUSG00000036299.5	BC031181	766.089172839089	-0.513929904014629	0.110649986896927	-4.64464496044962	3.40661784757694e-06	1.80203380595438e-05
ENSMUSG00000033855.15	Ston1	1007.45158597253	-0.465822577799648	0.1003028051052	-4.64416301529237	3.4145788127873e-06	1.80578351675739e-05
ENSMUSG00000044005.13	Gls2	33.3198294483055	1.82588561478851	0.393279110570884	4.64272209153966	3.43848712078577e-06	1.81796283303052e-05
ENSMUSG00000042595.7	Fam199x	347.591931187863	0.738296298297558	0.159045652872698	4.64204009957126	3.44985885802603e-06	1.8235094101706e-05
ENSMUSG00000047592.17	Nxpe5	11.4212975889441	5.97929869693273	1.28816461139312	4.6417194231615	3.45521836881549e-06	1.82587605351319e-05
ENSMUSG00000085766.1	2810430I11Rik	56.3358908016356	-1.36015279030353	0.293045511994822	-4.64143873436138	3.45991611286646e-06	1.82789187392095e-05
ENSMUSG00000040022.14	Rab11fip2	452.760600340514	-0.593669947211506	0.127917698236594	-4.6410305641481	3.4667583778244e-06	1.83103933816247e-05
ENSMUSG00000000530.16	Acvrl1	364.538378254208	0.738429641260333	0.159145444548333	4.63996719074211	3.48464497319461e-06	1.84001699745294e-05
ENSMUSG00000036561.9	Ppp6r2	522.703291337415	-0.557276536929713	0.12011684567155	-4.63945364044557	3.49331486017213e-06	1.84412456747521e-05
ENSMUSG00000038453.17	Srcin1	18.1920240910216	2.77906524306006	0.599062468524461	4.63902412365296	3.500581952237e-06	1.84748969478209e-05
ENSMUSG00000010554.14	Mettl16	811.617522983268	0.57203033981341	0.12333441137754	4.63804329565709	3.5172311889047e-06	1.85580342541775e-05
ENSMUSG00000029554.15	Mad1l1	667.944193994795	0.61589478244486	0.132806185543291	4.63754590891472	3.52570315518703e-06	1.85979942938879e-05
ENSMUSG00000042485.7	Mustn1	112.781099304757	-1.01598188957703	0.219137141503077	-4.63628339134269	3.54729551697237e-06	1.87071260906525e-05
ENSMUSG00000025733.17	Rhot2	322.524644787996	0.601663119587276	0.12977845085171	4.63607876067775	3.55080715708592e-06	1.87208755335001e-05
ENSMUSG00000042408.13	Zmym6	413.783715174928	-0.57255010578454	0.123544186324603	-4.63437513992124	3.58017243887805e-06	1.88708910904855e-05
ENSMUSG00000032216.15	Nedd4	38724.4622113627	-0.36499743455555	0.0787682228894618	-4.63381578466945	3.5898647082982e-06	1.8917161302715e-05
ENSMUSG00000027997.9	Casp6	279.804012844131	-0.725071922422405	0.156548658582157	-4.63160738002673	3.62837730729871e-06	1.91152409986704e-05
ENSMUSG00000028600.15	Podn	604.108013440849	-0.885448222109236	0.191187772767434	-4.63130151731157	3.63374240833839e-06	1.91339958131611e-05
ENSMUSG00000051498.7	Tlr6	56.0660498733268	-1.3472359438826	0.290898068751926	-4.63129903083511	3.63378605447299e-06	1.91339958131611e-05
ENSMUSG00000022371.16	Col14a1	348.010874695075	-0.68909175105172	0.148842265821329	-4.629677916076	3.66234938448598e-06	1.92794938732135e-05
ENSMUSG00000022468.12	Endou	12.6698483237023	3.81981654306933	0.8251895387308	4.62901716973348	3.67405308388309e-06	1.93361873336629e-05
ENSMUSG00000025332.14	Kdm5c	3151.32001629667	0.374477787703215	0.0809061545676919	4.62854512989985	3.682436202748e-06	1.93753805187293e-05
ENSMUSG00000026150.14	Mff	1578.99950896863	-0.48241002838752	0.104235724380743	-4.62806807602176	3.69092699702998e-06	1.94151201808192e-05
ENSMUSG00000029267.17	Mtf2	500.469340415105	0.776207875404889	0.16775100949457	4.62714279779054	3.70744900151403e-06	1.94937373470221e-05
ENSMUSG00000061259.11	Tmprss11d	11.4210075823622	5.9658817709633	1.28932781182646	4.6271256357311	3.70775612035489e-06	1.94937373470221e-05
ENSMUSG00000029752.12	Asns	2838.58895189056	0.46504529510537	0.100506125961619	4.62703432906132	3.70939048345963e-06	1.94973777595558e-05
ENSMUSG00000064120.14	Mocs1	453.543614594622	-0.630110072618677	0.136268124845389	-4.62404596330656	3.76326419541618e-06	1.97755282002842e-05
ENSMUSG00000023046.6	Igfbp6	820.156453946788	-0.823325212829204	0.178106775585298	-4.6226495882797	3.78869415893547e-06	1.98990561775705e-05
ENSMUSG00000031844.8	Hsd17b2	7.20230556735859	6.28434724117073	1.35945652863708	4.62269083916281	3.78794056643187e-06	1.98990561775705e-05
ENSMUSG00000102543.5	Pcdhgc5	256.018786151532	-0.770606883785357	0.166710211449054	-4.62243360551942	3.79264219062939e-06	1.99147388898625e-05
ENSMUSG00000022369.13	Mtbp	343.002787074636	0.686977184535497	0.148624717382643	4.62222702006448	3.79642213523313e-06	1.99295312648213e-05
ENSMUSG00000066232.4	Ipo7	5989.20798659967	0.592190483653341	0.128120750420875	4.62212781074106	3.7982386757928e-06	1.9934011752088e-05
ENSMUSG00000034928.16	Rnf44	1490.78685727775	0.554253864569184	0.119945589453282	4.62087740862755	3.82120531138474e-06	2.00494622915977e-05
ENSMUSG00000031788.14	Kifc3	449.610144452375	0.73072300814824	0.158184976854407	4.61942102644043	3.8481230908182e-06	2.01855802982377e-05
ENSMUSG00000028007.13	Snx7	1309.34743822677	-0.452628667873502	0.0979899760930764	-4.61913234312426	3.85348026026421e-06	2.02085604021304e-05
ENSMUSG00000025583.15	Rptor	1157.93563036026	0.610872403808863	0.132255594727071	4.61887759886066	3.8582135509904e-06	2.02282579260259e-05
ENSMUSG00000060121.15	Gemin2	198.452928765932	0.916321447190299	0.198443409604912	4.61754536980913	3.88305803035549e-06	2.03533598810657e-05
ENSMUSG00000004100.12	Ppan	795.395163022102	0.544108471179231	0.11785690561962	4.61668723032087	3.89914242854498e-06	2.04324934502411e-05
ENSMUSG00000057113.13	Npm1	13854.9246145708	0.640847460268607	0.138817672537683	4.61646884401296	3.903245899251e-06	2.04488197591993e-05
ENSMUSG00000046688.14	Tifa	59.8287462147903	-1.31617868531916	0.285172295289377	-4.61538062098063	3.92375534933536e-06	2.05510657833736e-05
ENSMUSG00000034349.14	Smc4	2013.36665642096	0.729238164621359	0.158008151824661	4.61519330616932	3.92729602566428e-06	2.05644068897609e-05
ENSMUSG00000031776.17	Arl2bp	1252.16183771125	-0.428557367268635	0.0928655520667315	-4.6148152649831	3.93445119383882e-06	2.05966629391173e-05
ENSMUSG00000085795.8	Zfp703	682.863630850249	-0.641490852051335	0.139014973691841	-4.61454500198914	3.93957410650557e-06	2.06182666069681e-05
ENSMUSG00000041594.18	Tmtc4	405.394365481674	-0.575870160349242	0.124821970975006	-4.61353202365753	3.95883235011668e-06	2.07138197206939e-05
ENSMUSG00000008384.8	Sertad1	420.200653949717	-0.709136886118519	0.153714292081051	-4.61334386359209	3.96241947903716e-06	2.07273492030807e-05
ENSMUSG00000040721.9	Zfhx2	248.819387517102	0.69584548954498	0.150846204927929	4.61294660927958	3.97000306549132e-06	2.07617719688239e-05
ENSMUSG00000058966.13	Tlcd3b	14.4224761448543	3.128667689856	0.678265132973951	4.61275029152378	3.97375590627414e-06	2.07761489022401e-05
ENSMUSG00000017754.13	Pltp	647.026640510049	-0.775898789922651	0.168215133397224	-4.6125385644729	3.97780712438456e-06	2.0792078198898e-05
ENSMUSG00000031232.17	Magt1	2135.83879583938	-0.532275181342205	0.115436787454292	-4.61096668644702	4.00800770808533e-06	2.09446482074371e-05
ENSMUSG00000026553.17	Copa	9066.58460590325	-0.418412056836649	0.0907461125315488	-4.61079869059057	4.01124838969707e-06	2.0956292382216e-05
ENSMUSG00000031903.7	Pla2g15	714.823927810419	-0.526564335791273	0.114217298845374	-4.61019776438708	4.02286097460342e-06	2.10116576616998e-05
ENSMUSG00000024883.8	Rin1	1528.25748697133	-0.47785967698001	0.103660367468642	-4.60985899094525	4.02942178920617e-06	2.10406159472196e-05
ENSMUSG00000019853.6	Hebp2	312.678627375146	-0.638931793635685	0.138610554312103	-4.60954648660471	4.03548295827804e-06	2.10669512618908e-05
ENSMUSG00000040209.12	Zfp704	897.115748976915	0.51443382197043	0.11163243617785	4.60828267826072	4.06008435936324e-06	2.11900368518557e-05
ENSMUSG00000029703.10	Lrwd1	547.873076204474	0.57526152325215	0.124850324435834	4.60760935825845	4.07324988551191e-06	2.12533903151528e-05
ENSMUSG00000005949.9	Ctns	501.888971609131	-0.533947003766204	0.11589320203535	-4.60723316285057	4.08062349558435e-06	2.12864984211443e-05
ENSMUSG00000073838.10	Tufm	638.594618199865	0.505670343365086	0.109764587010817	4.60686235092611	4.08790410461663e-06	2.13191048277802e-05
ENSMUSG00000104554.1	Gm4610	11.938733689138	4.51439273279698	0.980052599937437	4.60627596221382	4.0994428140442e-06	2.13738959213856e-05
ENSMUSG00000039774.12	Galnt12	89.369822799206	1.11465839105487	0.242001031644004	4.60600677394878	4.10475023404092e-06	2.13961785682229e-05
ENSMUSG00000019820.11	Utrn	4135.94922074658	-0.497590186621019	0.108052928255559	-4.60505971151615	4.12347527046226e-06	2.14883722616562e-05
ENSMUSG00000022464.14	Slc38a4	1805.40361772113	0.401348241141625	0.0871945889536192	4.60290306953693	4.16642168521014e-06	2.17067109142121e-05
ENSMUSG00000031239.5	Itm2a	4228.4863485714	-0.625931891601143	0.136039232391088	-4.60111308039217	4.2023919382933e-06	2.18886036061231e-05
ENSMUSG00000027460.7	Angpt4	67.6276313168002	-1.25809171594984	0.273491005742268	-4.60012098948307	4.22245621483987e-06	2.19820475832421e-05
ENSMUSG00000032643.12	Fhl3	506.781924645563	-0.631492479950619	0.137276273344643	-4.60015751130719	4.22171596433575e-06	2.19820475832421e-05
ENSMUSG00000025732.6	Mcrip2	100.878671228087	1.25977113777476	0.27387425969774	4.59981576642177	4.22864755968069e-06	2.20087442388309e-05
ENSMUSG00000020396.8	Nefh	12.3694214010552	3.80171821668768	0.826781311045949	4.59821498852966	4.26126150049762e-06	2.21729139765712e-05
ENSMUSG00000024083.16	Pja2	2827.77819132838	-0.403484143040303	0.0877728781544288	-4.5969113868	4.28799875770424e-06	2.2293085406029e-05
ENSMUSG00000030102.11	Itpr1	1223.1871279044	-0.509837812835894	0.110909556179123	-4.59687902828219	4.28866448073856e-06	2.2293085406029e-05
ENSMUSG00000036940.15	Kdm1a	2137.74997307376	0.456902045631229	0.0993927620949361	4.59693478680886	4.28751740288226e-06	2.2293085406029e-05
ENSMUSG00000039914.6	Coq10a	201.185924746849	-0.767379197414192	0.166932699136998	-4.5969375765285	4.28746001981979e-06	2.2293085406029e-05
ENSMUSG00000040329.14	Il7	47.6339070639994	-1.55027929166634	0.337331991807192	-4.59570787627053	4.31282576421131e-06	2.2413050588353e-05
ENSMUSG00000031603.14	Fgf20	11.0005331368936	5.91812372032636	1.2877772379029	4.59561137294507	4.31482246798947e-06	2.24177987612736e-05
ENSMUSG00000010721.15	Lmbr1	458.594445642341	0.602915974162084	0.131206268301504	4.59517660220792	4.32382908909613e-06	2.24589556625347e-05
ENSMUSG00000033047.5	Eif3l	3288.80877761603	0.37732265944468	0.0821173277517688	4.59492131289614	4.32912600092983e-06	2.24808276701572e-05
ENSMUSG00000027508.15	Pag1	286.333543159853	0.78603035139076	0.171069195455285	4.59480942374699	4.33144951029856e-06	2.24872519221645e-05
ENSMUSG00000040520.7	Manea	901.929746915263	-0.671857384621317	0.146227885632352	-4.5945913921679	4.33598062489604e-06	2.2505131132077e-05
ENSMUSG00000036790.5	Slitrk2	34.9450084399397	-1.67085908827942	0.363677819104307	-4.59433872649846	4.3412371834183e-06	2.25267657206256e-05
ENSMUSG00000047037.5	Nipa1	207.431257830925	-0.823672851853968	0.179321807023955	-4.59326651634699	4.36361188632683e-06	2.26371935927516e-05
ENSMUSG00000030045.10	Mrpl19	439.370892810363	0.560841672107954	0.122108643741632	4.5929727406901	4.36976160564785e-06	2.26586252065945e-05
ENSMUSG00000112794.1	Gm48878	18.1302602638667	-2.45476673330502	0.534462369112771	-4.59296458491555	4.36993245203755e-06	2.26586252065945e-05
ENSMUSG00000001105.15	Ift20	581.693554587561	-0.512021364648064	0.111506197603429	-4.59186462862864	4.39303296209545e-06	2.27726995448069e-05
ENSMUSG00000035799.6	Twist1	708.260860235594	-0.536705142259351	0.116885998630172	-4.59169745349475	4.39655408291682e-06	2.27852461097384e-05
ENSMUSG00000037206.15	Islr	371.960619997342	-0.9369417271249	0.204076779374751	-4.59112364471595	4.40866049200942e-06	2.28365524334592e-05
ENSMUSG00000044847.13	Lsm11	219.735534059175	0.704564330721471	0.153461661545674	4.59114233239144	4.40826571053258e-06	2.28365524334592e-05
ENSMUSG00000000552.10	Zfp385a	1003.42688334444	0.628878080790435	0.136985442184694	4.59083878374852	4.41468244104593e-06	2.28620244801625e-05
ENSMUSG00000039496.8	Cdnf	57.7091750193593	-1.27057835608588	0.276821202469481	-4.58988814711891	4.43483594579671e-06	2.29606476343287e-05
ENSMUSG00000006276.10	Eps15l1	1442.95130640087	0.411634300804834	0.0897036612521599	4.58882385689606	4.45750348738329e-06	2.30722342298941e-05
ENSMUSG00000044835.15	Ankrd45	14.0628516746534	3.06190054481439	0.667416705587787	4.58768939881091	4.48178768701583e-06	2.31921308333852e-05
ENSMUSG00000020178.6	Adora2a	16.180733655958	2.71304071848455	0.591488620409713	4.58680120778195	4.5008887061494e-06	2.32793863854535e-05
ENSMUSG00000117975.1	Itprip	706.790968428357	-0.558055922623275	0.121665612776038	-4.58680073925692	4.50089880257911e-06	2.32793863854535e-05
ENSMUSG00000112848.1	Gm32023	7.38838173413957	6.33249482699982	1.38061222471076	4.58672950569193	4.50243409507188e-06	2.32815097011973e-05
ENSMUSG00000031703.8	Itfg1	1755.50890317731	-0.509099283899989	0.111048501664053	-4.58447683913945	4.55124529832837e-06	2.35280285789458e-05
ENSMUSG00000034159.12	Mab21l4	12.3810822855642	5.1793640700187	1.12992802758533	4.58379997979787	4.5660103839463e-06	2.35984641541335e-05
ENSMUSG00000030605.15	Mfge8	4224.87055087998	-0.60359661312135	0.131688508118729	-4.58351774003813	4.57218074060957e-06	2.36244556040633e-05
ENSMUSG00000014503.15	Pkd2l2	138.494994709904	-0.862564296568432	0.188217513227063	-4.58280572184505	4.58778247498681e-06	2.36991538432124e-05
ENSMUSG00000023988.8	Bysl	606.223622154477	0.660907179430016	0.144223396341098	4.58252403006048	4.59396897079148e-06	2.37251905505022e-05
ENSMUSG00000023755.10	Rhebl1	106.175067563096	1.05747905181883	0.230772331242295	4.58234765895117	4.5978464884434e-06	2.37392927074806e-05
ENSMUSG00000073639.6	Rab18	3702.25532499478	-0.496388777024132	0.108336704264495	-4.58190767749627	4.60753314844837e-06	2.37833737256192e-05
ENSMUSG00000097986.2	Gm26953	10.8206847358671	5.89938927888235	1.28789912023319	4.58062994702115	4.63577469110507e-06	2.39231863204148e-05
ENSMUSG00000024065.8	Ehd3	274.85843355721	-0.670557080526196	0.146409483466116	-4.58001124415815	4.64950932955296e-06	2.39880841506522e-05
ENSMUSG00000031198.4	Fundc2	820.445744458106	-0.577629869747786	0.126167691518667	-4.57827089324468	4.68835287913596e-06	2.41824610628545e-05
ENSMUSG00000033278.10	Ptprm	910.355722500226	-0.487293906931939	0.106469414012662	-4.57684407724818	4.72043022415898e-06	2.43418498280684e-05
ENSMUSG00000019927.6	Ube2d1	618.046781516573	0.532763394393424	0.116405727759877	4.57677989430566	4.72187809984161e-06	2.43432515040153e-05
ENSMUSG00000031953.2	Tmem170	80.2342462188689	1.07408493256377	0.234750917241818	4.57542379464847	4.75256940417781e-06	2.44953770162043e-05
ENSMUSG00000050786.8	Ccdc126	175.240305399896	-0.805079002936823	0.175965229040192	-4.57521640683307	4.7572798261501e-06	2.4513551187822e-05
ENSMUSG00000036644.15	Tbc1d9b	1950.08030779859	-0.467374645348353	0.102155265593063	-4.57514003448579	4.75901560590662e-06	2.45163922415782e-05
ENSMUSG00000027203.15	Dut	496.087136294007	0.616617130773399	0.134814127468849	4.5738317070359	4.78884545982049e-06	2.46577890977175e-05
ENSMUSG00000029209.15	Gnpda2	265.159196686598	-0.686421805549647	0.150075208234817	-4.57385209471525	4.78837925032073e-06	2.46577890977175e-05
ENSMUSG00000074570.14	Cass4	14.0141170463462	3.06716819040248	0.670618529072582	4.57364068756668	4.79321565604767e-06	2.46741534107264e-05
ENSMUSG00000005846.12	Rsl1d1	2807.91136832832	0.73262789569802	0.160220330306772	4.57262754542614	4.81645853410791e-06	2.47876367969914e-05
ENSMUSG00000031328.16	Flna	40795.65005222	-0.456851425907983	0.0999188248561481	-4.5722257699258	4.82570567828345e-06	2.48290534016379e-05
ENSMUSG00000109325.1	Krt8-ps	6.80923539230686	6.20589579153381	1.35733154342208	4.57212964777024	4.82792051629797e-06	2.48342760354999e-05
ENSMUSG00000020839.16	Tmigd1	11.2979303110043	5.94484415662972	1.30047535746827	4.5712855091718	4.84741294508698e-06	2.49283479628212e-05
ENSMUSG00000029005.4	Draxin	35.7974303912839	-1.67238844372627	0.365864121562938	-4.5710643519293	4.852532245528e-06	2.4948476142619e-05
ENSMUSG00000025666.16	Tmem47	570.450899609875	-0.54176666486028	0.118522880332449	-4.57098800957808	4.85430060383279e-06	2.49513703001577e-05
ENSMUSG00000052563.13	D930048N14Rik	26.0028500058287	1.96028129150822	0.428880626713289	4.57069209801051	4.86116079461178e-06	2.49804288201761e-05
ENSMUSG00000027067.16	Ssrp1	3774.51048421361	0.449561831373078	0.0983691976443538	4.57014840151929	4.87378965513185e-06	2.50391094742055e-05
ENSMUSG00000041632.7	Mrps27	315.733684413844	0.653008401547158	0.142911458778947	4.56932150246413	4.89305693576275e-06	2.51318574474822e-05
ENSMUSG00000028651.12	Ppie	330.459902293704	0.613818732822807	0.134340624300997	4.56912222953138	4.89771101986319e-06	2.51495213098854e-05
ENSMUSG00000021025.8	Nfkbia	727.171273620074	0.810053031780772	0.177319988977943	4.56831199037315	4.91667812017435e-06	2.52406548634645e-05
ENSMUSG00000045374.18	Wdr81	925.662731747556	-0.627858813880576	0.137494307690953	-4.56643496319732	4.96088856717066e-06	2.54613023684269e-05
ENSMUSG00000025050.8	Pcgf6	360.250445992991	0.617761509937804	0.135298193344356	4.56592578709089	4.97294690640747e-06	2.55168636627983e-05
ENSMUSG00000030662.10	Ipo5	6019.31045069318	0.412743656555139	0.0903994712631995	4.56577511779278	4.9765204443466e-06	2.5528871543378e-05
ENSMUSG00000029843.4	Slc13a4	12.9729554507201	4.23261328648349	0.927046557810277	4.56569656704308	4.97838446714838e-06	2.55321060667751e-05
ENSMUSG00000047832.9	Cdca4	750.28282073784	0.539297468904806	0.118125644812254	4.56545629665727	4.98409027623159e-06	2.55550370640866e-05
ENSMUSG00000021400.8	Wrnip1	534.73122427192	0.540103193550686	0.118307076969984	4.56526530266417	4.98863036388507e-06	2.55719811545461e-05
ENSMUSG00000040473.15	Cfap69	114.018829213813	-0.958758403173965	0.210159371222161	-4.56205401452432	5.06556107269928e-06	2.59599031056703e-05
ENSMUSG00000075467.4	Dnlz	554.435339612703	-0.645904268973799	0.141595363299518	-4.56162019661273	5.07604045860421e-06	2.60071686763981e-05
ENSMUSG00000037235.13	Mxd4	2116.37162504028	-0.616982532803762	0.135281137123382	-4.56074324863968	5.0972876108486e-06	2.61095660126096e-05
ENSMUSG00000019804.12	Snx3	1861.42937039382	-0.39405907342757	0.0864086239449266	-4.56041371146851	5.1052938020133e-06	2.6144105989083e-05
ENSMUSG00000060147.15	Serpinb6a	5406.30054050494	-0.55923262822172	0.122635409736109	-4.56012361702949	5.11235168659628e-06	2.61737738216316e-05
ENSMUSG00000021583.7	Erap1	397.146653568826	-0.641205676490224	0.140615765896737	-4.55998424075079	5.11574597908686e-06	2.61846750794063e-05
ENSMUSG00000033111.16	Cep15	251.506650147008	-0.654351760867862	0.143504738150857	-4.55979202707569	5.12043058457312e-06	2.62021737132457e-05
ENSMUSG00000030347.6	D6Wsu163e	301.859882251336	-0.700934852448581	0.153776541916321	-4.55813899645371	5.16088794266683e-06	2.64026741288336e-05
ENSMUSG00000117613.1	Gm2629	6.75622385014632	6.21156516001669	1.36277946633175	4.55801199935646	5.16400878220151e-06	2.6412112128191e-05
ENSMUSG00000001663.10	Gstt1	62.9913217413431	-1.28841430912935	0.282691170504842	-4.55767439368	5.17231392797117e-06	2.64480548406806e-05
ENSMUSG00000021431.15	Snrnp48	928.69446606402	0.632619596872782	0.138821186153867	4.55708249151249	5.18690568006578e-06	2.65095705362177e-05
ENSMUSG00000054079.12	Utp18	864.869427088303	0.596188022628856	0.130825691670032	4.55711729873793	5.18604651207198e-06	2.65095705362177e-05
ENSMUSG00000044667.12	Plppr4	17.388619554205	-2.51883119225245	0.553172901426392	-4.55342477145478	5.2779550976863e-06	2.69682529170596e-05
ENSMUSG00000035314.10	Gdpd5	318.365667251338	0.714861994944066	0.157012049155792	4.55291169555247	5.29084852219516e-06	2.70274613921317e-05
ENSMUSG00000027569.15	Mrgbp	458.873398543512	0.536792710563672	0.117963319544763	4.55050529804714	5.35172395317193e-06	2.7331688652037e-05
ENSMUSG00000042251.12	Pm20d1	81.003528199955	-1.05825410982907	0.232629741252589	-4.54909206420007	5.38778695329017e-06	2.75090779837576e-05
ENSMUSG00000026457.14	Adipor1	3931.19097608863	0.412718080437107	0.090734954683476	4.54861174369737	5.40009669414833e-06	2.75651298328425e-05
ENSMUSG00000049491.15	Slc36a3	6.64782375398821	6.17869178020243	1.35868942366373	4.54753799697763	5.42771232029418e-06	2.76992646246965e-05
ENSMUSG00000022840.9	Adcy5	38.235138427372	-1.52637991320564	0.335662478665706	-4.54736531551921	5.43216610523989e-06	2.77151605157408e-05
ENSMUSG00000020064.9	Herc4	1269.71892930897	0.61086232740352	0.13441761710691	4.54451090973936	5.50629555661755e-06	2.80864494150879e-05
ENSMUSG00000020580.10	Rock2	6754.96039441124	-0.525287631670426	0.115597929594031	-4.54409203966876	5.51725484007367e-06	2.81354170817159e-05
ENSMUSG00000033323.14	Ctdp1	532.276238482339	0.513439480534864	0.112998045826248	4.54379079550065	5.52514947434909e-06	2.8168736199397e-05
ENSMUSG00000024097.11	Srsf7	1614.21095251474	0.456886820251066	0.100572959221335	4.5428395842025	5.55014868955861e-06	2.82892213063713e-05
ENSMUSG00000007480.5	Mc5r	14.7220143215393	2.81376998438724	0.61939730010342	4.54275468090906	5.55238532773194e-06	2.82936543325267e-05
ENSMUSG00000074736.10	Syndig1	77.5187590795667	-1.21842673670728	0.268268962026558	-4.5418103067274	5.57732156345478e-06	2.84137285360449e-05
ENSMUSG00000006519.11	Cyba	749.699772273318	-0.590000310446376	0.129918029256193	-4.54132743410785	5.59011321974267e-06	2.84718881730939e-05
ENSMUSG00000032609.12	Klhdc8b	156.421107689514	-0.966042059495798	0.21276121464796	-4.54049889259297	5.6121273658828e-06	2.85757569302578e-05
ENSMUSG00000033967.4	Rnf225	36.0101294306147	1.59173949915382	0.350568198045812	4.54045605969603	5.61326767855588e-06	2.85757569302578e-05
ENSMUSG00000000776.13	Polr3d	774.464529277082	0.46482866805872	0.102384729104066	4.54001951390873	5.62490221283029e-06	2.86279446529073e-05
ENSMUSG00000079429.9	Mroh2a	88.8267010952533	0.993729194505387	0.218897819298558	4.53969435460672	5.63358314350237e-06	2.86650780450727e-05
ENSMUSG00000038046.4	Mrm3	124.843761498314	0.864966026976795	0.190622959547741	4.53757526915412	5.690472285675e-06	2.89474283217466e-05
ENSMUSG00000074916.5	Chst14	668.449853013362	-0.642948163769637	0.141695977307845	-4.53751882011996	5.691995214773e-06	2.89480611672202e-05
ENSMUSG00000072623.6	Zfp9	550.311829259049	-0.539545568039723	0.118919760654555	-4.53705561691322	5.70450664067603e-06	2.90045647151444e-05
ENSMUSG00000022016.17	Akap11	2178.84010096248	-0.510525329054489	0.112528774566059	-4.5368425189309	5.71027139542674e-06	2.90267454847589e-05
ENSMUSG00000032515.8	Csrnp1	552.183433116094	0.621015033595859	0.136896404393645	4.53638673964098	5.72261992048558e-06	2.9075769073555e-05
ENSMUSG00000032607.12	Amt	77.8722768016709	1.12380856555207	0.247732300875949	4.53638286803307	5.72272492418295e-06	2.9075769073555e-05
ENSMUSG00000034192.5	Lsm3	211.459377092459	0.688727462508367	0.151837191171895	4.53596024263026	5.73419824138878e-06	2.91269127358298e-05
ENSMUSG00000083844.8	Ube2d-ps	193.639812328621	-0.740666815556149	0.163327909692326	-4.53484537303762	5.76457015676103e-06	2.9274003354955e-05
ENSMUSG00000040151.9	Hs2st1	1757.32488255391	-0.463505141887423	0.102212222548111	-4.53473303223843	5.76763913437557e-06	2.92752237475331e-05
ENSMUSG00000044948.17	Cfap43	64.9202421711528	1.38361749957458	0.305112772956537	4.53477409735211	5.76651711741149e-06	2.92752237475331e-05
ENSMUSG00000020572.8	Nampt	1549.79465071095	0.736953799841165	0.162538660712819	4.53402160820833	5.78711048400331e-06	2.93668545987704e-05
ENSMUSG00000032458.6	Copb2	6139.67486115758	-0.385167366643413	0.0849895987083132	-4.53193534852798	5.84457390815947e-06	2.96511851286747e-05
ENSMUSG00000033918.16	Parl	849.111042700103	0.484483745054252	0.106931625208194	4.53078071254383	5.87661126486555e-06	2.98064142542151e-05
ENSMUSG00000038462.3	Uqcrfs1	1311.1863470518	0.510361908523357	0.112656999465862	4.53022813445347	5.89200289359308e-06	2.98771601897313e-05
ENSMUSG00000030768.12	Disp1	744.572662817398	-0.624889429818396	0.138005562652228	-4.52800175448803	5.95440874713838e-06	3.01862127496981e-05
ENSMUSG00000017548.15	Suz12	1463.97940069284	0.661995377828761	0.146206907452705	4.5277982371859	5.96014482569092e-06	3.02078936696808e-05
ENSMUSG00000036918.16	Ttc7	528.53688989921	0.572440794205676	0.126435580338175	4.52752929732739	5.96773293282413e-06	3.0238948341867e-05
ENSMUSG00000026819.15	Slc25a25	449.632459599043	0.550795516035037	0.121685507168432	4.52638550680196	6.0001082519424e-06	3.03955557285746e-05
ENSMUSG00000042148.8	Cox10	298.406962512577	0.643681941336645	0.142212462585084	4.52619924889873	6.0053962244283e-06	3.0414900036565e-05
ENSMUSG00000028107.14	Tars2	709.512691274369	0.521948379082837	0.115344664016099	4.52511941956836	6.03614121117322e-06	3.05556583345743e-05
ENSMUSG00000039153.17	Runx2	682.139261567433	-0.551117184478137	0.121790232765426	-4.5251345035165	6.03571070427909e-06	3.05556583345743e-05
ENSMUSG00000012076.8	Brms1l	666.138688126291	-0.489208228129457	0.10819418647551	-4.52157591887056	6.13809375563692e-06	3.10641571266329e-05
ENSMUSG00000052942.13	Glis3	918.748988475761	-0.591363780922005	0.130816086839907	-4.52057384689787	6.16722265537404e-06	3.1203945671862e-05
ENSMUSG00000037752.4	Xkr8	162.244912829828	-0.782946708249507	0.173201868260824	-4.52042876968551	6.17145080308599e-06	3.12177077646816e-05
ENSMUSG00000033717.6	Adra2a	81.2426262287469	-1.17129764923022	0.259122420153958	-4.52024818436895	6.17671767864289e-06	3.12367161569092e-05
ENSMUSG00000102748.1	Pcdhgb2	263.905110047232	-0.806377568874145	0.178396669803428	-4.52013801469881	6.17993295316159e-06	3.12453425006087e-05
ENSMUSG00000034634.7	Ly6d	10.3968905352801	5.83887588963109	1.29214824260754	4.51873531000463	6.22101081038458e-06	3.14453486603542e-05
ENSMUSG00000050373.13	Snx21	383.426005036916	-0.691548544063107	0.1530530881421	-4.51835733899761	6.23212420485909e-06	3.14861456959673e-05
ENSMUSG00000061882.12	Ccdc62	53.7354230994138	-1.30534518902895	0.288894955611908	-4.51840768996503	6.23064265093198e-06	3.14861456959673e-05
ENSMUSG00000048154.17	Kmt2d	2135.13696418133	0.604360948432045	0.133773732829096	4.51778488684437	6.24899206522005e-06	3.1563661971203e-05
ENSMUSG00000036199.9	Ndufa13	1194.77962931641	-0.517609957664779	0.114573498248366	-4.51771103770204	6.2511712808314e-06	3.15649366739504e-05
ENSMUSG00000102813.1	Gm37795	295.098335760374	-0.651391032804618	0.144187291626972	-4.51767298944651	6.25229433128155e-06	3.15649366739504e-05
ENSMUSG00000048582.7	Gja3	18.9942496354167	-2.43028554879058	0.538134172521732	-4.51613310004474	6.29790880906225e-06	3.17874699923871e-05
ENSMUSG00000044149.7	Nkrf	221.781791263622	0.767795848141343	0.170018187684512	4.51596301900403	6.30296641858477e-06	3.18052418084559e-05
ENSMUSG00000028339.17	Col15a1	109.358673247391	1.18542077745631	0.262528678275201	4.51539536649657	6.31987454483611e-06	3.18827889845388e-05
ENSMUSG00000070319.6	Eif3g	1666.9337414818	0.435202522361732	0.0964032857987528	4.51439511377487	6.34977378861709e-06	3.2025820577628e-05
ENSMUSG00000031149.7	Praf2	586.97960252689	-0.563219196781781	0.124784396691842	-4.51353864516143	6.37548259762286e-06	3.21476526889636e-05
ENSMUSG00000026384.13	Ptpn4	394.628350512099	0.780979775366109	0.17307589407417	4.5123544185271	6.41119389420481e-06	3.23198495899039e-05
ENSMUSG00000108179.1	Gm44274	18.5721973761993	2.46610467527158	0.546776535633198	4.51026061755868	6.47480296218657e-06	3.26325655014122e-05
ENSMUSG00000039782.15	Cpeb2	779.864992827705	-0.569604369659747	0.126312400105016	-4.50948892734347	6.49839861207917e-06	3.2743513357212e-05
ENSMUSG00000051851.5	Rtl8c	86.711854158211	-1.05071336470181	0.233018753983549	-4.50913648253388	6.50920251588561e-06	3.27899690621359e-05
ENSMUSG00000031371.14	Haus7	339.140854843595	-0.607904476331972	0.134819064511833	-4.50903941911433	6.51218093134633e-06	3.2796991021396e-05
ENSMUSG00000070794.11	BC016548	6.78712904489856	6.2087264105818	1.37762717688621	4.50682631320841	6.58044548841134e-06	3.313272711375e-05
ENSMUSG00000057522.15	Spop	2552.99150742172	-0.3883360132517	0.086177158625513	-4.50625223023694	6.59826492889254e-06	3.32143691058236e-05
ENSMUSG00000047686.9	Rtl3	650.869295373932	-0.700928409182898	0.15554863667516	-4.50616877245078	6.60085928495339e-06	3.32193499487601e-05
ENSMUSG00000001313.12	Rnd2	223.973049316838	0.742204652603235	0.164771134201331	4.50445799381551	6.65425581842968e-06	3.34799322279232e-05
ENSMUSG00000029861.17	Fam131b	97.6775110674895	1.02773011181854	0.228203082833599	4.50357680999404	6.6819201641803e-06	3.3602785587553e-05
ENSMUSG00000059796.16	Eif4a1	7235.47535158546	0.495487005672882	0.110020349908557	4.50359416312261	6.68137431053067e-06	3.3602785587553e-05
ENSMUSG00000000078.7	Klf6	4774.66214326333	-0.370880319665213	0.0823621989905386	-4.50304052357585	6.69881044004761e-06	3.36795427006426e-05
ENSMUSG00000001576.15	Ergic1	4740.08090390142	-0.48240098620902	0.107145389607501	-4.50230278667303	6.72211212345683e-06	3.37884892771814e-05
ENSMUSG00000062960.10	Kdr	42.6654118499048	-1.44131454827122	0.320155636333015	-4.50191839437745	6.73428399641182e-06	3.38414528870426e-05
ENSMUSG00000108968.1	Gm45011	10.8929540461165	5.8891700284098	1.30838690861661	4.50109213843828	6.76051899181155e-06	3.39650443231814e-05
ENSMUSG00000027605.18	Acss2	327.145772005094	0.74678131571886	0.165913380333346	4.50103128643669	6.76245500417045e-06	3.39665266030876e-05
ENSMUSG00000029147.11	Ppm1g	1966.06493951658	0.421799327127454	0.0937144635279008	4.50089891409211	6.76666827500913e-06	3.3979443625525e-05
ENSMUSG00000041268.17	Dmxl2	354.626904075576	0.780332144510469	0.173407169220061	4.49999932540386	6.79536781463301e-06	3.41152845974021e-05
ENSMUSG00000042477.7	Tfap2e	6.53942365783009	6.14484968145607	1.36556799704363	4.49984892349506	6.80017742696435e-06	3.41311524153092e-05
ENSMUSG00000052609.9	Plekhg3	1189.51943671938	0.417563450802697	0.0928047687728735	4.49937493863731	6.81535601445448e-06	3.41990434286529e-05
ENSMUSG00000027932.14	Slc27a3	402.20754736512	-0.734586981168582	0.163282466032581	-4.49887240814948	6.83148412143294e-06	3.42716650095833e-05
ENSMUSG00000026377.12	Nifk	1047.34992612726	0.638468093048229	0.141937181358981	4.49824413120791	6.85169926588608e-06	3.43647499647628e-05
ENSMUSG00000001751.9	Naglu	665.743946214926	-0.676706856744571	0.150460076973204	-4.49758414562746	6.87299627113236e-06	3.44632145872502e-05
ENSMUSG00000030751.18	Psma1	1572.97597875941	0.44486541553709	0.0989458781469433	4.49604797964829	6.92281213241182e-06	3.47045987718073e-05
ENSMUSG00000000708.14	Kat2b	415.944318767644	-0.655701324436987	0.145876142187847	-4.49491818609124	6.95967007286852e-06	3.48809227211393e-05
ENSMUSG00000021238.11	Aldh6a1	397.683650810815	-0.669593113498668	0.14897899383333	-4.49454715909662	6.97181519913761e-06	3.49333340128176e-05
ENSMUSG00000054676.15	1600014C10Rik	345.872840970704	-0.597884313147134	0.133027402711576	-4.49444476070422	6.97517065615577e-06	3.49416886282111e-05
ENSMUSG00000040048.14	Ndufb10	800.40512685692	-0.454304948091639	0.101108610151836	-4.49323699939503	7.01486409607067e-06	3.51320280485281e-05
ENSMUSG00000007880.16	Arid1a	2187.66148730324	0.496726789328123	0.110608425946067	4.49085849544888	7.09366692840045e-06	3.55180966983456e-05
ENSMUSG00000025092.7	Hspa12a	290.230715163998	-0.604203616161348	0.134575022783521	-4.48971587493821	7.13182376951049e-06	3.57005127460937e-05
ENSMUSG00000049555.10	Tmie	30.9230117244508	1.700489133161	0.37880044291784	4.48914240981981	7.15104805384626e-06	3.57880908284729e-05
ENSMUSG00000026784.14	Pdss1	112.250508919265	1.02477065995414	0.228314571064683	4.48841550136463	7.17548745521549e-06	3.59017198055367e-05
ENSMUSG00000034684.12	Sema3f	1641.3502274854	-0.739543746903553	0.164803938100367	-4.48741550370699	7.20923895591704e-06	3.60618746129838e-05
ENSMUSG00000026478.14	Lamc1	5772.97521338459	0.371018277740317	0.0827084312759089	4.48585799557277	7.26210988650707e-06	3.63175676590504e-05
ENSMUSG00000032251.12	Irak1bp1	160.250011919462	-0.751438377119803	0.167532205750279	-4.48533685660347	7.27988303399444e-06	3.63976567441186e-05
ENSMUSG00000001833.17	Septin7	6881.50826934281	-0.603181090222624	0.134482241252417	-4.48520997720792	7.28421647588798e-06	3.64105280933121e-05
ENSMUSG00000028438.16	Kif24	109.080517059334	0.929879632494735	0.207336952502834	4.48487170892523	7.29578175757099e-06	3.64595332206572e-05
ENSMUSG00000001016.12	Ilf2	1081.61004324857	0.441683320785736	0.098507952670064	4.48373262070607	7.33485607548607e-06	3.66459536341989e-05
ENSMUSG00000034771.15	Tle2	450.762462298985	-0.897345660486263	0.200204892610947	-4.48213651916115	7.38994420044096e-06	3.69122719606485e-05
ENSMUSG00000063626.6	Unc5d	64.4159207797543	1.26997485914879	0.283439826159119	4.48058015120234	7.44404179609981e-06	3.71735153528275e-05
ENSMUSG00000074364.6	Ehd2	5875.40474441973	-0.470683704997481	0.105085378789262	-4.47905988844925	7.4972498897158e-06	3.74301918637789e-05
ENSMUSG00000057406.16	Nsd2	1231.35081749136	0.493857717774062	0.110295165731126	4.47760075883991	7.54866025194177e-06	3.76777715348306e-05
ENSMUSG00000110404.1	Rnf223	14.2538213802315	2.93639503765605	0.655890216094526	4.47696118283439	7.57130090889952e-06	3.77816676743759e-05
ENSMUSG00000025980.14	Hspd1	5214.07335963888	0.677768063077485	0.151397009579359	4.4767599106521	7.578439260731e-06	3.78081740799882e-05
ENSMUSG00000008200.15	Fnbp4	1352.04772896584	0.420676026982773	0.0939825156969193	4.47610945358598	7.60155250561336e-06	3.79143458587207e-05
ENSMUSG00000026281.15	Dtymk	565.886972892808	0.500768524071697	0.111944392301101	4.47336855181419	7.6996898105562e-06	3.83945746539877e-05
ENSMUSG00000028018.15	Gstcd	400.440430226492	0.643326872267748	0.143908823019323	4.47037824902069	7.80813827518562e-06	3.89259764349873e-05
ENSMUSG00000028161.17	Ppp3ca	2644.10734067766	-0.459334491902814	0.102760233604333	-4.46996348481876	7.82329524444517e-06	3.89921474271058e-05
ENSMUSG00000025153.9	Fasn	5809.3326924423	0.528079467599775	0.118152102045047	4.46948855297078	7.84068550095214e-06	3.90694148252789e-05
ENSMUSG00000006200.3	Rhox6	6.74136550572947	6.2205367739494	1.39229274139136	4.46783681981493	7.90145411220457e-06	3.93627433618586e-05
ENSMUSG00000029219.10	Slc10a4	10.8413121790915	5.89582833218384	1.31971160555586	4.46751268031816	7.91343220213592e-06	3.94129290548632e-05
ENSMUSG00000085101.7	Platr16	6.39268919471131	6.12034356259548	1.37009971252576	4.4670789334834	7.9294878261752e-06	3.94833939172481e-05
ENSMUSG00000018974.7	Sart3	941.508774665228	0.561132896920795	0.12573038014186	4.4629857659515	8.08254240934817e-06	4.02358213879504e-05
ENSMUSG00000020399.14	Havcr2	32.0813663639007	-1.71148114077749	0.383573234740224	-4.46194099527459	8.12205928321824e-06	4.04228192121506e-05
ENSMUSG00000106464.1	C130083M11Rik	148.604283307921	-0.937784984463305	0.21019336652755	-4.46153463335099	8.13747914022005e-06	4.04898270969747e-05
ENSMUSG00000022451.12	Twf1	2147.29009964781	-0.463738555907081	0.103955554503762	-4.46093100191485	8.16043627778999e-06	4.05942971675018e-05
ENSMUSG00000027965.15	Olfm3	21.8101068331825	-2.07387875521981	0.464904288717504	-4.46087249687642	8.16266461262924e-06	4.05956258569949e-05
ENSMUSG00000015697.14	Setdb1	1115.32935986421	0.451114659467638	0.101129310812178	4.46077062964929	8.16654591086825e-06	4.0605172666121e-05
ENSMUSG00000029012.11	Orc5	346.408460331665	0.686951900337528	0.154015698351675	4.46027195727128	8.18557156603816e-06	4.06899966007262e-05
ENSMUSG00000029014.14	Dnajc2	969.765976245042	0.692078317677231	0.155189878903537	4.45955833310118	8.21287190797832e-06	4.08159029107427e-05
ENSMUSG00000025403.5	Shmt2	1979.89862966546	0.517259640431929	0.115998757033746	4.45918261246066	8.22728039516002e-06	4.08776948870421e-05
ENSMUSG00000028597.11	Gpx7	372.367909345834	-0.67659816525214	0.15176170380221	-4.45829315499743	8.26148651175147e-06	4.10377992096817e-05
ENSMUSG00000072812.4	NA	4747.31725423313	-0.357503284577748	0.0802224195202631	-4.45640117457998	8.33469960438806e-06	4.13915420132506e-05
ENSMUSG00000032740.17	Ccdc88a	1174.84230838611	-0.599223935939368	0.134559298718664	-4.45323319640823	8.45867989316549e-06	4.19971732090747e-05
ENSMUSG00000028277.13	Ube2j1	1859.32321411262	-0.43426611223697	0.0975711458297751	-4.45076368165852	8.5565460316193e-06	4.24728888029947e-05
ENSMUSG00000059482.15	Cfap418	448.318509216812	-0.572744900975227	0.128719567053704	-4.44955583742966	8.6048057173028e-06	4.27021993628508e-05
ENSMUSG00000038611.17	Phrf1	1631.88954972205	0.390341780525936	0.0877506389410463	4.44830698940187	8.65497719112181e-06	4.29408851579651e-05
ENSMUSG00000019179.10	Mdh2	4506.02640593289	0.37260547998539	0.0837654581088843	4.44819963261051	8.65930318954027e-06	4.2952052892474e-05
ENSMUSG00000036550.16	Cnot1	4319.65320922327	0.377101772192423	0.0847899833815038	4.44748019934964	8.68834649874231e-06	4.30857892135762e-05
ENSMUSG00000003436.11	Dll3	10.3527553344192	5.85108284194918	1.315828451828	4.44669123381596	8.72030382199521e-06	4.32339086973602e-05
ENSMUSG00000053333.15	Dis3l2	285.404094659087	0.656708453793365	0.147706039180219	4.44605012386869	8.74635489891325e-06	4.33526820049342e-05
ENSMUSG00000028044.6	Cks1b	674.355473850045	0.530695594504091	0.119375933356211	4.4455827869469	8.76539167281351e-06	4.34366392711436e-05
ENSMUSG00000030484.5	Lypd5	6.6299356610349	6.19444287344673	1.39427517450043	4.44276925153331	8.88083930102632e-06	4.39982031335433e-05
ENSMUSG00000037712.16	Fermt2	3156.59258638268	-0.427745143059516	0.0962878279827863	-4.44235945519496	8.89777519614668e-06	4.40715598911319e-05
ENSMUSG00000038644.14	Pold1	390.698112175308	0.803961989308801	0.180997455615683	4.44184138707384	8.91922987610967e-06	4.41672581831565e-05
ENSMUSG00000040761.16	Spen	1256.36355801485	0.533235836024643	0.120085665198487	4.44046202469936	8.9765944995668e-06	4.44406911137367e-05
ENSMUSG00000079557.11	Marchf2	591.517466973754	-0.541193502595208	0.121880873193276	-4.44034809085257	8.9813484853883e-06	4.44535945239246e-05
ENSMUSG00000004633.17	Chn2	16.7911440035812	2.51219059333687	0.565809682556963	4.43999222845387	8.99621264079693e-06	4.45165205478976e-05
ENSMUSG00000059060.15	Rad51b	55.6782194539038	1.30336544398235	0.29359559351045	4.43932222687111	9.02426201162797e-06	4.46446461230132e-05
ENSMUSG00000027634.14	Ndrg3	1120.61742611767	-0.479720111591993	0.108068157270262	-4.43905146260879	9.03562115069164e-06	4.46901606208282e-05
ENSMUSG00000030322.12	Mbd4	100.298685862699	1.07206022004663	0.241703392747737	4.43543720201531	9.18856151068833e-06	4.54357464667314e-05
ENSMUSG00000003604.14	Aven	323.023094393662	0.612690923634359	0.138164065917076	4.43451717758573	9.22788623629443e-06	4.56193019357675e-05
ENSMUSG00000047146.17	Tet1	98.7289518698107	0.970347024070024	0.218830840474573	4.43423341045373	9.24004774340543e-06	4.56685167719076e-05
ENSMUSG00000021257.14	Angel1	97.7317820119248	1.00997343538953	0.227771548455954	4.43415098257909	9.24358325276035e-06	4.56750846858168e-05
ENSMUSG00000061689.15	Dlgap4	1972.14006805052	0.442203509808859	0.0997561253121045	4.43284568667185	9.29974279182119e-06	4.59416171952045e-05
ENSMUSG00000090582.1	Gm17024	80.3621953879341	1.11532771662587	0.251621002605904	4.43257003618543	9.31164409854306e-06	4.59894347878174e-05
ENSMUSG00000032528.5	Vipr1	22.6614727445941	2.0839890897008	0.47017308548574	4.4323870379518	9.31955314687142e-06	4.60175168385238e-05
ENSMUSG00000024002.18	Brd4	2349.17688623555	0.4255733758429	0.0960192584649576	4.43216686575656	9.32907733251738e-06	4.6053558718287e-05
ENSMUSG00000027868.11	Tbx15	2045.71949514093	-0.481806032254705	0.108716647543623	-4.43175946960079	9.34672496015999e-06	4.61296757153914e-05
ENSMUSG00000028454.16	Pigo	301.283973691642	0.710216969348423	0.160340647804745	4.42942559526946	9.44844029015651e-06	4.66205639012991e-05
ENSMUSG00000004032.10	Gstm5	398.972209575858	-0.534845648223561	0.120808240751693	-4.42722818324018	9.54517417451212e-06	4.70866444800349e-05
ENSMUSG00000115049.1	Gm49172	327.50237211615	-0.628227459450409	0.141910338525582	-4.42693228680558	9.5582720992476e-06	4.71400224403922e-05
ENSMUSG00000062300.14	Nectin2	625.939053109835	0.568705893565343	0.128486087684493	4.42620601042691	9.59049372229931e-06	4.72876678317945e-05
ENSMUSG00000050989.9	Selenon	2266.69606219522	-0.487476804087966	0.110165317903512	-4.42495708599437	9.6461456724509e-06	4.7550742861172e-05
ENSMUSG00000006736.9	Tspan31	1046.56725326311	-0.421197557633459	0.0952028596039173	-4.42421119896832	9.67952931677499e-06	4.77039469828394e-05
ENSMUSG00000024962.13	Vegfb	291.874118462485	-0.807124188833288	0.182449290485418	-4.42382750125189	9.69674542518449e-06	4.77774181280395e-05
ENSMUSG00000046971.7	Pla2g4f	11.6020493659945	5.07796516041161	1.14813601969591	4.42279056949763	9.74341790726597e-06	4.79959560358159e-05
ENSMUSG00000020621.6	Rdh14	232.485931363016	-0.701690552923487	0.158687938796992	-4.42182662553297	9.78699759411932e-06	4.81991585059899e-05
ENSMUSG00000028730.14	Cfap57	10.1031441113126	5.78560740594885	1.30852621779423	4.42146846373594	9.80323739952571e-06	4.82676524578456e-05
ENSMUSG00000019808.8	Adat2	161.228180770782	0.884634347118931	0.200081754817664	4.42136439639438	9.80796085448756e-06	4.82794249053598e-05
ENSMUSG00000011257.19	Pabpc4	1841.83436401574	0.426738442564608	0.0965301106991805	4.42078061937031	9.83449791408819e-06	4.83985431107255e-05
ENSMUSG00000025060.15	Slk	3262.63252328137	0.513591487731796	0.116204379861968	4.41972573100824	9.88262455755044e-06	4.86238283139379e-05
ENSMUSG00000022010.19	Tsc22d1	4481.87708302732	-0.440773991829104	0.099730668864098	-4.41964339404704	9.88639042497216e-06	4.86307973874759e-05
ENSMUSG00000038770.17	Kpna7	6.48962303342301	6.12897769719222	1.38732304378163	4.41784465749632	9.96900257977295e-06	4.90255130431742e-05
ENSMUSG00000033871.14	Ppargc1b	26.1965888901688	1.92295363291345	0.435378595171846	4.41673902722399	1.00201085892461e-05	4.92651372182435e-05
ENSMUSG00000026207.16	Speg	923.223144397767	-0.690874313228812	0.156461997030539	-4.41560459626477	1.0072805910794e-05	4.95124696147057e-05
ENSMUSG00000072501.5	Phf20l1	1352.28921021498	-0.609084302458369	0.137968108078523	-4.41467460082671	1.0116204001027e-05	4.97139854266993e-05
ENSMUSG00000030987.5	Stim1	546.673998045305	-0.522061170937694	0.118258725121651	-4.41456789256485	1.01211949304288e-05	4.97267063529423e-05
ENSMUSG00000021810.3	Ecd	754.866666782016	0.486158486538552	0.110152024010666	4.41352295525208	1.01701928794206e-05	4.99555819675192e-05
ENSMUSG00000030825.19	Hsd17b14	11.3829680986707	5.06542274965684	1.14776937403108	4.41327575405376	1.01818174337641e-05	5.00008159101976e-05
ENSMUSG00000049922.8	Slc35c1	360.359282317363	0.642014272847601	0.1454947614499	4.41262810048783	1.0212333332747e-05	5.01387779066725e-05
ENSMUSG00000097328.7	Tnfsf12	147.057746784516	-0.820541061046698	0.185966326527884	-4.41230988623988	1.02273588151589e-05	5.0200640292856e-05
ENSMUSG00000023067.14	Cdkn1a	11667.5255054351	-0.413970452051922	0.0938295156315542	-4.41194275879547	1.02447201176529e-05	5.02739359211229e-05
ENSMUSG00000013698.12	Pea15a	2323.48792630808	-0.41974014373023	0.095158228117392	-4.41097057011631	1.02908305675014e-05	5.04882441139394e-05
ENSMUSG00000041062.7	Mslnl	14.3969419768811	3.10008584346601	0.702987586387303	4.40987281069577	1.03431350251806e-05	5.07328322005246e-05
ENSMUSG00000061778.10	Mospd2	794.006226567557	-0.520652297395371	0.118115686170321	-4.40798605398271	1.04336261611461e-05	5.11645647736468e-05
ENSMUSG00000036206.12	Sh3bp4	1315.53451553905	0.461124524566207	0.104641689332977	4.40669992529342	1.04957432448661e-05	5.14569847052303e-05
ENSMUSG00000030069.15	Prok2	6.26337125706343	6.11055704881959	1.38689285766649	4.40593302867021	1.05329505062808e-05	5.16271708570937e-05
ENSMUSG00000020918.14	Kat2a	1018.95386283952	0.52227032642036	0.118551272170929	4.40543839687645	1.0557015168078e-05	5.17328733342913e-05
ENSMUSG00000029602.11	Rasal1	11.8000853480369	3.45601055334458	0.784704692928165	4.40421802557125	1.0616613031395e-05	5.20126090264723e-05
ENSMUSG00000057666.18	Gapdh	278.941819537346	0.645274448289572	0.146575289903013	4.40234127264248	1.07088931933134e-05	5.24522906314231e-05
ENSMUSG00000031928.15	Mre11a	669.779447295863	0.514391339040281	0.116846733323279	4.40227402521487	1.0712213929092e-05	5.24561429189202e-05
ENSMUSG00000038633.5	Degs1	3958.89686645882	-0.426911989151267	0.097012519279831	-4.40058656676925	1.0795864694588e-05	5.28532647382396e-05
ENSMUSG00000028675.12	Pnrc2	1522.12261996564	-0.568311113227756	0.129181042145456	-4.39933835328442	1.08581421126552e-05	5.31455860936038e-05
ENSMUSG00000066861.14	Oas1g	6.15075290645034	6.05874758125823	1.37739557618329	4.39869830136001	1.08902092716603e-05	5.32899389395025e-05
ENSMUSG00000030629.15	Zfand6	1291.06167925554	0.472919776058727	0.107517150091937	4.39855200453451	1.08975515554253e-05	5.33132639200538e-05
ENSMUSG00000086231.1	Rapgef4os3	11.6868959456532	5.08635653125721	1.15662749336307	4.39757533038391	1.09466897054778e-05	5.35410043038008e-05
ENSMUSG00000049643.15	2310022A10Rik	376.641906395734	0.611222597165392	0.139017323868152	4.39673689694309	1.09890414121141e-05	5.37354519700801e-05
ENSMUSG00000030882.19	Dnhd1	86.9889897264	-1.06321520464022	0.241847146775547	-4.39622802590666	1.10148222042859e-05	5.38487966004991e-05
ENSMUSG00000006498.16	Ptbp1	4290.93050229815	0.455153093540816	0.103534990205882	4.39612823293586	1.10198847558057e-05	5.38608251618468e-05
ENSMUSG00000061613.13	U2af1	951.695622443647	0.44837924634481	0.102007812524608	4.39553829503643	1.10498580390335e-05	5.39945730760046e-05
ENSMUSG00000026421.14	Csrp1	4869.08863016176	-0.342338254910963	0.0778879171682297	-4.3952678073487	1.10636268584274e-05	5.40490942512602e-05
ENSMUSG00000032763.11	Ilvbl	533.355574534264	-0.636006530572983	0.144712935117699	-4.39495287726493	1.10796785975365e-05	5.41147398042492e-05
ENSMUSG00000034795.14	Ccdc122	152.789136735568	-0.948012341391981	0.21580021348875	-4.39300928421649	1.11792351216853e-05	5.45881075215298e-05
ENSMUSG00000027601.13	Mtfr1	1159.94098426053	0.48833569871417	0.111177667303749	4.39239022150002	1.1211124253162e-05	5.47180054034899e-05
ENSMUSG00000078599.9	Skint8	10.7256918959554	4.34879277036851	0.990071394802466	4.392403207686	1.12104544184845e-05	5.47180054034899e-05
ENSMUSG00000018395.19	Kif3a	645.197710407743	-0.559470053992348	0.127408237283103	-4.39116077517969	1.12747131110874e-05	5.50153905437053e-05
ENSMUSG00000032232.14	Cgnl1	2499.18740562658	-0.413076268536903	0.0940753441702351	-4.39090892709801	1.12877815031885e-05	5.5066177076243e-05
ENSMUSG00000059939.13	9430015G10Rik	358.587745599286	0.590277317506105	0.134473787544093	4.38953440879738	1.13593604391305e-05	5.54023095498497e-05
ENSMUSG00000040649.15	Rimklb	11.4651653308659	5.07436774835401	1.15657868740918	4.38739517128831	1.1471625258782e-05	5.59366716682048e-05
ENSMUSG00000038374.10	Rbm8a	989.462712048581	0.468576422783984	0.106846584710372	4.38550679045238	1.1571604799591e-05	5.64108920741251e-05
ENSMUSG00000095180.8	Rhox5	11.3823282625068	5.06711901513022	1.15549511261374	4.38523621590087	1.15859982034766e-05	5.64677600220771e-05
ENSMUSG00000027678.17	Ncoa3	851.780278353326	0.444515081234449	0.101403799512196	4.38361366509731	1.16726700974737e-05	5.68767886882318e-05
ENSMUSG00000033373.16	Fntb	528.130639310913	0.637563613049545	0.145477980912266	4.38254372965241	1.17301611285906e-05	5.71434702755229e-05
ENSMUSG00000034936.2	Arl4d	71.7579105177064	1.11191133289193	0.253753134474196	4.38186245539758	1.17669088879899e-05	5.73089993111771e-05
ENSMUSG00000026523.14	Wdr64	10.3917424380793	5.81759459028624	1.32830065257273	4.37972726958944	1.18827934475956e-05	5.78597839500779e-05
ENSMUSG00000040455.17	Usp45	830.697137941397	0.631452131569181	0.144220211006266	4.37838862641622	1.19560013118334e-05	5.8202556715343e-05
ENSMUSG00000020974.6	Pole2	111.662751196011	0.88688721473387	0.202588014289751	4.37778719458398	1.19890324442569e-05	5.83496314516045e-05
ENSMUSG00000027317.8	Ppp1r14d	9.97050641854634	5.76955718637284	1.31799839884912	4.37751456406232	1.20040342090937e-05	5.84089102242667e-05
ENSMUSG00000033350.7	Chst2	402.449034045738	-0.640432531218847	0.146334345153198	-4.37650184273812	1.20599172338757e-05	5.86670333311382e-05
ENSMUSG00000043572.7	Pars2	110.566956403479	0.867095520483032	0.198128834609351	4.37642265545384	1.20642973216153e-05	5.86745512829217e-05
ENSMUSG00000038759.15	Nup205	2074.5834927429	0.440847375470251	0.100741328908473	4.3760329573454	1.20858748299825e-05	5.87656854840987e-05
ENSMUSG00000021192.16	Golga5	1042.87695384249	-0.422848022663935	0.0966446355622562	-4.37528705244634	1.2127278197508e-05	5.8953154394133e-05
ENSMUSG00000040078.9	Ptges3-ps	302.20855108863	0.60708365013636	0.138758394077268	4.37511297369371	1.213696034931e-05	5.89863682250218e-05
ENSMUSG00000095993.1	Gm21060	6.13470605611495	6.04846957766983	1.38290150616592	4.37375297568311	1.22128569513812e-05	5.93412971916996e-05
ENSMUSG00000001674.11	Ddx18	690.489832408722	0.494104841803175	0.112998098233509	4.37268281083912	1.22728972148913e-05	5.96178537985279e-05
ENSMUSG00000097715.2	Gpr137b-ps	213.052823634592	-0.663701287827561	0.151785170501996	-4.37263591451334	1.2275534706475e-05	5.96178537985279e-05
ENSMUSG00000032405.10	Pias1	961.450053899327	-0.46982365278014	0.107465799485433	-4.37184346117318	1.23201848750881e-05	5.98206677760846e-05
ENSMUSG00000042700.16	Sipa1l1	1940.64171917274	0.400058966832176	0.0915099466586571	4.37175390697628	1.2325240472659e-05	5.9831180240049e-05
ENSMUSG00000025218.6	Poll	193.566371088597	0.835790619046623	0.191205219163502	4.37117052925176	1.23582223452619e-05	5.99772202402288e-05
ENSMUSG00000014905.4	Dnajb9	672.963211310398	-0.553835247613752	0.126713275733111	-4.37077523573981	1.23806185302574e-05	6.00718291040315e-05
ENSMUSG00000074918.4	Inafm2	233.531121261941	-0.66752833927214	0.152736524961168	-4.37045650633897	1.23987050143923e-05	6.014548748369e-05
ENSMUSG00000029860.16	Zyx	4431.17885755955	-0.657100326818713	0.150375191405192	-4.36973892221443	1.24395170686789e-05	6.03293261022927e-05
ENSMUSG00000060621.6	Nkpd1	11.1377609040295	3.64391799580731	0.83394260140332	4.36950695368662	1.24527374987196e-05	6.03792957334264e-05
ENSMUSG00000022557.11	Bop1	1210.91324076077	0.568482257068341	0.130109566042476	4.36925795973183	1.24669431670732e-05	6.04340179426811e-05
ENSMUSG00000036295.5	Lrrn3	200.777869305487	-0.834887978519794	0.191098616202579	-4.3688855268044	1.24882201748581e-05	6.05229851087305e-05
ENSMUSG00000029388.14	Eif2b1	730.8817884978	0.478274871435014	0.10947599921449	4.36876461385804	1.24951353516059e-05	6.0542323652362e-05
ENSMUSG00000020128.15	Vps54	814.764513126065	0.570992115604377	0.130721631794277	4.36800021363698	1.25389370858751e-05	6.07403367050147e-05
ENSMUSG00000021993.10	Mipep	282.987111433882	0.688570232895139	0.157753169050688	4.36485832290249	1.27205175932171e-05	6.1591109628538e-05
ENSMUSG00000038963.15	Slco4a1	37.4703265345339	1.6052160261287	0.367757960838381	4.36487091256781	1.2719785012225e-05	6.1591109628538e-05
ENSMUSG00000033467.12	Crlf2	227.18998374561	-0.949939696783068	0.217636184398749	-4.36480587732876	1.27235697858801e-05	6.1591480588852e-05
ENSMUSG00000053334.6	Ficd	204.500777917572	-0.728749665974046	0.166982769244833	-4.36422074726488	1.27576702198687e-05	6.17421126680063e-05
ENSMUSG00000073413.9	Ly6g6d	5.9277120478442	6.01712294942248	1.3791236930051	4.36300455132578	1.28288273509374e-05	6.2071972262051e-05
ENSMUSG00000006494.11	Pdk1	940.464392890923	0.617314257446375	0.141528588746505	4.3617636755501	1.290181864587e-05	6.24105501637915e-05
ENSMUSG00000022455.4	Wbp2nl	6.29849470627065	6.12219176267706	1.40366436158145	4.36157811670837	1.2912767660751e-05	6.24489200490387e-05
ENSMUSG00000063972.13	Nr6a1	252.026430882766	0.648609990228636	0.148739408110485	4.36071380455437	1.29638838588473e-05	6.26814837641391e-05
ENSMUSG00000044150.12	Bclaf3	351.355750992464	0.716989364219658	0.164430242245053	4.36044704690708	1.29796990938045e-05	6.27432955494302e-05
ENSMUSG00000044199.6	S1pr4	6.01263612145851	6.04977530932949	1.38764734742266	4.35973543318913	1.30219785681744e-05	6.29329755738133e-05
ENSMUSG00000033020.7	Polr2f	549.223240990661	0.611289689671314	0.140254664230323	4.35842681614829	1.31000713202668e-05	6.32956060359948e-05
ENSMUSG00000047990.6	C2cd4a	19.9644151241671	-2.2115219549189	0.507580267184169	-4.35698961897682	1.31863519488644e-05	6.36976193674551e-05
ENSMUSG00000034391.12	Fbxo15	14.276708593845	2.77559177870711	0.637071551459375	4.35679755648938	1.31979232021927e-05	6.37386403084894e-05
ENSMUSG00000020744.13	Slc25a19	176.876709894918	0.817066570264432	0.187644074691016	4.35434250513827	1.33466894473793e-05	6.44420631843489e-05
ENSMUSG00000040183.13	Ankrd6	162.578418202401	0.779637634606017	0.179072850319195	4.35374560250939	1.33831003546848e-05	6.46027971645571e-05
ENSMUSG00000078429.9	Ctdsp2	3781.79365524476	-0.580995457868483	0.133481658233916	-4.35262391519241	1.34517794908752e-05	6.49191848173528e-05
ENSMUSG00000053293.9	Pom121	901.457818392723	0.675379535211377	0.155181651383041	4.35218680296364	1.34786341100604e-05	6.50336241128533e-05
ENSMUSG00000005881.13	Ergic3	2141.9352633973	-0.437093371396589	0.100442596423836	-4.35167336328298	1.35102433333603e-05	6.51709454106794e-05
ENSMUSG00000097487.7	Ptges3l	71.9945755123029	-1.17499062464648	0.270042956193565	-4.35112487734824	1.3544088243918e-05	6.5318984753229e-05
ENSMUSG00000040219.4	Ttc12	297.790146803998	-0.583982153281472	0.134295627952667	-4.34848224163558	1.37082916125033e-05	6.60954875581658e-05
ENSMUSG00000019992.8	Mtfr2	89.6675719060062	0.973330152501586	0.223883906483474	4.34747708216102	1.37712455053583e-05	6.63835609490946e-05
ENSMUSG00000050505.7	Pcdh20	32.0477158075067	-1.70276846984291	0.391745116360925	-4.34662334954063	1.38249319066242e-05	6.66268371444037e-05
ENSMUSG00000020590.16	Snx13	1425.1545770196	-0.616952533553922	0.141949249044857	-4.34628952041135	1.38459787693938e-05	6.66972107395116e-05
ENSMUSG00000022361.14	Zhx1	519.867667816848	-0.597040279820733	0.137367172042875	-4.34630975466529	1.38447021945794e-05	6.66972107395116e-05
ENSMUSG00000034488.14	Edil3	1347.38983605261	-0.524684116252969	0.120735183659791	-4.3457433065363	1.38804817400808e-05	6.68478575006821e-05
ENSMUSG00000062169.13	Cnih4	695.795086571749	0.461319213466047	0.106161265231948	4.34545700315579	1.38985995540985e-05	6.69195422587309e-05
ENSMUSG00000021943.7	Gdf10	50.9275031316789	-1.41153652664985	0.324870537191626	-4.34492009910166	1.39326366769331e-05	6.70678247850787e-05
ENSMUSG00000058013.11	Septin11	7974.03546399243	-0.319354170642013	0.0735211596512519	-4.34370420919463	1.40100123556242e-05	6.74246095673251e-05
ENSMUSG00000039886.8	Tmem120a	653.803067297424	-0.472831370341129	0.108872127687828	-4.34299742627325	1.40551781352452e-05	6.76262510974991e-05
ENSMUSG00000015533.9	Itga2	208.391352728951	-0.878054059336528	0.202190195879116	-4.34271333245798	1.40733717752447e-05	6.76980530736209e-05
ENSMUSG00000031292.14	Cdkl5	222.088068793189	-0.788336132357525	0.18155945366876	-4.34202745396986	1.41173887100331e-05	6.78940122929777e-05
ENSMUSG00000048772.15	Tmem53	106.857657553426	-0.957134833015003	0.220474355215308	-4.34125244217315	1.41672838650664e-05	6.81080094809052e-05
ENSMUSG00000072944.11	Nup62cl	54.8018134723123	-1.32269870911666	0.304682649578047	-4.34123410357778	1.41684665358122e-05	6.81080094809052e-05
ENSMUSG00000072915.3	Gm12258	79.3776324653385	-0.993703122986563	0.228985624337498	-4.33958736868984	1.42750504938939e-05	6.8604427716069e-05
ENSMUSG00000006728.12	Cdk4	4470.36230665027	-0.44236863927575	0.101980143988281	-4.3377918678619	1.43921345135168e-05	6.91510659924058e-05
ENSMUSG00000018378.13	Cuedc1	680.503132763476	-0.627964547305642	0.144772933959929	-4.33758251718137	1.4405845666828e-05	6.91768859192384e-05
ENSMUSG00000022105.6	Rb1	915.9327941147	0.692348544733948	0.159617172847979	4.33755674518397	1.44075344315105e-05	6.91768859192384e-05
ENSMUSG00000103983.1	Gm20045	41.1982614209021	-1.44205624582138	0.332453873230169	-4.33761301022051	1.4403847789702e-05	6.91768859192384e-05
ENSMUSG00000020859.16	Spag9	4602.51200015033	-0.472277862815879	0.108935985589351	-4.33537054133969	1.45514793796256e-05	6.98399193501422e-05
ENSMUSG00000071253.8	Slc25a16	385.520652845842	-0.630280601581088	0.145381475398227	-4.33535703124922	1.45523731657164e-05	6.98399193501422e-05
ENSMUSG00000022574.7	Naprt	219.140469086932	0.90102811594377	0.207844852683552	4.33509949517779	1.45694209752424e-05	6.99055272986887e-05
ENSMUSG00000068747.14	Sort1	605.609805609485	-0.554509426334542	0.127919043493337	-4.33484656538591	1.45861824039231e-05	6.99697310727241e-05
ENSMUSG00000058318.15	Phf21a	900.594595150472	-0.457648245236984	0.105582143233774	-4.33452316102056	1.4607640907792e-05	7.00564316845194e-05
ENSMUSG00000063594.5	Gng8	115.383456987792	-1.03985244618648	0.239923587432883	-4.33409844072697	1.46358676496171e-05	7.01755442389214e-05
ENSMUSG00000021589.13	Rhobtb3	1487.81433800731	-0.499372335000462	0.115232543735591	-4.33360506339517	1.4668722614203e-05	7.03005069209047e-05
ENSMUSG00000028195.4	Ccn1	13634.5157646696	-0.403062253438932	0.09300775275623	-4.33364145992586	1.46662964970509e-05	7.03005069209047e-05
ENSMUSG00000097604.1	Gm17322	5.91606462118079	6.00596314349234	1.38599130283262	4.33333393306124	1.46868076469662e-05	7.03708869177208e-05
ENSMUSG00000040350.16	Trim7	332.563971301203	-0.609193196031068	0.140618272253725	-4.33224776743003	1.47594708804819e-05	7.07026817299455e-05
ENSMUSG00000021408.15	Ripk1	1128.5451556927	-0.443354186307765	0.102346169205949	-4.33190797220377	1.4782273099058e-05	7.07955277365573e-05
ENSMUSG00000058587.9	Tmod3	3228.95843445225	0.513994877940395	0.118654660540974	4.33185578718084	1.47857779891243e-05	7.07959330550274e-05
ENSMUSG00000027012.15	Dync1i2	3583.84987286003	-0.35737356739424	0.0825012166330914	-4.33173693648169	1.479376328754e-05	7.08177859132264e-05
ENSMUSG00000004996.9	Mri1	378.275393221456	0.682334583989992	0.15754388989633	4.33107614924955	1.48382350675037e-05	7.10142491704646e-05
ENSMUSG00000024339.12	Tap2	233.395931169876	-0.796032074427178	0.183851352087208	-4.32975915265277	1.49272510392224e-05	7.14237561860529e-05
ENSMUSG00000020785.17	Camkk1	213.042175308535	-0.677464198214427	0.156479456960806	-4.3294130192701	1.49507306020734e-05	7.15195684613627e-05
ENSMUSG00000031994.13	Adamts8	10.7924329933473	4.97628356952441	1.14949260977065	4.32911314716264	1.49711005494381e-05	7.16004644807806e-05
ENSMUSG00000040918.12	Slc19a2	1340.34465368275	-0.403094655126526	0.0931465702985452	-4.32753083483978	1.50790240555195e-05	7.2099958171679e-05
ENSMUSG00000059277.12	R74862	63.0356706556548	-1.10951024547898	0.25641759411185	-4.32696613242152	1.51177195565703e-05	7.22682857047224e-05
ENSMUSG00000038056.15	Kmt2c	1191.50882950794	0.530040667903129	0.122508634777602	4.32655762481843	1.51457710086663e-05	7.23856647675789e-05
ENSMUSG00000073414.8	Mpig6b	9.32259169079961	5.68718777276819	1.31478715681352	4.32555774772814	1.52146402375983e-05	7.2698023609891e-05
ENSMUSG00000038967.13	Pdk2	218.479170951365	-0.732083040752673	0.169250579809004	-4.32543889408719	1.52228464288732e-05	7.2720447318543e-05
ENSMUSG00000001911.16	Nfix	3515.05410528079	-0.696136611858062	0.160954295576431	-4.32505767780205	1.52491958039277e-05	7.28295117548451e-05
ENSMUSG00000023904.10	Hcfc1r1	1265.60976261235	-0.418756598112935	0.0968340675439613	-4.32447596939812	1.52894868569406e-05	7.3005095375274e-05
ENSMUSG00000026096.14	Osgepl1	109.531606301681	0.904778142642566	0.209256283047536	4.32378005317542	1.53378216685292e-05	7.32189969365512e-05
ENSMUSG00000032431.6	Crtap	2397.09324577415	-0.617007216400725	0.142729827401708	-4.32290312146304	1.53989363655201e-05	7.34768519663211e-05
ENSMUSG00000052295.4	8030423F21Rik	9.49766026708116	5.71756680690731	1.32261652498953	4.32292104240312	1.5397685107629e-05	7.34768519663211e-05
ENSMUSG00000022748.8	Cmss1	130.388611212564	0.856984729501365	0.198255595775444	4.3226256799936	1.54183199770194e-05	7.35523865416741e-05
ENSMUSG00000020387.15	Jade2	171.850201667227	0.817046526322229	0.189026004331493	4.32240277845256	1.54339099739467e-05	7.36097932144524e-05
ENSMUSG00000001864.13	Aif1l	524.281119458958	-0.485806081898174	0.112417615958623	-4.32144088589268	1.55013583972434e-05	7.3914447699733e-05
ENSMUSG00000041236.8	Vps41	2873.31471053788	-0.371258699998317	0.0859267637591393	-4.32064101749473	1.55576595019021e-05	7.41658208267782e-05
ENSMUSG00000049281.16	Scn3b	53.5632475409416	-1.25058952622235	0.289527722571828	-4.31941202422194	1.56445458658432e-05	7.45628493845473e-05
ENSMUSG00000037062.13	Sh3glb1	3145.12466789716	-0.508926119958215	0.117863481804528	-4.31792877799291	1.57500232846667e-05	7.5048280840082e-05
ENSMUSG00000019773.7	Fbxo5	170.87264269995	0.809703788872533	0.18756391630762	4.31694861576975	1.58200967554061e-05	7.53648291691946e-05
ENSMUSG00000043279.9	Trim56	1028.48311477311	-0.50350043920619	0.11669957862683	-4.31450091877566	1.59963868762664e-05	7.6187117338205e-05
ENSMUSG00000029708.9	Gcc1	421.011707041157	-0.522925248863901	0.121208873831624	-4.31424888569065	1.60146449785647e-05	7.62565301153233e-05
ENSMUSG00000006456.10	Rbm14	503.064440294162	0.632898441019257	0.146709843085434	4.31394668352757	1.60365636829402e-05	7.63433375513293e-05
ENSMUSG00000030096.8	Slc6a6	5005.06766409444	0.375765979345513	0.0871606328691882	4.31118920292223	1.62378887975647e-05	7.72839871742451e-05
ENSMUSG00000024085.13	Man2a1	3066.77655415713	-0.413030475792845	0.0958074919840761	-4.31104569422915	1.6248432120117e-05	7.73163899894947e-05
ENSMUSG00000040891.6	Foxa3	6.11378821462519	6.07325250103686	1.40913913746751	4.30990264875591	1.63326428662136e-05	7.76992357360965e-05
ENSMUSG00000026558.13	Uck2	2894.90056209635	0.389563597661227	0.0903941605148681	4.30961021643817	1.63542537481757e-05	7.77841678155993e-05
ENSMUSG00000029270.10	Dipk1a	92.7541091861452	0.982175110305163	0.227969089930943	4.30836965924935	1.64462349119135e-05	7.82036794031009e-05
ENSMUSG00000032578.7	Cish	222.985466601666	0.756834695847359	0.175701146803256	4.30751141707024	1.65101576377312e-05	7.84896079337157e-05
ENSMUSG00000028032.13	Papss1	1465.32365358481	0.421078239674854	0.0977616293185567	4.30719334988546	1.65339076810866e-05	7.85844672998418e-05
ENSMUSG00000065999.13	Zfp985	9.22691868985853	5.65807289104856	1.31397079092777	4.30608726625763	1.66167525857593e-05	7.89600922343048e-05
ENSMUSG00000041263.14	Rusc1	143.303421346597	0.814633308005089	0.189187054973477	4.30596748873382	1.66257475429015e-05	7.89847024077386e-05
ENSMUSG00000041287.5	Sox15	11.3314479695461	5.0676451994371	1.17713717321493	4.30505918490081	1.66941098032405e-05	7.92912755432022e-05
ENSMUSG00000045664.5	Cdc42ep2	358.787650424477	-0.653444184031427	0.151798871470389	-4.30467089578391	1.67234155237871e-05	7.94122454523671e-05
ENSMUSG00000023571.4	C1qtnf12	301.931332123422	0.809664815742083	0.188143518424148	4.30344251305426	1.68164496802931e-05	7.98357091588042e-05
ENSMUSG00000107761.1	2010008C14Rik	5.69605351111112	5.95538500215119	1.38403781364385	4.30290628149244	1.68572167758925e-05	8.00108988865394e-05
ENSMUSG00000020190.13	Mknk2	1743.7752505428	0.625402799693549	0.145363943675608	4.30232411064183	1.69015830404483e-05	8.02030874264646e-05
ENSMUSG00000034675.17	Dbn1	1756.66513469286	-0.598885862796495	0.139246352793242	-4.300908790665	1.70099067721798e-05	8.0698615695015e-05
ENSMUSG00000047712.8	Ust	230.150329199601	-0.65166917073389	0.151542191343594	-4.3002490920588	1.70606235967736e-05	8.09206800709479e-05
ENSMUSG00000025477.14	Inpp5a	982.573126107289	-0.456929552446733	0.106278835087897	-4.29934663913878	1.71302365180027e-05	8.12322487253465e-05
ENSMUSG00000073598.3	Smim33	10.792096836219	4.96565943518558	1.15512180256606	4.2988188987123	1.7171070406966e-05	8.14072346206571e-05
ENSMUSG00000039474.13	Wfs1	617.2560520552	-0.659304220835393	0.153424476572661	-4.29725579362266	1.72925605041329e-05	8.19644400904618e-05
ENSMUSG00000034290.9	Nek9	2761.7624872734	-0.356023793384167	0.0828501303997696	-4.29720257127268	1.72967115197263e-05	8.19653460958826e-05
ENSMUSG00000024034.13	Tmprss3	5.78115875394241	5.97117850034169	1.38963995537063	4.29692488134389	1.73183850296854e-05	8.20492679627967e-05
ENSMUSG00000042050.8	Dync2i1	360.922621865808	-0.539241457171563	0.125497142548397	-4.29684251148275	1.73248189161868e-05	8.2059763973479e-05
ENSMUSG00000091594.2	Gm17067	6.16561125086719	6.04790618582146	1.40753891084283	4.29679502231309	1.73285293167823e-05	8.2059763973479e-05
ENSMUSG00000038023.12	Atp6v0a2	1460.81145344163	-0.466799003111017	0.108643208320518	-4.29662387853892	1.73419073210382e-05	8.21043320306885e-05
ENSMUSG00000028289.12	Epha7	628.440589394278	-0.574650716439948	0.133750914403491	-4.2964245814902	1.73574984195718e-05	8.21593550850024e-05
ENSMUSG00000100658.1	F730311O21Rik	13.5448670903947	2.83624403930261	0.660167937206496	4.29624627228064	1.73714589497486e-05	8.22066366714327e-05
ENSMUSG00000030105.8	Arl8b	2233.8386235839	-0.441650879852928	0.102863211832518	-4.29357466080318	1.75819153013725e-05	8.31835576738537e-05
ENSMUSG00000084843.1	B230312C02Rik	11.1051691691543	3.34801080246589	0.779922062556842	4.29275047238696	1.76473296199067e-05	8.34739661340147e-05
ENSMUSG00000028455.15	Stoml2	794.022124816263	0.488205317069115	0.113749213435694	4.29194455349014	1.77115181108044e-05	8.37584449110213e-05
ENSMUSG00000096687.8	Mfsd4b4	165.474835809825	-0.75138478789188	0.175125284546248	-4.29055570038746	1.78226574897243e-05	8.42647755550028e-05
ENSMUSG00000035011.15	Zbtb7a	1158.15449781568	0.565054684095	0.131761081456819	4.28847940414168	1.79900476824714e-05	8.50367656952442e-05
ENSMUSG00000087179.8	5730471H19Rik	102.844869438659	1.1162251774391	0.260291017980782	4.28837378292289	1.79986027337125e-05	8.50577803618982e-05
ENSMUSG00000029059.9	Prxl2b	154.209933666483	-0.763054100544411	0.177951875052892	-4.28798010876599	1.80305235017423e-05	8.51891819133904e-05
ENSMUSG00000027387.11	Zc3h8	61.6429731588959	1.20972299324652	0.282146131768901	4.28757603608534	1.80633435123805e-05	8.53247711918678e-05
ENSMUSG00000021338.17	Carmil1	593.178373021125	-0.512962731319878	0.119697914820557	-4.2854775882176	1.82347031168193e-05	8.61145607609041e-05
ENSMUSG00000042104.18	Uggt2	1161.75703481734	-0.591203850176379	0.137960664668436	-4.2853073489986	1.82486725871926e-05	8.61608745169479e-05
ENSMUSG00000036446.5	Lum	1267.3530185489	0.820442902994455	0.191496598072642	4.28437325389575	1.83255040792726e-05	8.65039016959781e-05
ENSMUSG00000034177.15	Rnf43	158.326240341841	-0.736167938666451	0.171903292815583	-4.28245396937341	1.84843378607254e-05	8.72337686682979e-05
ENSMUSG00000044442.11	N6amt1	293.806903930828	-0.642707989428866	0.150088272162729	-4.28219993586193	1.85054588669659e-05	8.73135384288412e-05
ENSMUSG00000075040.9	Zfp408	423.800492995776	-0.529879499693991	0.123771500486572	-4.28111073721271	1.85962785552383e-05	8.77220532850677e-05
ENSMUSG00000106365.1	Gm43568	5.70045293478309	5.95517293176586	1.3911438276953	4.28077443410847	1.86244058977513e-05	8.7834718085567e-05
ENSMUSG00000028348.7	Cavin4	109.290006342013	-0.933321961947303	0.218221138713906	-4.27695486994462	1.89467194042508e-05	8.93344293732544e-05
ENSMUSG00000036613.8	Eipr1	350.021480151557	0.602044955447164	0.140799337601936	4.2759075838073	1.90360183929807e-05	8.97350363735614e-05
ENSMUSG00000030730.12	Atp2a1	12.1447660622844	3.02202566297972	0.706834784324254	4.27543427403452	1.90765075101566e-05	8.99054255356855e-05
ENSMUSG00000042043.6	Tbca	1048.73832247397	-0.437471016879613	0.102345012579754	-4.27447323374655	1.91589718638277e-05	9.02735166422422e-05
ENSMUSG00000045314.5	Sowahb	8.89081964824966	5.60456253584499	1.31122868902975	4.2742830314307	1.91753328247916e-05	9.0330044183059e-05
ENSMUSG00000027011.14	Ube2e3	761.168834022639	-0.55628935366554	0.130201531049544	-4.27252543945787	1.93271495779714e-05	9.10244980920203e-05
ENSMUSG00000004268.11	Emg1	824.752240705049	0.514724264981173	0.120481116579167	4.27224016174313	1.93518989404662e-05	9.11203266989787e-05
ENSMUSG00000022761.12	Lztr1	1742.20561438031	-0.464816872257991	0.108819359839586	-4.27145383820666	1.94202730547501e-05	9.14084767047249e-05
ENSMUSG00000031633.4	Slc25a4	7615.34033194534	-0.327462760287164	0.0766634099228164	-4.27143484247373	1.94219276557988e-05	9.14084767047249e-05
ENSMUSG00000004151.17	Etv1	339.261587182496	0.707626915980948	0.1656864921519	4.27087873483495	1.9470426300941e-05	9.1615902251234e-05
ENSMUSG00000026255.15	Efhd1	27.0673695332836	1.75897790420715	0.411982783345786	4.26954226077647	1.95874535126616e-05	9.21456136951323e-05
ENSMUSG00000052914.4	Cyp2j6	659.753892198138	0.713807261386555	0.167201342549322	4.26914790577111	1.9622112665793e-05	9.22876869050784e-05
ENSMUSG00000025034.9	Trim8	1061.74116581803	0.599591612051514	0.140457359170546	4.26885152613099	1.964819937353e-05	9.23893863772596e-05
ENSMUSG00000022378.14	Cyrib	1042.76593924658	0.551156707220681	0.12912023475185	4.2685540982784	1.96744115439721e-05	9.24916294682438e-05
ENSMUSG00000039347.7	Atp6v0e2	265.985123192406	0.669137034331713	0.156763231911951	4.26845648798274	1.96830211468206e-05	9.2511093260227e-05
ENSMUSG00000118462.1	Lhb	5.73557638399031	5.97034534276488	1.39923474947243	4.26686468801318	1.9823931374951e-05	9.31522260000252e-05
ENSMUSG00000021848.16	Otx2	5.57719449420812	5.93108150539898	1.39013009956278	4.26656577486123	1.98504988473885e-05	9.32558955156819e-05
ENSMUSG00000027412.12	Lpin3	171.636391234484	0.74623463593209	0.174927354072122	4.26596880682492	1.99036590186111e-05	9.3484419792655e-05
ENSMUSG00000000359.3	Rem1	32.9337994632309	1.64720222628333	0.3863579363071	4.26340983707409	2.01330759765379e-05	9.45405035477218e-05
ENSMUSG00000020773.11	Trim47	561.468228517621	0.628089559806638	0.147328228686016	4.26319901765205	2.01520882280032e-05	9.46083180384301e-05
ENSMUSG00000087095.2	Emx2os	52.185229753085	-1.32583964231214	0.311001035163826	-4.26313578542825	2.01577940087321e-05	9.46136458473347e-05
ENSMUSG00000089999.1	Gm6485	10.4805398132537	4.93893187214339	1.15889339501263	4.26176548541773	2.02818220327841e-05	9.51742086276576e-05
ENSMUSG00000096146.2	Kcnj11	5.7972056042778	5.9823089933812	1.40411612547053	4.26055144931584	2.03923131297365e-05	9.56710084932948e-05
ENSMUSG00000033684.14	Qsox1	6120.99357658353	-0.513644289176305	0.12059372592399	-4.2592952928584	2.0507240848381e-05	9.6188393002637e-05
ENSMUSG00000016128.14	Stard13	455.494159085428	-0.499101811635527	0.117192797396512	-4.25880960880946	2.05518419479506e-05	9.63539244576739e-05
ENSMUSG00000031343.13	Gabra3	19.7378237205692	-2.12759788327667	0.499573248367553	-4.25883069245399	2.05499038888898e-05	9.63539244576739e-05
ENSMUSG00000038172.14	Ttc39b	1482.31952736594	0.45668543706593	0.107239420137481	4.25855936632686	2.05748581307132e-05	9.64399883260037e-05
ENSMUSG00000036880.10	Acaa2	721.934005861156	-0.442185751715724	0.103848778866008	-4.25797738350165	2.06284812512886e-05	9.66694438352778e-05
ENSMUSG00000038181.16	Chpf2	1409.03371895656	-0.593740663971684	0.139462343937655	-4.25735468950034	2.06860027858812e-05	9.69089730557784e-05
ENSMUSG00000044229.9	Nxpe4	176.349741217571	-0.706518623478872	0.165953738318491	-4.25732273727365	2.06889584971972e-05	9.69089730557784e-05
ENSMUSG00000001687.15	Ubl3	877.539504866304	-0.42414931975933	0.099643335382222	-4.25667525211129	2.07489402192322e-05	9.71679442529156e-05
ENSMUSG00000051579.10	Tceal8	1996.57791546587	-0.569899649878231	0.133890920578468	-4.25644731857852	2.07700948967223e-05	9.72450111439167e-05
ENSMUSG00000030409.16	Dmpk	1283.93057069783	-0.788564990879813	0.185335200967058	-4.25480419674821	2.09232029377845e-05	9.79397054747174e-05
ENSMUSG00000078851.4	H2ac25	94.9917617358589	-1.08407853496797	0.254860960923698	-4.25360765744161	2.10353733967543e-05	9.84425037168025e-05
ENSMUSG00000030623.4	Prss23os	29.3334972431539	-1.669674508984	0.39266925223609	-4.25211421438243	2.11761806497742e-05	9.90790604135796e-05
ENSMUSG00000020160.18	Meis1	348.089116872665	-0.643446069801438	0.151359395383122	-4.25111416554447	2.12709700075786e-05	9.95000696467503e-05
ENSMUSG00000118029.1	Gm55328	22.3686329521523	2.00773588865143	0.472326079306292	4.25074112274344	2.13064320986437e-05	9.96434338024913e-05
ENSMUSG00000060487.7	Samd5	936.43496076858	-0.590624335764214	0.138972218052876	-4.24994537785599	2.13822651434691e-05	9.9975492704917e-05
ENSMUSG00000020653.12	Klf11	303.790491529252	0.643847305219039	0.151505932206931	4.249650794793	2.1410403484944e-05	0.000100084449352948
ENSMUSG00000000320.10	Alox12	15.9167911681543	2.42236581836173	0.570280419332941	4.2476748915826	2.16000533614748e-05	0.000100948183456574
ENSMUSG00000024079.4	Eif2ak2	1017.3703384804	-0.536309114102786	0.126278189223878	-4.2470446986848	2.16608757256493e-05	0.000101209586150161
ENSMUSG00000035293.13	G2e3	667.013841829032	0.646375475983892	0.152206545875057	4.24669959013778	2.16942525408066e-05	0.000101342661553183
ENSMUSG00000024764.10	Naa40	703.390180691221	0.481602820606691	0.113462505197901	4.2445988634455	2.189848053457e-05	0.000102273612045366
ENSMUSG00000086924.1	Gm11766	15.742774172519	2.40873384643942	0.567514719872741	4.24435483713894	2.19223225203642e-05	0.000102361866422066
ENSMUSG00000073176.4	Zfp449	204.872540488424	-0.792209324771717	0.186668860582984	-4.24392864614684	2.1964021725936e-05	0.000102533442874413
ENSMUSG00000051444.9	Bbs12	108.950609773307	0.858965855096494	0.202459135697914	4.24266285705251	2.20883140993693e-05	0.000103090420190044
ENSMUSG00000019478.16	Rab4a	379.087631789751	0.604907504700593	0.142601894574474	4.24193175347104	2.21604084898838e-05	0.000103380278416071
ENSMUSG00000022517.17	Mgrn1	1402.31283797199	-0.541934858223863	0.127755759059697	-4.24196030153625	2.21575891577021e-05	0.000103380278416071
ENSMUSG00000020431.5	Adcy1	126.300057541313	-0.836657075442949	0.197282355486047	-4.24091183107414	2.22613576550211e-05	0.000103827814804254
ENSMUSG00000024293.16	Esco1	418.727285762106	0.76810383320739	0.181185115409067	4.23933186494497	2.24186030700413e-05	0.000104537658244376
ENSMUSG00000116617.1	Gm49767	50.5136126756645	3.54254625711507	0.835943069960763	4.23778410805098	2.25736675009557e-05	0.000105237014324838
ENSMUSG00000032911.6	Cspg4	2832.35774894801	-0.538373967811956	0.127081066321817	-4.23646089377777	2.27070446377395e-05	0.000105834973419628
ENSMUSG00000054342.8	Kcnn4	248.280970605498	0.741901860752764	0.175211279469378	4.23432705359833	2.29237122893944e-05	0.00010682078358356
ENSMUSG00000030291.12	Med21	554.774519228976	0.47959786123109	0.113280987643081	4.233701269821	2.29876258240925e-05	0.000107094500772652
ENSMUSG00000043998.10	Mgat2	1503.65536256009	-0.392828004404795	0.0927896290761171	-4.23353351356271	2.30047881721682e-05	0.000107150339868521
ENSMUSG00000039356.15	Exosc2	407.669807487861	0.595307878652228	0.140643048067896	4.23275723066554	2.30843648845797e-05	0.000107496798368035
ENSMUSG00000040661.6	Rad54l2	935.406284715581	0.420737576667129	0.0994058568901759	4.23252301050996	2.31084261734627e-05	0.000107584640882705
ENSMUSG00000027575.19	Arfgap1	1720.66703938005	-0.485375243939122	0.114691896920314	-4.23199246827655	2.31630167296297e-05	0.000107814545375895
ENSMUSG00000027667.13	Zfp639	447.269025515443	-0.484150500696591	0.114418034397271	-4.23141774150369	2.32222921581855e-05	0.000108066147792779
ENSMUSG00000029048.3	Rer1	2224.88030026748	-0.401064766954842	0.0947976790519688	-4.23074458115135	2.32919032496563e-05	0.000108365723840107
ENSMUSG00000021474.9	Sfxn1	1468.70633670072	0.41037888374203	0.0970146473943827	4.23007138369285	2.33617167275096e-05	0.000108666106638814
ENSMUSG00000085645.1	Hoxb5os	34.3286157374914	-1.5848605320464	0.374676120465785	-4.22994806841749	2.33745266118373e-05	0.000108701264061653
ENSMUSG00000040532.14	Abhd11	307.304851798186	0.628329373298452	0.148571668754165	4.22913317570743	2.34593451320148e-05	0.000109071200558754
ENSMUSG00000025610.7	Map3k7cl	14.6280360420298	-2.5644664189529	0.606559264171164	-4.22789094229254	2.35892073562234e-05	0.000109650348768576
ENSMUSG00000018583.5	G3bp1	3580.83108848781	0.346978914975983	0.0820787440582064	4.22739064732669	2.36417008174365e-05	0.000109869682357458
ENSMUSG00000028845.15	Tekt2	53.0715912630171	-1.21433528937837	0.287267061430953	-4.22719988615975	2.36617456927659e-05	0.00010993815355658
ENSMUSG00000025907.14	Rb1cc1	1969.57256125239	-0.541145915719843	0.128075728659427	-4.22520270924113	2.38725790290409e-05	0.000110892844102809
ENSMUSG00000036158.12	Prickle1	521.959463689731	-0.505381369000526	0.119657184215803	-4.22357731641975	2.40454827809284e-05	0.000111670955369629
ENSMUSG00000062929.8	Cfl2	1937.4896601079	-0.503546118575915	0.119250295895559	-4.22259848325178	2.41501818378992e-05	0.000112132035411098
ENSMUSG00000019899.17	Lama2	191.653020360282	-0.667299416455291	0.15804102307241	-4.22231774689002	2.41802902236524e-05	0.000112246653361601
ENSMUSG00000021697.12	Depdc1b	62.5621889933106	1.11670760585186	0.264518302221233	4.22166480154516	2.4250455425831e-05	0.00011254712485634
ENSMUSG00000037279.13	Ovol2	5.88652910156407	6.01422251883341	1.42493286973511	4.22070586381478	2.43538536621725e-05	0.00011300166262123
ENSMUSG00000056133.5	Unc93a2	11.1203175201531	3.35566229393131	0.795076983585765	4.22055016458583	2.43706815862303e-05	0.000113054401199771
ENSMUSG00000034533.10	Scn10a	8.70611315660419	5.56784304485193	1.31931152416181	4.2202640868989	2.44016296128472e-05	0.00011317260393375
ENSMUSG00000062944.4	Zfp696	133.134011021639	-0.781922795039604	0.185309154413641	-4.21955837807247	2.44781335033162e-05	0.000113501990453661
ENSMUSG00000037325.10	Bbs7	254.611823249206	-0.664281685818374	0.157432286027177	-4.21947557633574	2.44871247472445e-05	0.000113518251991761
ENSMUSG00000040525.13	Cblc	10.0031854007517	4.86201565396507	1.15248098627079	4.21873828018424	2.45673246511026e-05	0.000113864543876662
ENSMUSG00000096188.1	Cmtm4	2098.67057523457	0.392309822829531	0.0930050673850028	4.21815535282104	2.46309098028166e-05	0.000114133691965189
ENSMUSG00000026000.16	Lancl1	604.728116040379	-0.536276563738269	0.12713953212961	-4.21801586615541	2.46461480700508e-05	0.000114178741920766
ENSMUSG00000007029.16	Vars1	2178.27845758971	0.540843255875198	0.128231966328085	4.21769447480385	2.46812927208063e-05	0.000114315971812032
ENSMUSG00000106958.1	Gm35960	5.51134701946565	5.89900242212008	1.39871730902493	4.2174372076888	2.47094596358373e-05	0.000114420828859552
ENSMUSG00000027347.18	Rasgrp1	50.5412988543574	1.24956747739447	0.296325064873631	4.21688080259883	2.47704823228679e-05	0.00011467774851287
ENSMUSG00000021322.8	Aoah	13.8951939360474	2.72159687288626	0.645646896808391	4.21530233683435	2.49443788107347e-05	0.000115456998435464
ENSMUSG00000037119.4	Fam91a1	4163.65140500549	0.465249091537161	0.110379855049787	4.21498190342167	2.49798218523234e-05	0.000115595200653083
ENSMUSG00000024892.17	Pcx	587.603138251143	-0.758973058559565	0.180075905638612	-4.21473964475138	2.50066498045003e-05	0.00011569348330428
ENSMUSG00000032633.12	Flcn	768.342281775212	-0.571552438726892	0.135610736521474	-4.21465477872679	2.50160544283738e-05	0.00011571113086322
ENSMUSG00000014856.12	Tmem208	456.22799949057	-0.534515675686277	0.126841011620887	-4.21406033313484	2.50820236676251e-05	0.000115990350289583
ENSMUSG00000049511.5	Htr1b	421.848948311768	-0.659060292331929	0.156427297365207	-4.21320513384078	2.51772206805814e-05	0.000116404576919221
ENSMUSG00000002985.16	Apoe	108.437487003107	-0.941746853840403	0.223528991882841	-4.21308594427877	2.5190515593216e-05	0.000116440036235815
ENSMUSG00000027304.9	Rtf1	1091.14196201668	0.408501670367443	0.096995466440259	4.21155426495161	2.53619610608567e-05	0.00011719481558337
ENSMUSG00000042734.6	Ttc9	274.727518606233	0.647847879350615	0.15382734636299	4.21152606911566	2.53651274850716e-05	0.00011719481558337
ENSMUSG00000020774.9	Aspa	25.6957136538681	1.72210705750962	0.409152995926228	4.20895624535553	2.56553058622112e-05	0.000118509077447424
ENSMUSG00000022721.19	Trmt2a	756.562281736766	0.442490587814681	0.105172474949876	4.20728510977391	2.58456977880973e-05	0.000119361913992821
ENSMUSG00000024975.13	Pdcd4	807.597371102592	-0.493491353136636	0.117296503068544	-4.20721283436947	2.58539623428395e-05	0.000119373447810492
ENSMUSG00000019487.11	Trip10	1058.71492569819	0.467440628793783	0.111112016448162	4.20693138092641	2.58861699659512e-05	0.000119495502258078
ENSMUSG00000022978.11	Mis18a	179.024475732135	0.713103550736234	0.169559048812109	4.20563547467428	2.60349576714844e-05	0.000120155538203357
ENSMUSG00000003420.8	Fcgrt	503.332253505709	-0.777237834335199	0.184840675153272	-4.20490692154583	2.61189623019593e-05	0.000120514133182768
ENSMUSG00000025505.16	Tmem80	211.323160821676	-0.732294026895044	0.174154170751832	-4.20486069172904	2.61243014440833e-05	0.000120514133182768
ENSMUSG00000029710.15	Ephb4	1262.24053335276	0.434486295585573	0.103340059322637	4.20443241888478	2.61738126093632e-05	0.000120715629946793
ENSMUSG00000032766.9	Gng11	184.297480027091	-0.707891096072447	0.168370864604409	-4.20435624498129	2.6182628157633e-05	0.000120729387443717
ENSMUSG00000026797.16	Stxbp1	899.424868805919	-0.466274043023165	0.110941041381523	-4.20289946098184	2.63517650468225e-05	0.00012148222376485
ENSMUSG00000032724.5	Abtb2	501.53615260362	0.594181399675096	0.141450812669751	4.20062202867897	2.6618265182208e-05	0.000122683471611339
ENSMUSG00000087230.10	Mroh3	8.42170174088322	5.53004746516582	1.31660920901822	4.20021934169024	2.666565259449e-05	0.0001228535010971
ENSMUSG00000087278.1	A930006I01Rik	5.49227042059381	5.89492062562767	1.40348313195779	4.20020767716997	2.66670264471362e-05	0.0001228535010971
ENSMUSG00000030279.15	C2cd5	417.245113675302	0.49710170521196	0.118363078374058	4.19980379051136	2.67146379432892e-05	0.00012304545856434
ENSMUSG00000073418.4	C4b	94.4167170638383	-1.01090005341716	0.240860830168205	-4.19702968187563	2.70438501258201e-05	0.000124534072025439
ENSMUSG00000026154.4	Sdhaf4	200.801624884006	-0.649042217272898	0.154658347511881	-4.19661937240753	2.70928691103416e-05	0.000124711640758643
ENSMUSG00000030583.16	Sipa1l3	1287.1500479891	0.599266226781219	0.142797827173889	4.19660605935884	2.70944610122044e-05	0.000124711640758643
ENSMUSG00000005501.14	Usp40	868.707482229439	-0.426220005545485	0.101572806296755	-4.19620192731743	2.71428272721205e-05	0.000124906487706897
ENSMUSG00000039787.13	Cercam	736.077989803394	-0.490776266794437	0.11695928234255	-4.19612925938665	2.71515328265026e-05	0.000124918777056185
ENSMUSG00000028282.12	Casp8ap2	610.643207355851	0.662648174442597	0.157922216542282	4.19604150037485	2.71620498184478e-05	0.000124939393153789
ENSMUSG00000020415.16	Pttg1	250.428686495017	0.657886645260412	0.156891866262546	4.19324889768021	2.74987438000478e-05	0.00012646000842417
ENSMUSG00000026623.16	Lpgat1	2211.92191373973	-0.44833244815797	0.106931180958381	-4.19271950557121	2.75630165179006e-05	0.00012672742756642
ENSMUSG00000105139.1	Gm19391	27.9295000646368	-1.69839371453485	0.405131997223673	-4.1921984098362	2.7626421461627e-05	0.000126990739026031
ENSMUSG00000041343.19	Ankrd42	104.245814797781	-0.859913092633185	0.205124849459138	-4.19214490541032	2.76329395210825e-05	0.000126992498922488
ENSMUSG00000026930.15	Gpsm1	485.389960280127	-0.589523169230601	0.140664619428432	-4.1909839988622	2.77747249802871e-05	0.000127615767451046
ENSMUSG00000027639.16	Samhd1	1386.17242036505	-0.383492043840822	0.0915428385807008	-4.1892085693055	2.79929027837071e-05	0.000128589679254317
ENSMUSG00000091421.3	Gm4202	267.590265207948	0.613365224377983	0.146426461906571	4.18889602597479	2.80314786762306e-05	0.000128738313095029
ENSMUSG00000091553.1	Serpina3e-ps	133.265211956551	-1.25928320580151	0.300634333770551	-4.18875379271425	2.80490506506344e-05	0.000128790439089947
ENSMUSG00000021396.5	Nxnl2	13.7821460637294	2.87111962370894	0.685587796427245	4.18782195171939	2.81644327320474e-05	0.000129291548707174
ENSMUSG00000031516.11	Dctn6	795.348315707204	-0.420181396269264	0.100351997906559	-4.18707554443019	2.82571794408806e-05	0.000129688549278667
ENSMUSG00000060284.7	Sp7	30.4874150349003	-1.59698300013623	0.381584588182092	-4.18513495983793	2.84996723504265e-05	0.000130772493456324
ENSMUSG00000042185.14	Nfrkb	543.876197645419	0.507905808344741	0.121382900013794	4.18432751472424	2.86011513313836e-05	0.000131209049514253
ENSMUSG00000018507.16	Trpv2	61.0340972131719	-1.09176772783835	0.260936457204014	-4.18403675567936	2.86377777138787e-05	0.000131347963859866
ENSMUSG00000038696.14	Mapkap1	1143.36401922783	-0.392970929699414	0.0939695156629052	-4.18189800093373	2.89085662131582e-05	0.000132560569793124
ENSMUSG00000010154.7	Spire2	124.887345678366	0.901009056019514	0.215504603315915	4.18092719206883	2.90322822022349e-05	0.00013309838522792
ENSMUSG00000030413.7	Pglyrp1	13.4404314622062	2.66653177684943	0.637854926578275	4.18046747895143	2.90910416294253e-05	0.000133338235316093
ENSMUSG00000041966.18	Dcaf17	385.206424609013	0.730062753147943	0.174657019474937	4.1799794554075	2.91535433210581e-05	0.000133595128005885
ENSMUSG00000041797.7	Abca9	63.3362453827767	-1.24141480216494	0.296998406959996	-4.17987023860417	2.91675483013197e-05	0.000133629721622181
ENSMUSG00000029992.14	Gfpt1	2295.82681376176	-0.350089718208495	0.0837652329595714	-4.17941556227108	2.92259206613464e-05	0.000133867521967075
ENSMUSG00000020528.14	Prpsap2	282.559471219507	0.613256228539513	0.14678786807702	4.17784001207604	2.94290535436439e-05	0.000134764271230345
ENSMUSG00000026939.12	Tmem141	87.2610560579548	-0.916988432214477	0.219491297621745	-4.17778947115593	2.94355918569493e-05	0.000134764271230345
ENSMUSG00000032119.5	Hinfp	450.786988432686	0.580371783097244	0.138919838151529	4.1777458915853	2.94412307118035e-05	0.000134764271230345
ENSMUSG00000021782.14	Dlg5	3596.50075417247	0.385260051702797	0.0922223692844794	4.17751197124833	2.94715157207743e-05	0.000134843259041624
ENSMUSG00000079197.10	Psme2	602.010759657343	-0.541108135557818	0.129527487734304	-4.17755447143217	2.94660111410584e-05	0.000134843259041624
ENSMUSG00000030905.5	Crym	24.6574815591863	1.81622889637822	0.434873418419248	4.17645415758028	2.96088379789008e-05	0.000135441621508346
ENSMUSG00000040451.18	Sgms1	1096.88957053145	-0.406010368471859	0.0972166768035174	-4.17634485997128	2.96230612868723e-05	0.000135476744493365
ENSMUSG00000029022.18	Miip	349.513190197685	0.579259647568628	0.138709367993335	4.1760672400761	2.96592182080534e-05	0.000135612139979788
ENSMUSG00000005357.9	Slc1a6	87.6406247650368	-1.03290263149234	0.247366114876492	-4.17560275791235	2.97198056875889e-05	0.000135859155902695
ENSMUSG00000073411.12	H2-D1	2873.95519267478	-0.392491966331975	0.0940548555086284	-4.17301120935716	3.00600146416479e-05	0.000137384023640422
ENSMUSG00000031196.13	F8	81.0413939718709	-1.35151686467988	0.32390143564304	-4.17261770389107	3.01119951467424e-05	0.000137563259517429
ENSMUSG00000038417.4	Fig4	949.536906357714	0.492661541867139	0.11807167193935	4.17256344197621	3.01191696281457e-05	0.000137563259517429
ENSMUSG00000072964.14	Bhlhb9	556.721009629795	0.741157043096446	0.177626059772319	4.17256929555529	3.01183955928783e-05	0.000137563259517429
ENSMUSG00000034126.5	Pomt2	572.999160430616	-0.507600561837709	0.121699211555267	-4.17094371730743	3.03340783118738e-05	0.000138514248175044
ENSMUSG00000056749.7	Nfil3	477.627791510508	-0.530902575728968	0.127298764419432	-4.17052418497729	3.03899799560306e-05	0.000138738904964684
ENSMUSG00000020099.8	Unc5b	2284.54137495969	-0.519081125226546	0.124470480199041	-4.170315117259	3.04178742495178e-05	0.000138835629347468
ENSMUSG00000097754.1	Ptgs2os2	84.1673491935857	-1.05401399114078	0.252797893116341	-4.16939389069872	3.05410764871384e-05	0.000139367227118006
ENSMUSG00000100247.1	A530053M12Rik	5.5994820108334	5.90994339997149	1.41831646911734	4.16687215346898	3.0880756874957e-05	0.000140886221413871
ENSMUSG00000037826.5	Ppm1k	133.74047117389	0.825278430962599	0.198092778541522	4.16612072907854	3.09826667257024e-05	0.000141320012903331
ENSMUSG00000036707.16	Cab39	2497.7693946362	0.424415432923917	0.101917008756043	4.16432387590802	3.12276573364879e-05	0.000142406098085033
ENSMUSG00000038615.17	Nfe2l1	6617.35750863428	-0.322739580583036	0.0775047708518286	-4.1641253439745	3.12548386739062e-05	0.000142498657645635
ENSMUSG00000038608.15	Dock10	20.1759026440148	-1.99870608774773	0.479999371802705	-4.16397646572183	3.1275236592137e-05	0.000142560255939362
ENSMUSG00000071984.11	Fndc1	482.67939769474	-0.874856211289357	0.210144701044393	-4.1631133544716	3.1393741564196e-05	0.000143068924843085
ENSMUSG00000061981.14	Flot2	1439.74715541509	-0.594981161164616	0.143002043305387	-4.16064796986157	3.17345927031901e-05	0.000144590432393425
ENSMUSG00000047414.6	Flrt2	6188.63782559959	-0.424025134575692	0.101951234824519	-4.15909758528707	3.19507384833568e-05	0.00014554320771721
ENSMUSG00000081752.3	Sms-ps	80.6202745782415	1.03019154017048	0.247708693482067	4.15888326602093	3.19807274662786e-05	0.00014564776189758
ENSMUSG00000046714.7	Foxc2	153.757643929212	-0.879449740545525	0.211548359235152	-4.15720426159368	3.221659212552e-05	0.000146689670128935
ENSMUSG00000057596.13	Trim30d	40.6500489190393	-1.44310572706803	0.347287816920856	-4.15535949364126	3.24776482677391e-05	0.000147845797557495
ENSMUSG00000042078.14	Svop	38.1683129757782	-1.6111572558176	0.387767014505867	-4.15496211783434	3.253414404081e-05	0.00014807041501775
ENSMUSG00000029146.14	Snx17	1345.04092048344	-0.481961437559287	0.116021933726513	-4.15405451434182	3.26635303289037e-05	0.00014862660239129
ENSMUSG00000026473.16	Glul	653.3034984442	0.458666479929596	0.110448795845544	4.15275219995167	3.28500400966834e-05	0.000149442413178297
ENSMUSG00000020876.14	Snx11	363.687184071378	-0.53332837141196	0.128442762608706	-4.15226487331729	3.29200919072396e-05	0.000149728187736311
ENSMUSG00000035232.8	Pdk3	615.254498746013	-0.441224515765663	0.106268177045572	-4.15199101021981	3.29595212031864e-05	0.000149874589056405
ENSMUSG00000016554.9	Eif3d	1744.22512955414	0.430569879762502	0.103704647000462	4.15188607469618	3.29746411250734e-05	0.000149910409981967
ENSMUSG00000049504.12	Proser1	404.014767451161	0.501416917938673	0.120771432504676	4.15178413917762	3.29893350920253e-05	0.000149944279110635
ENSMUSG00000032673.5	Prorsd1	193.807171293477	-0.710884022147939	0.17123321519348	-4.151554482842	3.30224627634085e-05	0.000150061900491722
ENSMUSG00000040354.14	Mars1	1953.17090042249	0.402802806246577	0.0970494894460414	4.15048866867591	3.31766193519696e-05	0.000150729333618617
ENSMUSG00000022505.9	Emp2	2878.75674179106	0.365083617308467	0.087980256066107	4.14960848754689	3.33044415939736e-05	0.000151276856825468
ENSMUSG00000078532.9	Nkain1	307.046003437924	-0.588414520630706	0.141874572941892	-4.14742760756506	3.36231733564558e-05	0.000152691106912084
ENSMUSG00000025651.14	Uqcrc1	2646.27425596507	0.485608502049007	0.117120843848758	4.14621758255165	3.3801263956102e-05	0.000153466190530238
ENSMUSG00000040896.16	Kcnd3	27.6995562570396	2.12538416097738	0.512657120436383	4.14582003497428	3.38599699991817e-05	0.000153699017327426
ENSMUSG00000029427.11	Zcchc8	574.165073514775	0.465486923967278	0.112315330971212	4.14446469544385	3.40608423887916e-05	0.000154576929753475
ENSMUSG00000023990.18	Tfeb	208.97502921962	0.997373470142604	0.240675255225105	4.14406320753563	3.41205631429951e-05	0.000154814015014655
ENSMUSG00000039182.6	AW209491	313.74285090401	0.577396248749734	0.139356820804185	4.14329377936265	3.42352925304909e-05	0.000155300530372262
ENSMUSG00000035778.17	Ggta1	1427.46446008937	-0.448231369994337	0.108219598588029	-4.14186871733527	3.44487518372791e-05	0.000156234599973672
ENSMUSG00000042138.9	Msantd2	334.363290247605	0.589014894907034	0.142226367485929	4.14139027325793	3.45207007251007e-05	0.000156526612115851
ENSMUSG00000029145.12	Eif2b4	424.748733078182	0.576312877974571	0.139166485570458	4.14117576952671	3.45530043212155e-05	0.000156638772764967
ENSMUSG00000020464.15	Pnpt1	677.026728177249	0.614908885413667	0.148510162023972	4.14051723487051	3.46523570554167e-05	0.00015705477089776
ENSMUSG00000026568.6	Mpc2	437.904496191576	-0.518533266725253	0.125238802080695	-4.14035632815418	3.46766741690756e-05	0.000157130577632595
ENSMUSG00000032656.14	Marchf3	78.2927130001124	-1.01118213327114	0.244308026640185	-4.13896402495363	3.4887764610654e-05	0.000158052492815917
ENSMUSG00000036241.3	Ube2r2	2811.70711562222	-0.353380767411096	0.0853985078011834	-4.13802040000281	3.50315230544857e-05	0.000158669036259256
ENSMUSG00000035469.17	Rcbtb1	1195.21255654883	-0.371790211574283	0.0898763027260243	-4.13668787319428	3.52354879233953e-05	0.000159557944547442
ENSMUSG00000026274.11	Pask	242.438781277071	0.66361787098373	0.160434389203447	4.13638169645908	3.52825123168838e-05	0.00015973594104269
ENSMUSG00000036503.13	Rnf13	1508.47212738454	-0.528516749220614	0.127786516895501	-4.13593516797094	3.53511995930525e-05	0.000160011913487119
ENSMUSG00000037710.8	Cisd1	417.806296187969	0.542196361780583	0.131101041884746	4.13571359911268	3.53853295570226e-05	0.000160131380957764
ENSMUSG00000050150.16	Slc9b1	9.38298272722644	4.14371907403834	1.00200828918136	4.13541396690815	3.54315339935635e-05	0.000160305425602792
ENSMUSG00000024301.10	Kifc5b	122.256346956797	0.860700629091345	0.208206231193386	4.13388506269973	3.56681902617113e-05	0.00016134088073146
ENSMUSG00000027386.9	Fbln7	38.7409199351769	-1.41159970248414	0.341492910619822	-4.13361349119088	3.5710382991339e-05	0.000161496442547023
ENSMUSG00000032959.12	Pebp1	1431.10481727023	-0.506661729206319	0.12262685120209	-4.13173562102918	3.60034379947694e-05	0.000162786186774516
ENSMUSG00000040046.14	Tph1	11.0099127893827	3.08090417690904	0.74577853325633	4.13112477702561	3.60992557538767e-05	0.000163183772624917
ENSMUSG00000022843.17	Clcn2	420.711914366248	0.57816201905026	0.139960679366184	4.13088891586183	3.613631798877e-05	0.00016331564324226
ENSMUSG00000041658.12	Rragb	86.2702002620863	-0.972313893832442	0.235432700853515	-4.12990162499734	3.62918492464079e-05	0.000163982752139576
ENSMUSG00000020614.13	Fam20a	557.678573604454	-0.600307172579498	0.145400418632036	-4.12864817190582	3.64902257738334e-05	0.00016484312162649
ENSMUSG00000024207.8	Acsbg2	5.11084767220549	5.8050215790952	1.40664132265033	4.12686694583779	3.67739015698072e-05	0.000166088367574392
ENSMUSG00000115969.1	Gm46519	8.29981297544377	5.51787547254771	1.33732720501684	4.12604742642486	3.69051193001276e-05	0.000166644647555266
ENSMUSG00000022131.3	Gpr180	556.851694555059	-0.545689566587511	0.132265119788698	-4.1257254177011	3.6956799423633e-05	0.000166841612054477
ENSMUSG00000028164.15	Manba	441.560789902766	-0.526279395360179	0.127635575389749	-4.12329708040356	3.73487490788835e-05	0.000168574303790626
ENSMUSG00000035337.3	Uchl4	62.3824156796135	1.13595262341443	0.27553075836715	4.12277972211274	3.7432762530904e-05	0.000168916667021404
ENSMUSG00000021427.10	Ssr1	5980.60761569125	-0.394857223218022	0.0958303572242254	-4.12037724428105	3.78252556822541e-05	0.00017057624561372
ENSMUSG00000071652.8	Ints5	482.400982485145	0.539861855590079	0.131020986033053	4.12042278062148	3.78177802159855e-05	0.00017057624561372
ENSMUSG00000117110.1	Gm49808	5.09177107333365	5.80049428272302	1.4077507941875	4.12039851561286	3.78217635027956e-05	0.00017057624561372
ENSMUSG00000040428.19	Plekha4	98.3716410135691	-1.01450045594504	0.246255760614952	-4.11970243218524	3.79362006586935e-05	0.000171039298068895
ENSMUSG00000034601.17	2700049A03Rik	319.354569884271	0.65970435453507	0.160137781040973	4.11960469444919	3.79522951799664e-05	0.000171074598852379
ENSMUSG00000028411.15	Aptx	291.834107169162	-0.554858436810689	0.134693687910064	-4.11940934590172	3.798448274803e-05	0.000171182409841383
ENSMUSG00000020411.2	Nipal4	45.3496704839844	-1.26144595512828	0.306249721300415	-4.11901094888138	3.80502069323052e-05	0.000171441278470132
ENSMUSG00000000811.13	Txnrd3	257.196305524661	0.680329582208923	0.165171209208132	4.1189356515011	3.80626409832136e-05	0.000171459979480204
ENSMUSG00000030286.6	Emc3	1542.06199313538	-0.363695641931833	0.0883062644182633	-4.11857125117631	3.81228698694409e-05	0.000171693925898076
ENSMUSG00000029810.15	Tmem176b	1297.30855138159	-0.600945366222614	0.14596128431789	-4.11715592275697	3.8357657611181e-05	0.000172713760037815
ENSMUSG00000090000.2	Ier3ip1	615.317905450194	-0.547004894250971	0.132886826149491	-4.1163214601545	3.84967284715372e-05	0.000173302258075761
ENSMUSG00000040345.10	Arhgap9	8.01395439063163	5.45994924952245	1.32709808912807	4.11420172649767	3.88521568085252e-05	0.000174864273489816
ENSMUSG00000040043.17	Rbms2	1959.28390793948	-0.415603604853279	0.101022729861506	-4.11396133744393	3.88926603416087e-05	0.000175008516611078
ENSMUSG00000027374.12	Mrps5	426.601019256406	0.503833096154299	0.122478300909551	4.11365190742134	3.89448556960095e-05	0.000175205296251185
ENSMUSG00000028603.15	Scp2	980.89735913061	-0.42384894985402	0.103040491463719	-4.1134212757832	3.8983802398709e-05	0.000175342400228352
ENSMUSG00000024013.15	Fgd2	7.97857227825176	5.44844105585953	1.32465441479243	4.11310376126537	3.90374814738181e-05	0.000175524844776965
ENSMUSG00000075028.12	Prdm11	103.242002351311	-0.978386560483606	0.237871938412117	-4.11308104274383	3.90413249602951e-05	0.000175524844776965
ENSMUSG00000037966.15	Ninj1	447.034087491484	-0.666297875568339	0.162005145711693	-4.11281921102737	3.90856472007307e-05	0.00017568595253158
ENSMUSG00000024516.13	Sec11c	323.774689022296	-0.631380202821205	0.153577033661097	-4.11116289831779	3.93671323468631e-05	0.000176912781686435
ENSMUSG00000071657.12	Bscl2	683.650285865178	-0.681335365283082	0.165730710884452	-4.1110990331666	3.93780244589781e-05	0.000176923318488471
ENSMUSG00000059323.14	Tonsl	229.998703250195	0.66414038960903	0.161604942892286	4.1096539358434	3.96252497022607e-05	0.000177995452167338
ENSMUSG00000021003.10	Galc	366.1718666779	-0.511504708472969	0.124473508150829	-4.10934596503185	3.96781269992656e-05	0.00017819430478581
ENSMUSG00000049047.11	Armcx3	336.370228178302	-0.587789601135807	0.143049283467859	-4.10900066666795	3.97374929119775e-05	0.000178422205159441
ENSMUSG00000030876.7	Mettl9	1025.7826695521	-0.461763965866537	0.112382677136485	-4.10885358519927	3.97628056948371e-05	0.0001784971405503
ENSMUSG00000040033.16	Stat2	471.251716759968	-0.507184225637605	0.123469090119466	-4.10778296938015	3.99475207591222e-05	0.000179287452773866
ENSMUSG00000029128.12	Rab28	649.090875553675	-0.438710978862882	0.106805608815795	-4.10756498396554	3.99852297806458e-05	0.000179417791291911
ENSMUSG00000030847.8	Bag3	1583.38520841007	-0.387069417977231	0.0942486090820708	-4.106897934591	4.01008317692425e-05	0.00017989751122487
ENSMUSG00000023027.13	Atf1	739.385607318909	-0.436709174094227	0.106347087622587	-4.10645165614744	4.01783503911883e-05	0.000180206213379676
ENSMUSG00000096351.2	Samd11	17.1517703764862	2.36379163348868	0.575731230017764	4.10572070828214	4.03056234119798e-05	0.000180737889732359
ENSMUSG00000020898.18	Ctc1	970.17793216883	0.444606092691693	0.108306702195335	4.10506537157627	4.04200561674739e-05	0.000181211770112745
ENSMUSG00000109299.1	Gm45164	5.14175286695773	5.80081635764574	1.41345557408497	4.1039962373073	4.06074069354393e-05	0.000182012281541069
ENSMUSG00000016541.10	Atxn10	3708.54539412075	-0.33593108205435	0.0818566080063942	-4.10389692702767	4.06248514325107e-05	0.000182035999498815
ENSMUSG00000022749.8	Tbc1d23	938.480676813052	-0.430650198140337	0.104937685413954	-4.10386598905363	4.0630287341636e-05	0.000182035999498815
ENSMUSG00000059854.8	Hydin	8.22004989956574	5.48338880160467	1.33639192794772	4.1031292444466	4.07599400291623e-05	0.000182577363917687
ENSMUSG00000040331.16	Nsmce4a	621.475256054864	0.524996923388617	0.127953105292641	4.10304167443143	4.0775376723655e-05	0.00018260699325031
ENSMUSG00000045248.6	Med26	173.243341140722	0.733535656390313	0.178865349130402	4.1010495322687	4.11280504282587e-05	0.000184146553280235
ENSMUSG00000070902.5	Zfp352	5.17687631616495	5.81790047028935	1.41884872827847	4.10043745632304	4.12369876685481e-05	0.000184594378838944
ENSMUSG00000016150.15	Tenm1	27.5901030725524	-1.83916242873443	0.448611858417243	-4.09967412636666	4.13732287464387e-05	0.000185164207961629
ENSMUSG00000014551.8	Mrps25	449.629773807613	0.587755001860662	0.143455257067645	4.09713114649755	4.18301942697934e-05	0.000187168869690976
ENSMUSG00000045903.9	Npas4	36.2200420217845	-1.58293031949761	0.386400006616641	-4.09661048755643	4.19243437809344e-05	0.000187549598426964
ENSMUSG00000028567.8	Txndc12	1014.65180750091	-0.439355966815265	0.107256966216757	-4.09629306433454	4.19818412761015e-05	0.000187766234350481
ENSMUSG00000032393.15	Dpp8	2508.37382525842	-0.458286553413271	0.111898098796954	-4.09557050870773	4.21130028666592e-05	0.000188312172464243
ENSMUSG00000026918.16	Brd3	1262.14721418714	0.377668798496452	0.0922388406108815	4.0944660188183	4.23142465052746e-05	0.000189171185402306
ENSMUSG00000029095.17	Ablim2	34.2949667328715	1.50771064310229	0.368264669583417	4.09409527340165	4.23820024791143e-05	0.000189433182749986
ENSMUSG00000035614.11	Togaram1	1001.67863191676	0.44485840750967	0.108694799475588	4.09272945583364	4.26325030593562e-05	0.000190511697069433
ENSMUSG00000020564.17	Atxn7l1	213.754953465516	-0.692043290892702	0.169140330725563	-4.09153327254379	4.28530446924604e-05	0.000191455897278057
ENSMUSG00000010136.14	Cimap3	5.25621246018876	5.82866289655394	1.42468637242843	4.09119018006662	4.29165004949237e-05	0.000191656665317028
ENSMUSG00000050747.14	Trim15	18.0223264553148	2.25100365719192	0.550205215931519	4.09120741136719	4.2913311398372e-05	0.000191656665317028
ENSMUSG00000034354.17	Mtmr3	1710.64413440875	-0.398412517008006	0.0974596192743247	-4.08797530684553	4.35154458652996e-05	0.000194289519837325
ENSMUSG00000031358.17	Msl3	728.631698524462	-0.429256645439395	0.105029505511072	-4.08701005827496	4.36968181926098e-05	0.000195015187531011
ENSMUSG00000040234.16	Tm7sf3	1169.36900955903	-0.381471742264333	0.0933365151430075	-4.08705790739941	4.36878103701748e-05	0.000195015187531011
ENSMUSG00000037089.11	Slc35b2	1068.32235918804	-0.577807841664762	0.141379603539604	-4.08692503868074	4.37128278769435e-05	0.000195044583794967
ENSMUSG00000028519.16	Dab1	9.66261354628411	4.18395423860429	1.02389319341877	4.08631902770454	4.38271045476263e-05	0.000195512335567094
ENSMUSG00000027230.9	Creb3l1	1083.42541741752	-0.642477282618514	0.157242845230488	-4.0858919951287	4.39078010489889e-05	0.000195830117197376
ENSMUSG00000020108.4	Ddit4	1169.61238930202	0.465522677410946	0.113953702043998	4.08519134579063	4.40405084095734e-05	0.000196379681940922
ENSMUSG00000037366.14	Pafah2	619.350136439031	-0.452110587630703	0.110685615093645	-4.08463726066118	4.41457248991303e-05	0.000196806452657139
ENSMUSG00000035878.13	Hykk	132.453732447148	-0.77197553380387	0.189005124481608	-4.08441589042201	4.4187828020316e-05	0.000196951733891585
ENSMUSG00000052187.4	Hbb-y	12.228492648524	3.49119385142994	0.854854693253882	4.08396172938024	4.42743256314261e-05	0.000197294782829901
ENSMUSG00000067377.12	Tspan6	561.577660345065	-0.484282566429744	0.118594549262971	-4.08351454126191	4.4359652110607e-05	0.000197632466430791
ENSMUSG00000111979.1	Gm47522	4.99941782751092	5.76924449109303	1.41325275460898	4.08224535369065	4.46026719083961e-05	0.000198672413563996
ENSMUSG00000085586.1	Gm11613	93.430558907611	-0.919702350372103	0.225330296168296	-4.08157432006032	4.47316689560147e-05	0.000199204134191168
ENSMUSG00000031166.13	Wdr13	802.011950893311	-0.416951753575196	0.102209267667646	-4.07939282894579	4.51534801676599e-05	0.000201039338780467
ENSMUSG00000063524.13	Eno1	11008.0426656171	0.456943789293738	0.112018326200017	4.07918779716304	4.51933182871306e-05	0.000201173439833401
ENSMUSG00000031485.15	Plpbp	1085.91648324815	-0.387682404564582	0.095045391804947	-4.0789184746609	4.52456988866724e-05	0.000201363302785472
ENSMUSG00000091618.3	H60c	21.3133992039711	2.52373381285694	0.618744066293396	4.07880083275052	4.52685971541296e-05	0.000201421902943536
ENSMUSG00000029777.10	Gars1	5699.35880080344	0.345547009399979	0.0847237057695472	4.07851623416809	4.53240379642609e-05	0.000201625244320275
ENSMUSG00000037190.12	Cyb561d2	175.768742778256	-0.712802498475547	0.174844155186477	-4.07678768395386	4.56621513946095e-05	0.000203085705139025
ENSMUSG00000024209.9	Acsbg3	11.9471955501496	2.99337208647845	0.734402370477434	4.07592922736954	4.58309576068482e-05	0.000203792694200677
ENSMUSG00000031432.3	Prps1	554.097494426365	0.496117092656078	0.121746900098117	4.07498747201162	4.60168242899162e-05	0.000204575224651412
ENSMUSG00000030298.10	Sec13	2686.24282891543	-0.348667179732475	0.0855823485638647	-4.07405482068872	4.62015985049975e-05	0.000205352563335826
ENSMUSG00000002015.5	Bcap31	2519.74743316226	-0.377828643883669	0.0927647764768109	-4.07297530629115	4.64163472645021e-05	0.00020626276771746
ENSMUSG00000002825.8	Qtrt1	283.157873058348	0.613352671132865	0.150605817780628	4.07256957381467	4.64973044447921e-05	0.000206578172290782
ENSMUSG00000113789.1	Gm47322	14.5254650042495	2.39524673481551	0.588193063949563	4.0722117985072	4.6568803641566e-05	0.000206851430595874
ENSMUSG00000046637.3	Ttc34	12.440012880744	2.69301562124737	0.66144345603495	4.07142227604876	4.67269539054235e-05	0.000207509379722884
ENSMUSG00000021243.14	Fcf1	464.79987533134	0.465159622441479	0.114264537103123	4.07090103574023	4.68316431795363e-05	0.000207929683005839
ENSMUSG00000033762.8	Recql4	111.671497366409	0.884149005440147	0.21719152065128	4.07082653498119	4.68466245470646e-05	0.000207951593716425
ENSMUSG00000026024.14	Als2	445.252516039267	0.503386686671382	0.123674191537082	4.07026462364581	4.69597658545002e-05	0.000208409132380424
ENSMUSG00000016087.13	Fli1	30.4362211901313	-1.56648310381868	0.38513808112872	-4.06732852598687	4.75551777228469e-05	0.000211006350200473
ENSMUSG00000057715.13	A830018L16Rik	20.7296717320589	-1.96710422211072	0.483701767391264	-4.06677079705507	4.76690856780942e-05	0.000211466439016475
ENSMUSG00000006307.16	Kmt2b	1465.42579907674	0.435649519209709	0.10713124179949	4.06650302836108	4.77238653737776e-05	0.000211664086002104
ENSMUSG00000024622.8	Hmgxb3	828.316419477203	0.427051109673763	0.105018554921267	4.06643483138693	4.77378265359931e-05	0.00021168064941485
ENSMUSG00000030316.13	Tamm41	207.409822899869	0.640253389957179	0.157498912969218	4.0651289452538	4.8005913378363e-05	0.000212823816881288
ENSMUSG00000050435.2	Ube2dnl1	5.27528905906059	5.83375017588888	1.43519677061659	4.0647737615676	4.80790759765551e-05	0.000213102525404435
ENSMUSG00000005312.15	Ubqln1	2762.106935984	0.318550222132809	0.0783716298175385	4.06461142730404	4.81125496266328e-05	0.000213205237576894
ENSMUSG00000059714.13	Flot1	1204.07403386123	-0.600005816540145	0.14762516240075	-4.06438717345042	4.81588275653867e-05	0.00021336463436985
ENSMUSG00000035378.17	Shq1	191.664361807836	0.734686694349227	0.180790064895386	4.06375590812665	4.82893247555527e-05	0.000213897011152404
ENSMUSG00000022554.7	Hgh1	185.935169529049	0.875919565805432	0.215555216760622	4.06355076424875	4.83318048802149e-05	0.000214039372960113
ENSMUSG00000035666.14	Gtf3c4	1032.08578931746	0.397610785817912	0.0978557621559067	4.06323324307083	4.83976253724528e-05	0.000214285015526075
ENSMUSG00000053094.15	Tmem248	1307.8208281525	0.392502384111088	0.0966630432456102	4.06052169404373	4.89631872649582e-05	0.000216742731650421
ENSMUSG00000085133.2	NA	332.220511549071	-0.55742789049264	0.137300948230836	-4.05989833045776	4.90940882841491e-05	0.000217275718065769
ENSMUSG00000026104.14	Stat1	212.059035157424	-0.668114428308579	0.164572740427852	-4.05969072746576	4.91377567269682e-05	0.000217376026178994
ENSMUSG00000036782.13	Klhl13	342.57639808658	-0.549374763202632	0.135322661230544	-4.05973957507888	4.9127478519346e-05	0.000217376026178994
ENSMUSG00000022210.7	Dhrs4	328.973212554158	-0.585726174651449	0.144282167862778	-4.05958812047038	4.91593532842809e-05	0.000217425096929771
ENSMUSG00000111291.1	Gm48604	44.798354293065	1.26645590728286	0.311982191735387	4.05938524964601	4.92020796982516e-05	0.00021756758121643
ENSMUSG00000075590.4	Nrbp2	501.848312310322	-0.548083075361725	0.135023899272962	-4.05915603321254	4.92503970899101e-05	0.000217734722205051
ENSMUSG00000043671.14	Dpy19l3	890.772689050105	-0.446451066475255	0.110024890372589	-4.05772789196509	4.9552454986642e-05	0.000219023332429747
ENSMUSG00000022234.15	Cct5	6104.87194289596	0.390985633452577	0.0963772200638582	4.0568262209007	4.97440656797853e-05	0.000219823316717736
ENSMUSG00000009291.13	Pttg1ip	3173.05430726363	-0.377479604771281	0.0930630498850449	-4.05617057723294	4.98838348145863e-05	0.000220393916078361
ENSMUSG00000020542.18	Myocd	10.3954072945471	-3.49409366334922	0.86148892058238	-4.05587765538198	4.99463996896067e-05	0.000220623245235845
ENSMUSG00000005034.15	Prkacb	1506.51487257284	-0.429946381441473	0.106013898440723	-4.05556618297433	5.00130083497496e-05	0.000220870334933106
ENSMUSG00000022514.14	Il1rap	507.801538487345	-0.507521901702105	0.125155258261406	-4.05513846363584	5.01046137331132e-05	0.00022122768764115
ENSMUSG00000022672.8	Prkdc	746.650234296113	0.531023511640323	0.130952411861604	4.05508767720545	5.01155013069256e-05	0.000221228569322255
ENSMUSG00000026098.13	Pms1	147.836705717867	0.991929249880483	0.244618567772919	4.05500391450782	5.01334632186427e-05	0.000221260672742577
ENSMUSG00000020988.9	L2hgdh	380.733276879491	0.591211770822396	0.145840891041235	4.05381348537726	5.03893970704834e-05	0.00022229542411806
ENSMUSG00000028060.14	Khdc4	1599.59585851706	-0.351037572201616	0.086594369354705	-4.05381521705767	5.03890238736142e-05	0.00022229542411806
ENSMUSG00000059493.13	Nhs	316.978865826626	-0.59234231477185	0.146157017640118	-4.05278052560139	5.06124791635747e-05	0.000223231985128241
ENSMUSG00000020818.16	Mfsd11	830.052365660969	-0.424229290944901	0.104682060343767	-4.05255006972321	5.06623768870135e-05	0.000223404460840284
ENSMUSG00000022159.16	Rab2b	84.3250449351559	-0.917877293156711	0.226501733962608	-4.05240735732398	5.06932999873583e-05	0.000223493209039048
ENSMUSG00000032221.14	Mns1	80.1470369720188	0.998626069698655	0.246440087072585	4.05220628494798	5.07368989600881e-05	0.000223637792073012
ENSMUSG00000022311.15	Csmd3	13.2685437434068	-2.53018634790987	0.624418595744494	-4.05206757959078	5.07669954644455e-05	0.000223722810116789
ENSMUSG00000052951.5	C130021I20Rik	239.914873498153	-0.595624340415574	0.147023522571322	-4.05121799558729	5.09517090746927e-05	0.000224489022166255
ENSMUSG00000037784.14	Dzip1l	505.55078965132	-0.529905865246191	0.130826542101985	-4.0504461612469	5.112007066455e-05	0.000225182877779425
ENSMUSG00000098098.7	Bvht	95.5774702799035	-0.952185000493377	0.235099837749725	-4.05013040250169	5.11890995374341e-05	0.000225438972622414
ENSMUSG00000021373.16	Cap2	80.100536846881	-0.921613790383245	0.227565581189215	-4.04988217272165	5.12434277331697e-05	0.000225552515154704
ENSMUSG00000026070.15	Il18r1	15.3427146576485	2.36183939650917	0.583189912935741	4.04986325058302	5.12475713209611e-05	0.000225552515154704
ENSMUSG00000092390.1	Gm20541	9.41589743327819	4.14465631510375	1.02340403780044	4.0498729358267	5.12454503974837e-05	0.000225552515154704
ENSMUSG00000049760.6	Micos13	692.922306107327	-0.534827468138727	0.13216038883726	-4.04680610313052	5.19212145563032e-05	0.000228468796790162
ENSMUSG00000079418.3	Atg4a	231.239617187491	-0.722885672333871	0.178662431599733	-4.04609780501247	5.20784811815841e-05	0.000229112110941043
ENSMUSG00000034362.7	Csta1	9.35755174801253	4.74834543383607	1.17372069533964	4.04554972293645	5.2200484007002e-05	0.000229600046421788
ENSMUSG00000015759.11	Cnih1	2355.35416961036	-0.485482002409633	0.120032886823583	-4.04457490990086	5.24181464980746e-05	0.000230465833083233
ENSMUSG00000111933.1	Gm36660	26.9796042406205	1.71117390405737	0.423079477159687	4.04456844738774	5.24195923549864e-05	0.000230465833083233
ENSMUSG00000110218.1	Tincr	56.1061474550172	1.20880731628417	0.298879121368945	4.04446891689027	5.24418650692137e-05	0.000230514794025834
ENSMUSG00000110841.1	Gpx4-ps2	161.873774692903	-0.67782121804249	0.167599087780042	-4.04430135641351	5.24793816398462e-05	0.00023063072623422
ENSMUSG00000046442.4	Ppm1e	29.7751724815112	-1.62879912701716	0.402755732798329	-4.04413641911522	5.25163357223669e-05	0.000230744137787576
ENSMUSG00000052419.7	Smim30	811.294126137687	-0.44191153813027	0.10933558510684	-4.04179058170719	5.30445955354176e-05	0.000233015722196012
ENSMUSG00000026313.16	Hdac4	949.043521193023	0.443079063349998	0.109638601064324	4.04126885101394	5.31627667350783e-05	0.000233485276607126
ENSMUSG00000007670.10	Khsrp	1679.80777811402	0.398020962696639	0.0985034710105531	4.04067956807326	5.32965383941979e-05	0.000234023132842915
ENSMUSG00000020279.10	Il9r	4.86451196027254	5.72815785514777	1.41809089725385	4.03934463315462	5.36007592682651e-05	0.000235309038408021
ENSMUSG00000066042.4	Med18	72.767830489558	1.03528491208046	0.256412530907749	4.03757534163931	5.40065026357093e-05	0.000237039991106138
ENSMUSG00000048814.11	Lonrf2	21.6058532920048	-1.91444005735051	0.474247699488176	-4.03679355622945	5.41867113079256e-05	0.000237780525198803
ENSMUSG00000063253.11	Scoc	711.541080111161	-0.65776283531995	0.162985703725823	-4.03570877864508	5.4437706350031e-05	0.000238831302191456
ENSMUSG00000071001.4	Hrct1	41.7543891035578	1.32021194334591	0.327213601808256	4.03470985328888	5.46698108049972e-05	0.000239798773861546
ENSMUSG00000028010.16	Gar1	404.924252119665	0.562636149893577	0.13947062313296	4.03408357441127	5.48158071397442e-05	0.00024038821864101
ENSMUSG00000032187.16	Smarca4	4299.52578357294	0.343491781010226	0.0851853505048092	4.03228699506066	5.52366729254806e-05	0.000242182565745504
ENSMUSG00000028525.16	Pde4b	346.114947217975	-0.549665505244544	0.136319854828503	-4.03217496039774	5.52630192537117e-05	0.000242246767372422
ENSMUSG00000020180.10	Snrpd3	1068.61940071081	0.397540386307934	0.0986260556928152	4.03078459860678	5.55909720952157e-05	0.000243632761253202
ENSMUSG00000015013.9	Trappc2l	338.148632922374	-0.553947630683041	0.137461638286321	-4.02983434206723	5.58161744328084e-05	0.00024456794974274
ENSMUSG00000036180.15	Gatad2a	2010.61699640198	0.461603254596859	0.114562339397712	4.02927573776551	5.59489617286963e-05	0.000245097896047045
ENSMUSG00000036775.13	Decr2	491.805810544607	-0.455441921569695	0.11305372475325	-4.02854415070125	5.61233218514818e-05	0.000245809699323703
ENSMUSG00000025439.5	Clns1a	1180.31569801889	0.476135458019035	0.118234207427525	4.02705332389439	5.64802270338825e-05	0.000247320545668359
ENSMUSG00000070942.8	Il1rl2	188.080851532552	-0.69670180031253	0.173046300095348	-4.02610052875241	5.67094519182176e-05	0.000248271773531131
ENSMUSG00000040204.6	Pclaf	452.131866832468	0.556432370289568	0.138214281196003	4.02586741018815	5.67656699571693e-05	0.000248465342026527
ENSMUSG00000020849.13	Ywhae	8811.18938750767	0.307734422111181	0.0764436986408933	4.02563491278482	5.68217907739883e-05	0.000248658403220039
ENSMUSG00000073889.10	Il11ra1	419.074948208555	-0.667238108018928	0.16577489541415	-4.02496473517288	5.69838541784255e-05	0.000249314901213111
ENSMUSG00000036636.10	Clcn7	1278.62072498284	-0.429138331074338	0.106620955152215	-4.02489670498345	5.70003298006497e-05	0.000249334282870593
ENSMUSG00000013495.15	Tmem175	450.686150691359	-0.46918343092039	0.116645348990631	-4.02230723282483	5.76308158962412e-05	0.000252038930537988
ENSMUSG00000053774.9	Ubxn7	1634.77820713496	0.457511887456922	0.113752081344736	4.02200893423999	5.77038685967583e-05	0.000252305106904161
ENSMUSG00000017843.14	Ppp2r5c	2734.8311178924	0.363017087792701	0.0902588346833132	4.02195628900374	5.77167704068512e-05	0.000252308221890478
ENSMUSG00000026430.16	Rassf5	197.351062861278	-0.707380466292293	0.175890456873787	-4.02171032394262	5.77770854708422e-05	0.000252518558311014
ENSMUSG00000075318.13	Scn2a	124.636510701537	-0.806784934169604	0.20064769299738	-4.02090311688827	5.79754468821882e-05	0.000253332019213514
ENSMUSG00000031984.8	Fsaf1	636.061584450963	0.456949314538458	0.113671726025852	4.01990301822756	5.82221037274649e-05	0.000254356126014098
ENSMUSG00000031340.8	Gabre	74.597728447928	-0.978823163371017	0.243542812972012	-4.0191010008721	5.84206250232694e-05	0.000255169554200602
ENSMUSG00000032058.14	Ppp2r1b	1159.66626219109	0.371546584720322	0.0924486759147485	4.01894976909073	5.84581308032566e-05	0.000255279504113208
ENSMUSG00000030117.5	Gdf3	7.57082492800016	5.37418942377907	1.3377809503405	4.01724170344269	5.88833207079644e-05	0.000257082019686597
ENSMUSG00000035413.8	Tmem98	584.322144742645	-0.791167228167354	0.197030383311082	-4.01545799623308	5.93304653175042e-05	0.000258979608099329
ENSMUSG00000026988.15	Wdsub1	292.258451552363	-0.598650030944111	0.149125920478565	-4.01439286358109	5.95990070052324e-05	0.000260096952561945
ENSMUSG00000025875.14	Tspan17	425.902465642979	-0.664060914806274	0.165456317525103	-4.0135119936144	5.98219614312699e-05	0.000261014919828384
ENSMUSG00000055670.14	Zzef1	1682.51830291921	-0.458571011373074	0.114288015805915	-4.01241554627935	6.0100583455127e-05	0.000262175337605411
ENSMUSG00000021555.15	Naa35	943.557310017547	0.393760812315815	0.0981476445712151	4.01192320035868	6.02260945423353e-05	0.000262667494928739
ENSMUSG00000031540.14	Kat6a	1619.69486122598	0.38309871811815	0.095512381872236	4.01098486508911	6.04659868410005e-05	0.000263658197097508
ENSMUSG00000063851.12	Rnf183	9.06443225967353	4.72431341441194	1.17795439411727	4.0106080829659	6.05625683143346e-05	0.000264023715572538
ENSMUSG00000033454.6	Zbtb1	1048.92802764375	-0.449139368577641	0.111992293856964	-4.01044887205614	6.06034231180151e-05	0.000264146189749378
ENSMUSG00000059049.14	Frem1	67.8281941938544	-1.00169983389158	0.24979337993866	-4.01011361525098	6.06895380645206e-05	0.000264465841767897
ENSMUSG00000045827.10	Serpinb9	299.044379691277	-0.582049122315023	0.1451760891763	-4.00926299652685	6.09085504364673e-05	0.000265364362341494
ENSMUSG00000027430.12	Dtd1	213.704850723324	0.635387765896872	0.158499075235826	4.0087790099185	6.10334983062946e-05	0.000265852773872473
ENSMUSG00000040650.8	Cyp2b23	5.19173466058181	5.80401906586055	1.44784586709432	4.00872717032277	6.1046895798128e-05	0.000265855185383011
ENSMUSG00000003534.17	Ddr1	1293.50845354073	-0.514332308833023	0.128329804440057	-4.00789443323174	6.12624914335995e-05	0.000266737970169137
ENSMUSG00000009406.13	Elk1	548.820219204282	-0.476459652675485	0.118883658140656	-4.00778088534057	6.12919447725133e-05	0.000266810087244217
ENSMUSG00000001240.13	Ramp2	22.8658017690601	1.79375403679286	0.447639543468127	4.00713936685663	6.14586011129931e-05	0.000267479307072717
ENSMUSG00000032492.14	Pth1r	39.2511556799826	-1.29874714699312	0.324303446171232	-4.00472817148969	6.20888361323368e-05	0.000270165402376128
ENSMUSG00000030245.10	Golt1b	1529.39870214427	-0.3664667762516	0.0915123143006812	-4.00456243569039	6.21323799132516e-05	0.000270298052085833
ENSMUSG00000052921.13	Arhgef15	39.1998661896958	1.40569510520769	0.351066456210879	4.0040712530032	6.22615982508012e-05	0.000270803282663025
ENSMUSG00000110457.2	Gm45752	4.88055881060792	5.74105768469945	1.43399032524418	4.00355398752209	6.23979533614797e-05	0.000271339335426317
ENSMUSG00000026542.6	Apcs	4.94824752796832	5.73914774748227	1.43382976009536	4.00267026616923	6.26315633166729e-05	0.000272240808293114
ENSMUSG00000036249.16	Rbm43	257.45049149806	-0.670487692613614	0.167508776589168	-4.002701865933	6.2623195728428e-05	0.000272240808293114
ENSMUSG00000039477.16	Tnrc18	3326.44460806198	-0.620676830332992	0.155085129501934	-4.00216856591175	6.27645549657825e-05	0.00027276160471063
ENSMUSG00000067860.11	Zic3	14.0216280318873	2.44243089126849	0.610553087811336	4.00035793779035	6.32467464300048e-05	0.000274799413172685
ENSMUSG00000006373.10	Pgrmc1	2753.40480885631	-0.356934145707892	0.0892276517857365	-4.0002638034788	6.32719111499061e-05	0.000274851057479938
ENSMUSG00000038302.14	Afg1l	186.786292794268	0.697362717928808	0.174332120003994	4.00019639474831	6.32899372019692e-05	0.000274871676488368
ENSMUSG00000019842.6	Traf3ip2	316.792378144521	0.579167589509046	0.144787268627463	4.00012787725999	6.33082647335764e-05	0.000274893595913635
ENSMUSG00000048234.13	Rnf149	493.779589494479	-0.535626626218496	0.133907932818189	-3.99996187638662	6.33526886278887e-05	0.000275028796541248
ENSMUSG00000032715.9	Trib3	507.452432196111	-0.513151324584833	0.128294548138405	-3.99979057591163	6.33985616967855e-05	0.000275137567711236
ENSMUSG00000103585.1	Pcdhgb4	122.929048943111	-0.78533375237337	0.1963447745874	-3.99976904923329	6.34043286140682e-05	0.000275137567711236
ENSMUSG00000049119.14	Fam110b	202.374952235391	-0.799118485651102	0.19980139252694	-3.99956414489631	6.34592465902573e-05	0.000275318160798938
ENSMUSG00000029474.7	Rnf34	494.800633418205	-0.485621848695365	0.12142690834934	-3.99929352807247	6.35318456774915e-05	0.000275575371684492
ENSMUSG00000074340.9	Ovgp1	36.603862630505	1.57960343035261	0.394980113495851	3.99919736812067	6.35576616870374e-05	0.000275629591296875
ENSMUSG00000030124.2	Lag3	19.3353598663673	1.95003935912918	0.487722060516727	3.99825949448169	6.38099733721077e-05	0.000276665822963816
ENSMUSG00000022792.16	Yars2	329.020322397782	0.557391590782778	0.139410867989834	3.99819324576205	6.38278317547576e-05	0.000276685296228634
ENSMUSG00000032806.13	Slc10a3	305.062316186459	-0.600549623213786	0.150318774262178	-3.99517376429866	6.46468206211537e-05	0.000280176829991051
ENSMUSG00000028217.11	Cdh17	118.113712509566	-0.844984607873729	0.211512104087839	-3.9949704605218	6.47023196020671e-05	0.000280358658874437
ENSMUSG00000028140.13	Mrpl9	509.392102006866	0.492411099607026	0.123262655020117	3.99481172563306	6.47456832707527e-05	0.000280487839686335
ENSMUSG00000022053.13	Ebf2	74.2326247086579	-1.06141988930991	0.265739219472362	-3.99421617711308	6.49086223129653e-05	0.000281134876178294
ENSMUSG00000038811.13	Gngt2	43.6365129133323	1.25112313055511	0.313292142521123	3.99347114321822	6.51130062756889e-05	0.000281961112322277
ENSMUSG00000034595.17	Ppp1r18	1401.64571842775	-0.359650911753252	0.0900845150384371	-3.99237218072159	6.54155950816529e-05	0.000283212173728327
ENSMUSG00000055760.12	Gemin6	138.294014652572	0.874806250806854	0.219126328500976	3.99224619328644	6.54503694229198e-05	0.000283303470657678
ENSMUSG00000001289.12	Pfdn5	1159.09758385398	-0.368338561764308	0.0922816516769241	-3.99146043737766	6.56676444725075e-05	0.000284184522880291
ENSMUSG00000095115.2	Itpripl2	4500.81682567775	0.350196577451138	0.0877421355175508	3.99120189388471	6.57392853382748e-05	0.000284435089301202
ENSMUSG00000029622.16	Arpc1b	4658.42874254417	-0.585140446514965	0.146676319637516	-3.98933139283174	6.62597977720512e-05	0.000286627284030029
ENSMUSG00000037971.10	Cfap68	169.238495217178	-0.677108767876935	0.169744349385153	-3.98899150592967	6.63547973439079e-05	0.000286978259553186
ENSMUSG00000018932.9	Map2k3	2026.48767028333	0.400866784524542	0.100503052467336	3.98860307904404	6.64635218325569e-05	0.000287388435014016
ENSMUSG00000038836.15	Agbl3	85.172450112586	-0.936491383054781	0.234806924387633	-3.98834653406033	6.65354237081342e-05	0.000287639251323031
ENSMUSG00000026069.15	Il1rl1	4907.86364879648	-0.430168273220259	0.107886247759716	-3.98723917230237	6.68466295108645e-05	0.000288924281529627
ENSMUSG00000028293.14	Slc35a1	701.274025341004	-0.500083732350168	0.125424079096209	-3.98714294698204	6.68737370039458e-05	0.000288981102765068
ENSMUSG00000038213.7	Tapbpl	120.171786159305	-0.910872838951756	0.228480298645549	-3.98665812479891	6.70104738602186e-05	0.000289511542148333
ENSMUSG00000035041.8	Creb3l3	8.7254300841158	4.05240629947842	1.01681560091883	3.985389578815	6.73695011781163e-05	0.000291001941754138
ENSMUSG00000079669.2	Gm17396	35.878664824994	-1.4088261983244	0.353508679841486	-3.98526621455552	6.74045130132787e-05	0.000291092429555989
ENSMUSG00000057440.8	Mpp7	398.271021412014	0.675427010806632	0.169493518487148	3.98497250417187	6.74879398480808e-05	0.000291391920508015
ENSMUSG00000020057.2	Dram1	240.145023110586	-0.633387583838969	0.159037483054533	-3.98263083440389	6.81565819777363e-05	0.000294217537092214
ENSMUSG00000022400.9	Rbx1	1150.9368773896	-0.36820835538459	0.0924600714663656	-3.9823498894713	6.82372230349432e-05	0.000294420224049594
ENSMUSG00000031431.13	Tsc22d3	246.28636242416	-0.593892554062301	0.149132355336259	-3.9823186103593	6.82462068211002e-05	0.000294420224049594
ENSMUSG00000038503.15	Mesd	1353.75019696031	-0.367831857373498	0.0923660363701212	-3.98232804858654	6.82434959160485e-05	0.000294420224049594
ENSMUSG00000049872.8	Calhm5	83.689619152482	-0.911299869530847	0.228939292777064	-3.98053063970217	6.87616007026134e-05	0.000296581865585204
ENSMUSG00000035930.9	Chst4	4.96732412684016	5.74452635227468	1.44319994915824	3.98040919806382	6.87967402552731e-05	0.000296671609696646
ENSMUSG00000025934.15	Gsta3	19.7497796914503	1.91267959134552	0.480534642963721	3.98031571573898	6.88238012577049e-05	0.000296726486613879
ENSMUSG00000050777.7	Tmem37	659.867132167526	0.555779314676281	0.139647906936781	3.97986140191765	6.89554582215984e-05	0.000297232201109718
ENSMUSG00000049436.5	Upk1b	200.004939821202	0.763229508608633	0.191784771976947	3.97961475638104	6.90270341345524e-05	0.000297478779835749
ENSMUSG00000040731.13	Eif4h	5318.77505197911	0.31872950519713	0.0801161536673632	3.97834257646059	6.93973352474942e-05	0.000299012373498727
ENSMUSG00000063334.16	Krr1	561.227996169009	0.51834092340812	0.130305051603447	3.97790351970059	6.95255698285503e-05	0.000299502553565279
ENSMUSG00000041977.18	Arhgef11	801.901249812845	-0.461930434022026	0.116151706964196	-3.97695777440807	6.98025540351241e-05	0.000300633180601963
ENSMUSG00000029309.7	Sparcl1	55.3929915698161	-1.12362231910641	0.282573436309876	-3.976390469606	6.99692034540146e-05	0.000301288234303026
ENSMUSG00000033589.4	Reep4	419.776950073503	0.51021628043391	0.1283514356006	3.97515055477514	7.03347476764465e-05	0.000302799280814219
ENSMUSG00000055717.13	Slain1	9.61015555056539	3.76009154929867	0.946249563812933	3.97367850205108	7.07710751105054e-05	0.000304614365504752
ENSMUSG00000028776.14	Tinagl1	2163.00255896801	-0.508066777877439	0.127923008751619	-3.97166063271639	7.13733488973503e-05	0.000307142816803795
ENSMUSG00000084941.1	Gm11944	18.2511004072401	2.07189890135334	0.521949024372373	3.96954262697346	7.20107239566648e-05	0.000309821237825609
ENSMUSG00000079477.9	Rab7	3620.29500252943	-0.323938475845628	0.0816335525263729	-3.96820260567461	7.24167555185638e-05	0.000311503412817696
ENSMUSG00000103676.1	Gm38204	5.17265806170997	5.8002381299637	1.4620897906077	3.96708749847224	7.27562870726231e-05	0.000312898895931067
ENSMUSG00000062785.14	Kcnc3	31.7152799100113	-1.45061672912587	0.36568190017464	-3.96688140275222	7.28192044161784e-05	0.000313104427131383
ENSMUSG00000001138.13	Cnnm3	236.157102621216	0.618607812234882	0.155957560393503	3.96651377896683	7.29315611815288e-05	0.000313522406001343
ENSMUSG00000038370.6	Pcp4l1	143.912613231084	-0.806734297362323	0.203416241057876	-3.96592864545555	7.31107336458842e-05	0.000314227382835581
ENSMUSG00000021000.17	Mia2	1182.63459649249	-0.418305300400305	0.105508330544484	-3.96466609074001	7.34987571031957e-05	0.000315829514901193
ENSMUSG00000110594.1	Gm33103	4.77518846298626	5.68694596672888	1.43451312277078	3.96437360973349	7.35889233259989e-05	0.000316151333317736
ENSMUSG00000041135.15	Ripk2	439.150863230042	-0.496054453791309	0.125148454367356	-3.96372816826973	7.37882707155758e-05	0.00031694198288892
ENSMUSG00000040010.10	Slc7a5	2052.67509745515	0.533736752383102	0.134661472248094	3.9635446091052	7.38450569687099e-05	0.000317120090082018
ENSMUSG00000029190.19	D5Ertd579e	1245.35672676165	-0.382334385944527	0.0964652510026975	-3.96344157062149	7.38769512825011e-05	0.000317191249657019
ENSMUSG00000031073.6	Fgf15	4.7998529914486	5.72175984946125	1.44389822785554	3.96271685848602	7.41016454763353e-05	0.00031808999579317
ENSMUSG00000021298.8	Gpr132	8.49842963422734	4.00791081305477	1.01178550399027	3.96122577092519	7.45659859106668e-05	0.000320016865512107
ENSMUSG00000069184.4	Zfp72	68.0086747334287	1.13151751782973	0.285696349770432	3.96055993973652	7.47742202881015e-05	0.000320844026895401
ENSMUSG00000030930.14	Chst15	456.215421503408	0.484984244672885	0.122464124546318	3.96021485042714	7.48823609809563e-05	0.000321241448693226
ENSMUSG00000028864.7	Hgf	129.368668292524	-0.867087350499676	0.218976288315164	-3.95973170050133	7.5034014267958e-05	0.000321825333885716
ENSMUSG00000090386.10	Mir99ahg	26.7880347723611	-1.64736449491541	0.416036429538264	-3.95966405332275	7.50552708361395e-05	0.000321849813763674
ENSMUSG00000032878.16	Ccdc85a	30.3243402158358	-1.53383908950343	0.38737326262552	-3.95958946445463	7.50787152715324e-05	0.000321883663505685
ENSMUSG00000040699.13	Limd2	634.331410270348	0.509864371726814	0.128772765649834	3.95941151961639	7.51346740587492e-05	0.000322056868573628
ENSMUSG00000021900.10	Btd	350.922420387983	-0.607375710736443	0.153460804432247	-3.95785564257615	7.56256377468358e-05	0.000324094218575933
ENSMUSG00000036223.16	Ska1	74.9592085772817	1.07245471601598	0.270985685121296	3.95760652647	7.57045286064259e-05	0.00032436514958071
ENSMUSG00000030671.9	Pde3b	127.251490604963	-0.869421859014085	0.219702101615388	-3.95727602340419	7.5809313457049e-05	0.00032474689140055
ENSMUSG00000026589.14	Sec16b	284.91556066801	-0.618235653961776	0.156268184200431	-3.95624776166096	7.61361980763803e-05	0.000326079694596109
ENSMUSG00000038416.15	Cdc16	1909.60222893849	-0.343190772693834	0.0867611282409497	-3.95558217893084	7.63484970456149e-05	0.000326921295065615
ENSMUSG00000053289.8	Ddx10	736.423968481136	0.532609826955166	0.134679622554206	3.9546430028106	7.66490156562749e-05	0.000328140222351445
ENSMUSG00000038045.14	Sult6b1	18.8366704911815	2.11962256294453	0.536128978137349	3.95356835645902	7.6994254224055e-05	0.000329481924371246
ENSMUSG00000074622.4	Mafb	365.761781598351	-0.759116511519393	0.192007683471534	-3.95357361640131	7.69925608513739e-05	0.000329481924371246
ENSMUSG00000027534.16	Snx16	296.559123671773	0.671264724608169	0.169806207973577	3.95312240122941	7.71379520652949e-05	0.000330028621289694
ENSMUSG00000028389.12	Zfp37	158.88965923507	-0.774266224304106	0.195867641005613	-3.95300734888577	7.71750659135448e-05	0.000330119175314004
ENSMUSG00000000759.14	Tubgcp3	905.30392021254	0.38224898509742	0.0967084772023835	3.95259026049475	7.73097528377647e-05	0.000330626978096879
ENSMUSG00000010529.6	Gm266	7.45435582346963	5.34960612572914	1.3534892749032	3.95245549774433	7.73533181485971e-05	0.000330744956074739
ENSMUSG00000036602.14	Alx1	22.1223318706987	-1.83972410318206	0.465656722740457	-3.95081615563287	7.78851370382099e-05	0.000332950113910348
ENSMUSG00000099681.1	1700052K11Rik	101.877305998691	-1.02724656928591	0.260014594166929	-3.95072658354868	7.79142944876319e-05	0.000333005984224549
ENSMUSG00000099338.1	2810030D12Rik	4.65632944608326	5.65709882077146	1.43204536616117	3.9503628547301	7.80328013422723e-05	0.000333443632325288
ENSMUSG00000069806.5	Cacng7	385.468376535182	-0.723773457057823	0.183224154847164	-3.95020764408251	7.80834225379862e-05	0.000333591075978076
ENSMUSG00000032558.19	Nphp3	315.260525546321	0.558176566775263	0.141308297617072	3.95006221282102	7.8130882407807e-05	0.000333724955625092
ENSMUSG00000016308.12	Ube2a	608.371619633395	-0.440792138389327	0.111599747871893	-3.94975926733561	7.82298328784145e-05	0.000334078669434764
ENSMUSG00000040652.16	Oaz2	672.450598040676	-0.494900112173961	0.125331498664039	-3.94872891052377	7.85672637200138e-05	0.000335450452091701
ENSMUSG00000018322.10	Tomm34	773.835762856614	0.409012045009456	0.103592200091028	3.94828997405259	7.87114282656982e-05	0.00033599480486701
ENSMUSG00000025825.12	Iscu	464.153082604424	-0.579501035789017	0.146774449579105	-3.94824192801141	7.87272237115318e-05	0.00033599480486701
ENSMUSG00000081603.1	Gm14681	644.787019437879	0.568725362541727	0.144051215475793	3.94807749912597	7.87813034475391e-05	0.000336156297683078
ENSMUSG00000024981.6	Acsl5	1239.77856207938	0.370245581478219	0.0937868195623318	3.94773576080325	7.88938116268311e-05	0.00033656698410218
ENSMUSG00000040945.13	Rcc2	4755.30278455305	0.473338809425967	0.119934892691745	3.94663136642424	7.92584434042169e-05	0.000338052858030885
ENSMUSG00000045092.8	S1pr1	588.070266287148	-0.437899371631356	0.11096676401033	-3.94622097469286	7.93943457272496e-05	0.000338562744583506
ENSMUSG00000022684.15	Bfar	826.952026932409	-0.438554964219652	0.111137684588115	-3.94605093533281	7.94507192388756e-05	0.000338733354794127
ENSMUSG00000056537.11	Rlim	3019.12456847071	0.480823914109171	0.121854566640417	3.94588341960169	7.95062930865232e-05	0.00033890048611984
ENSMUSG00000029778.12	Adcyap1r1	15.2183796674515	-2.28826049984642	0.580070350953677	-3.94479824056574	7.98671955619716e-05	0.000340356170943676
ENSMUSG00000054976.14	Nyap2	12.1603425199344	-2.67659992983646	0.678520731570243	-3.94475777275402	7.98806840158644e-05	0.000340356170943676
ENSMUSG00000022204.9	Ngdn	563.498823471228	0.459568966628964	0.116503256693595	3.94468772523361	7.99040368655945e-05	0.000340385605902643
ENSMUSG00000024678.6	Ms4a4d	14.8860022526705	-2.37426377263455	0.601957671968095	-3.94423708376689	8.00544287227211e-05	0.000340885953534582
ENSMUSG00000036459.15	Wtip	415.163566281214	-0.622149107686728	0.157734840995146	-3.9442719424675	8.0042785842424e-05	0.000340885953534582
ENSMUSG00000016637.7	Ift27	190.198781867005	-0.697736130654757	0.176953125807394	-3.94305626120566	8.04497729288973e-05	0.000342428511177307
ENSMUSG00000040680.9	Kremen2	7.15363889424063	5.29616572358407	1.34315461395155	3.94307972334085	8.04418997714374e-05	0.000342428511177307
ENSMUSG00000025353.5	Ormdl2	156.018360826938	0.722272150708824	0.183189967338396	3.94274949225038	8.05527820265745e-05	0.000342796471046066
ENSMUSG00000036819.14	Jmjd4	223.543788831621	0.611308040760825	0.155078076381551	3.94193721655907	8.08261362751833e-05	0.00034388904311614
ENSMUSG00000022136.8	Dnajc3	2262.66861515697	-0.458372819268493	0.116283325355792	-3.9418619812085	8.08514994652732e-05	0.00034392626128888
ENSMUSG00000024101.15	Washc1	484.15959388085	-0.48246131885206	0.122405800186376	-3.94149066561765	8.0976786858079e-05	0.000344317689230768
ENSMUSG00000039361.11	Picalm	8123.1621539663	-0.458816279567289	0.116405544911655	-3.94153285322881	8.09625428966693e-05	0.000344317689230768
ENSMUSG00000037946.11	Fgd3	239.713005028542	-0.611600371848673	0.155206868167979	-3.94054966167311	8.12951178920922e-05	0.000345600255750342
ENSMUSG00000056854.4	Pou3f4	13.6058217521678	-2.3655163048039	0.600314292900736	-3.9404630753895	8.13244684080571e-05	0.000345654039338475
ENSMUSG00000102869.2	Norad	1017.70971656254	-0.422525066429156	0.10723803075421	-3.9400673758882	8.14587278530951e-05	0.000346153604563994
ENSMUSG00000046844.6	Vat1l	204.189248557959	-0.601315948002913	0.15266205484201	-3.93886973829362	8.18663598349652e-05	0.00034781440521838
ENSMUSG00000022199.12	Slc22a17	334.153362860564	-0.784218245428163	0.199121000187482	-3.93840049361836	8.20265986184042e-05	0.000348423674287369
ENSMUSG00000055296.14	Tmem245	2252.1478632293	0.375510996878032	0.0953560684241086	3.9379874095469	8.21679048463081e-05	0.000348952290195677
ENSMUSG00000028358.15	Zfp618	613.387343841929	-0.52527527415435	0.133403192162661	-3.93750153679885	8.23344048040046e-05	0.000349587660520634
ENSMUSG00000050830.17	Vwc2	20.131710796233	-1.92282682006089	0.488497962059934	-3.9362023373702	8.27811850653586e-05	0.000351412581966337
ENSMUSG00000030643.14	Rab30	385.32688162226	-0.522841216023129	0.132842772509714	-3.93578970195684	8.29235645788197e-05	0.000351944815094728
ENSMUSG00000029176.13	Anapc4	1934.06066081743	-0.386500834378985	0.0982181673719889	-3.93512569741972	8.31531647756993e-05	0.000352846936796269
ENSMUSG00000032186.15	Tmod2	165.933769879108	0.842358725668838	0.214175129967448	3.93303707016247	8.3879295968656e-05	0.000355855205422261
ENSMUSG00000034135.15	Sik3	1269.69976728555	-0.454495094370092	0.115560893040058	-3.93294896234962	8.3910058828363e-05	0.000355912767968911
ENSMUSG00000040836.15	Gpr161	255.151184237686	-0.599711805060362	0.152501872559925	-3.93248813928307	8.40711290807622e-05	0.000356522905315037
ENSMUSG00000015599.9	Ttbk1	18.6260167628168	-2.05950503782737	0.523727464476146	-3.93239838947032	8.41025330677315e-05	0.00035658302580274
ENSMUSG00000058794.12	Nfe2	8.50436251671265	4.62176053352252	1.17535166259783	3.9322363515505	8.41592591648657e-05	0.000356750461899151
ENSMUSG00000107653.1	Gm31520	17.3109383922867	-2.09083014410834	0.531748370049127	-3.93199163716322	8.42449971099838e-05	0.000357040785253799
ENSMUSG00000034394.14	Lif	378.458286079574	0.493116711003272	0.12541570002323	3.93185790066106	8.42918878026506e-05	0.000357166383956411
ENSMUSG00000055322.16	Tns1	6237.81003319515	0.360241948673323	0.0916357648806006	3.93123742834155	8.45097606520065e-05	0.00035801627829224
ENSMUSG00000041935.10	Rimoc1	1733.80007499035	-0.540408208955498	0.137469588489778	-3.9311109816531	8.45542264097979e-05	0.000358131355116924
ENSMUSG00000034161.8	Scx	314.304296396466	-0.719324257570766	0.183006448146084	-3.93059515037726	8.47358508247044e-05	0.000358827204627774
ENSMUSG00000063354.7	Slc39a4	7.54128940838344	5.3804608226952	1.3690968339852	3.92993445688837	8.49690198217562e-05	0.000359740998423099
ENSMUSG00000009535.13	Rnmt	1015.18610471726	0.435436967185934	0.110812675281891	3.92948700208029	8.51272777854397e-05	0.000360337325742498
ENSMUSG00000037428.14	Vgf	47.0107267144712	1.35444802188616	0.344723600186223	3.92908411595399	8.52700107464338e-05	0.000360867706489559
ENSMUSG00000022898.13	Vps26c	1110.77876423852	-0.366218631128769	0.0932122133465755	-3.92886959745414	8.53461017747682e-05	0.000361115895469323
ENSMUSG00000004113.18	Cacna1b	56.0729358475521	-1.20442107617204	0.3066178944804	-3.92808475256498	8.56250382153452e-05	0.000362222085840881
ENSMUSG00000047617.11	Paxx	155.300390450087	-0.801893864164409	0.20420967749759	-3.92681617243077	8.6077717944307e-05	0.000364062665249123
ENSMUSG00000000600.15	Krit1	1272.40877591548	-0.444967549281327	0.113321514138024	-3.92659375111565	8.6157319324102e-05	0.000364176098160014
ENSMUSG00000001655.6	Hoxc13	20.9300984845963	-1.93276191642185	0.49221430070124	-3.9266675382416	8.61309042696741e-05	0.000364176098160014
ENSMUSG00000034118.15	Tpst1	528.808910103521	-0.442562792720552	0.11270828895893	-3.92662151833233	8.61473780396065e-05	0.000364176098160014
ENSMUSG00000032572.9	Col6a4	9.71240071284559	3.12930264406112	0.797004414897101	3.92633037605587	8.62516674019189e-05	0.000364500462138081
ENSMUSG00000116947.1	2410003I16Rik	4.66494712421022	5.67959993970273	1.44669068952858	3.92592554912584	8.63968777369807e-05	0.000365039594259596
ENSMUSG00000031972.5	Acta1	237.981757882937	-0.77687709722335	0.197926282860602	-3.92508304604749	8.66998222530224e-05	0.000366244820574553
ENSMUSG00000024188.16	Luc7l	1237.6118551833	0.427045882552143	0.108858608563929	3.92294085130945	8.7474632342612e-05	0.000369442443350281
ENSMUSG00000020864.13	Ankrd40	939.487355146678	-0.371135530345813	0.0946142563545329	-3.92261742199946	8.75921803102358e-05	0.00036986343130183
ENSMUSG00000042742.7	Samtor	686.781169177769	-0.517842242072949	0.132024661622451	-3.92231448056132	8.77024174570366e-05	0.000370253383427127
ENSMUSG00000079139.4	Gm4204	873.076169417297	0.577958694021147	0.147419660796846	3.92049941572999	8.83656503097356e-05	0.000372977282985566
ENSMUSG00000037243.17	Zfp692	334.688013356202	0.564149603358115	0.143917301423411	3.91995679309164	8.85648452667533e-05	0.00037374184142233
ENSMUSG00000074749.10	Kiz	219.344272679273	-0.587658103898213	0.149920585391087	-3.91979595307229	8.86239705568916e-05	0.000373915117520811
ENSMUSG00000030880.14	Polr3e	769.114368096227	0.416280920096851	0.106246386194413	3.91807133406993	8.92602938083577e-05	0.000376523093853514
ENSMUSG00000020648.3	Dus4l	99.9066587930108	1.04005424296071	0.265477381323223	3.91767553897343	8.94069358508366e-05	0.000377064825830576
ENSMUSG00000063430.9	Wscd2	27.4950993249113	-1.70948263279267	0.436544021905289	-3.91594557939807	9.00505610429067e-05	0.000379701886947876
ENSMUSG00000052316.9	Lrrc15	722.920564749318	0.49093488777783	0.125374444084347	3.91574926902607	9.01238734868568e-05	0.000379933616558951
ENSMUSG00000020131.14	Pcsk4	45.7640663140444	1.379554778376	0.352317612720471	3.91565657965145	9.01585080833243e-05	0.000380002231483757
ENSMUSG00000117922.1	Gm50397	28.6841507392903	-1.54859995592455	0.395499793849224	-3.91555186629231	9.01976507237858e-05	0.000380089815214097
ENSMUSG00000015536.14	Mocs2	452.940400755372	-0.493010856909044	0.125938564755398	-3.91469330992126	9.05191914678794e-05	0.000381367137022926
ENSMUSG00000048310.8	Pskh1	750.141479881387	-0.469821969333816	0.120037279418142	-3.9139671576296	9.079198996379e-05	0.000382438624391634
ENSMUSG00000008167.14	Fbxw9	632.672099972755	-0.512641367213852	0.130979309137978	-3.91391106418052	9.0813095244501e-05	0.000382449696534268
ENSMUSG00000019818.15	Cd164	7380.37723417414	-0.379117940590198	0.0968733413542114	-3.9135425215073	9.0951875503297e-05	0.000382956239024155
ENSMUSG00000028278.14	Rragd	357.300827646837	0.76598403589004	0.195735059984412	3.91337165631462	9.10162852938716e-05	0.000383149499552135
ENSMUSG00000031639.12	Tlr3	100.891900563326	-0.835892164380422	0.213603901305377	-3.91328135521923	9.10503428306216e-05	0.000383214934170605
ENSMUSG00000040420.15	Cdh18	55.1283523736538	-1.22521054923431	0.313186495473284	-3.91207975740712	9.15046791336957e-05	0.000384980893461043
ENSMUSG00000058799.16	Nap1l1	5242.06638728963	0.522922441143515	0.133668876007754	3.91207330203914	9.15071257465739e-05	0.000384980893461043
ENSMUSG00000101188.1	Eif4a-ps4	635.116787690377	0.508573045771892	0.130031647944456	3.91114819977621	9.18583831820004e-05	0.000386380140923435
ENSMUSG00000029595.9	Lhx5	7.03120145904664	5.26024043809639	1.34495460240158	3.91109144405587	9.18799744990992e-05	0.000386392440503221
ENSMUSG00000029334.14	Prkg2	323.063721016514	-0.606237261673274	0.1550085332488	-3.91099282708663	9.19175022989511e-05	0.000386471740825917
ENSMUSG00000092203.7	1110038B12Rik	1106.88644697754	-0.39136968233075	0.100116919577481	-3.90912628936675	9.26305323972515e-05	0.000389390615371793
ENSMUSG00000022270.16	Retreg1	458.896159166858	0.48629918859552	0.124414228325803	3.90871040346005	9.27901137226976e-05	0.000389982246486521
ENSMUSG00000032977.9	Slx9	642.056579647047	0.457307138602014	0.116999244952774	3.90863324619404	9.28197486003726e-05	0.000390027603791943
ENSMUSG00000032307.16	Ube2q2	683.866344895056	0.652925494636234	0.167083826295337	3.90777197956984	9.31511547496875e-05	0.000391340725018019
ENSMUSG00000051950.10	B3glct	591.947681685745	-0.514266736063923	0.131608782037636	-3.90754118457582	9.32401518529e-05	0.000391635126461684
ENSMUSG00000003072.15	Atp5f1d	2681.25777774239	0.7390372737114	0.1891490825288	3.90716816508413	9.33841620926493e-05	0.000392160432370815
ENSMUSG00000038456.9	Dennd2a	521.167351521312	-0.50963778228515	0.130446137324499	-3.90688289234176	9.34944379970317e-05	0.000392543888864211
ENSMUSG00000045867.10	Cradd	74.4989137771183	0.977956755380227	0.250352267190949	3.9063227441608	9.37113285106303e-05	0.000393374729028906
ENSMUSG00000020823.16	Sec14l1	2932.04416959561	0.391719225609606	0.100284117387997	3.90609436281974	9.37998945167572e-05	0.000393666670032919
ENSMUSG00000029642.11	Polr1d	794.231702957005	0.435262744443319	0.11147135429319	3.90470491009286	9.43404283003713e-05	0.000395854961562819
ENSMUSG00000047842.7	Diras2	19.2116553789291	-1.93102866252545	0.494605244837263	-3.90418153200298	9.45447978318116e-05	0.000396632097754493
ENSMUSG00000081058.5	H3c15	45.1637559975326	-1.25187175696995	0.320816883435094	-3.90213801582304	9.53467632708935e-05	0.000399915431194372
ENSMUSG00000024780.7	Cdc37l1	974.201392821998	-0.474453317599309	0.121606401272402	-3.9015488710707	9.55791597596904e-05	0.000400808960264553
ENSMUSG00000029521.7	Chek2	254.363446007814	0.589567297659859	0.151120368749371	3.90130928437344	9.56738210239506e-05	0.000401124654927031
ENSMUSG00000008226.14	Scrn3	527.057945005654	-0.531408282518847	0.136232103134828	-3.90075665199793	9.58925050744179e-05	0.000401960097718788
ENSMUSG00000025745.12	Hadha	2317.6439579064	-0.312193187540352	0.0800375104489975	-3.90058593513215	9.59601553955765e-05	0.000402162230518939
ENSMUSG00000046387.5	Pcdhb17	112.927857138718	-0.824173582031262	0.211323125065437	-3.90006338291682	9.6167508421031e-05	0.000402949647126907
ENSMUSG00000046062.5	Ppp1r15b	2224.52883053131	0.373113178275461	0.0956965318114239	3.89892059004505	9.66224532951721e-05	0.000404773964937618
ENSMUSG00000031170.14	Slc38a5	5.07287564367881	5.77729456051005	1.4818336042254	3.8987471629988	9.66916717955941e-05	0.000404981973795427
ENSMUSG00000020277.10	Pfkl	2716.3974003326	0.460118055707686	0.118021905119739	3.89858183733668	9.67577004455822e-05	0.000405176540870545
ENSMUSG00000055491.14	Pprc1	1494.65474957409	0.403762337037905	0.103575687692898	3.89823467293849	9.68964914135269e-05	0.000405675662574554
ENSMUSG00000002428.12	Hltf	980.747644417143	0.617335432439097	0.158366307548765	3.89814880446717	9.69308492880832e-05	0.000405737441741969
ENSMUSG00000022664.11	Slc35a5	423.142745612507	-0.520018167410369	0.133438602895646	-3.89705944251413	9.73677269106447e-05	0.000407483740259489
ENSMUSG00000014039.18	Prdm15	322.878347204087	0.499534899612788	0.128207307978576	3.8963059710782	9.76709859367549e-05	0.00040867025225488
ENSMUSG00000092572.7	Serpinb10	49.028137505392	-1.23198996214215	0.316261642622887	-3.8954770231532	9.80056530647771e-05	0.000409987674371023
ENSMUSG00000020430.12	Pes1	1470.19493212341	0.363022966622206	0.0931930077473969	3.89538845667685	9.80414735244952e-05	0.000410054649521828
ENSMUSG00000030029.14	Lrig1	1001.10326644517	0.474018405087767	0.121701811893461	3.89491658105079	9.82325307383111e-05	0.000410770738131778
ENSMUSG00000030830.18	Itgal	9.86413821570381	3.42001639179156	0.878097065862384	3.89480448660052	9.82779681797615e-05	0.000410877734468367
ENSMUSG00000035399.12	Oser1	137.288183786115	0.734381135782664	0.188610199117686	3.89364487826257	9.87491807781219e-05	0.000412764396794496
ENSMUSG00000032621.8	Srek1	1850.4981415847	-0.416057437941604	0.106867625896725	-3.89320371300917	9.89290099216981e-05	0.000413432581540325
ENSMUSG00000059142.16	Zfp945	478.295524818247	-0.653104738177232	0.167759684416363	-3.89309708378022	9.8972520826322e-05	0.000413530926238199
ENSMUSG00000009566.12	Fpgs	488.548631497481	0.626720681469998	0.160992980226056	3.89284477242423	9.9075550444793e-05	0.000413877864511962
ENSMUSG00000003581.14	Rnf215	337.417547932426	-0.629544880466479	0.161823718513475	-3.89031278139896	0.000100115093218627	0.000418136060236554
ENSMUSG00000047238.4	Mageh1	366.592985119927	-0.538076146209935	0.138314866780654	-3.89022639961937	0.000100150739397498	0.000418200555737101
ENSMUSG00000040029.15	Ipo8	1259.35583281664	0.429913171032762	0.110524918303052	3.88973977663541	0.000100351772486382	0.00041895549388778
ENSMUSG00000025262.8	Fam120c	300.914459293557	-0.684926117868079	0.176089375199933	-3.88965045216619	0.000100388715455611	0.00041902521097312
ENSMUSG00000015852.13	Fcrl2	8.32814165460909	3.97058301509909	1.02085023165158	3.88948632423319	0.000100456629239853	0.000419224146902363
ENSMUSG00000028524.21	Sgip1	26.5047271277304	-1.57298950000601	0.404521066379484	-3.88852307269055	0.000100856083907109	0.000420806305340303
ENSMUSG00000030598.15	Fbxo17	271.180729898979	-0.559023650677143	0.143791894506949	-3.88772713923821	0.000101187283587972	0.000422103100158693
ENSMUSG00000085967.1	Gm12530	4.74987119782452	5.7180910577856	1.47087590588959	3.88754145396602	0.000101264697529701	0.000422340917623873
ENSMUSG00000018169.12	Mfng	4.48748863555619	5.62629138394466	1.44731527893378	3.88739859644783	0.000101324294223367	0.00042250434450634
ENSMUSG00000020834.17	Dhrs13	128.491844516993	0.803050255909952	0.20659597794602	3.88705658209752	0.000101467108857684	0.000423014639727132
ENSMUSG00000022048.8	Dpysl2	730.006036083065	0.504112390124958	0.129694607434792	3.88691866297075	0.000101524753368363	0.000423169728145742
ENSMUSG00000003273.14	Car11	79.3417532100707	-0.972193670146875	0.250137275229388	-3.88664052271028	0.00010164109857495	0.000423569377773885
ENSMUSG00000020280.12	Pus10	531.157203903348	0.579804024038201	0.149183812915206	3.88650760902428	0.000101696740384672	0.000423715947911096
ENSMUSG00000025645.8	Ccdc51	124.742197007904	0.77751681977136	0.200059062859675	3.88643637862447	0.000101726571480714	0.000423754941251621
ENSMUSG00000001855.15	Nup214	1119.63349139628	0.475769859188642	0.122427209572296	3.88614476186103	0.000101848785927767	0.000424178676040011
ENSMUSG00000020923.17	Ubtf	2185.8264411523	0.349836410597926	0.0900228492417668	3.88608462789708	0.000101874004860806	0.000424198355786326
ENSMUSG00000015659.12	Serac1	161.341384409781	0.728554525171657	0.187532637148807	3.88494790159405	0.000102351834425534	0.000426102297018126
ENSMUSG00000022763.18	Aifm3	9.29301136992804	3.71229430774218	0.95557653025802	3.88487388523429	0.000102383020876959	0.000426146420497118
ENSMUSG00000029575.17	Mmab	388.038322577083	-0.529580675701685	0.13632374010968	-3.88472818656243	0.000102444436545595	0.000426316323292577
ENSMUSG00000028967.10	Errfi1	3297.54208160391	-0.33847059981098	0.0871335490910006	-3.8845037685483	0.000102539102436681	0.000426624498761177
ENSMUSG00000004221.16	Ikbkg	1197.43442119157	-0.365846875998021	0.0941949867754775	-3.88393149701323	0.000102780876677015	0.000427544486804166
ENSMUSG00000036792.12	Mbd5	565.568109195592	-0.446007169503388	0.114867270720847	-3.88280462053709	0.000103258535078266	0.000429445131120158
ENSMUSG00000046314.16	Stxbp6	91.9804067904831	-0.851525239460901	0.219316783915702	-3.88262687541596	0.000103334068390112	0.000429672937245265
ENSMUSG00000020990.5	Cdkl1	25.7269057396097	-1.61752140014771	0.416610440556231	-3.88257528541077	0.000103356001476903	0.000429677821765496
ENSMUSG00000026670.15	Uap1	1134.08998296991	-0.363498694994569	0.0936602084828828	-3.88103657767323	0.000104012194429527	0.000432318958332686
ENSMUSG00000029534.17	St7	238.202063230316	-0.600247023699378	0.154665467519104	-3.88093757014788	0.000104054551250033	0.000432408182357849
ENSMUSG00000019779.15	Frk	246.383187063134	-0.612247523814183	0.157792274255694	-3.88008555363154	0.000104419729383929	0.000433838614716569
ENSMUSG00000014077.13	Chp1	2884.82115637409	-0.334393236039427	0.0861854821072957	-3.87992534082629	0.000104488532275344	0.000433898784707027
ENSMUSG00000040596.15	Pogk	519.049871799851	-0.463186699033196	0.119380925872621	-3.87990540069536	0.000104497098495798	0.000433898784707027
ENSMUSG00000043036.13	Ccdc63	10.4086109795098	3.25490254917606	0.838892529405436	3.87999944579667	0.000104456702809821	0.000433898784707027
ENSMUSG00000037003.16	Tns2	1558.99840328494	-0.516433090166563	0.133138016706828	-3.87893032313796	0.00010491679843402	0.000435554113675447
ENSMUSG00000039294.14	Cybc1	693.868470246809	-0.394288407971435	0.101651163947348	-3.87883810337541	0.000104956574565203	0.000435631870247672
ENSMUSG00000021066.9	Atl1	103.417800704533	-0.80897027164762	0.208565524389115	-3.87873438823162	0.000105001325874464	0.000435642903242238
ENSMUSG00000023953.9	Polh	335.822785169503	0.526890545829442	0.135840650844905	3.8787398510849	0.000104998968297603	0.000435642903242238
ENSMUSG00000097848.2	Gm807	6.87004848390064	5.2337591236032	1.34948021438791	3.87835187785772	0.000105166528271139	0.000436240875487839
ENSMUSG00000070394.10	Tmem256	417.066602080246	-0.490992412060713	0.126612776092335	-3.8779057470681	0.000105359517554172	0.000436953847696614
ENSMUSG00000043993.6	2900052L18Rik	59.666416251872	-1.24453451359734	0.320940247118634	-3.8777763922432	0.000105415536920847	0.000437098597500922
ENSMUSG00000032402.12	Smad3	1649.62425295108	-0.39609338808069	0.10214829571637	-3.87763090223748	0.000105478577494533	0.000437272396466921
ENSMUSG00000006932.17	Ctnnb1	10759.9638244408	-0.35551941311043	0.0917091807026184	-3.8765956732648	0.000105928168701427	0.000439048290739054
ENSMUSG00000031681.16	Smad1	403.701480978644	-0.49597464892812	0.127946460045689	-3.87642337858358	0.000106003170130314	0.000439271194900375
ENSMUSG00000028847.8	Trappc3	1003.41955674023	-0.383361268595939	0.0989111984100638	-3.87581259511798	0.000106269453575069	0.000440237582542552
ENSMUSG00000039231.18	Suv39h1	404.046323588467	0.497075605519926	0.128251398216156	3.87579092652192	0.000106278912023051	0.000440237582542552
ENSMUSG00000042284.10	Itga1	614.203299726428	-0.525695420707508	0.135641473062352	-3.87562453310909	0.00010635157003608	0.000440450409799282
ENSMUSG00000078202.3	Nrarp	8.33104478855794	4.59095096320876	1.18487146587778	3.87464049512552	0.000106782223176884	0.000442145476602986
ENSMUSG00000035373.2	Ccl7	948.550695497955	-0.423860934805912	0.109433486691633	-3.8732288225476	0.000107402900119163	0.00044462652591331
ENSMUSG00000029762.6	Akr1b8	748.489818821941	-0.436711303643263	0.11276318493563	-3.87281810009673	0.00010758412276143	0.000445287693868994
ENSMUSG00000033712.6	Ccar2	796.098944218262	0.475287773313295	0.122750057596857	3.8719963364438	0.000107947575152577	0.000446702690540421
ENSMUSG00000010663.5	Fads1	1821.22655506861	-0.33355151515856	0.0861583702439285	-3.87137679385323	0.000108222354161126	0.000447750251605266
ENSMUSG00000035351.16	Nup37	241.903693456262	0.607639013534335	0.157010301928754	3.87005824503198	0.000108809354216731	0.000450088893471645
ENSMUSG00000001942.8	Siae	311.845206795096	-0.522129988416113	0.134918055041745	-3.86997861964852	0.000108844898364621	0.000450145964285571
ENSMUSG00000000881.12	Dlg3	713.651740391079	-0.402871863251454	0.104106427862044	-3.86980776811704	0.000108921202124884	0.000450371546700553
ENSMUSG00000024350.6	Dnajc18	724.560572799163	-0.452764481548387	0.117035721671922	-3.86860075778907	0.000109461702719913	0.000452516034471635
ENSMUSG00000010601.14	Apol7a	47.1800093788712	1.1701184685986	0.302623305611084	3.86658412258033	0.000110370403907085	0.00045609043531099
ENSMUSG00000031570.17	Plpp5	732.844293017655	-0.484330748370076	0.12525986986134	-3.86660746898605	0.0001103598433562	0.00045609043531099
ENSMUSG00000037234.17	Hook3	2394.71761392767	-0.471271965203778	0.121914821987195	-3.86558383568223	0.000110823771825089	0.000457872505590324
ENSMUSG00000063273.11	Naa15	2284.69681612236	0.507080292967323	0.131185927653077	3.86535585057799	0.000110927348866474	0.000458208979083444
ENSMUSG00000038312.10	Edem2	524.73328705184	0.475038908728489	0.122985118623738	3.86257226926639	0.000112199357987725	0.000463370812248189
ENSMUSG00000028039.11	Efna3	289.768177204163	0.721717815201183	0.186909624107111	3.86131970811515	0.000112776216533194	0.000465660264516372
ENSMUSG00000047342.17	Zfp286	86.6758255483864	-0.901960959982405	0.233657185809439	-3.86018926341947	0.000113299235870579	0.000467726542338477
ENSMUSG00000002324.8	Rec8	13.6931256592501	2.41519256727555	0.625715458235665	3.85988956399718	0.000113438280073247	0.000468207170336218
ENSMUSG00000110932.1	Gm48640	9.7422262390442	3.14190436124735	0.81400428074765	3.85981306924032	0.000113473795247081	0.000468260384333997
ENSMUSG00000029447.11	Cct6a	5479.55887957934	0.480872874964021	0.124599143455567	3.85935939548014	0.00011368464365994	0.000469036962152104
ENSMUSG00000051043.16	Gprc5c	79.472185267418	-1.05283502742985	0.272826679574003	-3.85898853101084	0.000113857280267456	0.000469562033125338
ENSMUSG00000075585.3	6330403L08Rik	256.652774403297	-0.682888649360695	0.176959720737254	-3.85900614284214	0.000113849076408787	0.000469562033125338
ENSMUSG00000021248.9	Tmed10	2616.00906695452	-0.350718131916918	0.0908946150102967	-3.85851386110374	0.000114078598866989	0.000470381059352154
ENSMUSG00000041359.14	Tcl1	4.44493601414054	5.6158570596436	1.45568087583272	3.85789025113836	0.00011436997870925	0.000471488585800192
ENSMUSG00000028427.13	Aqp7	8.23812920052689	4.58802000231964	1.18930554356171	3.85773027558547	0.000114444839849659	0.000471703253693367
ENSMUSG00000074971.4	Fibin	201.710291684326	-0.641861261253057	0.16639909341737	-3.85736032613538	0.00011461813609075	0.000472323471818122
ENSMUSG00000040483.15	Xaf1	116.868757513048	0.841804146240016	0.21824238789475	3.85719820223919	0.000114694158116806	0.000472542670951386
ENSMUSG00000021745.14	NA	2357.33028393644	-0.361314790659887	0.0937531548664478	-3.85389474279114	0.000116253589359827	0.000478872247991854
ENSMUSG00000006720.16	Zfp184	57.7218072360812	1.17750602531821	0.305564791899502	3.85353959793076	0.000116422424333077	0.000479472296313243
ENSMUSG00000032199.13	Polr2m	3217.02611719027	-0.330575622734679	0.0857987918919266	-3.85291698688574	0.00011671897023271	0.000480597963963969
ENSMUSG00000038781.7	Stap2	96.8645177549232	0.829766535296512	0.215383831063455	3.85250151415521	0.000116917253514248	0.000481318661593361
ENSMUSG00000030615.12	Tmem126a	601.909234772625	-0.434939031729987	0.112913903502475	-3.85195284405744	0.000117179591665784	0.000482302717814689
ENSMUSG00000008373.16	Prpf31	931.652786773696	0.396680929487703	0.103003565382343	3.85113785154182	0.000117570292624555	0.00048381460974864
ENSMUSG00000039899.5	Fgl2	64.2118440631474	-1.13972736605555	0.295979747243708	-3.8506937608711	0.000117783702907009	0.000484500172192407
ENSMUSG00000089774.2	Slc5a3	1397.79850142055	0.464722877628729	0.120684563955304	3.85072342640971	0.000117769435586452	0.000484500172192407
ENSMUSG00000080242.5	Atp6v0c-ps2	360.857677236577	-0.505991027614711	0.131426308050124	-3.84999803404455	0.000118118772929664	0.000485781935400579
ENSMUSG00000015217.11	Hmgb3	149.641552663959	0.760600548958762	0.197579318624343	3.84959597114964	0.00011831282064229	0.000486483328262767
ENSMUSG00000021418.15	Rpp40	142.628518436224	0.8474291910306	0.220258719065814	3.84742631131614	0.000119365162508793	0.000490712909388184
ENSMUSG00000048170.14	Mcmbp	922.380607490646	0.383975571405124	0.0998429384112355	3.84579598232172	0.000120161715699253	0.000493889466493019
ENSMUSG00000032114.9	Slc37a4	227.19477859824	0.59916998932981	0.15580656009347	3.84560180887352	0.000120256919110414	0.000494182642181151
ENSMUSG00000020290.14	Xpo1	3852.41676579602	0.553121008892672	0.14386531889418	3.84471402242203	0.00012069310823114	0.000495876666787687
ENSMUSG00000055172.10	C1ra	467.942725962724	-0.564814047485282	0.146912036926359	-3.84457297919299	0.000120762543056356	0.000496063480596053
ENSMUSG00000047935.17	Sox1ot	4.54792934992515	5.60978092354301	1.45942202379742	3.84383737676256	0.000121125287040832	0.000497454824694085
ENSMUSG00000029162.15	Khk	92.238836263777	-0.909668746758927	0.236789358774519	-3.84167916779214	0.00012219549151328	0.000501750541327789
ENSMUSG00000025747.12	Tyms	412.451158038105	0.454220562865818	0.118261103296915	3.84082805083781	0.000122619986097119	0.000503293890982406
ENSMUSG00000112053.1	Gm46328	4.29838272023875	5.55584322995794	1.44650402683892	3.84087643509659	0.000122595817226176	0.000503293890982406
ENSMUSG00000019659.8	Ccdc12	275.795986625321	0.62804517401556	0.163528080676331	3.84059527524597	0.000122736324799225	0.000503584822356251
ENSMUSG00000026077.15	Npas2	50.1038579513452	1.21518308035159	0.316405405499172	3.84058887500507	0.000122739525039243	0.000503584822356251
ENSMUSG00000021650.7	Ptcd2	388.088204245658	0.528345491441212	0.137599194318954	3.8397426239031	0.000123163359930212	0.000505123516385071
ENSMUSG00000036766.12	Dner	21.9099073711383	-1.75908295214446	0.458124841364376	-3.83974583632184	0.000123161748422506	0.000505123516385071
ENSMUSG00000032705.9	Exd2	425.778099711767	0.508320291095201	0.132386607006383	3.8396655265188	0.00012320204174514	0.000505182064596406
ENSMUSG00000062488.9	Ifit3b	18.5384431271308	-1.87048023613241	0.48720516596251	-3.83920443954476	0.000123433620554007	0.000506031394701404
ENSMUSG00000021114.9	Atp6v1d	1186.55128686887	-0.394685529105232	0.102820310327086	-3.83859499985638	0.000123740338505762	0.000507188369649655
ENSMUSG00000032369.13	Plscr1	219.12558787001	0.600309054446105	0.156443558121347	3.83722450227364	0.000124432707141322	0.000509925283135661
ENSMUSG00000039178.9	Tbc1d19	423.501176616276	-0.495506445396034	0.129170135058778	-3.83607592552689	0.000125015773552066	0.000512213281226092
ENSMUSG00000033540.18	Idua	325.565570796403	-0.532330388225637	0.138788237770047	-3.83555837856833	0.000125279343220563	0.000513191594166323
ENSMUSG00000016181.9	Utp25	290.191857576634	0.521581780387424	0.13599360845799	3.83534039799045	0.000125390510258341	0.000513545344645309
ENSMUSG00000025997.13	Ikzf2	220.712375032714	-0.571152833532318	0.14894114020775	-3.83475534520313	0.000125689338842244	0.000514667383718221
ENSMUSG00000023104.9	Rfc2	564.735915849315	0.479050308698062	0.124933389273815	3.83444579133392	0.000125847721715685	0.000515112120188445
ENSMUSG00000039199.6	Zdhhc1	449.313557145652	-0.602430545740153	0.157109472676305	-3.834463546201	0.000125838632375639	0.000515112120188445
ENSMUSG00000039200.16	Atf7ip2	16.7534570476634	2.12006403679375	0.553077326815212	3.83321451450872	0.000126479567245942	0.000517595998897541
ENSMUSG00000027498.14	Cstf1	633.321029850689	0.559298037556639	0.145915680125186	3.83302217470253	0.000126578538501214	0.000517898629855038
ENSMUSG00000038578.15	Susd1	34.6335881646543	1.34042902032779	0.349774958335993	3.83226125364921	0.000126970797610203	0.000519400897180551
ENSMUSG00000040782.12	Cop1	1038.7872253711	-0.429867703288722	0.112223782772339	-3.83045102089247	0.000127908592802127	0.000523133760602892
ENSMUSG00000080775.1	Gm6368	623.318378297437	0.495849243804988	0.129460478454571	3.83012058756594	0.0001280804775568	0.000523733268460729
ENSMUSG00000032525.15	Nktr	3183.08626803169	-0.401932864022547	0.104978763253202	-3.82870641229702	0.000128818565498417	0.000526647340954322
ENSMUSG00000027177.14	Hipk3	2362.37061646001	-0.401597831579256	0.104906040122844	-3.82816691116153	0.000129101197398603	0.000527698594975054
ENSMUSG00000059203.10	Il1rapl2	6.89565575564427	5.23055608369115	1.3664593832981	3.82781672666087	0.000129284963447205	0.00052824110903942
ENSMUSG00000071451.10	Psmg4	105.896986947388	0.770361165620938	0.201250874218781	3.82786494027088	0.00012925964780304	0.00052824110903942
ENSMUSG00000015702.13	Anxa9	50.8765729915691	1.08643494189593	0.283846025277627	3.82755030947959	0.000129424936068361	0.000528708654367281
ENSMUSG00000035142.18	Nubpl	114.922708315977	0.796717475983511	0.208206655308518	3.82657064829626	0.000129940868235653	0.000530711529520478
ENSMUSG00000036376.3	Abt1	215.624910712908	0.60828547701188	0.159016802477662	3.82529058271895	0.000130617927567189	0.000533371568891942
ENSMUSG00000081957.5	Ak3l2-ps	25.8977136038556	1.58055041724807	0.413234329673743	3.82482844176076	0.000130863181432841	0.000534267651376403
ENSMUSG00000025423.16	Pias2	853.791457799877	-0.40540224675404	0.10601021369794	-3.8241810162667	0.000131207493932093	0.000535567721731493
ENSMUSG00000009628.14	Tex15	63.0453855649499	-1.097030429115	0.286891379355956	-3.82385288668392	0.000131382324927136	0.000536175619808122
ENSMUSG00000036820.12	Amdhd2	480.534536626832	-0.642494978841189	0.168031255161207	-3.82366350965354	0.000131483326941956	0.0005364820391034
ENSMUSG00000035459.18	Stab2	13.8414146139067	2.43118768862928	0.635942152364971	3.82296987169049	0.000131853895732903	0.000537782027147855
ENSMUSG00000035545.13	Leng8	2668.4614529735	-0.525594954109476	0.137482294425299	-3.8230010366539	0.000131837225085508	0.000537782027147855
ENSMUSG00000030703.8	Gdpd3	15.5182629336015	2.28274287149037	0.597242566493072	3.82213693323021	0.000132300184777749	0.000539495966255838
ENSMUSG00000022314.10	Rad21	3029.53058941184	0.452167965014304	0.118321196366499	3.82152969121203	0.000132626442172988	0.000540719859471867
ENSMUSG00000025037.6	Maoa	2049.18186502236	-0.515728598073296	0.134996496933277	-3.82031096946314	0.000133283522664182	0.000543291775428494
ENSMUSG00000020121.15	Srgap1	909.942538824026	0.421281709257141	0.110312493232307	3.81898456750466	0.000134002144776662	0.000546113485869686
ENSMUSG00000028955.3	Vamp3	1713.4902610466	-0.429390559315411	0.112443086012224	-3.81873687875065	0.000134136742201292	0.00054655441472924
ENSMUSG00000031303.8	Map3k15	69.9279058472495	-0.988693987965241	0.259053387837974	-3.81656459395012	0.000135322660654102	0.000551278046226976
ENSMUSG00000027912.8	Lce1m	6.73377294152674	5.19698572529111	1.36200568675346	3.81568577564378	0.000135805235881888	0.000553135099866037
ENSMUSG00000034607.6	Pof1b	8.42849595361495	4.59625088305143	1.20486884583312	3.8147312870998	0.000136331199484069	0.000555168109014509
ENSMUSG00000020357.3	Flt4	281.13805892464	0.561682005800091	0.147275453768519	3.81381955667181	0.000136835393053992	0.000557111683875802
ENSMUSG00000029028.14	Lrrc47	620.880661173608	0.480883591159188	0.126109079853896	3.81323526994501	0.000137159430889696	0.000558321152406256
ENSMUSG00000061039.5	Or8b53	20.8769250474984	-1.76510570410148	0.462918948562648	-3.81299082610918	0.000137295210624229	0.000558763972613237
ENSMUSG00000093553.1	Gm20633	30.109337216738	-1.42009981813808	0.372519698006813	-3.8121469166232	0.000137764945702856	0.000560565482819624
ENSMUSG00000024594.9	Prrc1	1654.78148388931	-0.389296721547836	0.102132600850187	-3.81167931010465	0.000138025875247668	0.000561516822278199
ENSMUSG00000055407.14	Map6	1932.54053339487	-0.342909354030504	0.089985503652162	-3.81071772800224	0.000138563912243298	0.000563594894777761
ENSMUSG00000028070.7	Naxe	744.368919261539	-0.461438908202372	0.121106678568677	-3.81018547990893	0.000138862571434433	0.000564698696683956
ENSMUSG00000032526.11	Ss18l2	164.029606426986	-0.643841315555748	0.168991348169676	-3.80990697174213	0.000139019091658949	0.000565224156010328
ENSMUSG00000031808.7	Slc27a1	291.072655722505	-0.76496871798049	0.200803006460781	-3.80954813109283	0.000139221003345585	0.000565933925422283
ENSMUSG00000037519.17	Ppfia1	1991.83979549952	-0.341267802621897	0.0896223408056928	-3.80784299488214	0.000140184226287094	0.000569705086168564
ENSMUSG00000055963.12	Triqk	168.132163992084	-0.684565149466736	0.179779299653407	-3.80780852293059	0.000140203763898868	0.000569705086168564
ENSMUSG00000015575.15	Atp6v0e	1407.33846702929	-0.394879856923444	0.103706230858043	-3.80767725966214	0.000140278183246902	0.000569895606482362
ENSMUSG00000021171.8	Esyt2	3266.06116339766	-0.419702007589384	0.110230164991702	-3.8075059365191	0.0001403753704019	0.000569971122032104
ENSMUSG00000023919.8	Cenpq	167.188024106584	0.727576610234511	0.191092868725745	3.80745035168592	0.000140406915853022	0.000569971122032104
ENSMUSG00000047187.9	Rab2a	3423.13977531166	-0.484574172375391	0.127266532547709	-3.807553821691	0.000140348200007744	0.000569971122032104
ENSMUSG00000058748.9	Zfp958	229.23203308961	0.811364672542761	0.213098498231173	3.8074631181238	0.000140399670065863	0.000569971122032104
ENSMUSG00000036427.5	Gpi1	7158.07438779452	0.420863090819546	0.11058454390401	3.8058039212502	0.000141344330043151	0.000573663977953567
ENSMUSG00000057897.14	Camk2b	22.9730390541033	1.86512002869529	0.490194871784361	3.80485422441499	0.000141887728343678	0.000575756535774513
ENSMUSG00000112237.1	D630033A02Rik	21.4560178212283	-1.81143358517329	0.4761028591646	-3.80471057945701	0.000141970090335014	0.000575977832192172
ENSMUSG00000002688.8	Prkd1	410.603086305675	-0.516561471779462	0.135807949238578	-3.80361734843667	0.000142598395320514	0.000578413518467435
ENSMUSG00000025040.13	Fundc1	524.801491584171	-0.539656235879517	0.141910377343784	-3.80279614486667	0.000143072081274703	0.00058022120107858
ENSMUSG00000027365.14	Trpm7	2959.39047108666	-0.508596568380201	0.133746883412168	-3.80267977394927	0.000143139326000837	0.000580380197628075
ENSMUSG00000020211.15	Sf3a2	639.360670299791	0.522014771717723	0.137314139810958	3.80160974271394	0.000143759038280684	0.000582778757025435
ENSMUSG00000029312.12	Klhl8	180.593682826705	-0.644229738019787	0.169465924126576	-3.80152966645144	0.000143805516197024	0.000582853021296692
ENSMUSG00000044629.5	Cnrip1	105.899340428464	-0.774260022476896	0.203700763649088	-3.80096769696308	0.000144132093241094	0.000584062294048044
ENSMUSG00000098985.1	Gm27219	41.9265147075272	1.30869188992362	0.344346628781163	3.80050733923494	0.000144400140971035	0.000585033963194256
ENSMUSG00000084301.1	Gm7856	14.8993453664017	2.32853248204045	0.612788062873475	3.7998985670862	0.000144755325320517	0.000586358215031189
ENSMUSG00000026983.10	Il36rn	6.4957962445481	5.15481843532713	1.356616960369	3.79975968598019	0.000144836469815682	0.000586572116751088
ENSMUSG00000038957.13	Edc3	525.044869630458	0.45543368076624	0.119904869767678	3.79829177621114	0.000145696753002153	0.000589795802359622
ENSMUSG00000042870.15	Tom1	178.653655345175	-0.651634759572233	0.171561581842412	-3.79825572004105	0.000145717944502976	0.000589795802359622
ENSMUSG00000059974.10	Ntm	28.3442853735045	-1.62751134840451	0.428485143573057	-3.79829119589305	0.000145697094052873	0.000589795802359622
ENSMUSG00000108095.1	Gm44067	8.93895964194562	3.62320414834653	0.95393734242939	3.79815737071297	0.00014577576267748	0.000589914469532972
ENSMUSG00000048040.8	Arxes2	311.668886212656	-0.677804862953314	0.178459135758136	-3.79809562605939	0.000145812072520775	0.000589946069020233
ENSMUSG00000022555.12	Dgat1	357.367120441147	-0.563358068170163	0.148359778401542	-3.79724258313067	0.000146314589230358	0.000591863529896264
ENSMUSG00000020806.15	Rhbdf2	338.128210646136	0.59152534429519	0.155787866510624	3.79699239449338	0.000146462281157642	0.000592345204705359
ENSMUSG00000028167.15	Bdh2	26.2621346615786	-1.53462718668108	0.404234553209078	-3.79637805451861	0.000146825535504898	0.000593698331591303
ENSMUSG00000029102.9	Hgfac	13.9046729444207	2.44463886315196	0.643995368290141	3.79605038098748	0.000147019632997808	0.000594367067074537
ENSMUSG00000063281.9	Zfp35	307.077480283046	0.58627578411112	0.154460965294474	3.79562424068378	0.000147272418731142	0.000595272758312032
ENSMUSG00000025340.14	Rabgef1	846.436515475377	0.394058147084327	0.103827140023586	3.79532891876642	0.000147447843230645	0.000595865464082607
ENSMUSG00000026048.16	Ercc5	1211.16829515708	-0.426716834262595	0.112436349654012	-3.79518577022187	0.000147532945835675	0.000596093001337623
ENSMUSG00000022867.11	Usp25	914.44109379494	-0.418063026795179	0.11017875270314	-3.79440696630125	0.00014799675993984	0.000597850299374461
ENSMUSG00000023087.15	Noct	727.329328487296	-0.435591859562725	0.114834456556693	-3.79321566561058	0.000148708892144119	0.000600609826047046
ENSMUSG00000057421.12	Las1l	1153.94693873928	0.442566814144306	0.116679841670649	3.79300149715264	0.000148837258776984	0.000601011006520638
ENSMUSG00000032511.17	Scn5a	6.61841484895908	5.17535884364308	1.36457342227427	3.79265692791931	0.000149044002983673	0.000601728460651268
ENSMUSG00000034487.4	Poglut3	971.696370644233	-0.521830035797563	0.137629251595041	-3.79156341947562	0.000149701908527131	0.000604266732566903
ENSMUSG00000097042.2	Gm17491	88.450558470273	0.927244158195939	0.244558986996269	3.79149492555793	0.000149743208512448	0.000604315592318026
ENSMUSG00000096472.2	Cdkn2d	189.619624668201	0.719369934540855	0.189740397433853	3.79133776607399	0.000149838011990554	0.000604580313877677
ENSMUSG00000021614.16	Vcan	10053.6891164254	-0.354678932355378	0.0935769669147336	-3.79023753439837	0.000150503290089346	0.000607146287577349
ENSMUSG00000018882.12	Mrpl45	830.277463363867	0.409786122179131	0.108149090248686	3.78908524553317	0.000151203026355291	0.00060985024211383
ENSMUSG00000000339.14	Rtca	759.269474329216	0.428773238599064	0.113202167166934	3.78767694408865	0.000152062387259093	0.000613078601703713
ENSMUSG00000032279.11	Idh3a	1657.13156969186	0.483697241090321	0.127704524997952	3.78762805075294	0.000152092304930121	0.000613078601703713
ENSMUSG00000060579.13	Fhit	24.3119598707086	1.71688773639453	0.453287654761402	3.78763400758895	0.000152088659665399	0.000613078601703713
ENSMUSG00000020032.14	Nuak1	1089.00415426868	-0.447699552102193	0.118221584150769	-3.78695274063692	0.000152506092168902	0.000614626869510147
ENSMUSG00000040365.14	Trim41	803.949308550556	-0.467586066982856	0.12349440451293	-3.7862935476878	0.000152911025740254	0.000616138859606291
ENSMUSG00000032359.14	Ctsh	442.001987115111	-0.667372713834305	0.176379192751628	-3.78373833910262	0.000154490241807891	0.000622380987773751
ENSMUSG00000029122.11	Evc	792.207778447707	-0.425183492448715	0.112378564051331	-3.78349283992012	0.000154642775287817	0.000622874256797535
ENSMUSG00000021259.5	Cyp46a1	39.3691936915046	-1.26986774584586	0.335685023945151	-3.78291450396472	0.000155002667306269	0.000624202375597756
ENSMUSG00000021645.16	Smn1	462.521388241605	0.469527889615048	0.12413197523085	3.78248947333561	0.000155267661547317	0.000625026317846737
ENSMUSG00000034777.2	Vax2	23.0658866411647	-1.70123172804551	0.449762907936158	-3.78250784586041	0.000155256197999998	0.000625026317846737
ENSMUSG00000027905.15	Ddx20	391.900849593536	0.481664323329598	0.12736864838683	3.78165529296299	0.000155788988925519	0.000627002971372608
ENSMUSG00000032496.7	Ltf	4.32928791499099	5.55136765593653	1.46856705307063	3.78012542520898	0.000156749375460985	0.000630745591498238
ENSMUSG00000002728.14	Naa20	759.577760129165	0.505945013406495	0.133850690777053	3.77992082423553	0.00015687823695647	0.000631141424054805
ENSMUSG00000026836.15	Acvr1	916.232483907804	-0.359791295350685	0.0952088279447772	-3.77896990349855	0.000157478454108427	0.000633433058995398
ENSMUSG00000062590.13	Armc9	256.752036938161	-0.568441638616768	0.150456964424543	-3.77810120515791	0.000158028661238385	0.000635522684859788
ENSMUSG00000028016.9	Ints12	424.351798195406	0.462591151325127	0.122450399532573	3.77778392794933	0.000158230065639108	0.000636209038202002
ENSMUSG00000019837.8	Gtf3c6	550.481309332718	-0.463617745751372	0.122793531641969	-3.77558768407403	0.000159630856986588	0.000641716665132141
ENSMUSG00000062638.11	Btnl1	4.23253524549629	5.51414706971015	1.46050681963425	3.77550244585031	0.000159685457518791	0.000641811511685718
ENSMUSG00000040118.15	Cacna2d1	1476.29550656034	-0.5040103254507	0.133507336682394	-3.77515077429571	0.000159910911518279	0.000642592886336022
ENSMUSG00000044709.6	Gemin7	535.441205784741	-0.508641717313019	0.134739592100864	-3.77499819750277	0.000160008820499275	0.000642861524750484
ENSMUSG00000021597.16	Slf1	278.374683369181	0.651721285021462	0.172696698280837	3.77379122767965	0.000160785327164609	0.000645632296344477
ENSMUSG00000027102.4	Hoxd8	278.512700044818	-0.604315937113806	0.160136322949825	-3.77375929446785	0.00016080591953539	0.000645632296344477
ENSMUSG00000033427.14	Upb1	14.1287042117728	2.47821113497834	0.656700274728633	3.77373244742802	0.000160823233970343	0.000645632296344477
ENSMUSG00000042804.13	Gpr153	1098.3793446847	-0.569653216245636	0.150949221089792	-3.77380692747516	0.000160775203943796	0.000645632296344477
ENSMUSG00000023411.12	Nfatc4	2025.42572640946	-0.487328678856687	0.129171694968046	-3.77272032373067	0.000161477263096506	0.000648132221996234
ENSMUSG00000030754.9	Copb1	4301.18017744256	-0.335554292542705	0.0889744516217072	-3.77135555686684	0.000162363131790519	0.000651561548067457
ENSMUSG00000032883.15	Acsl3	698.740651189436	0.570648355661548	0.151360017872226	3.7701393253222	0.000163156437825874	0.000654618163705713
ENSMUSG00000085037.1	NA	59.2588908049375	-1.05204715329644	0.279056452378726	-3.77001550879259	0.000163237403309798	0.000654816087424324
ENSMUSG00000070738.10	Dgkd	928.088498583943	0.377291993892588	0.100083396167674	3.76977609013682	0.00016339406999209	0.000655317545972926
ENSMUSG00000016179.11	Camk1g	8.77147112101489	4.05988910958859	1.07708655523722	3.76932484195239	0.000163689734728932	0.000656376175736954
ENSMUSG00000071645.6	Tut1	587.032267481618	0.440048996613431	0.116755999763596	3.76896260153164	0.00016392744437112	0.000657202047460355
ENSMUSG00000061603.8	Akap6	62.1458482473319	-1.00642798673129	0.267060498579603	-3.76853930882371	0.000164205629288917	0.000658189837461519
ENSMUSG00000033184.14	Tmed7	3344.92808795347	-0.409883632532929	0.108792664478878	-3.76756681616626	0.000164846427773472	0.000660630437266814
ENSMUSG00000035121.6	Neil2	40.1868791557685	1.35108366380312	0.358665382920536	3.76697537075235	0.000165237294937297	0.000662068673617325
ENSMUSG00000037664.13	Cdkn1c	342.552051335901	-0.749156985351879	0.198904957434643	-3.76640680561236	0.000165613863115822	0.000663449071537525
ENSMUSG00000063904.4	Dpp3	1772.12397204863	0.443060385044271	0.117660827504906	3.76557257364008	0.000166167847581091	0.000665539527298957
ENSMUSG00000028413.13	B4galt1	3067.04225470957	-0.304003812498306	0.0807377765287565	-3.76532306893574	0.000166333873362033	0.000666075613217396
ENSMUSG00000001436.15	Slc19a1	352.498440516182	0.506152446904802	0.134449566425658	3.76462684381115	0.000166797982179105	0.000667804919366596
ENSMUSG00000003623.4	Crot	831.617144395123	-0.460547596082545	0.122349754222078	-3.76418897619198	0.000167090491695393	0.000668846661690764
ENSMUSG00000022523.10	Fgf12	15.729780253711	-2.14477984973334	0.569831425011834	-3.76388481854751	0.000167293962642586	0.000669531657528786
ENSMUSG00000044216.7	Kcnj4	35.2253600502211	-1.38923111512538	0.369107520194113	-3.76375727699828	0.000167379352871892	0.000669743905875757
ENSMUSG00000089809.9	Rasgef1b	23.7690137255894	-1.86905083216037	0.496680341427814	-3.76308598562082	0.000167829464796105	0.000671415170431885
ENSMUSG00000004317.14	Clcn5	1817.11788838531	-0.419155212817842	0.11139434510213	-3.76280512653983	0.000168018123086807	0.000672040025077066
ENSMUSG00000073633.9	Fbxo36	66.5058757668323	-0.947899266865079	0.251928264952963	-3.7625760930083	0.000168172116843612	0.000672526013629428
ENSMUSG00000114053.1	Gm35330	28.336569841508	-1.45551272660953	0.386868594541182	-3.76229227998137	0.000168363126528339	0.00067315981379372
ENSMUSG00000099452.1	Gm28502	4.12092423158472	5.49724619683668	1.46154886005913	3.76124695319066	0.000169068405927277	0.000675849156873059
ENSMUSG00000035354.9	Uvrag	762.277379981457	-0.395679638591486	0.105205848704055	-3.76100419763294	0.000169232589666748	0.000676244280600774
ENSMUSG00000091890.2	A830073O21Rik	4.10927680492131	5.48105014698069	1.45731981960808	3.76104824296887	0.000169202789193386	0.000676244280600774
ENSMUSG00000007653.12	Gabrb2	34.8435674566217	-1.4947329665103	0.397439899660717	-3.76090313978618	0.000169300982686975	0.000676386998771995
ENSMUSG00000000058.6	Cav2	1319.24674505179	-0.554349122290632	0.147444770947771	-3.75970689721508	0.000170112542853291	0.000679498171462807
ENSMUSG00000031109.16	Enox2	186.796323025024	0.61717957465513	0.164165223583379	3.75950253764718	0.000170251550808556	0.000679922216898764
ENSMUSG00000023153.9	Tmem52	4.10184763271289	5.49167372313325	1.46095535138288	3.7589606814028	0.000170620645664962	0.000681264804131762
ENSMUSG00000035575.11	Utp6	1256.94383457716	0.51274260269895	0.13641516711888	3.75869203936917	0.000170803914831109	0.000681865040132908
ENSMUSG00000049410.8	Zfp683	4.24858209583167	5.52962663627008	1.47143337702255	3.75798641149442	0.000171286180595677	0.000683658436588876
ENSMUSG00000107215.1	Gm43197	22.306110698094	-1.77205174314443	0.471598263175298	-3.75754510038503	0.000171588448095027	0.000684732848875837
ENSMUSG00000029287.14	Tgfbr3	1769.63106851864	-0.527081666141179	0.14029127041413	-3.75705248505678	0.000171926447979034	0.000685949411472247
ENSMUSG00000099269.3	Calm5	6.32299584273869	5.11516931265168	1.36150823287071	3.75698742699958	0.000171971133275645	0.00068599546881337
ENSMUSG00000025428.15	Atp5f1a	10784.8737713088	0.311912399163547	0.083037660891086	3.75627631867736	0.000172460272645462	0.000687814100864822
ENSMUSG00000020682.17	Mmp28	312.337546503384	-0.582759895060018	0.155204585437102	-3.75478529464058	0.000173490132240234	0.000691788142408131
ENSMUSG00000022248.14	Rad1	197.209778991136	0.600749091145431	0.160036622025658	3.75382261598296	0.000174158130123524	0.00069427455183755
ENSMUSG00000032115.14	Hyou1	3146.31688777404	0.321548134045802	0.0856595946316707	3.75379005035492	0.000174180769490912	0.00069427455183755
ENSMUSG00000029727.7	Cyp3a13	23.2401080057319	1.69018398102819	0.450324215638873	3.75326025634738	0.000174549467095013	0.000695476307872893
ENSMUSG00000049932.3	H2ax	426.226321996375	0.585222149432616	0.155923456501265	3.75326562509771	0.000174545727161836	0.000695476307872893
ENSMUSG00000005364.11	Il5ra	8.80433077241277	4.64262636935178	1.23715136239044	3.75267449924741	0.000174957965186571	0.000696969769321947
ENSMUSG00000032899.14	Styk1	149.767436389036	-0.738457243520078	0.196785974659902	-3.75259082765591	0.0001750163898131	0.000697068357271763
ENSMUSG00000093577.1	Gm20632	41.1266839710829	-1.32616671180059	0.353479450780185	-3.75175051583204	0.000175604165257712	0.00069927483968245
ENSMUSG00000011632.7	Pinlyp	4.08277103384105	5.48601256550727	1.46284465517781	3.75023591608942	0.000176668277983164	0.000703376935174748
ENSMUSG00000032372.14	Plscr2	46.7836127191862	-1.25620108373311	0.335034607193181	-3.74946664243786	0.000177211065918012	0.0007054022795071
ENSMUSG00000035521.13	Gnptg	280.335931354591	-0.561417920524334	0.149820484802673	-3.74727075048363	0.000178769093930851	0.000711467309224125
ENSMUSG00000044864.16	Ankrd50	1905.33167412703	-0.357222297053704	0.0953331361043531	-3.74709478415441	0.000178894501283841	0.000711829542882398
ENSMUSG00000049439.13	Cyp20a1	1069.91721354898	-0.453990122405601	0.121160851138595	-3.74700341025407	0.000178959654088107	0.00071195192772818
ENSMUSG00000035150.15	Eif2s3x	1619.71277266901	0.352879919679537	0.094185553883089	3.74664590407953	0.000179214783043163	0.000712829898964341
ENSMUSG00000015748.13	Prpf3	651.020138840527	0.503075139774368	0.134320397107156	3.74533690049346	0.000180151855463886	0.000716419453649757
ENSMUSG00000059263.9	Usp47	3655.14883090932	-0.396195346872008	0.105795249977863	-3.74492566495103	0.000180447195099716	0.000717456106678646
ENSMUSG00000021606.8	Ndufs6	424.190066805954	0.482643833287832	0.128889118105556	3.74464377118759	0.000180649907444164	0.000718124147145527
ENSMUSG00000020038.10	Cry1	194.992527499492	0.608476934760475	0.162530774734494	3.74376443940828	0.000181283619342448	0.000720504922574756
ENSMUSG00000020522.13	Mfap3	785.407584994703	0.404662648527357	0.10811011815226	3.7430599045081	0.000181792867134769	0.000722251546415082
ENSMUSG00000039233.12	Tbce	497.550190139774	-0.484002835949716	0.12930635687239	-3.74307070167764	0.000181785052650147	0.000722251546415082
ENSMUSG00000028671.16	Gale	488.555930195579	0.569996585585638	0.152291888880771	3.7427901759882	0.000181988186503774	0.000722888787649515
ENSMUSG00000022200.8	Golph3	2741.79954875336	0.387821957410877	0.103632697875535	3.74227406370003	0.000182362470587489	0.00072417872191081
ENSMUSG00000029171.12	Pgm2	685.723605643382	0.453209841553614	0.121106376035094	3.74224591958959	0.000182382901460025	0.00072417872191081
ENSMUSG00000021779.17	Thrb	86.4403461525184	-0.974413449891911	0.260487518555157	-3.74072990251771	0.000183486620944193	0.000728421474285359
ENSMUSG00000030753.15	Thap12	1779.25618530123	-0.375670588567889	0.100428436808487	-3.74067943807867	0.000183523468788706	0.000728428049943899
ENSMUSG00000058057.5	Tmt1a3	8.90898839470817	3.28483495150294	0.878343586644093	3.73980638266329	0.000184162053829729	0.000730822536852292
ENSMUSG00000071658.5	Gng3	17.284140324897	2.16312497392494	0.578573839252643	3.73871894505134	0.000184960367287323	0.00073384984521378
ENSMUSG00000097375.3	6720427I07Rik	69.1561539507415	-0.973999460759581	0.260548068757058	-3.73827165714963	0.000185289675108174	0.000735015520326581
ENSMUSG00000040564.14	Apoc1	4.04764758463383	5.46444734915523	1.46185879733037	3.73801310983956	0.000185480277286072	0.000735489704893565
ENSMUSG00000045291.8	Ube2q2l	4.04764758463383	5.46444734915523	1.46185879733037	3.73801310983956	0.000185480277286072	0.000735489704893565
ENSMUSG00000046722.14	Cdc42se1	1299.68374714084	0.365264419214589	0.0977225783392004	3.7377689518868	0.000185660440762754	0.000736063103495164
ENSMUSG00000033963.16	Fancd2os	8.08337972635491	3.48319659161585	0.932521840924605	3.73524397901739	0.000187533283401264	0.000743326232766537
ENSMUSG00000052374.16	Actn2	8.29277395768286	3.96621156389337	1.06184649255724	3.73520239666805	0.00018756427430019	0.000743326232766537
ENSMUSG00000033014.12	Trim33	1243.5252268489	0.375953969091111	0.100662571872053	3.73479399641175	0.000187868906749637	0.000744390984075563
ENSMUSG00000036832.5	Lpar3	9.55774706716215	3.08368930000825	0.825708258042065	3.73459907900201	0.000188014462730597	0.000744825141447012
ENSMUSG00000022442.16	Ttll1	262.111722515349	-0.56636120613168	0.151657067128485	-3.73448608004436	0.000188098894047693	0.000744874499309965
ENSMUSG00000029001.15	Fbxo44	147.846839478111	-0.699427011394341	0.187287897318316	-3.73450191608264	0.000188087059423813	0.000744874499309965
ENSMUSG00000021013.16	Ttc8	319.865230573735	-0.539007015420434	0.144361380276471	-3.73373414959156	0.000188661634713653	0.000746960056797608
ENSMUSG00000083735.1	Gm12495	4.30700039836571	5.57667025545312	1.49374604416228	3.73334562273645	0.000188953025786958	0.000747970679052255
ENSMUSG00000034024.8	Cct2	7666.1565441779	0.346792554810957	0.0929146501091998	3.73237755728921	0.000189680905861657	0.000750708426468534
ENSMUSG00000021314.13	Amph	14.7934810893446	2.08396593328212	0.558356212342644	3.73232335776943	0.000189721735816826	0.000750726478622152
ENSMUSG00000028461.12	Ccdc107	270.719128514338	-0.550230666811815	0.147458400984466	-3.73142976689256	0.000190396093769155	0.00075325090690515
ENSMUSG00000033222.16	Ttf2	603.536846746012	0.43074595759085	0.115457859716904	3.73076340274291	0.000190900438283693	0.000755101886496113
ENSMUSG00000033576.12	Apol6	77.1999192486361	-0.878345758964505	0.235437771804279	-3.73069177572187	0.000190954724597543	0.000755172305014243
ENSMUSG00000029163.9	Emilin1	2740.23646143419	-0.54717762522968	0.146789568584171	-3.7276328999899	0.000193286641251558	0.000764248364329704
ENSMUSG00000021610.8	Clptm1l	2630.00713671581	-0.308757776626382	0.082862353509468	-3.72615263204059	0.000194424699337691	0.000768601384948599
ENSMUSG00000030762.11	Aqp8	6.3472334393468	5.10448845238625	1.37000771815571	3.72588298937313	0.000194632682521869	0.000769276665174749
ENSMUSG00000025500.12	Lmntd2	41.6779323538711	1.22492199917979	0.328780460560663	3.72565327358857	0.000194810033854504	0.000769830639701105
ENSMUSG00000020952.10	Scfd1	1314.7082132391	-0.398261894554708	0.106919478349668	-3.72487689522988	0.000195410558842233	0.000772056338514102
ENSMUSG00000041801.5	Phlda3	2909.14094172175	-0.608590933171536	0.163403582472121	-3.72446505740086	0.000195729819133256	0.000773170138595278
ENSMUSG00000016552.13	Foxred2	182.54388894695	-0.639052859137882	0.171584803429035	-3.72441408776729	0.000195769365305148	0.000773178800315067
ENSMUSG00000060152.14	Pop5	206.802611126693	0.596979636708081	0.160304369042945	3.72403846677537	0.000196061032659262	0.000774183005534921
ENSMUSG00000030614.8	Tmem126b	375.856441989886	-0.487663457090961	0.130974609871577	-3.72334345999675	0.000196601778075871	0.000776170170587916
ENSMUSG00000037013.17	Ss18	1689.56794731251	0.365969349455674	0.0983077095926036	3.72269225854498	0.00019710971242611	0.000778027066649133
ENSMUSG00000034883.9	Lrr1	29.1854724513604	1.48883830589073	0.400047705980903	3.7216519020904	0.000197923745247657	0.000781091249357723
ENSMUSG00000008763.16	Man1a2	2898.48911194098	-0.366043607526588	0.0983722260336349	-3.72100563630056	0.000198431009007282	0.000782943853496326
ENSMUSG00000048581.12	E130311K13Rik	135.917454575161	-0.76217235343011	0.204867508062867	-3.72031836886612	0.000198971795639291	0.000784927996557592
ENSMUSG00000032537.15	Ephb1	8.10938650562275	4.52476001591474	1.21652851910766	3.71940315812218	0.000199694092836352	0.000787627291848256
ENSMUSG00000024084.8	Qpct	72.1271864417233	-1.03219831816858	0.277591572856304	-3.7184065335546	0.000200483444530368	0.000790589982536498
ENSMUSG00000031799.10	Tpm4	9649.06929249777	-0.338824214992723	0.0911292003894166	-3.71806417202002	0.000200755279245592	0.000791511147638954
ENSMUSG00000028749.7	Pla2g2f	4.17833519741723	5.48830518047573	1.47671736776492	3.7165576164263	0.000201955602594483	0.000796091985927101
ENSMUSG00000117486.1	Gm30938	8.31209968096098	3.51089235811002	0.944740976830598	3.71624862709809	0.000202202616500658	0.000796913929730982
ENSMUSG00000028124.15	Gclm	866.122003300898	-0.433604536379428	0.116709811565728	-3.71523636755452	0.000203013831889276	0.000799958748577216
ENSMUSG00000031860.17	Pbx4	55.7545571555777	1.08326552705836	0.291621766921835	3.71462507237572	0.000203505197732603	0.000801742308311219
ENSMUSG00000038024.17	Dennd4c	1186.07476207245	0.379260684437275	0.102118395355493	3.71393110043493	0.000204064374061705	0.000803792289001565
ENSMUSG00000031533.4	Mrps31	291.625969043097	0.519606785506926	0.13995243919901	3.71273833082719	0.000205028836235058	0.000807437572532244
ENSMUSG00000102548.1	Gm16701	7.79821553233614	3.85942731806784	1.03962714380945	3.71231872989191	0.000205369138446922	0.000808623891328294
ENSMUSG00000051427.14	Ccdc157	425.470814867157	-0.5294976168365	0.142647589897131	-3.71192823670096	0.00020568631043069	0.000809718702853718
ENSMUSG00000038349.10	Plcl1	172.188657873901	0.701129959921869	0.188998957340261	3.70970279301384	0.000207502693092052	0.000816558601580303
ENSMUSG00000047905.10	Gm8566	379.709481649396	0.510896306321854	0.137718062153081	3.70972622134317	0.000207483492924424	0.000816558601580303
ENSMUSG00000034321.14	Exosc1	421.736925200463	0.471229516296376	0.127033462924868	3.70949122732393	0.000207676152654379	0.000817085855121269
ENSMUSG00000103067.1	Gm30414	4.13578257600158	5.47705252826323	1.47660339855347	3.70922384008376	0.000207895574311422	0.000817793708223514
ENSMUSG00000048109.10	Rbm15	385.12982594349	0.457779009201324	0.123421015615328	3.70908476906481	0.000208009783966553	0.000818087501106534
ENSMUSG00000030850.17	Ate1	946.393855872683	-0.422577792724162	0.113942240939096	-3.70870178821597	0.000208324604994785	0.00081917002256593
ENSMUSG00000030423.7	Pop4	350.297806663351	0.521643401057926	0.140676533115593	3.70810532151296	0.000208815808774613	0.000820945569957401
ENSMUSG00000048148.18	Nwd1	10.3364044623461	2.97023573485934	0.801081068536097	3.70778420751744	0.000209080703631043	0.00082167485939984
ENSMUSG00000073538.10	E330020D12Rik	3.99041778801832	5.44715446312587	1.46909443361483	3.70783139496533	0.000209041757769946	0.00082167485939984
ENSMUSG00000021285.15	Ppp1r13b	281.891042906635	0.520986946472572	0.140525214063593	3.70742681264875	0.000209375898564727	0.000822678763172227
ENSMUSG00000097324.8	Carmn	64.3387223241261	-0.969572138935612	0.261557102342414	-3.70692338404297	0.000209792376032957	0.000824158738186784
ENSMUSG00000022858.16	Tra2b	1295.782624062	0.445931598184451	0.120299559995173	3.70684313560537	0.000209858835980353	0.000824263386329663
ENSMUSG00000035963.8	Cimap1d	6.12620209204017	5.07082829745832	1.36866640274881	3.70494101942895	0.000211439926552229	0.000830315886872433
ENSMUSG00000020034.7	Tcp11l2	296.132557369295	-0.542308810297031	0.146405735177415	-3.70415004330165	0.000212100694851604	0.000832664879065209
ENSMUSG00000030811.14	Fbxl19	682.379026255598	0.559734094421583	0.151110865694705	3.70412869947047	0.000212118551974049	0.000832664879065209
ENSMUSG00000041444.14	Arhgap32	367.510358790843	0.485952191040537	0.131235382178564	3.70290529103905	0.000213144468527869	0.00083653343838801
ENSMUSG00000029920.9	Smarcad1	955.459820909331	0.375582446280891	0.101460917392794	3.70174502588879	0.00021412173824969	0.000840209641711911
ENSMUSG00000002996.17	Hbp1	771.452990643381	-0.369666172996363	0.0999008120998269	-3.70033201158535	0.000215317576196649	0.000844741946492503
ENSMUSG00000055897.13	Ppp4r1l-ps	435.941599952104	-0.449563400976767	0.121503905580853	-3.69999136099877	0.000215606806426638	0.00084571637032878
ENSMUSG00000019944.14	Rhobtb1	201.514888203265	-0.572735666486787	0.154832239895329	-3.69907240813652	0.000216388866156769	0.000848623179344251
ENSMUSG00000021646.9	Mccc2	247.241939814294	-0.585146954287244	0.158240328771307	-3.69783707371409	0.000217444374737682	0.000852601082154818
ENSMUSG00000024312.10	Wdr46	637.140150498572	0.485140560447969	0.131208216215575	3.6974861364694	0.000217745107108547	0.000853618555310572
ENSMUSG00000063564.13	Col23a1	87.1331735725277	-0.989634248780596	0.267655830502022	-3.69741337942989	0.000217807504423028	0.000853701483441065
ENSMUSG00000044349.16	Snhg11	97.8541952020352	-0.811525401627203	0.219498358653243	-3.69718209560385	0.000218005967746596	0.00085431759303044
ENSMUSG00000020462.14	Cfap36	750.003496380962	-0.530491242960898	0.143509837168203	-3.69654968208994	0.000218549505360896	0.000856285483904067
ENSMUSG00000034303.8	Ccdc15	44.3491420137995	1.25794824447156	0.340514802348663	3.69425421683581	0.000220533087693713	0.000863893713507225
ENSMUSG00000033697.16	Arhgap39	302.326778001765	0.666002864271387	0.180288629614138	3.69409244330493	0.000220673516837026	0.000864280250711373
ENSMUSG00000066258.13	Trim12a	60.0912273323472	-1.00016423925158	0.270761354654329	-3.69389583136208	0.000220844300829515	0.0008647855056508
ENSMUSG00000029616.9	Erp29	1511.17180821453	-0.38392387489286	0.103939669002341	-3.69371846743339	0.000220998471776237	0.00086522552814381
ENSMUSG00000032548.14	Slco2a1	1494.22854442811	0.356431778348428	0.0965100913294699	3.69320734690455	0.000221443320986584	0.000866803196123543
ENSMUSG00000117743.1	Gm50232	36.3194073249087	1.30036671488849	0.352101909319884	3.69315439782835	0.000221489452766202	0.000866819849273513
ENSMUSG00000024534.15	Sncaip	33.0959637966031	-1.52376875627579	0.412667774521071	-3.69248303443183	0.000222075159783153	0.000868947775491774
ENSMUSG00000031616.7	Ednra	298.991106705833	-0.546310759702274	0.14795788696976	-3.69233956290501	0.000222200514810975	0.000869273947471626
ENSMUSG00000054843.9	Atrnl1	1050.98751979164	-0.428348408128262	0.116045416260503	-3.69121350874117	0.000223186688514288	0.000872966981397816
ENSMUSG00000015932.8	Dstn	8581.989146355	-0.415727565309667	0.112675242500194	-3.68960879146946	0.000224599166556079	0.000878325741270411
ENSMUSG00000050088.9	1600012H06Rik	883.303185960212	-0.451654304392021	0.122424037252952	-3.68926163951624	0.00022490583294468	0.000879358865908941
ENSMUSG00000060512.7	Pgcka1	18.6264725366355	-1.85611731863678	0.503174643723926	-3.68881330128225	0.000225302466665432	0.000880743296979752
ENSMUSG00000089953.3	Rnf224	6.13060151571215	5.07024969766514	1.37457129932427	3.68860436716352	0.000225487529700719	0.000881300297823866
ENSMUSG00000024913.16	Lrp5	1555.8534674786	0.495191507977214	0.13429834771149	3.68724944435669	0.000226691117516611	0.000885837160935687
ENSMUSG00000034127.15	Tspan8	17.0517174586222	1.96398174041652	0.532747884719596	3.68651250760053	0.000227348272983343	0.000888237429687094
ENSMUSG00000021731.10	Mrps30	544.640237563842	0.502464296808008	0.136310217346812	3.68618219960427	0.000227643401561355	0.000889222639916679
ENSMUSG00000021666.16	Gfm2	546.134592260513	0.401152942433302	0.108831222202083	3.68600971592895	0.00022779765775777	0.000889578996960595
ENSMUSG00000022214.15	Dcaf11	516.915598886018	-0.444622614199385	0.120625212510132	-3.68598409028327	0.000227820583742602	0.000889578996960595
ENSMUSG00000032215.15	Rsl24d1	408.638678962883	0.510466265415211	0.138536049499199	3.68471792909153	0.000228956055686086	0.000893844095934795
ENSMUSG00000011832.16	Evi5l	376.427632664452	-0.585074047604726	0.158795759076318	-3.68444378494728	0.000229202602024611	0.00089463787654298
ENSMUSG00000024193.8	Phf1	231.76521012767	-0.709972318780403	0.19271057322971	-3.68413785959797	0.000229478024353086	0.000895544047150174
ENSMUSG00000034205.16	Loxl2	3063.19664233694	-0.373103202357977	0.101321413110501	-3.68237266836252	0.000231073289440148	0.000901599626413124
ENSMUSG00000027940.18	Tpm3	3433.67753809201	0.307139504044365	0.0834315077793745	3.68133708977862	0.00023201401587505	0.000905099531586443
ENSMUSG00000026471.14	Mr1	253.120731510612	-0.525581984103216	0.142824693241452	-3.6799097703273	0.000233316494065434	0.000910009065509785
ENSMUSG00000060261.15	Gtf2i	3191.54111335346	-0.294269422656114	0.079983840608335	-3.67911093563377	0.000234048449824379	0.000912691948552153
ENSMUSG00000036022.15	Pabir2	218.851738208042	0.618638541352113	0.168158362225908	3.67890441583285	0.000234238029901466	0.000913259178928317
ENSMUSG00000057363.12	Uxs1	830.629808267626	-0.400377285553879	0.108852153042479	-3.67817516110715	0.000234908621164449	0.000915701233424282
ENSMUSG00000019838.11	Slc16a10	98.0778211813639	0.845056126496302	0.229767727325813	3.67787128476057	0.000235188584156811	0.000916619940399515
ENSMUSG00000046152.16	Fut10	279.103728656687	-0.530095805214842	0.144144743022729	-3.67752436959324	0.000235508581793572	0.000917694302436962
ENSMUSG00000106904.1	Gm43029	22.7225297122864	1.64814660911857	0.448184894403716	3.67738098650409	0.000235640958915145	0.000918037306340033
ENSMUSG00000042787.15	Exog	174.152360193823	0.671048977224498	0.182499703004855	3.67698668094077	0.00023600535801097	0.000919283949090904
ENSMUSG00000021733.11	Slc4a7	1484.09684260221	0.41172377018536	0.112033021217188	3.67502157589045	0.000237829315287179	0.00092621429861323
ENSMUSG00000097572.2	Gm26797	46.2280509231686	-1.0861228283872	0.295546241036183	-3.67496749266464	0.000237879700392053	0.000926236252523532
ENSMUSG00000086962.4	Faxdc2	9.56981111499504	2.85088644360211	0.775799939270134	3.67477012989225	0.000238063652800806	0.000926778173655048
ENSMUSG00000109005.1	Gm45221	145.809037058696	-0.693594610967121	0.188833650115913	-3.67304561735352	0.000239676676299482	0.000932882196826434
ENSMUSG00000091561.3	Gm6665	43.6224490618631	-1.23001850423248	0.334992405502124	-3.67178026734305	0.000240866737960564	0.000937337959963472
ENSMUSG00000003477.5	Inmt	9.09150908252442	3.03876894380073	0.827992461411873	3.67004421588464	0.00024250851695714	0.000943549585055608
ENSMUSG00000024413.14	Npc1	1162.55692047876	-0.377030983682528	0.102765727214261	-3.66883973775069	0.000243653750814606	0.000947809988647319
ENSMUSG00000029661.16	Col1a2	111073.727103038	-0.443419051403936	0.120862268854519	-3.6687963547803	0.000243695094428766	0.000947809988647319
ENSMUSG00000059288.14	Cdyl	544.812075240326	0.491453103746941	0.133967459678866	3.66845131590168	0.000244024148032851	0.000948911486028928
ENSMUSG00000025255.18	Zfhx4	1824.71433930662	-0.466405638187478	0.127163518778245	-3.66776291399127	0.000244681902761091	0.00095129051563708
ENSMUSG00000029156.11	Sgcb	509.372466557624	-0.518620786044683	0.141403506895818	-3.66766565716639	0.000244774963747829	0.000951473610256584
ENSMUSG00000000568.15	Hnrnpd	2085.44081401832	0.497925548511888	0.135764535769019	3.66756712783245	0.000244869276201046	0.000951661499828286
ENSMUSG00000010517.7	Faf1	1449.56116527283	0.474583951676993	0.129402941034916	3.66748968672156	0.000244943426893593	0.000951770976773133
ENSMUSG00000015709.9	Arnt2	569.923843679098	-0.483561069769525	0.131858045406104	-3.66728528608342	0.000245139243872256	0.000952353079750718
ENSMUSG00000039990.16	Edrf1	400.973255210238	0.464169604642356	0.126593731089285	3.66660813808375	0.000245789005084464	0.000954555603436607
ENSMUSG00000043391.10	2510009E07Rik	551.306897511026	-0.490070157765754	0.133657988039294	-3.6665983451859	0.000245798413755115	0.000954555603436607
ENSMUSG00000086683.1	Gm12867	23.0925309471974	1.56285238044793	0.426256847901998	3.6664569452436	0.000245934303491573	0.000954904173320592
ENSMUSG00000021190.14	Lgmn	1514.52628157835	-0.39079079694465	0.106597627872639	-3.66603652204681	0.000246338759622238	0.000956295196065397
ENSMUSG00000029205.12	Chrna9	6.2103774921256	5.06001379129233	1.38039385106614	3.66563049189493	0.000246729961517899	0.000957634253414401
ENSMUSG00000059588.13	Calcrl	120.865066281104	-0.784226153040396	0.213971872919884	-3.66508991270095	0.000247251703155194	0.000959479378254475
ENSMUSG00000053693.16	Mast1	12.5479821259686	2.40790205235636	0.657045760076342	3.66474026417367	0.000247589718444505	0.000960610980709057
ENSMUSG00000028367.5	Txn1	2967.57285442991	0.3541655655233	0.0967022685421613	3.66243285563551	0.000249831248046532	0.000969126125059066
ENSMUSG00000086316.8	Nbdy	401.692145731585	-0.509381648941976	0.139110176588791	-3.66171376841614	0.0002505336855114	0.000971668869477321
ENSMUSG00000031781.14	Ciapin1	773.25634928817	0.433402184251764	0.118373554807813	3.66130919152861	0.000250929708654142	0.000973022487716763
ENSMUSG00000015027.11	Galns	301.925887900619	-0.511969377655738	0.139850208118284	-3.66084101371317	0.000251388720839531	0.0009746198038317
ENSMUSG00000024900.5	Cpt1a	1598.70429571986	-0.330952458102058	0.0904086574550762	-3.66062794668207	0.000251597877239799	0.000975248026401986
ENSMUSG00000024885.9	Aldh3b1	68.0426721767651	-1.05595047643471	0.28850117966931	-3.66012533343911	0.000252091912285286	0.000976980058489634
ENSMUSG00000021116.10	Eif2s1	2523.81209952607	0.563360453555666	0.153921235447385	3.66005672913299	0.000252159416231212	0.000977033146840535
ENSMUSG00000031736.11	Crnde	106.288898019204	-0.748352435211637	0.20446701383406	-3.66001547721032	0.000252200014665876	0.000977033146840535
ENSMUSG00000042662.16	Dusp15	31.2346721336804	-1.34005119158769	0.366239006049464	-3.65895267694862	0.000253248094578495	0.000980909863338372
ENSMUSG00000049536.5	Tceal1	95.0655526195211	-0.912905830125356	0.249513540555572	-3.65874264014956	0.000253455705052711	0.000981530334684017
ENSMUSG00000108732.1	2310043P16Rik	19.4298897314602	-1.72609880412851	0.471935067027479	-3.65749215247022	0.000254695054879887	0.000986145331268012
ENSMUSG00000027133.3	Nop10	513.207258873852	0.48067044100653	0.131423181084195	3.65742509838195	0.000254761672007215	0.000986218786025312
ENSMUSG00000090659.9	Zfp493	34.0892266023986	1.3010915603093	0.355766773198901	3.65714748628841	0.000255037648929228	0.00098710252340802
ENSMUSG00000022967.13	Ifnar1	1324.55362493898	-0.350643495370082	0.0958887242026085	-3.65677506178086	0.000255408320149488	0.000988352368437887
ENSMUSG00000070923.4	Klhl9	2027.87931274127	-0.430813205104251	0.117819920936623	-3.65653958752859	0.000255642946472859	0.000989075392344246
ENSMUSG00000041779.5	Tram2	850.654282099342	-0.419136178552424	0.11462976279106	-3.65643414369094	0.000255748076117504	0.000989297220623476
ENSMUSG00000018446.8	C1qbp	2115.27048677222	0.416316796215335	0.113878044903714	3.65581264208863	0.000256368549981234	0.00099151207325515
ENSMUSG00000000938.11	Hoxa10	411.185693074259	-0.483519398099594	0.132269804557884	-3.65555388635958	0.000256627293781057	0.000992277683429855
ENSMUSG00000040711.8	Sh3pxd2b	3659.94045827827	0.310856870214732	0.0850376885503338	3.65551881188228	0.000256662385481591	0.000992277683429855
ENSMUSG00000050079.10	Rspry1	697.929278796259	-0.397442355432109	0.108734791032194	-3.65515353144364	0.000257028112833172	0.000993506051827046
ENSMUSG00000022686.14	B3gnt5	48.343785037136	-1.16095123790669	0.317715905205921	-3.65405451500529	0.000258131422993469	0.000997584451930884
ENSMUSG00000049106.7	Dcaf5	1058.17270415112	-0.364983626437087	0.0998898532335932	-3.65386087397255	0.000258326280124263	0.000998151142858337
ENSMUSG00000010277.7	Bltp2	4591.14948940461	0.287781301753483	0.0787709214388901	3.65339514247959	0.00025879550141827	0.000999777544579465
ENSMUSG00000026796.16	Niban2	8499.02987058142	0.3918735798845	0.107271137025579	3.65311295051394	0.000259080196572003	0.00100069061183875
ENSMUSG00000024600.8	Slc27a6	19.7351708167916	-2.17625628363967	0.595868983062883	-3.65223957866255	0.00025996317766083	0.00100391377134357
ENSMUSG00000097504.1	4930516B21Rik	9.66140278675347	2.87930144079064	0.788448740182929	3.651856226091	0.000260351638428013	0.00100522636892771
ENSMUSG00000030609.18	Aen	1748.67283772646	-0.369746753205529	0.101253243852972	-3.65170279129457	0.000260507270210145	0.00100563968408799
ENSMUSG00000020354.15	Sgcd	402.173454241718	-0.518692050560369	0.142049736713781	-3.65148195667191	0.000260731420020859	0.00100631729685097
ENSMUSG00000031197.11	Vbp1	1111.85022509418	0.525915550188961	0.144039090515692	3.65120015897121	0.000261017710697623	0.00100723445073268
ENSMUSG00000073725.8	Lmbrd1	1020.21306946931	-0.38729513149479	0.106085339433485	-3.65078844600976	0.000261436517920748	0.00100866253204875
ENSMUSG00000010051.15	Hyal1	158.721871535289	-0.662097274274854	0.181380789897627	-3.65031641249631	0.000261917460318406	0.00101032976353535
ENSMUSG00000003865.16	Gys1	1432.59598914922	0.355744361823174	0.0974649976543807	3.64997045487729	0.000262270473968049	0.00101131451629676
ENSMUSG00000026961.6	Lrrc26	6.18701030694668	5.09748746787401	1.39656837064554	3.65000924768029	0.000262230867766544	0.00101131451629676
ENSMUSG00000030884.12	Uqcrc2	1991.71670389284	0.361671709633163	0.0990902403931718	3.6499226179906	0.000262319321609609	0.00101131451629676
ENSMUSG00000041440.18	Gk5	158.714467742683	0.621521383764276	0.170295272408825	3.64966904232197	0.000262578397603795	0.00101212481415288
ENSMUSG00000086454.7	Platr14	8.07199096286415	3.47370434869044	0.95191655127414	3.64916897814297	0.000263090011865882	0.00101390805354904
ENSMUSG00000019734.16	Tmc4	94.8638032678357	0.807313112772644	0.221235579613176	3.64911066377391	0.000263149733942354	0.00101394943091452
ENSMUSG00000079481.11	Nhsl2	191.903558222252	0.607969198420028	0.166641241349319	3.64837175657845	0.000263907580040934	0.00101668025298107
ENSMUSG00000047798.15	Cd300lf	3.95089491513912	5.42556216240821	1.48719198257036	3.64819218096579	0.000264092067159092	0.00101701240895368
ENSMUSG00000072969.2	Armcx5	190.050701067969	-0.648534530826178	0.177766933612886	-3.64822927214606	0.000264053951607114	0.00101701240895368
ENSMUSG00000042244.4	Pglyrp3	7.2946091352392	4.37864145461026	1.20046690752829	3.64744869446314	0.000264857175808268	0.0010197691000847
ENSMUSG00000039179.13	Tekt5	3.94346574293069	5.43572553873361	1.49104035366829	3.64559250550162	0.000266776426584184	0.00102696768716125
ENSMUSG00000078872.9	Gm14401	3.90109429073204	5.3965394078765	1.48045739217368	3.64518387115016	0.000267200691151446	0.00102840965157006
ENSMUSG00000025612.5	Bach1	1064.66658596295	-0.350750387909205	0.0962699204509962	-3.64340581425687	0.000269054132739778	0.00103535071455301
ENSMUSG00000005566.14	Trim28	4566.33491430841	0.429210293552705	0.117825045309659	3.64277639295352	0.000269713122875247	0.00103769366735962
ENSMUSG00000028284.13	Map3k7	2073.92260303762	-0.347994072755112	0.0955474268901759	-3.64210826059296	0.000270414297806385	0.00104019802086868
ENSMUSG00000024829.12	Mrpl21	395.050407662329	0.456557664929705	0.125360186500983	3.64196702057494	0.000270562741474572	0.00104057565696436
ENSMUSG00000035674.13	Ndufa3	699.398407002354	-0.433321214081421	0.119000469280404	-3.64134038043474	0.000271222263735971	0.00104291837954131
ENSMUSG00000025551.13	Fgf14	35.878526793797	-1.39970843013042	0.384451726363668	-3.64079111666253	0.000271801588353975	0.00104495190886681
ENSMUSG00000021056.8	Tex21	3.94043599439424	5.44503183077981	1.49601945241933	3.63967983302236	0.000272977240698479	0.00104927686262169
ENSMUSG00000020641.16	Rsad2	20.4466873189934	1.97215093587452	0.541917161094024	3.63921107774689	0.000273474575407714	0.00105099335988939
ENSMUSG00000034310.8	Tmem132d	7.19840513549904	4.38247063200036	1.20431829125296	3.6389637721444	0.000273737301008173	0.00105180775822687
ENSMUSG00000085666.3	Tdg-ps2	45.4978529338241	1.1090120218116	0.304809276490839	3.63838015226853	0.000274358248888122	0.00105399803150246
ENSMUSG00000085830.1	Grin1os	5.85639035756341	5.00169715243657	1.37481960773819	3.63807522403989	0.000274683204973506	0.0010550505956108
ENSMUSG00000020893.17	Per1	878.638543238873	-0.543990729838477	0.14954699567568	-3.63759049374834	0.000275200515190713	0.00105684145898564
ENSMUSG00000038740.9	Mvb12b	725.778112940247	-0.510341739389128	0.140337099620303	-3.63654187502741	0.000276322739903746	0.00106095425584634
ENSMUSG00000035203.16	Epn1	1693.47420339864	0.439827259900908	0.120949592379257	3.63645094827405	0.000276420250897577	0.00106113181997941
ENSMUSG00000036106.15	Prr5	171.801437113327	0.763756173856499	0.210051651931606	3.63603983512199	0.000276861536470641	0.0010626287675516
ENSMUSG00000078773.11	Rad54b	91.167766539921	0.814092111703898	0.223940373682422	3.63530746295168	0.000277649294971886	0.00106545471943327
ENSMUSG00000059897.5	Zfp930	254.627977025133	0.769029972131251	0.211579146545346	3.63471535209369	0.000278287719850612	0.00106770667528968
ENSMUSG00000052565.7	H1f3	78.2604917361014	-0.888134854599267	0.244369525601949	-3.6343928417897	0.000278636034878747	0.00106884493809399
ENSMUSG00000027663.12	Zmat3	3656.11514794036	-0.281640061922489	0.0775164688485691	-3.63329323569526	0.000279826696272531	0.00107301459543259
ENSMUSG00000039887.11	Alg14	309.405320676226	-0.57389246856483	0.157951777695755	-3.63333972518028	0.000279776260748822	0.00107301459543259
ENSMUSG00000038805.10	Six3	3.79388270049245	5.37794053030265	1.48043452185699	3.63267706264834	0.000280495975542332	0.0010751826292131
ENSMUSG00000086166.1	Gm14342	3.79388270049245	5.37794053030265	1.48043452185699	3.63267706264834	0.000280495975542332	0.0010751826292131
ENSMUSG00000031511.16	Arhgef7	951.520188948705	0.371507949478441	0.102279233698696	3.63229109217679	0.000280915975488737	0.00107659318212208
ENSMUSG00000115759.1	Gm18787	7.57052418189632	-3.78943532353901	1.04362245083117	-3.63104044045908	0.000282280944043007	0.00108162407640619
ENSMUSG00000103472.1	Pcdhga7	253.586608931214	-0.663283248827393	0.182697218397688	-3.63050545949519	0.000282866721018492	0.0010836680100614
ENSMUSG00000050370.5	Ch25h	63.9857833179614	-0.973615238893608	0.268192757653577	-3.63028162062161	0.000283112151025453	0.0010844075525677
ENSMUSG00000026080.13	Chst10	43.0243624511963	-1.14415608407037	0.315361032918366	-3.6280832589946	0.000285533188494184	0.00109347853258855
ENSMUSG00000039159.16	Ube2h	1629.03275477479	-0.371179645915399	0.102310780956038	-3.62796219955444	0.000285667072143981	0.00109378888758939
ENSMUSG00000048429.10	Timm29	753.938264094249	-0.370301874603904	0.102076496495846	-3.62768989254027	0.000285968440476291	0.00109474029025684
ENSMUSG00000029016.13	Clcn6	366.49009228982	-0.48671704386227	0.134191643345346	-3.62702946121384	0.000286700592504376	0.00109734015611096
ENSMUSG00000026554.15	Dcaf8	2244.34636245994	-0.298675852680277	0.082348905818024	-3.6269559347916	0.000286782212211468	0.00109744962295529
ENSMUSG00000079316.10	Rab9	749.00405535588	-0.403300736731606	0.111206104137397	-3.62660610997864	0.000287170841611715	0.00109873368771181
ENSMUSG00000027233.4	Patl2	3.80131187270088	5.36641996212895	1.47989354897663	3.62622025472029	0.000287600070380738	0.00110017258488466
ENSMUSG00000022841.15	Ap2m1	2100.27381058313	-0.32398794476843	0.0893711919612976	-3.62519440166731	0.000288744163350961	0.00110434505491529
ENSMUSG00000017057.9	Il13ra1	1144.04699213268	-0.466188101166088	0.128635537075807	-3.62410039840979	0.00028996895877095	0.00110882458481432
ENSMUSG00000055493.4	Epm2a	54.3984303407711	-1.08222002683993	0.298762819160922	-3.62233838159433	0.000291951868234178	0.00111620090886207
ENSMUSG00000036879.15	Phkb	940.639333921482	-0.398619941314283	0.110061973883113	-3.62177714291789	0.000292586128340148	0.00111841925586569
ENSMUSG00000035310.15	NA	407.384255559189	0.530654410029087	0.146532626192323	3.62140789951178	0.000293004116816672	0.00111981023153403
ENSMUSG00000072066.7	Zfp1008	113.2544428123	0.845126829560093	0.233382058412342	3.6212159379746	0.000293221640767526	0.00112043469489515
ENSMUSG00000001127.12	Araf	1490.62679158741	-0.375334654110596	0.103652505521489	-3.6210861688508	0.000293368776183493	0.00112079001443745
ENSMUSG00000001962.8	Fam50a	962.791259297856	-0.382226314292567	0.105568315378024	-3.62065372478355	0.000293859591258996	0.00112245795893522
ENSMUSG00000030741.15	Spns1	937.354232666852	0.560052755570104	0.154706492689605	3.62009858690137	0.000294490788782566	0.0011246614090425
ENSMUSG00000099413.1	Gm17767	7.41999882501399	4.39573650354922	1.21437952766151	3.61973864300392	0.000294900727131985	0.00112601921248938
ENSMUSG00000038775.14	Vill	244.806881346523	-0.624747661745277	0.172635045226648	-3.61889244982132	0.000295866558698133	0.0011294986902421
ENSMUSG00000039130.18	Zc3hc1	462.977628049547	0.423971451951751	0.117205962523538	3.61731982591422	0.000297669401336154	0.0011361716648086
ENSMUSG00000001891.16	Ugp2	2332.90598438106	-0.50505822813313	0.139625029436414	-3.61724706645906	0.000297753060672176	0.00113628145332842
ENSMUSG00000059108.4	Ifitm6	11.6075190478577	2.42603141309799	0.670747667119098	3.61690622573157	0.000298145255037312	0.00113756841180043
ENSMUSG00000032401.15	Lctl	16.4617056734512	-1.95226849332108	0.54001382915902	-3.61521944051211	0.000300093316257231	0.00114459084400161
ENSMUSG00000045259.4	Klhdc9	5.90334240265103	5.00877876320393	1.38547119567866	3.61521681491935	0.00030009635781423	0.00114459084400161
ENSMUSG00000033554.17	Dph5	206.727859218308	0.61725975210665	0.170757669393316	3.61482886420099	0.000300546087747256	0.00114602713774344
ENSMUSG00000043999.6	Gpr75	25.8756111008277	-1.46155059104048	0.404324448849398	-3.61479647149628	0.000300583667366016	0.00114602713774344
ENSMUSG00000021725.9	Parp8	681.378240014393	-0.378424762770139	0.104690111430282	-3.61471353502332	0.000300679904182461	0.00114618293493053
ENSMUSG00000020105.9	Lrig3	942.222745782132	-0.426736893229928	0.118065068721294	-3.61442124966945	0.000301019292800513	0.00114726539158126
ENSMUSG00000027327.16	Adissp	573.559694334824	0.498907020240806	0.138064561175146	3.61357770592485	0.000302000790757928	0.00115079425034948
ENSMUSG00000035726.8	Supt16	1915.01891305616	0.470803877988108	0.130291017449554	3.61347917303963	0.000302115633116427	0.00115101996868709
ENSMUSG00000042312.10	S100a13	394.66215124822	-0.456243020587748	0.126268795027893	-3.61326819098069	0.000302361675144435	0.00115174536507447
ENSMUSG00000035049.4	Rrp12	577.397549390492	0.5061184269391	0.140096896856943	3.61263124518677	0.000303105604332861	0.00115436667968461
ENSMUSG00000032327.14	Stra6	15.5815177367198	2.08340739205814	0.5767821320389	3.61212193708807	0.000303701690286308	0.00115642407785804
ENSMUSG00000017009.3	Sdc4	4002.80800351729	-0.298824903504904	0.0827419281006426	-3.61152937047141	0.000304396602221644	0.00115885695592897
ENSMUSG00000054455.5	Vapb	2026.93798490891	-0.306117121679454	0.0847745778568059	-3.61095424381258	0.000305072485698875	0.00116121651001858
ENSMUSG00000003948.17	Mmd	414.456781311896	-0.431610152770009	0.119573164563482	-3.60959044904147	0.00030668082593547	0.00116708175165435
ENSMUSG00000028330.8	Ncbp1	1574.22658158518	0.320898802742795	0.0889026652600992	3.60955210739694	0.000306726157253957	0.00116708175165435
ENSMUSG00000036499.9	Eea1	1332.6004827708	-0.442571205046107	0.122686163981781	-3.60734406132243	0.000309347339814243	0.00117683892424463
ENSMUSG00000026739.13	Bmi1	866.891219190938	-0.462219550861404	0.128141803521555	-3.60709415786906	0.000309645319037079	0.00117775605636687
ENSMUSG00000030935.15	Acsm3	20.9997443452887	1.72925497982528	0.479474181613985	3.60656537126637	0.000310276718385312	0.00117994080357479
ENSMUSG00000028132.15	Tlcd4	15.2102670497934	-2.13114887231264	0.590939559107788	-3.60637367978933	0.000310505905763568	0.00118037864892564
ENSMUSG00000058672.7	Tubb2a	1037.29352979904	0.41435670437262	0.114895281709757	3.60638572974083	0.000310491494108285	0.00118037864892564
ENSMUSG00000019969.14	Psen1	1519.31829260265	0.332218274194992	0.0921293680428401	3.60599753642628	0.000310956085551837	0.00118187293698815
ENSMUSG00000014158.12	Trpv4	318.259668117518	0.618634791371875	0.171629889879922	3.60447001279726	0.000312790559363048	0.00118862709532876
ENSMUSG00000027676.11	Ccdc39	60.4039468036623	-0.99912359048224	0.27726537358546	-3.60349212583621	0.000313970263213338	0.00119289105694803
ENSMUSG00000012640.16	Zfp715	445.474529615139	-0.505692843752553	0.140342670719423	-3.6032721991129	0.00031423615166365	0.00119368216246759
ENSMUSG00000035266.16	Helq	182.544115214856	0.611182616399669	0.169624167162352	3.60315765509221	0.000314374717315886	0.0011939894080223
ENSMUSG00000040138.7	Ndp	19.9101255193588	1.71326155183112	0.475600504614658	3.60231230877108	0.000315399115927398	0.00119766030096885
ENSMUSG00000010936.11	Vac14	723.014351879442	0.43636519769492	0.121144561082291	3.60202054303128	0.000315753405190971	0.00119878571791047
ENSMUSG00000031629.14	Cenpu	52.7836395680706	1.10982504715455	0.308119112959837	3.60193509741544	0.000315857231762185	0.0011989599927096
ENSMUSG00000110545.1	Gm7730	282.04448023208	-0.606559661070459	0.168423714659563	-3.60139106477082	0.000316519045962705	0.00120125187612432
ENSMUSG00000021156.17	Zmynd11	1386.42417873441	-0.332371743839709	0.0923010635040391	-3.6009524833391	0.000317053523898162	0.00120305974173566
ENSMUSG00000074218.3	Cox7a1	15.5637163910722	2.06732040059207	0.574363836977236	3.59932201071706	0.000319047919558848	0.00121040558778383
ENSMUSG00000026676.7	Ccdc3	393.089554028565	-0.587730303152017	0.163331548127666	-3.59838812458096	0.000320195533213558	0.00121453680446902
ENSMUSG00000030525.8	Chrna7	19.4983122247327	-1.83093926183552	0.50891905798641	-3.59770229293399	0.000321040782572656	0.00121751981650264
ENSMUSG00000024245.4	Tmem178	27.330833076231	-1.53426103944637	0.426517560164573	-3.59718141230662	0.000321684133932433	0.00121973619495648
ENSMUSG00000066129.15	Kndc1	7.35968472523263	3.7756849171919	1.04995684176589	3.59603820557203	0.000323100367252884	0.00122488177688048
ENSMUSG00000018651.14	Tada2a	438.465574692601	0.427039104384076	0.118782648019656	3.59513036208293	0.000324229181655653	0.00122871106391255
ENSMUSG00000026113.17	Inpp4a	306.444325342024	-0.468311053627425	0.130261780777439	-3.59515316643463	0.000324200781541746	0.00122871106391255
ENSMUSG00000046179.17	E2f8	185.427107207581	0.582101619316964	0.161990884650531	3.59342206552397	0.000326363295148704	0.00123657218493191
ENSMUSG00000048007.4	Timm8a1	91.3088063550926	0.816947165557304	0.227349925964624	3.59334696103848	0.000326457421503801	0.0012367024465057
ENSMUSG00000062070.12	Pgk1	4318.45127494525	0.338746851105229	0.0942762673965704	3.59312964396756	0.000326729922056921	0.00123750826288311
ENSMUSG00000031833.10	Mast3	523.970897810388	0.601318235813145	0.167373116685616	3.59268111701968	0.000327293017001127	0.00123941422592505
ENSMUSG00000015994.10	Fnta	1390.18586321038	-0.353066593695153	0.0983020140117062	-3.59165167921288	0.00032858884201761	0.00124409373347769
ENSMUSG00000028961.15	Pgd	3233.31390458024	0.334162975784144	0.0930458937248335	3.59137800075703	0.000328934147140047	0.0012451733561909
ENSMUSG00000036856.4	Wnt4	234.70010282095	-0.731362024905709	0.203663102490657	-3.59103841570547	0.000329363079922226	0.00124656909696657
ENSMUSG00000032498.9	Mlh1	417.043275805045	0.469025098233768	0.130615742793449	3.59087724192226	0.000329566843024706	0.00124711226394303
ENSMUSG00000049807.16	Arhgap23	1902.90614877613	-0.443746850517789	0.123604841596073	-3.59004424735971	0.000330621833697934	0.00125087576964239
ENSMUSG00000015224.10	Cyp2j9	17.2468053309664	-1.83978265174528	0.512565956540547	-3.58935787339935	0.000331493502832548	0.0012539444472096
ENSMUSG00000045594.10	Glb1	1439.23980074898	-0.324212395433322	0.0903311524759736	-3.58915375866102	0.000331753135436263	0.00125469726848076
ENSMUSG00000027404.15	Snrpb	2195.01593042791	0.376457536902017	0.104896376551344	3.58885167704292	0.000332137730483963	0.0012554636382921
ENSMUSG00000037029.8	Zfp146	847.322287732332	-0.37988961054368	0.105852550012077	-3.58885648480209	0.000332131606222172	0.0012554636382921
ENSMUSG00000075312.4	Gm13597	92.2663462109569	-0.779823326630675	0.217290069202204	-3.58885856815201	0.000332128952423988	0.0012554636382921
ENSMUSG00000005836.10	Gata6	61.2607653764213	-0.97992332604337	0.273066155012115	-3.5885931231569	0.000332467239545933	0.00125647971359527
ENSMUSG00000029840.8	Mtpn	7070.99106579291	-0.404901386342686	0.11283277421815	-3.58850865050834	0.000332574960378011	0.00125665737584236
ENSMUSG00000038872.10	Zfhx3	1356.73465790598	0.359132088008488	0.100126792539984	3.5867731193434	0.000334795378164066	0.00126481648706297
ENSMUSG00000028133.17	Rwdd3	60.0618447083503	-0.946996582757817	0.264052239498477	-3.5863986026268	0.000335276346465058	0.00126640238968617
ENSMUSG00000071636.8	Rimbp3	8.05021123381779	3.12426900663081	0.871281207073962	3.58583311709786	0.000336003789220711	0.00126891852455382
ENSMUSG00000032087.11	Dscaml1	5.67168386591795	4.9449578382042	1.37910524036819	3.58562761815336	0.000336268509497768	0.00126968658848856
ENSMUSG00000036402.13	Gng12	4411.15349626998	-0.353226320398323	0.0985200860632682	-3.58532289721597	0.000336661405110007	0.00127093824993107
ENSMUSG00000034459.8	Ifit1	58.5394410491085	-0.965469593056096	0.269296135077358	-3.58515948540723	0.000336872278981289	0.0012715024257173
ENSMUSG00000024500.20	Ppp2r2b	8.49231851545687	-2.93153919923245	0.817927142167705	-3.58410798236034	0.000338232144189205	0.00127640239791656
ENSMUSG00000000690.5	Hoxb6	159.757723909045	-0.675719025197687	0.188592719072895	-3.58295393650117	0.000339730534523551	0.0012818232471934
ENSMUSG00000038648.5	Creb3l2	1877.3323371102	-0.331713112845868	0.0925874481429496	-3.58270067378595	0.000340060195755969	0.00128283324074226
ENSMUSG00000009470.17	Tnpo1	5451.37465568489	0.418723829527141	0.116904998414577	3.58174445238203	0.000341307568248116	0.00128714674629275
ENSMUSG00000110317.1	Gm45250	54.9102498460938	-1.0107802186593	0.282204564504647	-3.58172880879345	0.000341328010551277	0.00128714674629275
ENSMUSG00000031753.16	Cog4	1378.4469884695	-0.314797033681209	0.0878912532756811	-3.58166509122144	0.000341411285501622	0.00128722626568271
ENSMUSG00000022801.13	Lrch3	518.551730930031	0.461700675278646	0.128911778339292	3.5815243667143	0.000341595271132932	0.00128768539741041
ENSMUSG00000026127.13	Imp4	901.278599148386	0.393231627669769	0.109824156081471	3.58055678914627	0.000342862812247594	0.00129222821389529
ENSMUSG00000041058.15	Wwp1	1331.08668091918	-0.409567638085871	0.114388144776311	-3.5805077430602	0.000342927180379308	0.00129223551914642
ENSMUSG00000031145.15	Prickle3	154.568679543066	0.715362927020441	0.199826652414848	3.57991748535786	0.000343702722380725	0.00129492221524547
ENSMUSG00000010476.14	Ebf3	137.385847531981	-0.760548665328758	0.212482340815245	-3.57934999403109	0.000344449898327834	0.00129750108198141
ENSMUSG00000098176.2	Ccdc166	39.6936601106273	1.19473699128808	0.333820808159601	3.57897699030455	0.000344941833406221	0.00129911772374006
ENSMUSG00000047246.7	H2bc6	65.20769629034	-0.924930643180782	0.258501892278516	-3.5780420600722	0.000346177753583043	0.0013035352594898
ENSMUSG00000028261.13	Ndufaf4	413.223008900949	0.602328524955025	0.168347143642352	3.57789572144243	0.000346371578752294	0.00130402788442956
ENSMUSG00000040855.15	Reps2	45.4859195972505	-1.09626957183661	0.306438089530999	-3.57745857740609	0.000346951179714719	0.00130597244388343
ENSMUSG00000068696.6	Gpr88	16.5162320058859	-1.86732277076104	0.522144905103947	-3.57625393354992	0.000348553092284507	0.00131176371949037
ENSMUSG00000050029.7	Rap2c	1481.95482056362	-0.519017394435555	0.145141657084512	-3.57593681139624	0.000348975944168511	0.00131311635490711
ENSMUSG00000031613.9	Hpgd	24.9466174936156	-1.79032534270161	0.500685277963022	-3.57574992016009	0.000349225370318156	0.00131381605601881
ENSMUSG00000028907.7	Utp11	869.642242797089	0.47347275107031	0.132426229809721	3.57536986253122	0.000349733111902093	0.00131548713124867
ENSMUSG00000085705.1	Gm16046	19.3478421565551	1.7174121353425	0.480393088940059	3.57501424329771	0.000350208830010927	0.00131703716794989
ENSMUSG00000022412.14	Mief1	622.111609764112	0.382383400725402	0.106972222334318	3.57460462521147	0.000350757533384129	0.00131886106875896
ENSMUSG00000038175.10	Mylip	242.020252232243	-0.575668346594892	0.161062112736144	-3.57420088942933	0.000351299143895798	0.00132065764248077
ENSMUSG00000035299.16	Mid1	109.950150201822	-0.756439479104603	0.21164849267478	-3.57403669426056	0.000351519634954553	0.00132104654619528
ENSMUSG00000036510.17	Cdh8	8.19124439637505	-3.16062421519743	0.884330930360908	-3.5740288015342	0.000351530237037711	0.00132104654619528
ENSMUSG00000026123.11	Plekhb2	1815.83347466466	0.35377443778054	0.0989970809958563	3.57358453624858	0.000352127488863979	0.00132305080631612
ENSMUSG00000001415.10	Smg5	1466.29009060412	0.332726828182798	0.0931192972411371	3.57312434737544	0.000352747148309529	0.00132489806257647
ENSMUSG00000069516.8	Lyz2	27.4236469725597	-1.43126104194238	0.400558802579492	-3.57316087606972	0.000352697923982084	0.00132489806257647
ENSMUSG00000039873.4	Neurl2	42.4357560303662	-1.18073067858336	0.330593412763871	-3.57154932009098	0.000354875701532354	0.00133265096988719
ENSMUSG00000030921.17	Trim30a	19.6332626697622	-1.7732469681249	0.496651676193315	-3.57040367147515	0.000356431515647946	0.0013382506697618
ENSMUSG00000022971.18	Ifnar2	373.105271900313	-0.546673569622732	0.15311597863586	-3.57032345345764	0.000356540691957267	0.00133841780609784
ENSMUSG00000035284.10	Vps13c	1749.91478052155	-0.383708868653813	0.107515013553738	-3.56888639056933	0.000358501833369347	0.00134553571149812
ENSMUSG00000029594.12	Rbm19	471.41475770064	0.435106060160085	0.121937420038345	3.56827346374279	0.000359341351708121	0.00134844210279304
ENSMUSG00000012422.14	Tmem167	1775.54647455819	-0.396922029884554	0.111250568537652	-3.5678202377026	0.000359963311749337	0.00135053119265897
ENSMUSG00000047497.10	Adamts12	830.115113227799	-0.385526320907839	0.10808359781236	-3.56692716296452	0.000361191821375642	0.00135489480077101
ENSMUSG00000074207.10	Adh1	20.2251565337961	-1.77597067113092	0.497979076350713	-3.5663560086612	0.00036197955295103	0.0013576036902579
ENSMUSG00000024959.14	Bad	408.678854360371	-0.490804290353261	0.137637466666591	-3.56592069179951	0.000362581017042882	0.00135961312894395
ENSMUSG00000057719.11	Sh3rf2	63.9920505056215	0.985558804364366	0.276413839731805	3.56551902509881	0.00036313681652893	0.00136145063672022
ENSMUSG00000028773.8	Fabp3	149.318516690265	-0.623563375175592	0.174900713697967	-3.56524202784221	0.000363520570795397	0.00136264257422925
ENSMUSG00000103041.1	Gm37305	95.8116318659291	-0.782782024933502	0.219569029739701	-3.56508395497075	0.000363739736152331	0.00136321723675848
ENSMUSG00000058388.14	Phtf1	900.333911000645	-0.360865336802288	0.101261214306083	-3.56370738071044	0.00036565356258301	0.00137014176174977
ENSMUSG00000021417.15	Eci2	723.499965208149	-0.363277117666104	0.101948612942329	-3.56333555878397	0.000366172112558845	0.00137158822979651
ENSMUSG00000027313.3	Chac1	340.57052731521	-0.583169366443576	0.163657126886444	-3.56336065247081	0.000366137094798901	0.00137158822979651
ENSMUSG00000085271.7	E130006D01Rik	3.87037026519679	5.37512435181758	1.50868242663127	3.56279377086645	0.000366928931310731	0.00137417440730972
ENSMUSG00000040146.9	Rgl3	121.465878286079	-0.825725817776271	0.231867290930822	-3.56120009192081	0.000369163613988549	0.00138229335129323
ENSMUSG00000071656.7	Lrrn4cl	110.412225395652	-0.720588802947854	0.202389935244577	-3.56039840655645	0.000370292554430163	0.00138626977466991
ENSMUSG00000046111.17	Cep295	522.561720444382	0.549330912558218	0.154334318246844	3.55935684816135	0.000371764107188512	0.00139152717083092
ENSMUSG00000020886.17	Dlg4	933.820233716696	-0.375471020682312	0.105490904972487	-3.55927386138398	0.000371881588858185	0.00139171524277266
ENSMUSG00000038201.10	Kcna7	5.73689150449643	4.97626672797572	1.39871440288657	3.55774325173606	0.000374054656023881	0.00139959459960924
ENSMUSG00000043487.4	Acot6	77.6072516893833	-0.839094289593158	0.235876159811883	-3.55735098562889	0.000374613479537092	0.00140143220909782
ENSMUSG00000034681.17	Rnps1	723.953202819656	0.381033678298642	0.107114054171332	3.55727062378918	0.000374728059538571	0.00140160753602979
ENSMUSG00000051373.5	Plpp7	32.9973866840421	-1.26589369168957	0.355872937900988	-3.5571507604823	0.000374899021650339	0.00140199364934785
ENSMUSG00000060862.10	Zbtb40	290.633862901261	0.522600251429718	0.146937391126849	3.55661855312623	0.0003756589947317	0.00140458192412418
ENSMUSG00000024544.9	Ldlrad4	413.705221077892	-0.491530480903361	0.138242424125667	-3.55556902312811	0.000377161907978347	0.00140994660163334
ENSMUSG00000048677.9	Tpcn2	543.9374597071	-0.453392017426583	0.12752871127923	-3.55521523646437	0.000377669791165917	0.00141159028662754
ENSMUSG00000038702.6	Dsel	1053.71488112843	-0.400572968189152	0.112681479473844	-3.55491399349381	0.000378102748380839	0.0014129533830538
ENSMUSG00000036599.10	Chst12	735.341129204376	-0.457786344914492	0.128792562037991	-3.55444707109294	0.00037877474295572	0.00141520909827445
ENSMUSG00000002949.15	Timm44	792.218247312993	0.390047548092702	0.109748601395535	3.55400928242328	0.000379405822148064	0.00141731115550312
ENSMUSG00000072100.4	Cldn34b1	3.79828212416442	5.37699222068143	1.51316085045964	3.55348356987172	0.000380164943624812	0.001419890683524
ENSMUSG00000028343.10	Erp44	1508.17936370259	-0.396833204935109	0.11168839939944	-3.55303869577254	0.000380808444252297	0.00142178102229046
ENSMUSG00000071226.11	Cecr2	5.85520185164489	4.97520979773	1.40025613156469	3.55307124573741	0.000380761326944449	0.00142178102229046
ENSMUSG00000097006.7	9530082P21Rik	24.510481472922	1.52418871293347	0.429005965901741	3.55283803508356	0.000381099028574115	0.00142260934038875
ENSMUSG00000040225.15	Prrc2c	6620.85181848222	0.345501120277004	0.0972580831615999	3.55241548101389	0.000381711622933045	0.00142463917834315
ENSMUSG00000095841.2	Gm8532	5.65499717941858	4.93251305479812	1.38904617415415	3.5510072642486	0.000383759824753177	0.0014320253492998
ENSMUSG00000032018.14	Sc5d	1360.73198332521	-0.459869095833288	0.129540426302551	-3.55000449635106	0.000385224571683216	0.00143723204925575
ENSMUSG00000025076.11	Casp7	167.562019909217	-0.606071350170238	0.170759825264997	-3.54926194864451	0.000386312579166664	0.00144103155094085
ENSMUSG00000025035.9	Arl3	442.167313617439	-0.419470593758769	0.11819273113465	-3.54903884301389	0.000386640042150919	0.00144199319504178
ENSMUSG00000022223.9	Sdr39u1	65.1233108581828	0.988280640386741	0.278486647640265	3.54875412792986	0.000387058309077162	0.00144329308945923
ENSMUSG00000049811.17	Fam161a	54.5329990159243	-0.97375219070945	0.274413530571959	-3.54848461254757	0.000387454636109577	0.00144451071917005
ENSMUSG00000039704.7	Lmbrd2	943.788752119475	0.448101978145889	0.126296373683548	3.54801935381508	0.000388139699673231	0.00144680418576197
ENSMUSG00000054469.14	Lclat1	1125.17006082474	-0.356138849487651	0.100382632441136	-3.54781340981957	0.000388443300231995	0.00144767516591683
ENSMUSG00000063172.13	Ift25	280.777583877008	-0.49040418078406	0.138268982874291	-3.54674035050881	0.000390028787187437	0.00145332238811751
ENSMUSG00000020196.10	Cabin1	1478.53884882608	0.416878809903878	0.11759893997004	3.54491979273015	0.000392732573157867	0.00146313382501704
ENSMUSG00000003154.15	Foxj2	635.454371657123	0.373351922665288	0.105340773862266	3.54422992139255	0.000393761697750675	0.00146670386570834
ENSMUSG00000034586.14	Hid1	83.5639828884171	-0.797373431917285	0.225076330815982	-3.54268007225159	0.000396082901766635	0.00147508455985383
ENSMUSG00000075703.15	Selenoi	1687.11449558706	0.326528440182924	0.0921841753096284	3.54213116390291	0.000396908061327793	0.00147789170020219
ENSMUSG00000037885.18	Stk35	782.37504217547	0.368846660671576	0.104156568261337	3.54127124989478	0.000398203977193326	0.00148245038200084
ENSMUSG00000073434.12	Wdr90	275.534449471559	0.646221991229031	0.182554331284518	3.53988857279902	0.000400296003948372	0.00148997068615849
ENSMUSG00000062201.4	Prl3d3	3.72363580207801	5.33156359236882	1.50620090133745	3.53974266489588	0.000400517364372417	0.00149052659567506
ENSMUSG00000039599.16	Fam149b	375.527838430247	-0.46562310125521	0.131573480201635	-3.53888261176682	0.000401824497376063	0.00149512228495185
ENSMUSG00000022710.17	Usp7	2931.4039305496	0.425730070822754	0.120320970354572	3.5382865477911	0.000402732749205995	0.00149823241837076
ENSMUSG00000032285.15	Dnaja4	148.940205530463	-0.634215026044078	0.179266637061196	-3.5378307778908	0.000403428521576338	0.00150033595509013
ENSMUSG00000040701.16	Ap1g2	220.012160172208	0.577618025276501	0.163269422880736	3.53782119814581	0.000403443157931866	0.00150033595509013
ENSMUSG00000020170.4	Frs2	1965.94185379542	-0.346633898272514	0.0979936319330968	-3.5373104500216	0.000404224220010438	0.00150297056403737
ENSMUSG00000098132.1	Rassf10	9.18978125296239	3.02725929012976	0.855907399935543	3.53690047586659	0.000404852195163261	0.00150503512709848
ENSMUSG00000057706.7	Mex3b	136.256044034254	0.675129585405698	0.19096946442029	3.53527506324182	0.000407350890029873	0.00151405208704046
ENSMUSG00000022074.6	Tnfrsf10b	1265.71922653649	-0.337465091067027	0.0954704663748948	-3.53475900852798	0.00040814721242777	0.0015167395242446
ENSMUSG00000031847.8	1700030J22Rik	34.6520387855056	1.23400161558518	0.349153109535418	3.53427073076089	0.000408902010906045	0.00151927171490652
ENSMUSG00000034108.6	Ccs	562.608816241324	-0.412386336878269	0.11669633687682	-3.53384131768907	0.000409566891422811	0.00152146896725785
ENSMUSG00000026078.10	Pdcl3	1119.47983891002	-0.358007408988341	0.101311767776213	-3.53371989105096	0.000409755085081544	0.00152162190636937
ENSMUSG00000029175.17	Slc35f6	870.900711967153	-0.385457539927374	0.109078802776416	-3.53375293930814	0.000409703857082805	0.00152162190636937
ENSMUSG00000029125.14	Stx18	338.409564072902	-0.444842197551656	0.125908868333855	-3.53304896976859	0.000410796372565046	0.00152521508802222
ENSMUSG00000009905.5	Kdsr	794.163793672884	-0.350491303880131	0.0992135897821074	-3.53269450939009	0.000411347501726642	0.00152698743512191
ENSMUSG00000003573.15	Homer3	676.41193269671	-0.462751738941105	0.13101329073975	-3.53209766984887	0.000412277052408686	0.00153016365569435
ENSMUSG00000005682.9	Pan2	573.91459250195	0.437663573163411	0.123915662501615	3.5319471673543	0.000412511762808656	0.00153076030447766
ENSMUSG00000103897.1	Pcdhga8	60.0483006837625	-0.98319209151668	0.278409367516372	-3.53146196296309	0.00041326929474633	0.0015332964925532
ENSMUSG00000038214.15	Bend3	330.419695325677	0.508637771421533	0.144109847549505	3.52951432584649	0.000416323163932218	0.0015443500305077
ENSMUSG00000039917.10	Rhbdd2	325.700145710811	-0.481973832362608	0.136565217767549	-3.52925759751642	0.000416727279044553	0.00154557211054349
ENSMUSG00000002341.8	Ncan	5.45633084269289	4.89081767152453	1.38603033766152	3.52865124134023	0.000417683196931931	0.00154883993072269
ENSMUSG00000028496.17	Mllt3	827.40586822146	-0.427398527385777	0.121137834616612	-3.52820015925204	0.0004183956538175	0.00155120394740613
ENSMUSG00000002910.11	Arrdc2	86.5272848870404	0.951298038952562	0.269632288853536	3.52813100759348	0.000418504974956426	0.00155133138908006
ENSMUSG00000022456.18	Septin3	58.9238629745424	-0.955955932777084	0.27095874186216	-3.52804979166678	0.000418633402433613	0.00155152959659326
ENSMUSG00000117656.1	Gm50225	3.77058784716563	5.34410332791182	1.51484634766979	3.52781873629123	0.000418998973709364	0.00155260647275512
ENSMUSG00000031563.8	Wwc2	2171.18604968989	-0.292692382549591	0.0829757898321357	-3.52744316314099	0.000419593834370227	0.00155453244632707
ENSMUSG00000028656.14	Cap1	5888.3902321503	-0.269243819359153	0.0763392417327802	-3.52693861306117	0.000420394219775505	0.00155721903277258
ENSMUSG00000025873.16	Faf2	2096.70765299319	-0.293732496644124	0.0832992129147858	-3.52623375859036	0.000421514742369426	0.0015610902938459
ENSMUSG00000000631.20	Myo18a	1387.56104734205	0.367675691922497	0.104288028448394	3.52557908508584	0.000422557988830962	0.00156439417113434
ENSMUSG00000028573.18	Fggy	127.054525551424	-0.720605690833791	0.204392254438792	-3.52560175439323	0.000422521824187747	0.00156439417113434
ENSMUSG00000075419.4	Dolk	388.764872475643	-0.492654833211995	0.139754719027974	-3.52513916265957	0.000423260375420492	0.00156671432597081
ENSMUSG00000022864.14	D16Ertd472e	282.452359682543	0.499211803364113	0.141647943434888	3.52431381111855	0.000424581086084866	0.0015713219919311
ENSMUSG00000114584.1	Gm47694	31.7435714371894	1.30119983870272	0.369214785298744	3.5242354599908	0.00042470666174396	0.00157150575463679
ENSMUSG00000031979.17	Cog2	624.107247774981	-0.415424139268674	0.117881201276958	-3.52409149863215	0.000424937483257357	0.00157207881428848
ENSMUSG00000023094.14	Msrb2	96.231166219688	-0.778150835143479	0.220928028214112	-3.52219155456969	0.000427994767377926	0.00158282360013502
ENSMUSG00000042354.7	Gnl3	2318.9194345077	0.432720578438925	0.122855005687311	3.52220551387447	0.000427972230139915	0.00158282360013502
ENSMUSG00000007817.15	Zmiz1	3386.27137441817	-0.460154431272879	0.130674140674757	-3.52138861519806	0.000429292976169146	0.00158734107069045
ENSMUSG00000022009.1	Nufip1	407.908085767543	0.464473601821105	0.131905696874472	3.52125505438268	0.000429509276339989	0.00158785720860179
ENSMUSG00000032419.8	Tbx18	713.145239773159	-0.359655829943208	0.102151036433101	-3.52082409050004	0.00043020791136478	0.00159015599238207
ENSMUSG00000056457.6	Prl2c3	29.0639572185001	-1.5128322120584	0.429740960187098	-3.520335160511	0.000431001799765088	0.00159280597274372
ENSMUSG00000022031.6	Elp3	1248.7815462638	0.337004027499919	0.0957343412631056	3.52019999358156	0.000431221515051818	0.0015933334773398
ENSMUSG00000042425.18	Frmpd3	26.8315741179643	-1.46769099509553	0.416941542442532	-3.52013614785776	0.000431325333316206	0.00159343263864218
ENSMUSG00000070371.11	Prss36	105.272495408077	0.812151379446036	0.230724063827797	3.5200115929485	0.00043152793675481	0.00159389663863095
ENSMUSG00000032487.8	Ptgs2	6770.45783160665	-0.499520252151521	0.141928433442926	-3.51952205794193	0.000432325085076666	0.00159655609919749
ENSMUSG00000038055.12	Dexi	187.875339460353	-0.626589291318362	0.178035279024284	-3.51946701098997	0.000432414808290694	0.00159660258951286
ENSMUSG00000030515.9	Tars3	269.903345948888	0.544284957686814	0.154663921969274	3.51914622852344	0.000432938010306117	0.00159824930895779
ENSMUSG00000051615.14	Rap2a	890.393456040641	-0.35038392719564	0.0995781254663731	-3.51868370241577	0.000433693439279894	0.00160075258553041
ENSMUSG00000028949.13	Smarcd3	142.214981993441	-0.696528524082332	0.197978610351148	-3.518200894768	0.000434483306031322	0.00160338205589986
ENSMUSG00000074657.5	Kif5a	86.4435434885389	-0.798031827204883	0.226990453484695	-3.51570656366256	0.000438585433385897	0.00161823170867285
ENSMUSG00000027162.7	Lin7c	1498.75724989425	0.486645264347148	0.138443138554324	3.515127361521	0.000439543136102559	0.00162147627413774
ENSMUSG00000020605.9	Hs1bp3	612.714119157796	-0.391694324779513	0.111530397593366	-3.51199613048641	0.000444754474529941	0.00164040856527
ENSMUSG00000008999.7	Bmp7	8.21710196436204	3.12890323066472	0.890930799684566	3.51194866287315	0.000444833917270863	0.00164040927375549
ENSMUSG00000035914.11	Cd276	1701.31470068113	-0.380229025291512	0.108315555127772	-3.51038246393129	0.000447462579096315	0.00164962851371693
ENSMUSG00000045631.10	Tmprss12	3.76297750574021	5.38010379116142	1.53263407465287	3.51036420247929	0.000447493313905047	0.00164962851371693
ENSMUSG00000037171.6	Nodal	3.55919441522291	5.29192231079915	1.50809314949961	3.50901554891025	0.000449768609579601	0.00165772087779348
ENSMUSG00000021432.15	Slc35b3	423.829108801442	-0.419210217349155	0.119480911807794	-3.50859573304502	0.000450479076007719	0.00165974837918899
ENSMUSG00000040865.15	Ino80d	1025.99147460765	0.369723489158371	0.105376158116649	3.50860665036864	0.000450460587051088	0.00165974837918899
ENSMUSG00000019054.13	Fis1	950.61386209285	-0.46739999954626	0.13323707963185	-3.50803245491228	0.000451433973226205	0.0016629706018525
ENSMUSG00000025019.17	Lcor	270.27079274222	0.546582757469914	0.155811381282888	3.50797710006529	0.000451527915397444	0.00166302069765333
ENSMUSG00000063522.5	Ly6m	3.74390090686837	5.37394514310813	1.5323060172533	3.50709654768638	0.000453024747795992	0.00166823683590629
ENSMUSG00000024486.6	Hbegf	1134.75130281445	-0.346516999409788	0.0988326145923882	-3.50609969025828	0.000454724872646648	0.00167419959781447
ENSMUSG00000020027.18	Socs2	244.525497708448	0.601991166220644	0.171720732772462	3.50564056244922	0.000455509908960576	0.00167649352872954
ENSMUSG00000028672.13	Hmgcl	315.277083391319	-0.468373541367484	0.133605425879212	-3.50564760589083	0.000455497856237444	0.00167649352872954
ENSMUSG00000022176.11	Rem2	6.86487717547963	4.29160789108306	1.22430446049023	3.50534367028658	0.000456018220976166	0.00167776771347061
ENSMUSG00000030374.15	Strn4	1586.68809266821	0.378095196002321	0.107862350665052	3.50534912016178	0.000456008885423673	0.00167776771347061
ENSMUSG00000046636.5	Gm7729	36.422701935568	1.25898629993159	0.359197659200055	3.50499583637431	0.000456614424198288	0.00167957597117444
ENSMUSG00000054414.4	Slc30a7	1311.55728055915	-0.341402079362453	0.0974053506971879	-3.50496227279955	0.000456671992162411	0.00167957597117444
ENSMUSG00000050705.15	2310061I04Rik	347.860092585419	0.517782134297873	0.147760038421364	3.50420952667409	0.000457964876663593	0.00168403179642205
ENSMUSG00000033392.16	Clasp2	1082.97030669123	0.357790586184971	0.102107345516436	3.50406314428553	0.000458216693127713	0.0016846584957461
ENSMUSG00000058070.14	Eml1	754.300691444234	-0.364617207288369	0.104091374201188	-3.50285708192916	0.000460296362716735	0.00169200398008767
ENSMUSG00000033960.6	Jcad	1449.92148027021	0.325131766383266	0.0928370873157592	3.50217543208159	0.000461475655480687	0.00169573665769479
ENSMUSG00000069270.6	H2ac6	34.7015526704883	-1.33309960769761	0.380647801860841	-3.50218653879149	0.000461456417672484	0.00169573665769479
ENSMUSG00000030678.7	Maz	2180.15475097051	0.347041354073633	0.0991079248959727	3.50165089661498	0.000462385050164498	0.0016987767400346
ENSMUSG00000068749.9	Psma5	1016.18788294097	0.365166597723598	0.104311158889587	3.50074336831141	0.000463962395249373	0.00170396693031703
ENSMUSG00000075389.3	Reno1	33.7463422172011	-1.29572363623578	0.370125759766045	-3.50076589388104	0.000463923183613949	0.00170396693031703
ENSMUSG00000036334.12	Igsf10	5332.83733528717	-0.416609682816306	0.119039311978929	-3.49976554711649	0.000465667531955867	0.00170992589035914
ENSMUSG00000027339.15	Rassf2	562.749749363463	-0.442875070051458	0.126593215087318	-3.49841079354832	0.000468039631255658	0.00171833138122754
ENSMUSG00000033943.15	Mga	2137.99206501069	0.434035163783206	0.124117561354611	3.4969681892407	0.000470577942609062	0.00172734400320358
ENSMUSG00000028556.15	Dock7	2787.16245878336	-0.315980785508176	0.0903793562372506	-3.4961610556144	0.000472003718444155	0.00173227038441056
ENSMUSG00000026696.15	Vamp4	643.648520468896	-0.532918262367296	0.152452836968357	-3.49562706057026	0.000472949217590499	0.00173515700124878
ENSMUSG00000028973.18	Abcb8	410.77119411801	0.486322970780625	0.13912343759437	3.49562215533053	0.00047295791106071	0.00173515700124878
ENSMUSG00000104000.1	Gm38335	3.75454099683025	5.32798652586427	1.52434780474216	3.49525646921865	0.000473606430087858	0.00173722833535151
ENSMUSG00000031410.14	Nxf7	5.34685107798115	4.86971299298765	1.39329417273678	3.49510755752485	0.000473870752272268	0.00173788991872496
ENSMUSG00000016427.7	Ndufa1	423.025499421822	-0.471799008469749	0.135039890043584	-3.49377512316898	0.000476241990379999	0.00174565839540917
ENSMUSG00000074486.2	Bglap2	12.7961579458361	2.42009903405173	0.692680363294651	3.49381787371713	0.000476165738737335	0.00174565839540917
ENSMUSG00000113241.1	Gm40663	3.53150013822412	5.25522577585042	1.50414732438015	3.49382383671496	0.000476155103793273	0.00174565839540917
ENSMUSG00000079547.4	H2-DMb1	22.1676567694473	-1.60813741946917	0.460453755002552	-3.49250582061223	0.000478511167087685	0.0017536654829228
ENSMUSG00000029822.15	Osbpl3	907.68752876703	0.361824734412146	0.103609519467865	3.49219585488345	0.000479066833714984	0.00175539111188997
ENSMUSG00000021611.9	Tert	156.696535824489	0.621472756707461	0.177972989542994	3.49194986443338	0.000479508241989755	0.00175669753999043
ENSMUSG00000062132.10	Arhgap33os	3.55057673709595	5.26200369699234	1.50717578065725	3.49130059315156	0.000480675125004502	0.00176066084099596
ENSMUSG00000018900.7	Slc22a5	114.483890051395	-0.69685460605789	0.199604722469662	-3.4911729413807	0.000480904854582132	0.00176119065551938
ENSMUSG00000026608.13	Kctd3	669.419507697783	0.397176909184853	0.11382726770701	3.48929493947954	0.000484296473903245	0.00177329784421073
ENSMUSG00000057561.10	Eif1a	4152.82131964125	-0.465009018112422	0.133281399502332	-3.48892658577077	0.000484964321951025	0.00177542916520415
ENSMUSG00000028088.14	Fmo5	33.4559368332987	-1.24519999997324	0.356945111895223	-3.48849153126588	0.000485754208944322	0.00177800643164253
ENSMUSG00000029502.14	Golga3	2029.10665726203	-0.355030934056968	0.101796692578338	-3.48764704495436	0.000487290888301828	0.00178300054745617
ENSMUSG00000031697.12	Orc6	523.117224831058	0.45837381013166	0.131426891736982	3.48767138957361	0.000487246525941546	0.00178300054745617
ENSMUSG00000021891.8	Mettl6	590.910656442251	-0.49598038046146	0.142216711889194	-3.48749717155531	0.000487564080416111	0.00178368485339927
ENSMUSG00000027316.15	Gfra4	54.475077944039	1.00597689821517	0.288463665495814	3.48736086566079	0.00048781266544101	0.00178427891181542
ENSMUSG00000038533.15	Cbfa2t2	850.036973020364	-0.366819095138664	0.105194788316011	-3.48704627872552	0.000488386838046242	0.00178606345595745
ENSMUSG00000001665.11	Gstt3	228.150735785006	-0.556714362229139	0.159671123635234	-3.48663145567225	0.00048914492145313	0.00178806511754926
ENSMUSG00000042800.5	Spata46	5.35628976148908	4.86921867743999	1.39653713170757	3.48663745981914	0.00048913394113528	0.00178806511754926
ENSMUSG00000101609.2	Kcnq1ot1	307.355541536524	-0.551926443840139	0.158299103572287	-3.48660498628852	0.000489193331111719	0.00178806511754926
ENSMUSG00000031604.10	Msmo1	2066.00995658592	0.434680329053346	0.124709856228725	3.48553307812431	0.000491157494116629	0.0017949274312712
ENSMUSG00000029913.14	Prdm5	358.282126849432	-0.445283708506781	0.127799743546472	-3.48423006298806	0.000493555040439397	0.00180337083531422
ENSMUSG00000020390.12	Ube2b	1889.03145158654	-0.32829672556023	0.0942451370731241	-3.4834341140117	0.000495024950204538	0.00180819880371305
ENSMUSG00000028069.16	Gpatch4	367.888833482037	0.492313832495079	0.141330599183787	3.4834199765535	0.000495051095252999	0.00180819880371305
ENSMUSG00000055067.15	Smyd3	188.465951117925	0.592469810977639	0.170087591582479	3.48332177241948	0.000495232744192176	0.00180854314961783
ENSMUSG00000025758.10	Plk4	365.039960092351	0.519156925066842	0.149124070787631	3.48137575862033	0.00049884514391419	0.00182141394141468
ENSMUSG00000032280.16	Tle3	1439.31089330102	0.486118251726708	0.139665006459467	3.48060164854385	0.000500288948681818	0.00182636348302733
ENSMUSG00000006010.14	Odr4	933.95638009811	-0.501704886146125	0.144254423805406	-3.47791681468922	0.000505326719611135	0.00184442916050624
ENSMUSG00000020821.17	Kif1c	5669.01266601441	-0.31186552775048	0.0897010828806782	-3.47671976452423	0.000507588050840894	0.00185235632305283
ENSMUSG00000023965.13	Fbxl17	488.381858619802	-0.402750189856871	0.115854730243644	-3.47633790186972	0.000508311404769703	0.00185466909348283
ENSMUSG00000020363.6	Gfpt2	161.916930028414	-0.643326972467133	0.185074083399687	-3.47605110693862	0.000508855305790186	0.00185632639664277
ENSMUSG00000055874.6	Foxi3	3.4624417457282	5.24814039079784	1.50985611710827	3.47592087175119	0.00050910247337439	0.00185690080993419
ENSMUSG00000020000.7	Moxd1	254.088402355544	0.551681911901449	0.158798738866528	3.47409504533371	0.000512579432248009	0.00186925328895376
ENSMUSG00000096965.7	3300005D01Rik	41.8631063860959	-1.34099317159087	0.386122567660012	-3.47297279130195	0.000514727534453923	0.00187675625077713
ENSMUSG00000063145.10	Bbs5	115.970186273048	-0.680889554719249	0.196065297862178	-3.47276933829399	0.000515117860454228	0.00187784864275133
ENSMUSG00000109718.1	Trim61	3.51664179380726	5.27878729766301	1.52007276162618	3.47272014269616	0.000515212283961099	0.00187786213518415
ENSMUSG00000024208.16	Uqcc2	732.386303144493	-0.413979020901628	0.119212497821779	-3.47261426835062	0.000515415548472536	0.00187827226018187
ENSMUSG00000025163.6	Cd7	3.71638779908657	5.31537145586418	1.53079564166492	3.47229330368558	0.000516032214359547	0.00188018848882736
ENSMUSG00000069565.12	Dazap1	1491.20241861921	0.410494904328526	0.11822954365703	3.47201631361552	0.000516564945095913	0.00188179827499829
ENSMUSG00000002210.11	Smg9	344.084414787082	0.529133112663988	0.152434791888984	3.47120959793317	0.000518119410945561	0.00188712892612391
ENSMUSG00000030094.8	Xpc	360.67098188761	0.433975171828088	0.125030296720882	3.47096010494876	0.00051860104265239	0.00188855084128463
ENSMUSG00000031154.15	Otud5	1342.50538367562	0.331915112897833	0.0956314983991434	3.47077185293592	0.000518964728405726	0.00188954281675816
ENSMUSG00000033147.16	Slc22a15	118.612435373312	-0.687151327932727	0.198032681911737	-3.46988851183154	0.000520674439912324	0.00189543444103855
ENSMUSG00000026470.14	Stx6	673.891456558725	-0.464008591801154	0.133729755154598	-3.46974830892899	0.000520946285635779	0.00189609058666696
ENSMUSG00000063659.11	Zbtb18	235.601679187686	0.549273870969855	0.158357150380631	3.468576377193	0.000523223776457794	0.00190404517385722
ENSMUSG00000052962.3	Mrpl35	438.561369093015	0.408491733280057	0.117804598164671	3.46753640896984	0.000525252581576968	0.00191109214028154
ENSMUSG00000021281.15	Tnfaip2	1680.29574992214	-0.393448183285087	0.11352145129053	-3.46584877846702	0.000528560476261156	0.00192278968332683
ENSMUSG00000027820.12	Mme	3160.08413552672	-0.445164994248667	0.128466151280235	-3.46523181252303	0.000529774618532992	0.00192686783149085
ENSMUSG00000028456.18	Unc13b	262.106361516001	0.556774455514322	0.160681870439803	3.46507327796454	0.000530087021982902	0.00192766536683487
ENSMUSG00000043986.5	Spata31d1d	6.759126426785	4.25659286098751	1.22849204289986	3.46489249612052	0.000530443474757042	0.00192862277955314
ENSMUSG00000053470.13	Kdm3a	1587.48856175968	0.426519736795604	0.123099467250384	3.46483820216755	0.000530550571315321	0.0019286733887699
ENSMUSG00000004677.17	Myo9b	3255.83491878781	-0.329264447832842	0.0950323250509727	-3.46476262320462	0.000530699686782808	0.00192887670179409
ENSMUSG00000038987.8	Cfap157	122.605391862094	-0.740029424320796	0.213616114550473	-3.46429587429812	0.000531621436756079	0.00193188766141399
ENSMUSG00000049411.15	Tmem241	169.244848029833	0.601960261958429	0.173802059856265	3.4634817473179	0.00053323277083039	0.0019374030407966
ENSMUSG00000063808.14	Gpatch1	254.87115625533	0.509539585315294	0.147157651692779	3.46254224264912	0.000535097910240818	0.00194383847737358
ENSMUSG00000058586.12	Serhl	174.358718947794	-0.565952069898464	0.163464681291219	-3.46222844854295	0.000535722218897847	0.00194576490769723
ENSMUSG00000039810.11	Zc3h10	182.931275862379	0.575541143339799	0.166244356037517	3.46201914493816	0.000536139015862023	0.00194693710339088
ENSMUSG00000014177.10	Tvp23b	955.475934113777	-0.347798850942448	0.100485721337026	-3.46117683502456	0.000537819407131555	0.00195269670377408
ENSMUSG00000025133.9	Ints4	953.2461485288	0.344608802900517	0.0995658736552998	3.46111363511522	0.000537945687379325	0.00195281265925371
ENSMUSG00000034501.7	Pcnx4	306.05583963035	-0.456249560791692	0.131851389306352	-3.46033184171926	0.000539510081329798	0.0019581481980441
ENSMUSG00000062646.12	Ganc	208.901463196323	-0.553390177485237	0.159942459434586	-3.4599328998787	0.000540310009255412	0.00196070772818685
ENSMUSG00000096772.1	NA	3.49756519493542	5.27206094999018	1.52377625083145	3.45986554595105	0.000540445171224489	0.00196085444332615
ENSMUSG00000022769.9	Sdf2l1	241.228526152893	0.56932849727594	0.164564829162594	3.45960008692642	0.000540978185855399	0.00196244435138817
ENSMUSG00000036098.15	Myrf	169.577355464847	0.708371377535789	0.204759621706272	3.45952669590272	0.000541125633938425	0.00196263527192771
ENSMUSG00000061517.8	Sox21	6.79078439983503	3.66255034358939	1.05887299304358	3.45891373908962	0.000542358573301017	0.00196676245773612
ENSMUSG00000025789.9	St8sia2	169.061369654338	-0.642761673737964	0.185900329947069	-3.45756069352312	0.000545089443921457	0.00197631921522688
ENSMUSG00000068290.11	Ddrgk1	557.711618889709	-0.382547417383531	0.110683115183487	-3.45624006651201	0.000547767232336639	0.00198568020002383
ENSMUSG00000027642.15	Rpn2	6782.5265993072	-0.328439787246811	0.095040006574941	-3.45580560316806	0.000548650853720714	0.00198853511139293
ENSMUSG00000103509.1	Gm38372	55.8077196957622	0.959289001840723	0.277634080283733	3.45522783391851	0.000549827991016253	0.0019924526586214
ENSMUSG00000042744.16	Hectd4	1106.33511118207	0.433178265140525	0.125386733300606	3.45473762445036	0.000550828579902759	0.00199572917476058
ENSMUSG00000087213.2	2810408I11Rik	51.8810357620422	1.05448705084793	0.305237917598426	3.45463977458798	0.000551028508684675	0.00199610414792861
ENSMUSG00000044548.11	Dact1	76.5683223378881	-0.821403015062636	0.23779587260451	-3.45423579503733	0.000551854643566694	0.00199874702837918
ENSMUSG00000005732.14	Ranbp1	1112.22845641059	0.377248961621765	0.109221544612493	3.45397936790041	0.000552379633412843	0.00200029846606236
ENSMUSG00000022052.9	Ppp2r2a	1745.59123085628	0.349091110738471	0.101075859673387	3.45375356555473	0.000552842309495863	0.00200162374746456
ENSMUSG00000048371.8	Pdp2	120.985384105655	0.738306553778365	0.213772764203621	3.45369793260998	0.000552956358556261	0.00200168654525289
ENSMUSG00000030216.12	Wbp11	1414.4953290166	0.331166154716157	0.0959189449167339	3.45256252561617	0.000555288767220342	0.00200977831661022
ENSMUSG00000035877.17	Zhx3	389.748154754551	-0.538175273972156	0.155879430338846	-3.45250988409624	0.000555397127973243	0.00200981908250317
ENSMUSG00000034158.9	Lrrc58	2170.24136949042	-0.390903587751763	0.11324714636819	-3.45177428560411	0.000556913394148843	0.00201495373981592
ENSMUSG00000031156.18	Slc35a2	751.468845927765	-0.493419576723193	0.142968577601812	-3.45124491688963	0.000558006950073785	0.00201855747283769
ENSMUSG00000023150.14	Ivns1abp	1775.73823477479	0.43210377007062	0.125206409901715	3.45113137905492	0.000558241753866941	0.00201905400372039
ENSMUSG00000105692.1	Gm43737	177.836400898765	-0.61790550170844	0.179116518450579	-3.44974046533252	0.000561125734961946	0.00202913025646005
ENSMUSG00000086043.1	Gm12473	73.9580013546074	-1.33148200503231	0.385987065461718	-3.44955083777118	0.000561519990127115	0.00203020127085435
ENSMUSG00000029055.17	Plch2	29.6687184152029	1.33196615980917	0.386276491198598	3.44821957887249	0.000564295085667777	0.0020398784453785
ENSMUSG00000029503.16	P2rx2	7.50213347873161	3.38571008782127	0.981930312059083	3.44801463631521	0.000564723434496097	0.00204107043314732
ENSMUSG00000041124.11	Msantd4	1031.73165175198	-0.437069380776127	0.12678749339959	-3.44725941855034	0.000566304524535527	0.00204642761057278
ENSMUSG00000027366.12	Sppl2a	1936.89188490883	-0.376394732760658	0.109209301621188	-3.44654463652052	0.000567804756483448	0.00205149077578127
ENSMUSG00000030659.14	Nucb2	758.044110295148	-0.509201618818711	0.147759982629002	-3.44614021847323	0.000568655214502385	0.00205420493629753
ENSMUSG00000055024.12	Ep300	1920.02679900881	0.340717255444781	0.0989053359078887	3.44488244559518	0.000571307795356427	0.00206342698588077
ENSMUSG00000023923.10	Tbc1d5	692.26400982154	-0.377909301776527	0.109722542190336	-3.44422663048553	0.000572695442712353	0.00206807797779187
ENSMUSG00000027957.13	Slc35a3	553.372358367462	0.472868279390156	0.137333633986614	3.44320808867728	0.00057485681161911	0.00207552086930123
ENSMUSG00000005148.8	Klf5	186.011909773637	-0.541133452097745	0.157228999984809	-3.44168984188684	0.000578092668499782	0.00208647604974316
ENSMUSG00000031325.15	NA	7.60121690117601	4.44229463102772	1.29072484905467	3.44170535980713	0.000578059509364859	0.00208647604974316
ENSMUSG00000042305.12	Tmem183a	989.780409093443	0.388463443933416	0.112880905009793	3.44135656867488	0.00057880524380651	0.00208868370668601
ENSMUSG00000039206.13	Daglb	287.254652020876	0.556251218489269	0.161651156383107	3.44105932141293	0.000579441481502921	0.00209061516918755
ENSMUSG00000024190.7	Dusp1	3504.2529001359	0.336293465840969	0.0977542581309249	3.44019250179938	0.000581300570445284	0.00209695721639019
ENSMUSG00000027937.15	Jtb	608.264768698373	-0.412334377636479	0.119867438040236	-3.43991983459321	0.000581886513592403	0.00209870516550778
ENSMUSG00000021130.8	Galnt16	14.451135576207	-2.08637967310523	0.606607861568871	-3.43942076139471	0.000582960412275575	0.00210221212085229
ENSMUSG00000032059.13	Alg9	461.733513447524	0.416432663646139	0.121111869305239	3.43841331188277	0.000585133852117509	0.00210968221650938
ENSMUSG00000022144.4	Gdnf	71.2869440107904	-0.867187333587305	0.25223208208052	-3.43805326600156	0.000585912431832256	0.00211212146055309
ENSMUSG00000001380.7	Hars1	1717.7183762613	0.325307673838466	0.0946247045692866	3.43787254416491	0.000586303596457496	0.00211316352830815
ENSMUSG00000020287.15	Mpg	154.245651648614	-0.673209023500261	0.195827388509153	-3.43776745748102	0.000586531163826636	0.00211361569638711
ENSMUSG00000027022.14	Xirp2	8.21188641199637	2.84741180366107	0.828469914569357	3.43695257194846	0.000588298608230743	0.00211961582102144
ENSMUSG00000020358.17	Hnrnpab	3079.23624727272	0.353404718560274	0.102834199892272	3.43664577475681	0.000588965319188653	0.00212164864982352
ENSMUSG00000078794.4	Dact3	503.177005831594	-0.614680897932838	0.178867264317678	-3.43651981416304	0.000589239251871183	0.00212226609961399
ENSMUSG00000028347.14	Tmeff1	1001.49421516196	-0.425382523834783	0.123789940724341	-3.43632545056337	0.000589662176643188	0.00212341986679495
ENSMUSG00000020654.15	Adcy3	628.637005003649	0.48521643865986	0.141212808337734	3.43606535675845	0.000590228568907592	0.00212508978045195
ENSMUSG00000058230.12	Arhgap35	3165.07753363226	-0.337115285226427	0.0981400619787077	-3.43504251403027	0.000592460873976993	0.00213275610964344
ENSMUSG00000035967.15	Ints6l	264.048100481049	-0.539296371841824	0.157034187336514	-3.43426091470228	0.00059417197145324	0.00213854384230753
ENSMUSG00000034377.10	Tulp4	2617.26035659164	-0.365366725121107	0.106411666964801	-3.43352130027213	0.000595795389503949	0.00214401404161026
ENSMUSG00000001100.10	Poldip2	1507.74068266714	0.336954779819099	0.0981554524008933	3.43286869529046	0.000597231253721434	0.00214880753011993
ENSMUSG00000027695.16	Pld1	411.2084922197	0.486890829121351	0.141858298233759	3.4322336809584	0.000598631506207806	0.0021534712455675
ENSMUSG00000025978.14	Rftn2	227.783180322512	-0.660513370296088	0.192476665586905	-3.43165426459375	0.000599911826674336	0.00215770198094389
ENSMUSG00000060459.14	Kng2	82.6195605996502	-0.862369058739743	0.251304118635697	-3.4315755086763	0.000600086048087731	0.00215795363262125
ENSMUSG00000038600.12	Atp6v0a4	27.2145488338832	1.35820759178738	0.395809183678924	3.4314706373492	0.000600318114310395	0.00215841317493675
ENSMUSG00000033577.18	Myo6	921.492372608141	0.454687111443628	0.132528505046636	3.4308627512521	0.000601664931128002	0.00216287989048602
ENSMUSG00000026037.14	Orc2	530.142828135874	0.499862311500994	0.145700614487355	3.43074950822789	0.000601916139998945	0.00216340722032265
ENSMUSG00000031513.8	Leprotl1	810.057759732256	-0.347649810590361	0.101352324973617	-3.43011184677666	0.000603332498320219	0.00216812142061288
ENSMUSG00000003411.10	Rab3b	50.1814332622254	-1.0367953403157	0.302297066440043	-3.4297234588657	0.000604196695579522	0.00217047334290186
ENSMUSG00000081302.1	Gm12020	136.941602873929	0.675770853499217	0.197031186169353	3.42976595044389	0.000604102091986784	0.00217047334290186
ENSMUSG00000035638.14	Muc20	3.4742703416086	5.23567975303186	1.52685455082775	3.42906254573721	0.000605669934122385	0.0021753881600554
ENSMUSG00000003410.8	Elavl3	8.63640634678597	3.23928158530355	0.944833704937704	3.42841451186072	0.000607117709071004	0.0021799275992959
ENSMUSG00000038446.8	Cdc40	864.441303928901	0.334438202478726	0.0975492802431652	3.42840256376119	0.000607144432578428	0.0021799275992959
ENSMUSG00000073489.6	Ifi204	201.750340292204	-0.662626653507897	0.193284107683742	-3.42825212816829	0.000607480995385377	0.00218075773907074
ENSMUSG00000034055.16	Phka1	460.300772933102	-0.394008425637238	0.114974015173269	-3.4269345559817	0.000610436169097624	0.00219098634717387
ENSMUSG00000024579.7	Pcyox1l	184.862198980085	0.594821825122517	0.1736015946975	3.42636152714491	0.000611725581271534	0.00219523366968437
ENSMUSG00000009828.15	Cilk1	496.798496191306	-0.43743494154963	0.127671409808039	-3.42625606004773	0.000611963176139056	0.00219532509235742
ENSMUSG00000044770.14	Scml4	15.7657794195618	1.8081561373446	0.527731680451781	3.42627930882731	0.000611910794221702	0.00219532509235742
ENSMUSG00000026254.17	Eif4e2	2036.64193508744	0.303393823286525	0.0885644371082224	3.4256845432867	0.000613252175657642	0.00219956797503683
ENSMUSG00000025278.9	Flnb	17611.4817876113	0.292546843079474	0.0854028179622295	3.4254940300548	0.000613682420571228	0.00220072980308452
ENSMUSG00000037991.9	Rmi2	19.2856205995501	1.72924711412661	0.504858326474966	3.42521262588776	0.00061431844260299	0.00220262903922385
ENSMUSG00000042751.14	Nmnat2	140.401330345715	-0.622405177128937	0.181721911013255	-3.42504199773431	0.000614704390367727	0.00220363113547308
ENSMUSG00000079317.10	Trappc2	157.633242770818	-0.603951901701052	0.176344611426715	-3.42483899459577	0.000615163861760857	0.00220489641118407
ENSMUSG00000076433.4	Cep295nl	90.9965347962199	-0.772525823163504	0.2255820769047	-3.42458866308721	0.000615730894829024	0.0022065467091527
ENSMUSG00000009633.3	G0s2	15.3491066073786	1.86232999240408	0.543827026482607	3.42448959267315	0.000615955436355215	0.00220696928805896
ENSMUSG00000086070.1	8430436N08Rik	11.7552320655802	-2.26995261851789	0.663165467378832	-3.42290533837641	0.000619556490790435	0.00221948767789394
ENSMUSG00000022485.3	Hoxc5	151.230454804565	-0.616011806239597	0.17998064872565	-3.42265577216917	0.000620125544503668	0.00222093990460023
ENSMUSG00000036181.2	H1f2	1298.10559179351	-0.556779302652868	0.162675702985377	-3.42263345069372	0.00062017646497847	0.00222093990460023
ENSMUSG00000078546.8	Zfp995	171.584302395787	0.705796607380006	0.206220246362047	3.42253789252529	0.000620394499356172	0.00222133640238253
ENSMUSG00000113726.1	Gm36099	21.508191905049	1.71128605148901	0.50011732253972	3.42176920167186	0.00062215101190802	0.00222724036587411
ENSMUSG00000027919.5	Lce1g	8.49367942374438	-3.05220324446913	0.892028142209262	-3.42164456483382	0.000622436251399643	0.00222787618324766
ENSMUSG00000098041.1	Gm26981	32.5292088217653	-1.29334203937592	0.378109926250069	-3.4205450573666	0.000624957821932436	0.00223651486102688
ENSMUSG00000031865.16	Dctn1	2273.52156360692	-0.45640123967163	0.133461965358349	-3.41971016571035	0.00062687887687015	0.00224300187940108
ENSMUSG00000038236.8	Hoxa7	200.506523085325	-0.537841001810485	0.157283536612857	-3.4195632511389	0.000627217489780777	0.00224382558260842
ENSMUSG00000023277.13	Twf2	338.753417221949	0.562194048591279	0.164512196935425	3.41733962018605	0.000632363400905775	0.00226184379390853
ENSMUSG00000020850.14	Prpf8	6851.23952633218	0.27459705460189	0.0803972543655842	3.41550288960412	0.000636643539814963	0.00227675961137352
ENSMUSG00000032565.9	Nudt16	141.892083001046	-0.652918995008106	0.19117458352112	-3.41530230108217	0.000637112600501362	0.00227804348208286
ENSMUSG00000073131.12	Vma21	958.336938295973	0.468161027854227	0.137108606369283	3.41452692322829	0.000638928786095199	0.00228414282269163
ENSMUSG00000031059.9	Ndufb11	735.49743482059	-0.378979634873917	0.110997979250483	-3.41429310184732	0.000639477415720357	0.00228570938145323
ENSMUSG00000025324.8	Atp10a	730.349075560267	-0.346656754147694	0.101602536943925	-3.41189073201012	0.000645139680516391	0.00230515212273585
ENSMUSG00000075273.4	Ift70b	196.660931611393	-0.640990235246795	0.187867554043104	-3.41192622915464	0.000645055677186107	0.00230515212273585
ENSMUSG00000043300.2	B3galnt1	1011.01351041836	0.428698335497039	0.125656867678233	3.41165861777485	0.000645689225359692	0.0023067175139317
ENSMUSG00000027602.9	Map1lc3a	953.416900529962	-0.584249062639795	0.171265946956642	-3.41135568991835	0.000646407080731294	0.00230888354858621
ENSMUSG00000102953.1	Gm37019	6.41774387762117	4.1944743818018	1.22969778816354	3.41097985389232	0.000647298740069834	0.00231166953428321
ENSMUSG00000000876.11	Pxmp4	235.423724305753	-0.49569618456684	0.145326059097415	-3.41092428739545	0.000647430666887745	0.00231174182748136
ENSMUSG00000013338.16	Fer1l4	5.05161324097775	4.7709454749764	1.39875535530416	3.4108505514454	0.000647605770506181	0.00231196823796265
ENSMUSG00000106951.1	5930430L01Rik	125.325820941137	-0.718255423982112	0.210592846515002	-3.41063543167857	0.000648116875480165	0.00231339389645869
ENSMUSG00000039485.8	Tspyl4	146.805347804679	-0.628582418930795	0.184342471033608	-3.40986217341199	0.000649957166214174	0.00231956265232193
ENSMUSG00000028089.5	Chd1l	208.84410038113	0.566742163441797	0.166222630949983	3.40953671712928	0.000650733177422825	0.00232104308249479
ENSMUSG00000038253.6	Hoxa5	189.079505916624	-0.634410736332536	0.186070697025768	-3.40951448279188	0.000650786223946929	0.00232104308249479
ENSMUSG00000056900.13	Usp13	159.86240612464	-0.611987391225689	0.17949192295893	-3.40955392943067	0.000650692115197942	0.00232104308249479
ENSMUSG00000091811.2	Inafm1	316.745814462515	0.632827591236045	0.185607148111958	3.40950010639851	0.000650820525184779	0.00232104308249479
ENSMUSG00000020402.11	Vdac1	5646.23019906129	0.340501158930471	0.0998748917681966	3.4092768753207	0.000651353357338455	0.00232254317718324
ENSMUSG00000030826.19	Bcat2	664.326182842585	0.425430760164655	0.124834900063206	3.40794729638307	0.000654535353859001	0.00233348730443119
ENSMUSG00000041298.15	Katnal1	411.800743541229	-0.429689883959576	0.126100845341827	-3.40750994011815	0.00065558520635952	0.00233682765394105
ENSMUSG00000021959.16	Lats2	818.697799765691	-0.382045843976175	0.112129308300857	-3.40718987538119	0.000656354498314657	0.00233916696980287
ENSMUSG00000030942.8	Thumpd1	952.16594713329	0.442440811138209	0.129867857139486	3.40685386579529	0.000657163017696982	0.00234164525792905
ENSMUSG00000003812.13	Dnase2a	221.322392627033	-0.51177533064217	0.150325501590735	-3.40444784967684	0.000662979582905342	0.00236196461042301
ENSMUSG00000026342.10	Slc35f5	1095.93593203406	-0.326100609281387	0.0958012777943855	-3.40392755492556	0.000664243678966909	0.00236606090362004
ENSMUSG00000003808.18	Farsa	996.12126888708	0.404130818875065	0.118771953425046	3.40257785799661	0.000667533326110078	0.0023773696347475
ENSMUSG00000026798.10	Coq4	141.860915257937	0.677305872092899	0.199119535219528	3.40150388230956	0.000670161766733505	0.00238632004294114
ENSMUSG00000103202.1	Gm37326	3.58148193184819	5.25930727752652	1.54625451809558	3.40132055620704	0.000670611398048285	0.00238751037636764
ENSMUSG00000045932.12	Ifit2	238.981990495359	-0.628057378619494	0.184699915763609	-3.40042049300836	0.000672822992712943	0.00239497216271113
ENSMUSG00000003235.13	Eif2b5	1840.4949340901	0.311249761052763	0.0915403588387523	3.40013699969242	0.000673520982681677	0.0023970445014663
ENSMUSG00000038299.16	Wdr36	1792.69524462814	0.305214808134175	0.0897846671144958	3.39940902988433	0.000675316404838941	0.00240302119026324
ENSMUSG00000006301.17	Tmbim1	3938.39111968848	0.305156538921187	0.0897882844818496	3.39862311305071	0.000677259738283807	0.00240947970722256
ENSMUSG00000030669.13	Calca	11.0406274618413	2.34583545706146	0.690239696862583	3.39858090997116	0.000677364240607182	0.00240947970722256
ENSMUSG00000047126.17	Cltc	16858.1155278643	-0.314028569279391	0.0924021475370978	-3.39849860257105	0.00067756809148017	0.00240979070885705
ENSMUSG00000103527.1	Gm37261	3.35844107324206	5.1825671076197	1.52503715646121	3.39832186098707	0.000678006020383727	0.00241051985845461
ENSMUSG00000110125.1	Gm33148	5.06740142814049	4.78469451377457	1.40794975744213	3.39834180053917	0.000677956601154093	0.00241051985845461
ENSMUSG00000019883.11	Echdc1	157.672149575115	0.638081893753686	0.187778037304747	3.39806456022402	0.000678644028555731	0.00241237381883481
ENSMUSG00000082286.11	Pisd-ps1	103.794728605575	-0.7638349616042	0.224795305638304	-3.39791331244795	0.000679019326010328	0.00241329344592853
ENSMUSG00000063903.5	Klk1	3.50939379081582	5.2602449970355	1.54827959947805	3.39747743160138	0.000680101974915956	0.00241672631395457
ENSMUSG00000032172.8	Olfm2	60.4307012003707	1.01907888342452	0.299989844024429	3.39704461242207	0.000681178606802832	0.00242013662585167
ENSMUSG00000003660.10	Snrnp200	3594.44470552873	0.284761835630721	0.0838282223035422	3.396968560297	0.000681367949013512	0.00242039388649917
ENSMUSG00000087273.1	Gm13203	6.71529413304139	4.25820886690569	1.25384610662427	3.39611762911645	0.000683489797687067	0.00242751464006942
ENSMUSG00000110340.1	1600027J07Rik	13.0279060193169	-2.02194696797349	0.595494150432824	-3.39541029328982	0.000685258255690206	0.00243337804675443
ENSMUSG00000043613.8	Mmp3	1610.93903054864	0.49161017705719	0.144816835504515	3.39470321488875	0.000687030320165727	0.00243925224650264
ENSMUSG00000090015.8	Gm15446	99.4540314015545	0.814582918276425	0.239991594774273	3.39421436422635	0.000688257956405422	0.00244319180923269
ENSMUSG00000033781.7	Asb13	261.827363988454	0.577455543965013	0.170226866043291	3.39227031189165	0.000693160202204389	0.00246017198652755
ENSMUSG00000027859.10	Ngf	185.255053353182	-0.580392114576633	0.171110347672796	-3.39191710186038	0.000694054355285559	0.00246292321276458
ENSMUSG00000004264.17	Phb2	1827.50342454824	0.400821441283751	0.11818172105032	3.39156882910079	0.000694937059151943	0.00246563287408057
ENSMUSG00000022244.7	Amacr	213.519345338057	-0.56878876429631	0.16773390074044	-3.3910185227045	0.000696333948107071	0.00247016561985746
ENSMUSG00000056737.14	Capg	2258.25135100056	-0.358223655368681	0.105673929820077	-3.38989622112663	0.000699190871870387	0.00247987523249574
ENSMUSG00000116165.1	Pdxp	37.0004990776795	1.1598397188467	0.342164060939378	3.38971812428949	0.00069964523423397	0.002481061624706
ENSMUSG00000021149.8	Gtpbp4	1834.66544761423	0.501913473093058	0.148076094143172	3.38956450733883	0.000700037363671152	0.00248202695968297
ENSMUSG00000006800.14	Sulf2	5741.82788030667	-0.372766552940536	0.110026429103047	-3.38797283506689	0.000704112375650585	0.00249604762178309
ENSMUSG00000004508.6	Gab2	318.837169664419	-0.44691147514787	0.131941795379938	-3.3871865534416	0.00070613354424232	0.00250278394388215
ENSMUSG00000028430.14	Nol6	1216.65213148362	0.376285284620569	0.111132688684987	3.385910024072	0.00070942639916595	0.00251402448833008
ENSMUSG00000049420.9	Tmem200a	233.650715989806	-0.587376829835097	0.173539659620647	-3.38468354218908	0.000712603589426231	0.00252485136897185
ENSMUSG00000026860.16	Sh3glb2	881.205181086609	0.51335171596744	0.151766138833909	3.3825181289566	0.000718245370863268	0.00254440543068608
ENSMUSG00000044600.14	Smim7	1158.4594394292	-0.360666501317416	0.106653265686747	-3.38167330362612	0.000720457716080655	0.00255180600019738
ENSMUSG00000000088.7	Cox5a	687.531672603642	0.45456199794592	0.134432653995486	3.38133618905705	0.000721342284302578	0.00255450195770386
ENSMUSG00000004849.14	Ap1s1	1827.39183533759	-0.313751390372297	0.0927959364527765	-3.38108975851506	0.000721989541373121	0.00255635674253887
ENSMUSG00000060860.8	Ube2s	372.862757404645	0.672667392055468	0.198954639767001	3.38100882112244	0.000722202243496309	0.00255667252234139
ENSMUSG00000021018.8	Polr2h	420.795158103719	0.444115639268297	0.131415597905539	3.37947432684151	0.000726245899637205	0.00257054785851411
ENSMUSG00000024542.9	Cep192	1034.97637372121	0.371573353332078	0.110027410257311	3.3770980564126	0.00073254930355485	0.00259241546149459
ENSMUSG00000025010.14	Ccnj	117.749737093672	0.690539355439013	0.204500432773952	3.37671341851052	0.000733574377661641	0.00259559932362706
ENSMUSG00000055653.13	Gpc3	610.4750607528	-0.587885691207883	0.174149242229421	-3.37575796300862	0.000736126469917481	0.0026041842079682
ENSMUSG00000039087.17	Rreb1	766.029003382371	0.387276287831469	0.114735124615471	3.3753943191277	0.000737099954396461	0.00260718249419897
ENSMUSG00000049107.13	Ntf3	26.4202432581263	-1.35877485980262	0.402576325067834	-3.37519813062448	0.000737625652756548	0.00260859617058052
ENSMUSG00000048100.13	Taf13	333.817009513233	0.577152001453011	0.171022555646068	3.37471276389664	0.000738927717617473	0.00261275449726069
ENSMUSG00000062031.13	Pgghg	463.852996782287	-0.509187777256784	0.150934483553455	-3.37356822158172	0.000742006571134427	0.00262319282936149
ENSMUSG00000026867.18	Gapvd1	2059.96767930883	0.298355651695883	0.0884404638121541	3.37351975369085	0.000742137213811938	0.00262320665790528
ENSMUSG00000022537.18	Tmem44	123.401638195136	0.625235670859106	0.185399549149547	3.3723688850763	0.000745245603423952	0.00263374402343732
ENSMUSG00000032733.6	Snx33	715.519089519883	-0.442908929056041	0.131340868552041	-3.37220953339858	0.000745676949294125	0.00263481856835765
ENSMUSG00000107320.1	Gm42549	39.7342195913888	1.10446855467785	0.327665068949957	3.37072413064125	0.000749708925108102	0.00264861325154678
ENSMUSG00000036840.5	Siah1a	330.264898853522	-0.464997731543982	0.138033297954216	-3.36873593861546	0.000755137361171902	0.00266733587694492
ENSMUSG00000046550.8	Spin2c	56.660732300526	1.00391973579716	0.298018643837747	3.36864742040681	0.000755379892379269	0.00266773731314767
ENSMUSG00000030471.17	Zdhhc13	493.999161500496	0.420542417774702	0.124857984443361	3.36816599795003	0.000756700209619473	0.00267160211518409
ENSMUSG00000031824.15	6430548M08Rik	239.678285704727	0.572887608251447	0.170089479297465	3.36815428336716	0.000756732363946293	0.00267160211518409
ENSMUSG00000063882.12	Uqcrh	1714.4338522911	-0.29436713990599	0.0874031250270773	-3.36792465732542	0.00075736290047664	0.00267337221639938
ENSMUSG00000114733.1	Gm4815	66.9402098146156	-1.07909051563806	0.320550341605125	-3.36636832216311	0.000761649359675019	0.00268804434712928
ENSMUSG00000040883.18	Tmem205	197.082153085041	-0.65775000543742	0.195394312416262	-3.36626996611942	0.000761921007273959	0.00268854465215883
ENSMUSG00000031816.15	Mthfsd	588.199452529283	-0.413553515482438	0.122859906901647	-3.36605753586889	0.000762508021143981	0.00269015741088448
ENSMUSG00000042812.5	Foxf1	74.6098462964147	-0.816952845528024	0.242708505997778	-3.3659835784062	0.000762712488192913	0.00269042021014061
ENSMUSG00000057132.16	Rpgrip1	21.5027741704133	1.54136770525377	0.457989148565575	3.36551141021866	0.000764019071930785	0.00269456990456557
ENSMUSG00000021033.11	Gstz1	575.750796768762	-0.362247582893674	0.107638117728966	-3.36542101010926	0.000764269464008854	0.00269499380502884
ENSMUSG00000063200.4	Nol7	650.537430529413	0.375192026777428	0.111486930890163	3.36534537081362	0.000764479029825616	0.00269527362261292
ENSMUSG00000004069.17	Dnaja3	962.002566261831	0.348343657676128	0.103514544241896	3.36516631771193	0.000764975326018117	0.00269656407923178
ENSMUSG00000038866.15	Zcchc2	745.270984840748	0.342109079315284	0.10168248572974	3.3644838327868	0.000766869770020898	0.00270278177586626
ENSMUSG00000030323.13	Ift122	405.414078955115	-0.477789506897442	0.142030165839385	-3.36400020427879	0.000768214863665471	0.00270706153609322
ENSMUSG00000024248.14	Cox7a2l	1199.64595878109	-0.346508098939086	0.103032142446432	-3.36310680057189	0.00077070540842789	0.002715375531753
ENSMUSG00000097626.5	4921504A21Rik	17.5321247847904	-1.65411513357574	0.491854608187145	-3.36301644031027	0.000770957723043956	0.00271580223098823
ENSMUSG00000030556.13	Lrrc28	357.681417218722	-0.422693536770634	0.125703460833548	-3.3626244971119	0.000772053041214882	0.00271891715027603
ENSMUSG00000058385.8	H2bc8	26.1050867841456	-1.34674479043432	0.400506267873311	-3.36260602757988	0.000772104691498261	0.00271891715027603
ENSMUSG00000066058.11	Cldn19	8.22954579874101	-2.67569893777365	0.795969945251368	-3.36155774943068	0.000775041478261028	0.00272879461788145
ENSMUSG00000032388.7	Spg21	1018.29087349811	-0.347854034432058	0.103483595488735	-3.36144132593386	0.000775368281651878	0.00272948096291024
ENSMUSG00000020037.15	Rfx4	3.32450612995337	5.1996293350719	1.54690274428974	3.3613162522763	0.000775719508770357	0.00272978886637838
ENSMUSG00000033159.14	Cnppd1	1003.01891045618	-0.387590327123729	0.115308242999409	-3.36134101987589	0.000775649945607504	0.00272978886637838
ENSMUSG00000001333.9	Sync	148.980634979783	-0.694285659171248	0.206699915661661	-3.35890634956861	0.000782515811958731	0.00275323725849631
ENSMUSG00000040040.16	Ift88	285.085170839721	-0.528857040558379	0.157468143517279	-3.35850178166575	0.000783662160613497	0.00275680201606709
ENSMUSG00000002477.5	Snrpd1	719.720227183741	0.490885603044905	0.146183509065751	3.35800943746747	0.000785059327373823	0.00276124775145467
ENSMUSG00000074797.11	Itpa	525.219881903355	0.377421186908734	0.112451438982754	3.35630375496233	0.000789917587098853	0.00277786342768589
ENSMUSG00000028621.17	Cyb5rl	107.249518216633	-0.768617949629035	0.229079209298857	-3.35524970590542	0.000792933747589125	0.00278799654176105
ENSMUSG00000078970.5	Dnaaf10	312.691412434719	0.499303723508388	0.148817611918566	3.35513866316851	0.000793252117856421	0.00278864225331353
ENSMUSG00000032913.13	Lrig2	473.078146981025	-0.398330620732265	0.118743293800805	-3.35455256446292	0.000794934486088697	0.00279408200501782
ENSMUSG00000069631.14	Strada	450.866806334222	0.439769898227741	0.131122797045884	3.35387825866659	0.000796874144808042	0.00280042409565054
ENSMUSG00000044664.7	Prss42	6.06192840097648	4.11499056213496	1.22718303776834	3.35320032586024	0.000798828663810359	0.00280681624719243
ENSMUSG00000073779.7	Lrp8os2	8.32126059484502	2.8775106608216	0.85822727396948	3.35285389791042	0.000799829152081567	0.0028098546535873
ENSMUSG00000113836.1	Gm3325	97.2616086314366	0.836952468784638	0.249670112918368	3.35223330899156	0.000801624328681509	0.00281568334963152
ENSMUSG00000056758.14	Hmga2	7136.36611172601	0.287448418824592	0.085781339018429	3.35094348157514	0.000805367378257024	0.00282835075713304
ENSMUSG00000020142.12	Slc1a4	1168.43366936133	-0.335481508551369	0.100119184152936	-3.35082143736718	0.000805722386370297	0.00282911750220166
ENSMUSG00000058440.14	Nrf1	503.496411391923	0.454188698923319	0.135553043878631	3.35063445222214	0.000806266579519024	0.00283054815628634
ENSMUSG00000030287.15	Itpr2	711.928842424972	-0.361390326992977	0.107888648258408	-3.34966034728137	0.000809107091444618	0.00284003861044805
ENSMUSG00000020362.13	Cnot6	2410.51372826566	0.420052291498806	0.125453738162052	3.34826444913273	0.000813193752323896	0.00285367299420167
ENSMUSG00000038085.13	Cnbd2	41.2230911195566	-1.14839764163119	0.342985519512638	-3.34823943373175	0.000813267162316809	0.00285367299420167
ENSMUSG00000002984.17	Tomm40	1063.23208899947	0.422940156935254	0.126319377785637	3.34818112905037	0.000813438286630284	0.00285378967711191
ENSMUSG00000026019.15	Wdr12	727.580455085625	0.369762003476776	0.110439369594914	3.34809954849475	0.000813677781742816	0.002854146145449
ENSMUSG00000021217.7	Tshz3	318.121495984315	-0.489508429011043	0.146209917742182	-3.34798375219808	0.000814017835960993	0.00285485516546198
ENSMUSG00000037536.14	Fbxo34	370.424680930989	-0.440846033183547	0.131717396666333	-3.34690818632181	0.00081718271260345	0.00286506910755407
ENSMUSG00000045482.16	Trrap	3197.06230924612	0.391479522198674	0.116967799745449	3.34689994212622	0.000817207015363023	0.00286506910755407
ENSMUSG00000031189.12	Aff2	77.3936393229985	-0.843586064549812	0.252081052678788	-3.3464873919927	0.000818424013402807	0.00286884989897116
ENSMUSG00000019461.12	Plscr3	1455.43667265813	-0.471351801253209	0.140851830980316	-3.34643716004714	0.000818572309396658	0.00286888388625151
ENSMUSG00000041164.15	Zmiz2	987.844340782377	0.596528818548622	0.178282347360346	3.34597803641721	0.000819928901314349	0.00287315190931195
ENSMUSG00000037103.8	Dcaf15	492.53816529512	0.457929560541026	0.136877329962378	3.34554714551263	0.000821203969944967	0.00287713286626453
ENSMUSG00000026683.14	Nuf2	327.957474211356	0.528667276079793	0.158059522207341	3.34473538004431	0.000823611100409578	0.00288458987603686
ENSMUSG00000033209.17	Ttc28	1472.42348871102	-0.431225796153938	0.128925765614022	-3.34476040611574	0.000823536792839544	0.00288458987603686
ENSMUSG00000095489.1	NA	3.37448792357744	5.2017314783872	1.55538248537452	3.34434232563361	0.000824778976387803	0.00288819151281528
ENSMUSG00000099370.1	Platr10	3.22775346045866	5.15366090425554	1.54112550176102	3.34408904295369	0.000825532364758192	0.0028898519225655
ENSMUSG00000109051.1	Gm44913	3.22775346045866	5.15366090425554	1.54112550176102	3.34408904295369	0.000825532364758192	0.0028898519225655
ENSMUSG00000024561.11	Mbd1	838.692944889825	-0.333792989361515	0.0998496754973443	-3.342955174355	0.000828912885456945	0.00290119509909931
ENSMUSG00000101872.1	Gm29237	88.9007196756681	-0.857135596167994	0.256435154797991	-3.34250425548404	0.000830260822350273	0.00290542159963285
ENSMUSG00000034245.10	Hdac11	100.356406321339	-0.744232251071655	0.22267600204368	-3.34222028526301	0.000831110740936894	0.00290790419652684
ENSMUSG00000078684.8	5830417I10Rik	78.7843543684665	0.783748616142825	0.234529112429138	3.34179670926624	0.00083237999740743	0.00291185289273895
ENSMUSG00000054728.17	Phactr1	70.4953344806584	-0.810767169223896	0.242618317376522	-3.34173931297058	0.000832552125164268	0.00291196289942129
ENSMUSG00000024327.16	Slc39a7	298.924435695196	-0.488642028175484	0.146230495090597	-3.34158773019777	0.000833006870800432	0.00291306119592805
ENSMUSG00000020536.12	Llgl1	1316.64032654983	0.548385164486727	0.164112657602567	3.34151656854375	0.000833220433967021	0.00291331583829111
ENSMUSG00000037166.5	Ppp1r14a	40.9595107860538	1.41344426086538	0.423067458451276	3.34094299296754	0.000834943646449773	0.00291884792059852
ENSMUSG00000019849.11	Prep	2688.40583899909	0.28873874126092	0.0864462764447692	3.34009460136084	0.000837498559941031	0.0029272851557277
ENSMUSG00000023353.14	Agap3	1054.7931649704	0.432414849009171	0.129465091977023	3.34001113663839	0.000837750303614826	0.00292767069635713
ENSMUSG00000049037.8	Clec4a1	6.14793214314441	4.12623217763215	1.23640112610231	3.33729247775752	0.000845988717258924	0.00295596226511521
ENSMUSG00000042514.11	Klhl14	4.98576576623529	4.73356874158054	1.41843132953631	3.33718569451505	0.000846313833434129	0.00295659916257435
ENSMUSG00000041769.13	Ppp2r2d	742.164991265575	0.391529982565	0.117388768580442	3.33532745338153	0.000851990089281018	0.00297592690820584
ENSMUSG00000091475.4	Cerox1	11.2901508803075	2.2404422393362	0.671974618488623	3.33411735755037	0.000855705455823508	0.00298840007256467
ENSMUSG00000051550.10	Zfp579	177.872436199197	-0.681612403287281	0.204487108091614	-3.33327812031019	0.000858290989838383	0.0029969239538908
ENSMUSG00000070056.6	Mfhas1	413.931176787791	-0.448203038980375	0.13446867144484	-3.33314097748212	0.000858714189427355	0.0029973903890315
ENSMUSG00000073616.10	Cops9	542.171214970388	-0.46778637203883	0.140343405920713	-3.33315533401766	0.000858669878518799	0.0029973903890315
ENSMUSG00000026174.9	Cnot9	942.259459817835	0.328386827008106	0.0985235409096469	3.33307983022311	0.000858902941898976	0.00299754375221158
ENSMUSG00000039050.8	Osbpl2	795.015012312432	-0.34484955186802	0.103504713160753	-3.3317280086795	0.000863085653435214	0.00301163350311118
ENSMUSG00000001983.7	Taco1	143.444709562755	0.592923848186681	0.177985664198146	3.33130115202198	0.000864410321995118	0.00301574738833254
ENSMUSG00000029826.14	Zc3hav1	1396.098666737	0.343970635183267	0.103268792924207	3.33082846659901	0.000865879410963021	0.00302036365478995
ENSMUSG00000038538.17	Ubn2	1343.25908640183	0.40993388434827	0.123079581682519	3.33064086458862	0.000866463112618134	0.00302189047482439
ENSMUSG00000023336.6	Wfdc1	32.0338504958802	3.78374134127588	1.13626430796409	3.32998345081826	0.000868511459160288	0.00302750399009074
ENSMUSG00000026848.14	Tor1b	1147.15664491414	-0.310599622372314	0.093273478049647	-3.32998864057573	0.000868495271530482	0.00302750399009074
ENSMUSG00000035270.15	Impg2	24.3639460385563	-1.44311080101358	0.433364831085069	-3.33001364554729	0.000868417281204898	0.00302750399009074
ENSMUSG00000015937.15	Macroh2a1	1271.18104659248	0.415066866586577	0.124655309391488	3.32971670932228	0.000869343842590225	0.0030298953018648
ENSMUSG00000040618.7	Pck2	1500.89325295418	-0.426106830957033	0.128041507663179	-3.3278804563746	0.00087509408719472	0.00304942298162349
ENSMUSG00000025473.16	Adam8	336.082613175539	0.466253996929685	0.140144930742573	3.32694157725996	0.000878047802230963	0.0030592007167781
ENSMUSG00000030064.16	Frmd4b	60.7152269848658	0.928597247449788	0.279267704233249	3.3251150540279	0.000883820545669555	0.00307879526671392
ENSMUSG00000022752.9	Tomm70a	3205.20388071864	0.407989941468569	0.122748822563082	3.32377885953975	0.000888065862823674	0.00309209118238418
ENSMUSG00000033423.16	Eri3	954.84878800928	-0.484046301587326	0.145627906943807	-3.32385675071265	0.000887817871400587	0.00309209118238418
ENSMUSG00000052724.7	Gm9888	11.3052686598154	2.23585666845896	0.672686395387913	3.32377268782078	0.000888085515207206	0.00309209118238418
ENSMUSG00000034796.14	Cpne7	4.88251376727803	4.74220383675344	1.42730911531798	3.32247849177153	0.000892215494840055	0.00310594828921868
ENSMUSG00000048271.14	Rbm33	1505.61704479226	0.291484455516262	0.0877529296264225	3.32164928005431	0.000894870987548528	0.00311466866844913
ENSMUSG00000034998.18	Foxn2	800.282630816306	0.439855778546578	0.132449179673794	3.3209399984952	0.000897148223456257	0.00312206978435122
ENSMUSG00000039037.5	St6galnac5	9.08879199447983	2.53731722989075	0.764052241635451	3.32086877261119	0.000897377199469236	0.0031223416795787
ENSMUSG00000019822.12	Smpd2	285.961336234329	-0.483079053487907	0.145480883713797	-3.32056721925242	0.000898347229410452	0.00312519147925495
ENSMUSG00000020538.15	Srebf1	1824.89725453636	0.556827961186435	0.167713563579173	3.32011287163171	0.000899810599877671	0.00312934906855382
ENSMUSG00000021188.14	Trip11	1442.21454597462	-0.356253087729723	0.107302144678701	-3.32009289093396	0.000899875004734731	0.00312934906855382
ENSMUSG00000026896.14	Ifih1	77.7316949979385	-0.795892159714174	0.239725940456363	-3.32000849886769	0.000900147077354918	0.00312934906855382
ENSMUSG00000063767.4	S100a7a	68.4381784357985	0.868317951305535	0.261539956068772	3.32002025372066	0.000900109176170178	0.00312934906855382
ENSMUSG00000026574.5	Dpt	247.586966974609	-0.583336044969794	0.175710575699348	-3.31986872530609	0.000900597862773719	0.00313039045534059
ENSMUSG00000020547.5	Bzw2	1599.68496112212	0.316342211107621	0.0952898007430515	3.31979087626215	0.000900849025387554	0.00313073773950587
ENSMUSG00000036545.9	Adamts2	894.501848059647	-0.56753041118853	0.17097583973943	-3.31936027951934	0.000902239422969874	0.00313504344738181
ENSMUSG00000024027.8	Glp1r	4.74999781241212	4.69056392622404	1.4135692098824	3.31824143694688	0.000905861470977731	0.00314710080358645
ENSMUSG00000041624.10	Gucy1a2	69.0385471439121	-0.831139468232972	0.250606494367925	-3.31651208931859	0.000911486438209972	0.00316611139192955
ENSMUSG00000063558.4	Aox1	425.54537959471	-0.431730353133399	0.130207919906691	-3.31569963979751	0.000914140214535698	0.00317479669474403
ENSMUSG00000024875.5	Yif1a	812.286374530429	-0.527765008317547	0.159211125767263	-3.3148751745468	0.000916840557069851	0.00318364078020279
ENSMUSG00000020297.10	Nsg2	3.28195350853772	5.18500094004796	1.56430992881767	3.31456116497762	0.000917870964076703	0.00318668418071514
ENSMUSG00000066191.12	Anks6	139.318347502786	-0.664923341596612	0.200621445620432	-3.31431836482038	0.000918668436440148	0.00318891798857532
ENSMUSG00000028580.15	Pum1	1932.95411081311	0.321751549743829	0.0971030509847352	3.31350607916954	0.000921341042047066	0.00319742502853897
ENSMUSG00000037260.8	Hgsnat	693.09731564313	-0.38416888297976	0.115941222796675	-3.31347965557921	0.000921428102576693	0.00319742502853897
ENSMUSG00000020695.14	Mrc2	5004.82112715554	-0.460538917887601	0.139003594595828	-3.31314394585752	0.000922534863887976	0.00320020658591038
ENSMUSG00000039031.16	Arhgap18	496.203812587044	0.46307041261869	0.139767722506721	3.3131427221791	0.000922538900339495	0.00320020658591038
ENSMUSG00000071337.11	Tia1	1321.2605644106	-0.360393615041092	0.108778844225339	-3.31308553246367	0.00092272756580057	0.00320032471255127
ENSMUSG00000063229.15	Ldha	13366.7629675896	0.305660784048936	0.0922623888855696	3.31295111411041	0.000923171144707412	0.00320132677572436
ENSMUSG00000001524.14	Gtf2h4	248.145208905975	0.518708200433517	0.15662164006872	3.31185524686069	0.000926794871760812	0.00321335461483703
ENSMUSG00000061950.17	Ppp4r1	1657.02020227631	0.286380343982335	0.0865225051117213	3.30989427100556	0.000933312183118443	0.00323540929130274
ENSMUSG00000049526.8	Tmem202	20.3058937251234	-1.61602922288546	0.488294070421018	-3.30954095242664	0.000934490943667474	0.00323895312173025
ENSMUSG00000050914.16	Ankrd37	40.3167467784562	1.31960071215917	0.398995808646206	3.30730469735154	0.000941983708229843	0.00326437649031467
ENSMUSG00000029101.16	Rgs12	1066.28964146417	0.39531007146827	0.1195452467565	3.30678201094413	0.000943743019780593	0.00326992580623343
ENSMUSG00000030428.16	Ttyh1	32.7343328684324	1.54729903564376	0.467970545623555	3.30640261468174	0.00094502193668518	0.00327380904894503
ENSMUSG00000110768.1	Gm18541	211.317738743461	-0.692519415265854	0.209530900419742	-3.30509444611066	0.000949443998595411	0.00328857786595154
ENSMUSG00000036764.12	Dnajc12	70.6929479056992	-0.84970304868286	0.257093732073552	-3.30503214461785	0.000949655076571849	0.00328875864647159
ENSMUSG00000053510.12	Nrdc	4244.13390867177	0.342733904990748	0.103747273603999	3.30354613750098	0.000954702582323025	0.00330568563926134
ENSMUSG00000032356.12	Rasgrf1	4.77851309479189	4.6948794413365	1.42148570419294	3.30279750790886	0.000957254847215995	0.00331396857041711
ENSMUSG00000026270.11	Capn10	229.999198509078	0.498120185206921	0.150843946307552	3.30222191476824	0.00095922148356307	0.00332022165355719
ENSMUSG00000032946.16	Rasgrp2	8.26740158058154	2.61946765422264	0.793285443722634	3.30204931270429	0.000959811944138959	0.00332170998691395
ENSMUSG00000028100.11	Nudt17	70.9316407858381	0.86022184007778	0.260543511359365	3.30164368933864	0.000961200881012494	0.0033259607215108
ENSMUSG00000115196.1	Gm6212	14.4779268484232	1.95885423207675	0.593337771056633	3.3014150246804	0.00096198469556807	0.00332811653243581
ENSMUSG00000020717.19	Pecam1	9.38027512066251	2.3989889680807	0.726717994006974	3.30112779353814	0.000962970102581495	0.00333096894273636
ENSMUSG00000038893.12	Fam117a	151.113778293645	-0.617884952696299	0.187192836648372	-3.30079378975889	0.000964117148564762	0.0033343794249193
ENSMUSG00000022818.13	Cyp2ab1	9.44365441715849	2.40274748637253	0.728236345551365	3.29940616264265	0.000968896142120569	0.00334978808180285
ENSMUSG00000056260.15	Lrif1	323.051234671638	-0.589114584215788	0.178549231433476	-3.29945180657516	0.000968738595912481	0.00334978808180285
ENSMUSG00000054555.11	Adam12	699.339064987991	-0.375156183074603	0.113741440298221	-3.29832453405701	0.000972636480076131	0.00336215806631527
ENSMUSG00000025630.8	Hprt1	2033.48133901027	0.397147306012399	0.120413975552071	3.29818282463948	0.000973127509412111	0.00336329375811008
ENSMUSG00000036225.15	Kctd1	219.452261127906	-0.598126034433706	0.181360158225161	-3.29800128257015	0.000973756896051376	0.00336434551683649
ENSMUSG00000102997.1	Gm17244	3.17795283605158	5.1191072489408	1.55217496238344	3.2980220484166	0.000973684884028232	0.00336434551683649
ENSMUSG00000064247.14	Plcxd1	35.0264535876484	1.14514234243906	0.3472983898949	3.29728664387302	0.000976238135218798	0.00337235533392755
ENSMUSG00000021534.8	Cfap90	6.05557889732168	4.09852591749523	1.24322726435062	3.29668278280241	0.000978339314717843	0.00337904980399543
ENSMUSG00000074466.12	Gm15417	56.7745130270608	-0.915289124841758	0.277655216429818	-3.29649533191145	0.00097899241528837	0.00338074140875108
ENSMUSG00000040621.14	Gemin8	91.2640638358949	0.71584906949379	0.217162637127142	3.2963730730286	0.000979418596865968	0.00338164896355774
ENSMUSG00000062713.8	Sim2	89.5126162921812	-0.897541004692597	0.272325799723699	-3.29583537660861	0.000981294989949702	0.00338756254118894
ENSMUSG00000081169.1	Gm12551	3.26287690966588	5.17755144463202	1.57106970923334	3.29555806098419	0.000982264035697986	0.00339034238367727
ENSMUSG00000001794.13	Capns1	7264.0193794709	0.402786692874652	0.122227024923559	3.29539799505514	0.000982823769886265	0.00339170877173655
ENSMUSG00000034613.12	Ppm1h	134.783216343641	-0.620736430156625	0.188449687645698	-3.29391063424667	0.000988039059325026	0.00340913827120665
ENSMUSG00000032850.16	Rnft2	86.2876654018651	-0.731508030552618	0.222136822624052	-3.29305165128175	0.000991062661886824	0.00341900100639923
ENSMUSG00000039662.16	Icmt	1564.74382649302	-0.352866809072486	0.107201997507448	-3.29160666104165	0.00099616833202222	0.00343604204374737
ENSMUSG00000071076.6	Jund	700.3575279036	0.665263323918224	0.202118849209388	3.2914462283972	0.00099673669767269	0.0034374296742964
ENSMUSG00000035504.16	Reep6	59.814506299013	0.952515277911672	0.289402202349177	3.2913200735163	0.000997183838133505	0.00343839884483182
ENSMUSG00000113505.1	Gm48593	6.62983748849306	-3.19872310270265	0.971999151350886	-3.29087026285677	0.000998779648644962	0.00344332777270188
ENSMUSG00000044986.10	Tst	103.699359941396	0.766356656426714	0.232913671197875	3.29030345228488	0.00100079391090606	0.00344969744576928
ENSMUSG00000032841.15	Prr5l	101.220253156625	-0.672126987633552	0.204280800679017	-3.29021124549856	0.00100112193955572	0.00345025358422643
ENSMUSG00000020644.9	Id2	739.941665494449	0.454737028375692	0.138217648819883	3.29000697275844	0.00100184900102847	0.00345218453009625
ENSMUSG00000086391.1	1700042O10Rik	6.39256202281353	4.16717909313137	1.2669963640788	3.28902214029731	0.00100536114817083	0.00346371012083688
ENSMUSG00000031930.11	Wwp2	1277.75173629029	-0.338239289752974	0.102868490929456	-3.28807477097072	0.00100875044527301	0.00347480869807058
ENSMUSG00000020935.8	Dcakd	697.914275979679	0.518651640797894	0.157754446639721	3.28771487489281	0.0010100407750597	0.00347867454292192
ENSMUSG00000034640.9	Tiparp	1224.13695812966	0.507624087721881	0.154454949652702	3.28655111968437	0.00101422363343167	0.00349249958216637
ENSMUSG00000027896.15	Slc16a4	194.113733906382	-0.566807393763333	0.172470034369314	-3.28641085876759	0.00101472885125392	0.0034936580991525
ENSMUSG00000030058.17	Copg1	5177.39398586414	-0.294556239644449	0.0896541628537004	-3.2854719766344	0.00101811669431762	0.00350473930744726
ENSMUSG00000008496.19	Pou2f2	7.91965023562199	2.8024104103692	0.853033632671278	3.28522851038528	0.00101899692073325	0.0035071861094542
ENSMUSG00000020122.16	Egfr	1988.39225849859	-0.350067386345082	0.106564865473525	-3.28501692175509	0.00101976246901155	0.0035092374640183
ENSMUSG00000020228.11	Helb	390.532350305444	0.393654105510512	0.119864702062206	3.28415370611956	0.00102289118638654	0.00351941899385223
ENSMUSG00000092109.2	Gm9376	3.11192419209212	5.09786669237135	1.55228881410149	3.28409677764903	0.00102309783507666	0.0035195449706252
ENSMUSG00000025950.16	Idh1	2362.11331127062	-0.326753521586577	0.0995089256290983	-3.28366043066822	0.00102468304546546	0.00352441248888162
ENSMUSG00000028453.10	Fancg	166.776263767319	0.588871330568424	0.179351144629295	3.28334302959469	0.0010258375636179	0.00352779726355322
ENSMUSG00000025900.13	Rp1	8.37263500293087	2.64845197313649	0.806796824102368	3.28267525852388	0.0010282704532879	0.0035355764306655
ENSMUSG00000087203.7	Gm13986	17.405682742451	-1.73513554713168	0.528641417902661	-3.28225426228555	0.00102980701177416	0.00354027160549964
ENSMUSG00000021357.14	Exoc2	1289.54990058863	-0.31712719019424	0.0966346697201819	-3.28171236174887	0.00103178797659578	0.00354649274785056
ENSMUSG00000027787.14	Nmd3	1231.80206337618	0.431769588469736	0.131572703118667	3.28160460517648	0.00103218231027552	0.00354725911346388
ENSMUSG00000038095.15	Sbno1	2567.10352829476	0.3060453034484	0.09326918426751	3.28131210594291	0.00103325341038388	0.00355035065430544
ENSMUSG00000029634.15	Rnf6	1485.23116622758	-0.363315416509859	0.110731537209494	-3.28104734807844	0.00103422381143779	0.00355309521542751
ENSMUSG00000023156.4	Rpp14	488.531873919354	0.413909607206644	0.126154263989668	3.28097992185617	0.00103447107941795	0.0035533549407355
ENSMUSG00000069743.5	Zfp820	166.727865503538	0.717066473840008	0.218565467182468	3.28078576677151	0.0010351833978645	0.00355521173923964
ENSMUSG00000022201.16	Zfr	3353.22010095438	-0.3315881367973	0.101111394687709	-3.27943391366956	0.0010401556888999	0.00357169585344046
ENSMUSG00000026260.12	Ndufa10	1571.94955817197	0.312445780573517	0.0953144265384008	3.27805340619279	0.00104525617513385	0.00358861462416578
ENSMUSG00000052928.9	Ctif	620.099288209243	-0.366287444068064	0.111745640519271	-3.27786786460717	0.00104594344704909	0.00359037867503634
ENSMUSG00000034810.7	Scn7a	9.46867714213221	-2.4484118920218	0.747026872604583	-3.27754192226737	0.00104715179548739	0.00359393052807054
ENSMUSG00000032688.9	Malt1	199.011468715816	0.575294413766928	0.175547988330741	3.27713475521602	0.0010486630785013	0.00359852073307335
ENSMUSG00000029823.16	Luc7l2	4155.2373519083	-0.40613128336864	0.123935198443433	-3.2769648047484	0.00104929448087495	0.00360009057842378
ENSMUSG00000033837.5	Foxh1	4.75439723608409	4.68969924939654	1.43138015181496	3.27634782657151	0.0010515896445289	0.00360736726087235
ENSMUSG00000020993.9	Trappc6b	544.868348730926	-0.404424304607983	0.123467378461749	-3.27555593750033	0.00105454228503053	0.00361689656302353
ENSMUSG00000009013.5	Dynll1	1736.51664788432	0.326018993931854	0.0995616062408353	3.27454534173774	0.00105832153668523	0.00362925737041874
ENSMUSG00000027822.16	Slc33a1	582.400091892283	-0.504992396978075	0.15423408108071	-3.27419461016412	0.0010596360684251	0.00363316332289733
ENSMUSG00000024383.9	Map3k2	1243.38970479863	-0.390729117160505	0.119355692304813	-3.27365297469562	0.00106166907033612	0.00363908184381053
ENSMUSG00000044348.14	Slc25a53	82.711978741356	-0.821068540854822	0.250812024862896	-3.27364105171454	0.00106171386321908	0.00363908184381053
ENSMUSG00000058351.11	Uqcc5	80.8598169055657	-0.750514320541048	0.229274836601967	-3.27342647655652	0.00106252028939462	0.00364124295863896
ENSMUSG00000024940.11	Ltbp3	3794.93163860183	-0.591096185029062	0.180608642161241	-3.27280122343952	0.00106487337672372	0.00364870286787027
ENSMUSG00000047441.4	Antxrl	17.766099833514	1.6255969944818	0.496726027017559	3.27262294718521	0.00106554518707158	0.00365040050102525
ENSMUSG00000027201.16	Myef2	794.989315273327	0.356651083573947	0.109021087458416	3.27139539595937	0.00107018170592699	0.00366567783071037
ENSMUSG00000002108.10	Nr1h3	31.2158294607856	-1.46149366859032	0.446782658350501	-3.2711512886066	0.00107110593264684	0.00366823654861961
ENSMUSG00000063802.5	Hspbp1	454.819606776017	0.566513337119518	0.173194262274585	3.27097058343284	0.00107179058482825	0.00366997408029113
ENSMUSG00000002064.10	Sdf2	965.624542902115	-0.418398390222511	0.127921125337374	-3.27075288869641	0.00107261591992942	0.003670978327814
ENSMUSG00000021748.9	Pdhb	1101.8752888241	0.328133012089873	0.100322668159805	3.27077636698404	0.00107252687960373	0.003670978327814
ENSMUSG00000103144.1	Pcdhga1	73.0254495058559	-0.848981661928283	0.25956450444868	-3.27079260599031	0.00107246529791962	0.003670978327814
ENSMUSG00000024242.15	Map4k3	2419.47867513379	-0.279031837884035	0.0853306567354947	-3.27000691848616	0.00107544854022285	0.00368006436337788
ENSMUSG00000044921.5	Rassf9	77.928497149691	0.801387629887648	0.245106148147987	3.26955335858731	0.00107717419230094	0.00368536010023756
ENSMUSG00000058063.4	Trim31	3.15007738983579	5.11228893371037	1.56398691016524	3.26875429741943	0.00108022059980202	0.00369517206995573
ENSMUSG00000029657.15	Hsph1	2264.76116020294	0.35374294205261	0.108222376493093	3.26866728966339	0.00108055279610492	0.00369569767458291
ENSMUSG00000007610.15	Gtpbp3	374.584476880185	0.470491912060999	0.143945276395116	3.26854707458092	0.00108101193371491	0.00369665719741698
ENSMUSG00000022757.19	Tfg	2044.59656064676	-0.290561199630416	0.0889760664632782	-3.26561075556576	0.00109228280735593	0.00373458239667335
ENSMUSG00000025499.18	Hras	926.950734864814	-0.444546255193148	0.13613837346516	-3.26540007698062	0.00109309564778112	0.00373674431270379
ENSMUSG00000029581.14	Fscn1	3786.19819137561	-0.54603303896893	0.167225152289065	-3.26525664049066	0.00109364937470497	0.00373801988226851
ENSMUSG00000053929.17	Zftraf1	1154.17180344302	-0.420300778626681	0.128725305638445	-3.26509831568933	0.00109426087814599	0.00373949247428493
ENSMUSG00000033538.13	Casp4	81.1307291933955	-0.818642866954637	0.250779470379901	-3.26439347572786	0.00109698704553918	0.00374818997286488
ENSMUSG00000045083.14	Lingo2	33.133721834808	-1.17544710115482	0.360179395804341	-3.26350456146959	0.00110043412779632	0.00375934741892326
ENSMUSG00000050890.15	Pdik1l	164.291592041404	0.612586748833508	0.187743623561866	3.26288977069651	0.00110282405505668	0.00376689028310531
ENSMUSG00000036620.14	Mgat4b	531.194602540087	-0.405831779328256	0.124407372986849	-3.26211999807403	0.00110582322330867	0.003775888304069
ENSMUSG00000049577.15	Zfpm1	204.788422613758	0.642465879876203	0.196945621340812	3.26214858447868	0.00110571171098598	0.003775888304069
ENSMUSG00000026147.16	Col9a1	21.5929170258676	-1.64228225174827	0.503715799866061	-3.26033499879288	0.00111280693697934	0.0037991078325145
ENSMUSG00000034687.8	Fras1	112.758279168373	-0.765570186059411	0.234833922427671	-3.26004939211968	0.00111392813491618	0.00380230845392974
ENSMUSG00000030979.13	Uros	227.985871243546	-0.52944669047797	0.162445050913633	-3.2592355845883	0.00111712860668641	0.00381260429180577
ENSMUSG00000040705.2	A930016O22Rik	5.84183979695114	4.04148927710078	1.24076550841125	3.25725469454397	0.00112495444657631	0.00383867986971367
ENSMUSG00000035722.15	Abca7	685.011319990725	0.449210161788023	0.13791936829287	3.25704915377898	0.001125769365802	0.00384082744399797
ENSMUSG00000047242.14	Taf9b	87.1694242667736	-0.81289395678989	0.249612029057741	-3.25662973799171	0.00112743394089241	0.0038458726339044
ENSMUSG00000091387.2	Gcnt4	315.32650523592	-0.430922316826434	0.132329694927182	-3.25642945873608	0.00112822961055319	0.0038479526625211
ENSMUSG00000001729.14	Akt1	5752.66844766784	-0.308180105945676	0.0946474509569887	-3.25608458368017	0.0011296009473052	0.00385199505902311
ENSMUSG00000028576.12	Ift74	521.11138133389	-0.46237269678159	0.142012606935704	-3.2558566929972	0.00113050796104769	0.00385445302021514
ENSMUSG00000027804.13	Ppid	1880.38123034024	0.453736281395392	0.139436081822508	3.25408083377563	0.00113759904870568	0.00387799122351102
ENSMUSG00000068663.14	Clec16a	581.371224151538	-0.357414592215705	0.109846024413979	-3.25377813282261	0.00113881184115156	0.00388148630001585
ENSMUSG00000026942.13	Traf2	273.869135924063	0.483538782696208	0.148679660580347	3.252218768921	0.00114507850053658	0.00390220281241466
ENSMUSG00000026385.16	Dbi	1465.44857599971	-0.278659810689396	0.0857062118385958	-3.25133738513815	0.00114863462663957	0.00391367705955762
ENSMUSG00000024260.14	Sap130	1001.88102842885	0.347804967103516	0.107012230118375	3.250142219434	0.00115347307801126	0.00392951600423883
ENSMUSG00000029625.16	Cpsf4	299.40886733401	0.629644403122948	0.193738733845872	3.24996654320998	0.00115418586303286	0.00393129721555326
ENSMUSG00000079144.7	A130010J15Rik	120.658874705762	0.644991036944277	0.198486678907173	3.24954319602436	0.00115590521589078	0.00393650576895744
ENSMUSG00000012535.14	Tnpo3	1960.73670319164	0.286452752945927	0.0881700418411239	3.24886715447061	0.00115865575309098	0.00394522379227342
ENSMUSG00000030265.14	Kras	1586.21369792392	0.409835338540464	0.126152416128896	3.24873158292677	0.00115920806600808	0.0039464552234048
ENSMUSG00000041650.15	Pcca	352.515160388782	-0.403930913130465	0.124362233916825	-3.24801911648369	0.00116211462660498	0.00395569982833356
ENSMUSG00000110605.1	Gm32856	64.9807667538419	0.834884628833314	0.257100527509204	3.24730811298481	0.00116502193214818	0.00396494392856546
ENSMUSG00000022906.15	Parp9	265.858651686813	-0.462969176280898	0.142584271353969	-3.24698630420158	0.00116634002214902	0.00396877726754274
ENSMUSG00000036104.12	Rab3gap1	1261.94304474488	-0.30291696576519	0.0932979493503598	-3.2467698151398	0.00116722751050478	0.00397114435238962
ENSMUSG00000001521.12	Tulp3	1147.62348308519	-0.345085412015763	0.106361889790805	-3.24444603884423	0.00117679311920898	0.00400261847045184
ENSMUSG00000026277.14	Stk25	1832.30304537404	-0.30602630205229	0.0943236371827548	-3.24442855675036	0.00117686535635392	0.00400261847045184
ENSMUSG00000107200.1	Gm43039	27.1146117248624	-1.30305815637955	0.401679370363507	-3.24402558986368	0.00117853157779337	0.00400762693095858
ENSMUSG00000003458.12	Ncstn	2640.09961492646	-0.31553024869111	0.097278226667549	-3.24358553296251	0.00118035365195869	0.00401250455606715
ENSMUSG00000032690.16	Oas2	13.8598427954563	1.97271103222305	0.6081821882114	3.24361855782819	0.00118021682082077	0.00401250455606715
ENSMUSG00000032932.15	Hspa13	1250.03178883166	-0.398887193543819	0.123007982791918	-3.24277485485297	0.00118371711494068	0.00402327759641332
ENSMUSG00000032383.7	Ppib	1305.88310982633	-0.377902533069275	0.116558691483813	-3.2421651981376	0.00118625238178463	0.0040312326466196
ENSMUSG00000036908.17	Unc93b1	210.247867835232	-0.581888586835081	0.179547177473296	-3.24086735878444	0.00119166618339964	0.00404896558276251
ENSMUSG00000037652.15	Phc3	1665.35890400207	-0.372458086360271	0.114950029848006	-3.24017389863021	0.00119456822836001	0.00405815981598947
ENSMUSG00000044813.15	Shb	408.941323413573	0.534874490013128	0.165091328910325	3.23987027994465	0.00119584088900435	0.00406181663299984
ENSMUSG00000024359.10	Hspa9	13415.5413468867	-0.306177864623075	0.0945255165332796	-3.23910279310961	0.00119906350579194	0.00407209442270508
ENSMUSG00000034107.10	Ano7	12.7764974147213	2.13808072948288	0.660178426346505	3.23864071311031	0.00120100761066184	0.00407802764650416
ENSMUSG00000038319.14	Kcnh2	84.9613023876546	-0.805519956168487	0.24877164628893	-3.23798940990621	0.00120375277758037	0.00408667848829524
ENSMUSG00000022682.8	Rrn3	1578.78660063791	0.299498492149824	0.0925117617035177	3.23740988858972	0.00120620026441687	0.00409431605004341
ENSMUSG00000026535.9	Ifi202b	292.014028267566	-0.570833218783454	0.176351871876476	-3.23689911941104	0.00120836120134795	0.00410097860414842
ENSMUSG00000022305.13	Lrp12	714.031353024404	-0.345288030362325	0.106677997072446	-3.23673147076276	0.00120907126010305	0.00410271573981527
ENSMUSG00000035095.11	Fam167a	69.6023904296136	0.948578703962785	0.293143542493101	3.23588469967783	0.00121266356601481	0.00411423097081469
ENSMUSG00000029415.4	Sdad1	761.42009908587	0.34937186180252	0.108003499572532	3.23481982699915	0.00121719513158918	0.00412892855273098
ENSMUSG00000020359.13	Phykpl	378.763034279094	0.431921606088883	0.133542019552892	3.23434981390118	0.00121920024338244	0.00413505257050192
ENSMUSG00000038903.13	Ccdc68	168.966877764201	0.622478357187974	0.192487293505343	3.23386726392251	0.00122126201210286	0.00414136670847265
ENSMUSG00000102235.1	Gm37886	3.00792351960598	5.02512207626783	1.5546372716085	3.23234375506037	0.00122779258948419	0.00416283027186456
ENSMUSG00000049295.17	Zfp219	642.434431930044	-0.508751214754637	0.157406725138996	-3.23208054995993	0.00122892408989942	0.00416598423465905
ENSMUSG00000079084.10	Ccdc82	319.519396797162	-0.481546263138247	0.14903441475013	-3.23110782127474	0.00123311414434955	0.00417950379464409
ENSMUSG00000022677.15	Cep20	599.816546020413	-0.363951457161702	0.112649189700013	-3.23083954825518	0.00123427205635918	0.00418274349943985
ENSMUSG00000064326.13	Siva1	414.12616967171	-0.495546475568834	0.153411115392953	-3.23018625019134	0.00123709600320549	0.00419162713543142
ENSMUSG00000047502.14	Mroh7	4.48548400094396	4.59972464643045	1.42408871543238	3.22994248643693	0.00123815122428141	0.00419451590693958
ENSMUSG00000006050.12	Sra1	946.978264134175	-0.317646554823786	0.0983486086159052	-3.22980222388642	0.00123875877900179	0.00419588741066241
ENSMUSG00000046159.16	Chrm3	35.4435124495101	1.09885995986104	0.340235228142312	3.22970659405504	0.00123917316254339	0.00419660426889489
ENSMUSG00000045980.13	Tmem104	452.373718539431	-0.545418228903189	0.168934938384293	-3.22856973293749	0.00124410922951104	0.00421263159523131
ENSMUSG00000074649.6	Mmp24os1	310.468725639785	-0.547874815174267	0.169712323017914	-3.22825594177057	0.00124547485376492	0.00421656591398103
ENSMUSG00000017670.16	Elmo2	2011.48558077639	-0.290548327829166	0.0900083433278626	-3.22801550486071	0.00124652217559953	0.00421942150657968
ENSMUSG00000058690.14	Ccser2	2117.11478711975	-0.331847530734454	0.102805822164557	-3.2279060051996	0.00124699941586602	0.00422034678041381
ENSMUSG00000027263.12	Tubgcp4	501.576808503709	0.414464228652124	0.128406237832777	3.22775774485254	0.00124764585849823	0.00422184430685873
ENSMUSG00000028344.12	Invs	376.521501794536	-0.429066491789163	0.13298477234436	-3.22643325416318	0.00125343462907344	0.00424073935717408
ENSMUSG00000025592.17	Dach2	38.1193777664048	-1.08630987187747	0.33676225586792	-3.22574710481666	0.0012564432301711	0.00425022363479516
ENSMUSG00000021998.16	Lcp1	24.8350845680546	1.30963141219157	0.406085986245309	3.22501011251455	0.00125968219157084	0.00426048393518379
ENSMUSG00000000440.12	Pparg	78.8635539417231	-0.776933063151668	0.24096268846173	-3.22428782693078	0.00126286399759836	0.00427054760436013
ENSMUSG00000032469.12	Dbr1	329.40804363607	0.428217337625002	0.132824486113081	3.22393370496789	0.00126442668176547	0.00427513359782154
ENSMUSG00000031983.7	2310022B05Rik	3132.84166950076	-0.395503712106916	0.122723871269698	-3.2227121587271	0.00126983088277256	0.00429270446554129
ENSMUSG00000062116.10	Zfp954	214.456801313186	0.574462708750932	0.178285142450126	3.22215693835302	0.00127229425605443	0.00430032965481231
ENSMUSG00000026437.11	Cdk18	465.011676666768	0.420567081187893	0.130544152502446	3.22164626393369	0.00127456388425218	0.0043072976065528
ENSMUSG00000022217.14	Emc9	103.537974149687	-0.687719946514724	0.21348540552278	-3.22139091817844	0.00127570013745611	0.00431043374880901
ENSMUSG00000067430.7	Zfp763	80.1094365201902	0.765242190022632	0.237585107740071	3.22091816823739	0.00127780627773762	0.00431684546154578
ENSMUSG00000021704.8	Mtx3	487.849724093191	-0.397678343171172	0.123476144415294	-3.22068967292693	0.00127882539355669	0.00431958335855578
ENSMUSG00000014748.13	Tex261	1438.7584370125	-0.373923565505703	0.116132709220317	-3.21979542211771	0.00128282107528551	0.00433237288910666
ENSMUSG00000024135.10	Srbd1	492.5343429031	0.431440942819795	0.134007487851648	3.21952862288874	0.00128401541480557	0.00433499185631389
ENSMUSG00000096054.3	Syne1	1942.07487424778	-0.416837802912377	0.129470894676349	-3.21954833134032	0.0012839271538808	0.00433499185631389
ENSMUSG00000086968.8	4933431E20Rik	122.281215294083	-0.630104753594177	0.195816931515614	-3.21782569421956	0.00129166287236341	0.00436009944472443
ENSMUSG00000110277.2	Gm45871	132.810159991425	0.692231843797026	0.215139908662889	3.21758918695885	0.00129272829012933	0.00436298432698303
ENSMUSG00000035325.16	Sec31a	7055.11269846274	-0.282240189923546	0.0877218888524734	-3.21744314464323	0.00129338658647859	0.00436449444954686
ENSMUSG00000025169.6	Ogfod3	60.9715090197288	0.86158864816465	0.267938634914502	3.21561930939739	0.00130163375734559	0.0043913627180045
ENSMUSG00000031906.9	Smpd3	44.7467154412852	-1.1706144845744	0.364043612614792	-3.21558858337414	0.00130177311163223	0.0043913627180045
ENSMUSG00000041720.14	Pi4ka	1772.36554169745	-0.267750118802793	0.0832765750771768	-3.21519128944309	0.00130357623231138	0.00439672876529466
ENSMUSG00000035493.10	Tgfbi	4039.17103109631	0.362609159500111	0.112783938526472	3.21507799991397	0.00130409081964532	0.00439774778035818
ENSMUSG00000013033.16	Adgrl1	1352.29276816617	-0.377917098823008	0.117557612625312	-3.2147394829081	0.00130562955966748	0.00440221962136457
ENSMUSG00000011960.12	Ccnt1	1004.79590533435	0.388143295888402	0.120744366379594	3.21458721037274	0.0013063222656423	0.00440383787891367
ENSMUSG00000026088.15	Mitd1	251.241588844991	0.461695226908978	0.143630348376783	3.21446847498985	0.00130686264242936	0.00440494216506192
ENSMUSG00000041890.17	Git2	1196.41559069551	0.329706845935836	0.102585854443451	3.21396012856317	0.00130917851171033	0.0044120296343035
ENSMUSG00000005469.10	Prkaca	1554.44393802533	-0.325057378269996	0.101156434587713	-3.21341276602764	0.00131167636037318	0.00441900862359448
ENSMUSG00000023008.18	Fmnl3	1188.8749756167	-0.395884548741041	0.123196586609211	-3.21343764171663	0.00131156274666871	0.00441900862359448
ENSMUSG00000108601.1	Gm44645	15.1401241205329	1.75518330740086	0.546520541661226	3.21155962787004	0.00132016570650037	0.00444688526588303
ENSMUSG00000010914.10	Pdhx	423.598332112163	0.443152823005413	0.137993537129168	3.21140273830797	0.00132088675065248	0.00444859011580795
ENSMUSG00000057388.9	Mrpl18	332.078275885153	0.466264997277753	0.145252917428772	3.21002156467114	0.00132725014543371	0.00446929408822715
ENSMUSG00000024346.6	Pfdn1	1216.30257430154	0.320355844153002	0.0998028130694057	3.20988792099695	0.00132786737209582	0.00447064520738635
ENSMUSG00000073608.4	Gal3st2c	4.44733080320029	4.58908726552154	1.42969529408171	3.20983588917044	0.00132810775011935	0.00447072732472278
ENSMUSG00000117147.1	Gm11166	3.13118196018095	5.07208660975633	1.58021139008978	3.20975196202589	0.00132849556359932	0.00447130563755159
ENSMUSG00000027845.15	Dclre1b	150.994137538335	0.593840964305348	0.185048404265234	3.20911151146261	0.00133145842266782	0.00448054916124227
ENSMUSG00000028465.16	Tln1	9579.07779926861	-0.399138883097741	0.12439517198195	-3.20863645058231	0.00133366009139814	0.00448722858125002
ENSMUSG00000043557.16	Mdga1	95.1007237538738	-0.793838191293983	0.247423981196978	-3.20841248877163	0.00133469920659604	0.00448999494187085
ENSMUSG00000033732.10	Sf3b3	3737.76184181409	0.248021846224381	0.0773181641063981	3.20780826977573	0.0013375063275712	0.00449870709691196
ENSMUSG00000026176.13	Ctdsp1	913.224690127123	-0.422683167163382	0.131798812214742	-3.20703320508456	0.00134111514986504	0.00451011250805142
ENSMUSG00000033809.15	Alg3	291.074218118023	0.561426303455105	0.175094178577931	3.20642472533846	0.00134395461894014	0.00451892733226801
ENSMUSG00000022758.14	P2rx6	39.9566032863358	-1.04644601689101	0.326364824792285	-3.20636887739671	0.00134421551090015	0.00451907046615595
ENSMUSG00000014786.8	Slc9a5	355.444797662739	-0.506270208456307	0.157954385963536	-3.20516714599606	0.00134984069436164	0.00453724464640981
ENSMUSG00000060657.8	Marf1	1437.29014431497	0.309660375932967	0.0966285972375255	3.20464525808837	0.00135229035548802	0.00454474071574062
ENSMUSG00000027297.14	Ltk	6.02709495835115	4.12749682233769	1.2880462493478	3.20446321273607	0.00135314581251431	0.00454687746318729
ENSMUSG00000094597.2	Gm4810	3.05029497180463	5.07455671101633	1.58372165011456	3.20419734784156	0.00135439604643009	0.00455033984175563
ENSMUSG00000001542.7	Ell2	935.512154867549	-0.345278733451269	0.107766187211232	-3.20396167282498	0.00135550520282544	0.00455332719787142
ENSMUSG00000062949.13	Atp11c	489.43471482933	0.443443829733188	0.138423774479265	3.20352361002563	0.0013575690824878	0.00455952011007867
ENSMUSG00000048485.12	Zbtb8b	8.55099686760881	2.45156634944577	0.765314379380032	3.20334546886697	0.00135840920167935	0.00456160156806633
ENSMUSG00000015023.7	Ddx19a	683.027002556702	0.334480917296922	0.104436930501083	3.20270727693832	0.00136142287256321	0.00457098005501799
ENSMUSG00000070934.6	Rraga	1630.42052442725	-0.300212460171441	0.093747777746335	-3.20234215027223	0.00136314984657683	0.00457603611324908
ENSMUSG00000029202.12	Pds5a	2215.9945176947	0.320790852273774	0.100177965682078	3.20220968842418	0.00136377686320845	0.00457739862032621
ENSMUSG00000022702.16	Hira	185.719801612749	0.51528875119294	0.160927613378275	3.20199088506772	0.00136481316556723	0.00458013419488911
ENSMUSG00000026826.13	Nr4a2	461.224076879414	0.420160306236947	0.131221856294297	3.20190796032205	0.00136520610575019	0.00458071019337384
ENSMUSG00000100791.1	Gm28199	2.93886512711006	5.01649954151028	1.56681506746114	3.20171770471865	0.00136610802922967	0.00458299353274312
ENSMUSG00000026311.16	Asb1	315.221794808584	-0.456612316976344	0.142624817832169	-3.20149272697865	0.00136717526525424	0.00458583062963824
ENSMUSG00000021495.10	Fam193b	892.746854013367	0.39979496249063	0.124887759107665	3.20123417496801	0.00136840271860427	0.00458920412708843
ENSMUSG00000063661.6	Krt73	2.92721770044665	4.9942628284233	1.56018450075996	3.20107194116505	0.00136917342848167	0.00459104500180496
ENSMUSG00000021282.17	Eif5	5362.65530248221	-0.345150828687208	0.107833112050495	-3.20078705069353	0.00137052780153446	0.00459484207385191
ENSMUSG00000021866.15	Anxa11	343.131322650117	0.44270725049626	0.138356990355531	3.19974617371085	0.00137548665599905	0.00461072037125901
ENSMUSG00000034275.18	Igsf9b	800.444380360638	0.418124168132289	0.130686538303865	3.19944329047946	0.00137693273074526	0.00461482036815028
ENSMUSG00000097561.1	4632411P08Rik	4.48962476144329	4.59909050223955	1.4377935044412	3.19871420202791	0.00138041941598514	0.00462575708134634
ENSMUSG00000095588.1	Gm12350	4.93368406682063	4.76623590258198	1.49024585159726	3.19828832099984	0.00138245985214241	0.00463184468751955
ENSMUSG00000101581.6	C430002N11Rik	94.6828515100216	-0.694268647232018	0.217080316663658	-3.19821095667421	0.00138283081031639	0.00463233774765154
ENSMUSG00000016319.3	Slc25a5	2783.24531782044	0.265175865023209	0.0829339152087248	3.19743574574799	0.00138655298072302	0.00464405504012716
ENSMUSG00000037827.5	Gm5884	88.3840678722147	-0.793486149502457	0.248219172318104	-3.19671579794637	0.00139001807836818	0.00465490765315368
ENSMUSG00000024911.7	Fibp	564.44539082947	-0.392019285404266	0.122670379375941	-3.19571266836036	0.00139485944140219	0.00467036486211322
ENSMUSG00000066278.6	Vps37b	197.624154577101	0.562291279237591	0.175969031346813	3.19539907070003	0.00139637613220062	0.00467468697402889
ENSMUSG00000029600.10	Rita1	135.804651455883	0.616876661897821	0.193084697355112	3.19485008572839	0.00139903491731599	0.00468283049054394
ENSMUSG00000106957.1	Gm43085	2.98658282242255	-5.0374424210894	1.57713550121199	-3.19404541792272	0.0014029404344554	0.00469514374337791
ENSMUSG00000030276.19	Ttll3	75.9202386312623	-0.842782239930153	0.263894392662633	-3.19363451199806	0.00140493867316174	0.00470107106300919
ENSMUSG00000056076.13	Eif3b	5232.53833636194	0.255801976500307	0.0800994872115639	3.19355323492479	0.00140533423494467	0.00470163460952315
ENSMUSG00000024593.15	Megf10	49.7565735123062	-0.912306108367033	0.285684775598719	-3.19340121102038	0.00140607438528096	0.00470335063040248
ENSMUSG00000024498.16	Tcerg1	1928.07358100152	0.3857986639718	0.120831950079567	3.19285307998219	0.00140874602566005	0.00471152593070567
ENSMUSG00000026187.9	Xrcc5	841.249432865191	0.432222687776801	0.13537742480667	3.19272351645077	0.00140937821360116	0.00471287877921331
ENSMUSG00000022940.17	Pigp	258.088138408384	-0.531560913789966	0.166504221711158	-3.19247709353632	0.00141058132320449	0.00471614001114679
ENSMUSG00000048583.16	Igf2	410.955677026018	0.654913817651716	0.20516109416763	3.19219304375813	0.00141196931309852	0.00472001821896421
ENSMUSG00000052676.16	Zmat1	95.1830818479318	-0.761383324893176	0.238554485341031	-3.19165378007763	0.00141460785348239	0.00472807491671759
ENSMUSG00000097418.7	Mir155hg	7.40079910179658	-2.77134114252824	0.868567783814356	-3.19070220444715	0.00141927486844873	0.00474290773361644
ENSMUSG00000030655.15	Smg1	3173.30448688908	0.294787239506665	0.0924009516622441	3.19030523174922	0.00142122601900488	0.00474866139909315
ENSMUSG00000048347.5	Pcdhb18	39.9544616975328	-1.05610429026708	0.331073137134696	-3.18994255893798	0.00142301074436799	0.00475309010774132
ENSMUSG00000101549.1	Gm29630	28.6451364716888	1.20526682073208	0.377833095861507	3.18994506816277	0.0014229983892917	0.00475309010774132
ENSMUSG00000079020.9	Slc45a4	629.862010649186	0.390646920583096	0.122469174602105	3.18975711114478	0.00142392413747902	0.00475537362402038
ENSMUSG00000115936.1	4833415N18Rik	24.6472794150753	1.47643791321908	0.463075879126192	3.188328262757	0.00143097984504699	0.00477816612560536
ENSMUSG00000110597.1	Gm8798	2.88466507903101	4.97889760511952	1.56237766208633	3.18674397742664	0.00143884077595745	0.00480363955186182
ENSMUSG00000036825.12	Ssx2ip	181.295575054372	0.568690704716144	0.178482520927302	3.18625432765922	0.00144127836801262	0.00481100160288552
ENSMUSG00000023159.8	Psg29	2.96234114965387	5.02354409197806	1.576974276271	3.18555867877377	0.00144474801815847	0.00482102841010191
ENSMUSG00000025927.13	Tfap2b	23.6663114026661	-1.42185677247939	0.446340169757282	-3.18558998006518	0.00144459173314051	0.00482102841010191
ENSMUSG00000031683.16	Lsm6	343.75407935297	0.428179306498637	0.134418532590223	3.18541869374478	0.00144544714370142	0.00482258388579558
ENSMUSG00000016495.12	Plgrkt	425.988551889632	-0.470693836023303	0.147777882945848	-3.18514399205316	0.00144681998949986	0.00482638629535175
ENSMUSG00000028811.12	Yars1	1955.22574219897	0.300148322333744	0.094236459527175	3.18505516696741	0.00144726415772274	0.00482709004200822
ENSMUSG00000097254.2	C430042M11Rik	8.08374666958227	2.58826218859907	0.812846907867539	3.18419392821367	0.00145157728807151	0.00484069571222687
ENSMUSG00000019920.18	Lims1	3217.66169113669	-0.423984111418871	0.133159270568918	-3.18403750341538	0.00145236194207613	0.00484192594854181
ENSMUSG00000053080.10	Zfta	1029.72279336261	-0.495327308533726	0.155566296968529	-3.1840271201797	0.0014524140400259	0.00484192594854181
ENSMUSG00000047459.14	Dynlrb1	2084.57096417874	-0.468337014398887	0.147100413066489	-3.18379129355129	0.00145359776551535	0.00484509181133693
ENSMUSG00000041912.12	Tdrkh	43.2280139131793	-1.05820913066578	0.332399082173083	-3.18355009811598	0.0014548093592869	0.00484834952952496
ENSMUSG00000068758.8	Il3ra	249.904980592255	-0.629807845932326	0.197896125718753	-3.1825173112656	0.00146000787621125	0.00486489102216622
ENSMUSG00000032470.17	Mras	882.006113236098	-0.353425828698276	0.111075319679358	-3.18185740737468	0.00146333845074788	0.0048744194708771
ENSMUSG00000037351.9	Actr1b	2560.23155990378	-0.297914991602281	0.0936281710539385	-3.1818948105977	0.00146314948740974	0.0048744194708771
ENSMUSG00000039220.16	Ppp1r10	821.491212477196	0.312960975430057	0.0983675324543133	3.18154748443458	0.00146490506559466	0.00487885276793949
ENSMUSG00000040322.10	Slc25a24	2123.31674810778	-0.335989727774327	0.105618231378068	-3.1811716915769	0.00146680671642707	0.00488440029332754
ENSMUSG00000081865.1	Gm15484	47.5493950748505	0.924960455297813	0.290908362449011	3.1795595269625	0.00147499070773106	0.00491086257991399
ENSMUSG00000004460.17	Dnajb11	1962.26847634909	-0.322119187574084	0.101335328334624	-3.17874519052625	0.00147914058031826	0.00492388724220131
ENSMUSG00000112314.1	Gm49454	3.13237046609947	5.11414541873986	1.60892087463075	3.17861835182763	0.00147978792003476	0.00492525006541235
ENSMUSG00000033857.12	Engase	80.3989081511229	0.783314546267073	0.24643952735538	3.17852641040611	0.00148025731961546	0.00492602029882966
ENSMUSG00000025795.8	Rassf3	460.920013046601	0.402772919589782	0.126740591750328	3.17793150582113	0.00148329787489894	0.00493508185813143
ENSMUSG00000034620.17	Rxylt1	833.889246846766	-0.38171253452746	0.120114695049414	-3.1779003757236	0.00148345713905472	0.00493508185813143
ENSMUSG00000042298.18	Ttc19	633.779716657375	-0.355337057971119	0.111824530973838	-3.17763065828777	0.00148483769559986	0.00493888083902001
ENSMUSG00000030051.10	Aplf	174.309183555942	0.547373468259175	0.172272722761562	3.17736586201623	0.00148619421454738	0.00494259865792355
ENSMUSG00000036438.14	Calm2	5704.19086786086	-0.240916390697621	0.0758425597800396	-3.1765329571725	0.00149046853246002	0.00495601737403856
ENSMUSG00000047384.3	A730013G03Rik	7.73150225095786	2.74442445102388	0.864094885336404	3.17606838970634	0.0014928575268915	0.00496316382093274
ENSMUSG00000034932.4	Mrpl54	493.953093758572	-0.38846216121155	0.122321419413958	-3.17574929290939	0.00149450049544179	0.00496782812833622
ENSMUSG00000022838.14	Eaf2	20.5709875786738	-1.51218588465805	0.476206873592817	-3.17548101153839	0.00149588311398826	0.00497162565453483
ENSMUSG00000016933.17	Plcg1	1329.41811230889	-0.298723863072718	0.0940805527457778	-3.17519247447369	0.00149737143777989	0.00497526282261988
ENSMUSG00000032905.5	Atg12	840.732939871441	-0.35298323678899	0.111169671993061	-3.17517566131727	0.00149745820498197	0.00497526282261988
ENSMUSG00000051695.6	Pcbp1	3437.01779280652	0.301248163767512	0.0948936941245504	3.17458569346153	0.00150050577078569	0.00498458817998605
ENSMUSG00000023460.13	Rab12	1262.49698406626	-0.314838659421316	0.0991837938729956	-3.17429538765643	0.0015020074848634	0.00498877614396464
ENSMUSG00000110444.2	Gm10033	216.42945388137	0.600153792794727	0.189091924715949	3.17387320318553	0.00150419386115258	0.00499523644023702
ENSMUSG00000026915.16	Strbp	736.89492401229	0.483666905155843	0.152416512767263	3.17332352232985	0.00150704489968408	0.00500390156858532
ENSMUSG00000018239.9	Zcchc10	161.689001184948	0.587933664374276	0.185314503322498	3.1726262857641	0.00151066842979351	0.00501512844078522
ENSMUSG00000051279.2	Gdf6	55.3898680853237	-0.969701877872684	0.305651372701635	-3.17257491534078	0.00151093571846126	0.0050152114234172
ENSMUSG00000031099.16	Smarca1	150.940449271039	-0.643292928494196	0.202769847927561	-3.17252754819844	0.00151118221601189	0.00501522537906528
ENSMUSG00000078597.2	Cyp4a12b	9.52662313418397	-2.33404897425144	0.735901893860978	-3.17168496741547	0.00151557318268829	0.00502899155313641
ENSMUSG00000069844.12	Sco1	298.348160568141	0.522086768808627	0.1646472022588	3.17094224284473	0.00151945350857535	0.00504105917198286
ENSMUSG00000038146.8	Notch3	554.199632582385	-0.525534595430504	0.165813889927913	-3.16942444121525	0.00152741165869293	0.0050666496671931
ENSMUSG00000042348.10	Arl15	409.879723659322	-0.399750328566238	0.126131056282648	-3.1693251475706	0.00152793361151462	0.00506756895124838
ENSMUSG00000026781.17	Acbd5	1293.46224079571	-0.418073007790172	0.131936319474571	-3.16874844966969	0.00153096836506272	0.00507682060051799
ENSMUSG00000055137.7	Sugct	31.5121043345776	-1.17511751740336	0.370942808200116	-3.16792101484661	0.00153533226770253	0.00509047615075681
ENSMUSG00000099083.7	Atf7	1477.20648311717	-0.31092686038937	0.0981574328175552	-3.16763439572924	0.00153684657045013	0.00509468083948545
ENSMUSG00000087501.1	Gm12116	12.7246239286188	1.91194955818681	0.603786183456564	3.16660038035526	0.00154232105266307	0.00511201016318221
ENSMUSG00000066705.7	Fxyd6	88.2181257735851	0.742831592250282	0.234667266893943	3.16546743856697	0.00154833990532449	0.00513113796034449
ENSMUSG00000085337.1	Gm15964	17.2712268410737	1.72546876323803	0.545103794843874	3.1653948836152	0.00154872609589007	0.00513159619958838
ENSMUSG00000034209.4	Rasl10a	10.6271158894695	2.12419703341084	0.67116281399346	3.16495042502689	0.00155109376658262	0.0051386187379151
ENSMUSG00000016018.4	Mtrex	1575.27576393385	0.326938871462594	0.103319061908246	3.16436159431002	0.00155423565392085	0.00514737980808122
ENSMUSG00000037896.17	Rcor1	1483.91310961692	0.312338111425866	0.0987042859364515	3.16438246285433	0.00155412420328921	0.00514737980808122
ENSMUSG00000020628.16	Trappc12	745.742771063987	0.357158473926395	0.112882764066932	3.16397704183275	0.001556290714297	0.00515336130142915
ENSMUSG00000020873.15	Slc35b1	957.469030254184	-0.308869224302001	0.0976274402309964	-3.16375420241671	0.00155748271985712	0.0051564834962128
ENSMUSG00000052488.7	Cherp	1214.26026829053	0.474061041404306	0.149865478125216	3.1632437792526	0.00156021622829958	0.0051647074539538
ENSMUSG00000037503.12	Fam168b	3092.98736201069	-0.286946723423059	0.0907154708976473	-3.16315090010188	0.00156071410597655	0.00516552946587921
ENSMUSG00000035569.17	Ankrd11	3511.24040549286	0.261000938325607	0.0825217801606766	3.16281274855458	0.00156252799983857	0.00517070616605252
ENSMUSG00000079043.3	Fastkd5	114.440759872252	0.756006147372184	0.239060353230836	3.16240705392997	0.00156470676600057	0.00517708845099837
ENSMUSG00000025409.14	Mbd6	850.664704993047	-0.487208235309325	0.154125845918811	-3.16110664246393	0.00157170944019181	0.00519942683435036
ENSMUSG00000022120.4	Obi1	240.990103203215	0.505124037725706	0.159813786556618	3.16070377036434	0.00157388474106399	0.00520579102832911
ENSMUSG00000052229.5	Gpr17	10.117349524864	-2.22641375928281	0.704415948919637	-3.16065211569594	0.00157416384994898	0.0052058823342537
ENSMUSG00000029134.14	Plb1	16.3284698647685	1.63296958205658	0.516676412780107	3.16052666942928	0.00157484187130826	0.00520729263485778
ENSMUSG00000024212.9	Mllt1	1052.36774691115	0.452005454454561	0.143023677657227	3.16035401870902	0.00157577546651698	0.00520954741757467
ENSMUSG00000031904.5	Slc7a6	1029.19057618286	0.2976233747428	0.0941949853328316	3.15965201004245	0.00157957677390078	0.00522128068396235
ENSMUSG00000001280.13	Sp1	2443.47656352929	0.323626451244623	0.102441466483494	3.15913528333538	0.00158238019014761	0.00522919447478051
ENSMUSG00000058756.13	Thra	1077.32118362148	-0.41156174292025	0.130277436306409	-3.1591176076897	0.00158247616744892	0.00522919447478051
ENSMUSG00000058076.12	Sdhc	1361.00763770367	-0.313417247890719	0.0992196214252027	-3.15882325883485	0.00158407524546898	0.00523364301771149
ENSMUSG00000039676.4	Capsl	3.08559959022885	5.06943180711411	1.60500613042461	3.15851242622542	0.00158576548786408	0.00523839129162122
ENSMUSG00000035112.17	Wnk4	196.742275110448	-0.532164581259559	0.168502877073599	-3.15819284810858	0.0015875050174718	0.00524330083878231
ENSMUSG00000086788.2	1700029M20Rik	2.89209425123943	4.96390701680266	1.57209197838118	3.15751691698988	0.00159119003861758	0.00525463347309274
ENSMUSG00000040822.7	1700123O20Rik	570.239536118372	-0.343147138252139	0.108680183095174	-3.15740301938612	0.00159181175688134	0.00525584807077475
ENSMUSG00000037020.16	Wdr62	261.634930275279	0.446817629775908	0.141540414989352	3.15682011960699	0.00159499705953537	0.00526552538043424
ENSMUSG00000006344.17	Ggt5	11.1960553678954	-2.00329340858169	0.634712457224057	-3.15622198017538	0.00159827173936308	0.00527549461538454
ENSMUSG00000018861.8	Fdxr	166.251567818618	0.531156096437872	0.168303438168423	3.15594323097749	0.00159979994217919	0.00527969690739272
ENSMUSG00000025355.7	Mmp19	813.546706233795	-0.382097533277445	0.12109932575109	-3.15524079847327	0.00160365689584833	0.00529158203206833
ENSMUSG00000021037.7	Ahsa1	1566.51614307695	0.311411404460408	0.0987084957413861	3.15485918533596	0.00160575586394595	0.00529766347271553
ENSMUSG00000018449.12	Rpain	177.045724376959	-0.600409382352676	0.190322428341787	-3.15469588941164	0.00160665480487289	0.00529978451092652
ENSMUSG00000035934.16	Pknox2	89.7507169142515	-0.774490925325395	0.245524023118347	-3.15444051253622	0.00160806157839668	0.00530357976597081
ENSMUSG00000028475.9	Spaar	7.2868295761385	2.95460630653291	0.936701232714633	3.15426755441565	0.0016090149823991	0.00530503362865227
ENSMUSG00000118559.2	A930007A09Rik	115.769477546633	-0.644094828608495	0.204195501646636	-3.15430469042903	0.00160881023220601	0.00530503362865227
ENSMUSG00000033207.7	Mamdc2	307.220494638862	-0.497266209093603	0.15766087182118	-3.15402422522188	0.00161035717662358	0.00530861334590405
ENSMUSG00000017764.2	Zswim1	220.590013943884	0.626520141145382	0.198652525983636	3.15384935602073	0.0016113223845738	0.00531094936915497
ENSMUSG00000039943.16	Plcb4	134.858294514085	-0.597230753795314	0.189422705956451	-3.15289949417479	0.00161657454971716	0.00532741229176812
ENSMUSG00000037210.16	Fam193a	825.725250560236	-0.338321664840593	0.107318227605779	-3.15250887373371	0.00161873901471776	0.00533369609449902
ENSMUSG00000045624.15	Esf1	763.627249358429	0.514862067461725	0.16335855229422	3.15173010675574	0.00162306219844275	0.00534708967779189
ENSMUSG00000029596.13	Sdsl	24.2238384859512	-1.34942574133476	0.428204736428266	-3.15135641093222	0.00162514047381857	0.00535224207368644
ENSMUSG00000032314.14	Etfa	1188.59372760356	-0.298021366893168	0.0945692509129298	-3.15135590074154	0.00162514331287112	0.00535224207368644
ENSMUSG00000085438.1	Oip5os1	1646.92264761294	-0.394820865256204	0.125297063851734	-3.15107835027485	0.00162668847179523	0.0053564786315128
ENSMUSG00000007837.11	Prrg2	251.248757099979	-0.543212709090836	0.172393047073727	-3.15101286456478	0.00162705323619672	0.00535682757054811
ENSMUSG00000036026.15	Tmem63b	1505.21112411772	0.351107062615638	0.111452903650542	3.15027290555412	0.00163118014375012	0.00536956071811128
ENSMUSG00000058833.11	Rex1bd	336.648347124266	-0.573846396976639	0.182199547319357	-3.14954897209931	0.00163522699397318	0.00538202632346173
ENSMUSG00000039476.13	Prrx2	1408.78708398616	-1.0930220272229	0.347071169720708	-3.14927347063273	0.00163676949648751	0.00538624671030128
ENSMUSG00000076438.5	Oxct2b	4.27704282358204	4.51884026322696	1.43500631149976	3.14900375490629	0.00163828090228959	0.00539036343927708
ENSMUSG00000049488.14	Tmem67	164.07690996458	-0.524940600421449	0.16672121334958	-3.14861312411851	0.00164047215686824	0.00539671538064459
ENSMUSG00000048450.10	Msx1	28.7787105873871	-1.23225427288943	0.391432922221377	-3.1480598665447	0.0016435802863288	0.0054060810975242
ENSMUSG00000031939.16	Taf1d	1437.1131637464	0.463757771644584	0.147324102735661	3.14787440095047	0.00164462342019134	0.00540865271282817
ENSMUSG00000013367.5	Iglon5	153.83791041127	-0.660133899620879	0.209731997332197	-3.14751162444367	0.00164666558414249	0.0054145084870795
ENSMUSG00000026782.15	Abi2	486.394583236664	-0.367043030064385	0.116647689594951	-3.14659494190506	0.00165183623200325	0.00543064773923684
ENSMUSG00000086989.3	Gm16441	2.91117085011127	4.97243462122873	1.58030731107596	3.14649852365944	0.00165238095707537	0.00543157589812658
ENSMUSG00000021947.11	Cryl1	108.237111352882	-0.673743026222457	0.214141369483687	-3.1462534672628	0.00165376617308573	0.00543526611887924
ENSMUSG00000031283.16	Chrdl1	106.533073770419	-0.84319840248984	0.268049392240859	-3.14568294835816	0.0016569952525191	0.00544501424541876
ENSMUSG00000044857.8	Lemd2	808.217309754089	-0.47839785138691	0.152085476411361	-3.14558538182133	0.0016575480498001	0.00544596620362099
ENSMUSG00000020340.16	Cyfip2	49.24835716247	-0.912429567397481	0.290150533749257	-3.14467650845677	0.00166270574799613	0.00546204511629455
ENSMUSG00000006462.6	A530013C23Rik	9.82050981627442	-2.23191307786324	0.709861020301822	-3.14415500222039	0.00166567186816919	0.00547092065998637
ENSMUSG00000001150.7	Mcm3ap	1445.64650318284	0.28467520518106	0.0905618616593579	3.14343367025565	0.00166978254165255	0.00548355209101476
ENSMUSG00000061298.14	Agbl4	4.25822488788285	4.51328481689956	1.43581310889372	3.14336510019539	0.00167017378904637	0.00548396688760642
ENSMUSG00000108358.1	Gm44509	45.437977486119	-0.940136588451286	0.299105102285964	-3.14316466441436	0.00167131792016822	0.00548685323228581
ENSMUSG00000020024.7	Cep83	548.290587706589	0.470576043361997	0.149717648117418	3.1430900049468	0.00167174427696608	0.00548708400185576
ENSMUSG00000063410.8	Stk24	1427.85310525252	0.303523387909072	0.0965694050392956	3.14305952061694	0.00167191839217857	0.00548708400185576
ENSMUSG00000109145.1	Gm20744	5.84379475362125	3.4230399698212	1.08931197345982	3.1423871702696	0.00167576285296848	0.00549882931096933
ENSMUSG00000039768.16	Dnajc11	1166.56890943219	0.29057584739838	0.0924827745675531	3.14194560832657	0.00167829210146569	0.00550613374175449
ENSMUSG00000040280.10	Ndufa4l2	30.5796003804608	1.48061386825668	0.471247074705687	3.14190569603298	0.00167852089040392	0.00550613374175449
ENSMUSG00000029455.14	Aldh2	2407.91365555477	-0.377682987689765	0.120242066901343	-3.14102208505489	0.00168359336174999	0.00552189811358946
ENSMUSG00000019998.6	Stx7	1335.78188180513	-0.309296459753639	0.0984937579994583	-3.14026458159247	0.00168795312037208	0.00553532028494642
ENSMUSG00000042292.18	Mrtfa	985.942033721595	-0.564916225594195	0.179911335319532	-3.13997016692069	0.00168965040439366	0.00554000850951123
ENSMUSG00000049755.14	Zfp672	270.066266045123	-0.477826531005938	0.15218494954299	-3.13977520405826	0.00169077521819521	0.00554281853681069
ENSMUSG00000020736.12	Nt5c	655.942095218025	-0.362264958557921	0.115406492970909	-3.13903446185854	0.00169505512037167	0.00555596926944944
ENSMUSG00000024944.6	Arl2	568.805389092062	-0.552542053374409	0.176044560099758	-3.13864883448432	0.00169728716225107	0.00556240452365973
ENSMUSG00000033530.8	Ttc7b	317.49355437929	-0.458228199270234	0.146019447030431	-3.13813131462371	0.00170028685695607	0.0055713531189067
ENSMUSG00000033444.14	Specc1l	1424.52708805216	-0.270197416859582	0.0861124347063823	-3.13772822451107	0.00170262666110631	0.00557813695128831
ENSMUSG00000111447.1	Gm48249	2.81138843208011	4.93149365216566	1.57186841888733	3.13734508112102	0.00170485342615894	0.00558454835702864
ENSMUSG00000005973.6	Rcn1	3876.11307975059	-0.346939392672339	0.110615063442974	-3.1364570237868	0.00171002496937242	0.00560008489422813
ENSMUSG00000053436.15	Mapk14	1395.7237070019	0.270899137934444	0.0863715979181079	3.13643772332768	0.00171013752434494	0.00560008489422813
ENSMUSG00000031734.13	Irx3	571.767470393512	-0.609590504237416	0.194363759988903	-3.13633829821064	0.00171071745226569	0.00560109783999485
ENSMUSG00000079215.8	Zfp664	1498.99750205869	0.303279008290505	0.0967000448072445	3.13628611956739	0.0017110218727962	0.0056012085631834
ENSMUSG00000058594.15	Fbh1	1519.99085258713	-0.269889045750093	0.0860669475398709	-3.13580362107144	0.00171383922588249	0.00560954429736585
ENSMUSG00000048799.8	Cep120	827.329531598819	-0.315664635537777	0.100677925842176	-3.13539073135671	0.00171625351385224	0.00561655833726919
ENSMUSG00000039367.11	Sec24c	2709.98095070462	0.327749809490206	0.104533943512714	3.13534339638058	0.0017165304951786	0.0056165767814894
ENSMUSG00000025204.10	Ndufb8	806.870018549295	0.390072521969072	0.124414764325178	3.13525909955151	0.00171702386114332	0.0056173031297306
ENSMUSG00000052125.16	F730043M19Rik	65.707411756811	-0.8142067096259	0.259719232547679	-3.13494962093895	0.00171883627212745	0.0056223438680098
ENSMUSG00000090553.8	Snrpe	763.206906856899	0.363965738034141	0.116101904677592	3.13488171485949	0.00171923418830409	0.00562275690688994
ENSMUSG00000045969.8	Ing1	546.261964429123	0.380709835450716	0.121465530175615	3.13430349252405	0.00172262589021097	0.00563295944731071
ENSMUSG00000026171.12	Rnf25	472.967706812446	-0.380578280784989	0.121435740429612	-3.13398904999953	0.00172447291027904	0.00563810847731257
ENSMUSG00000035890.9	Rnf126	693.077236618744	0.652248517151734	0.208166398253019	3.1333035620809	0.00172850574732149	0.00565040121032967
ENSMUSG00000086746.2	Gm15222	31.4933181050527	-1.14969526677307	0.366970872575548	-3.13293329986668	0.00173068766593607	0.00565664045432034
ENSMUSG00000040521.11	Tsfm	340.494841374826	0.41815200341357	0.133480711422888	3.13267736556181	0.00173219734159903	0.00566068089260472
ENSMUSG00000018433.14	Nol11	809.957960012902	0.354404581607598	0.113145919546254	3.13227894588559	0.00173454990353579	0.00566747410470203
ENSMUSG00000096107.2	Gm16505	2.85394105349576	4.94770599620041	1.5798386593343	3.13177929085823	0.00173750438587691	0.00567623157879833
ENSMUSG00000048003.12	Catsper4	2.80395925987168	4.94678608922611	1.58014412039293	3.130591713366	0.00174454516356277	0.00569833365008454
ENSMUSG00000048232.12	Fbxo10	365.209340848563	-0.456879534856717	0.14599963555046	-3.1293196940811	0.00175211566111126	0.00572215873609055
ENSMUSG00000005465.9	Il27ra	13.1222800557891	-1.83292208552832	0.585816948310144	-3.12883075646	0.00175503362994498	0.00572895558761255
ENSMUSG00000030603.16	Psmc4	1858.2790204121	0.290596061242575	0.0928770077792272	3.12882669447465	0.0017550578904856	0.00572895558761255
ENSMUSG00000055932.15	Fto	1498.41254971366	-0.279592120381823	0.0893585175746134	-3.12888046904277	0.00175473674244475	0.00572895558761255
ENSMUSG00000103945.1	Gm38228	14.2544602874648	1.80425006124031	0.576661474912675	3.12878550021662	0.00175530394398951	0.00572895558761255
ENSMUSG00000028719.8	Cmpk1	1575.79234195476	-0.332904218033644	0.106454101714718	-3.12720893484951	0.00176474464467182	0.00575852200393357
ENSMUSG00000029486.13	Mrpl1	321.8117622215	0.505191528450344	0.16154860059903	3.1271798491418	0.00176491925179741	0.00575852200393357
ENSMUSG00000030282.14	Cmas	711.313350545564	0.353553592007363	0.113072132193941	3.12679689634709	0.00176721967311919	0.00576511899352153
ENSMUSG00000018001.18	Cyth3	2666.61839356869	0.269595751526824	0.086249911409861	3.12575105434834	0.00177351616190936	0.00578392008121783
ENSMUSG00000027869.14	Hsd3b6	15.4985523533032	-1.72937491570948	0.553267753440036	-3.12574681057554	0.00177354175349	0.00578392008121783
ENSMUSG00000025823.9	Pdia4	4724.15918223874	-0.281374135015764	0.0900276520531112	-3.12541900848163	0.00177551955222946	0.00578766328356756
ENSMUSG00000030612.6	Mrpl46	228.306309945262	0.476331296944859	0.152405651344527	3.12541754680782	0.00177552837579854	0.00578766328356756
ENSMUSG00000046804.13	Phgr1	2.79231183320827	4.92322290277464	1.57518739401224	3.12548394018978	0.00177512762485927	0.00578766328356756
ENSMUSG00000020009.13	Ifngr1	582.051254842263	-0.334847486850245	0.107150782696982	-3.12501204771579	0.001777977776976	0.00579473500324773
ENSMUSG00000012519.14	Mlkl	180.42130388491	-0.529129238796272	0.169332612538996	-3.12479227044593	0.0017793066304713	0.00579815301387364
ENSMUSG00000060224.4	Pyroxd2	49.8926676621592	-1.00290646306669	0.321005423339767	-3.12426641466791	0.00178248985259721	0.00580761175175658
ENSMUSG00000105195.1	Gm43584	2.88906450270298	4.97824941607961	1.59364324156616	3.12381672775597	0.00178521614458905	0.00581557900170739
ENSMUSG00000006241.16	Ccdc159	59.7475105511178	-0.839438344467965	0.268754635097942	-3.12343764475745	0.00178751736702351	0.00582142491822989
ENSMUSG00000099689.6	Zfp383	133.505789591233	-0.595893252314244	0.190781783528699	-3.12342845995359	0.00178757315717036	0.00582142491822989
ENSMUSG00000002393.14	Nr2f6	234.226614251917	-0.766394789739038	0.245403886848023	-3.12299368841562	0.00179021586927556	0.00582819727557955
ENSMUSG00000029776.11	Hibadh	770.491453276197	-0.328395987979312	0.105153027330318	-3.12302932513508	0.00178999912026672	0.00582819727557955
ENSMUSG00000069237.8	Fam8a1	1324.32972465857	-0.355719244749914	0.113912474710968	-3.12274178620459	0.00179174867241875	0.00583227013215847
ENSMUSG00000115100.1	Gm34934	43.3215142053718	-0.99087422679287	0.31741581477941	-3.12169142385512	0.00179815304686112	0.00585219652782678
ENSMUSG00000032289.15	Thsd4	282.194071982697	0.456952349323473	0.146395573190072	3.12135359947115	0.00180021733095375	0.00585799379553712
ENSMUSG00000079179.9	Rab10os	337.287638162596	-0.525090241911218	0.168228178569616	-3.12129778956101	0.00180055856832433	0.00585818324516589
ENSMUSG00000075611.5	Gm11545	2.82743528241549	4.95428829406347	1.58728185072153	3.12124043490537	0.0018009093126397	0.00585840356157931
ENSMUSG00000062743.9	Zfp677	78.3943444060788	-0.930847041981783	0.298245918646687	-3.1210721883658	0.00180193856296521	0.00586083065914786
ENSMUSG00000057181.15	5730455P16Rik	593.821528224218	-0.416270169827252	0.133379388508313	-3.12094825506946	0.00180269707223356	0.00586237654330909
ENSMUSG00000007458.14	M6pr	2036.65791859463	0.319692417204547	0.102448190252283	3.12052771666627	0.00180527308232632	0.00586983153174246
ENSMUSG00000023055.10	Calcoco1	980.996102363731	-0.390039504743403	0.125077021018067	-3.11839458254336	0.00181839178592022	0.0059115582812569
ENSMUSG00000078607.6	1810010H24Rik	21.9447840399236	1.3645535086065	0.43764686684131	3.1179327718146	0.00182124341801487	0.00591989910638972
ENSMUSG00000032177.17	Pde4a	414.58693624915	-0.369351219321385	0.118484030735837	-3.1173080205624	0.00182510773093228	0.00593152848525156
ENSMUSG00000043157.8	Arl11	9.43067353545607	2.22580892633404	0.714081392081891	3.11702412500168	0.00182686621645572	0.00593631143083467
ENSMUSG00000018143.10	Mafk	829.126027676397	0.349938314236579	0.112286103751626	3.11648817213067	0.00183019022197298	0.00594559601325318
ENSMUSG00000023980.7	Taf8	249.553283081263	0.508622459566037	0.163204627942302	3.11647081322872	0.00183029797557608	0.00594559601325318
ENSMUSG00000036955.16	Kifbp	595.894728611178	-0.353811686755988	0.113541713630143	-3.11613833756739	0.00183236290953048	0.00594875062765816
ENSMUSG00000050323.14	Ndufaf6	77.8771633719498	0.724779316528806	0.232585791383018	3.11618053802459	0.00183210069311892	0.00594875062765816
ENSMUSG00000070990.2	Foxe1	2.78488266099985	4.93844507948565	1.58480104690675	3.11612936470771	0.00183241866766261	0.00594875062765816
ENSMUSG00000105356.1	Gm42603	17.3731229372138	-1.53792494333481	0.493526039020723	-3.11619817747902	0.00183199109896951	0.00594875062765816
ENSMUSG00000042745.9	Id1	1140.10736661268	-0.355172581310041	0.11398054462501	-3.11608075289113	0.00183272077283188	0.00594879838118975
ENSMUSG00000026976.15	Pax8	77.5217290504352	0.750963043918239	0.241043372773219	3.11546853696231	0.00183652939698602	0.0059602260878353
ENSMUSG00000031446.14	Cul4a	2612.85475546212	-0.278062722459348	0.0892623604710048	-3.115117290111	0.00183871780201209	0.00596639281765924
ENSMUSG00000022091.6	Sorbs3	1339.81043237618	-0.356499799634635	0.114446281918519	-3.1149967797857	0.0018394691802739	0.00596789538597014
ENSMUSG00000045211.5	Nudt18	294.14980649774	-0.427480969652285	0.137306003393414	-3.11334507659837	0.00184979597162564	0.00600045867680287
ENSMUSG00000024096.17	Ralbp1	1408.54007825698	0.298455671682494	0.0959367812653027	3.11096190372645	0.00186478995553388	0.00604814905822561
ENSMUSG00000020546.14	Stxbp4	544.090608161238	-0.374852338653132	0.120559544934874	-3.10927134683219	0.00187549387784666	0.0060819125454407
ENSMUSG00000054003.13	Tdrd9	12.2882251426335	1.85330570754204	0.596075028828911	3.10918192829376	0.00187606160833458	0.00608280063140939
ENSMUSG00000026198.15	Abcb6	20.9241813750224	1.43574135949759	0.461963910945797	3.10790805402556	0.00188416677236172	0.00610812341755918
ENSMUSG00000075394.4	Hoxc4	242.3497940144	-0.452000462316632	0.145464423331395	-3.10729216096291	0.00188809698259535	0.00611990595720971
ENSMUSG00000031937.7	Vstm5	102.242797011924	0.665629071255548	0.214220639528495	3.10721260435322	0.00188860520750422	0.00612059483170971
ENSMUSG00000038564.11	Ift172	636.201128774525	-0.346431325052227	0.111530748261886	-3.10615081895414	0.00189540016324406	0.00614165434862067
ENSMUSG00000085049.1	Parvaos	12.5799439926625	1.8869254669534	0.60758138960629	3.10563407509259	0.00189871521128945	0.0061514331129254
ENSMUSG00000115379.1	Gm48990	22.9207212260279	1.65483148535091	0.533033074778281	3.10455685332331	0.00190564300028563	0.0061729114965434
ENSMUSG00000063297.7	Luzp2	54.5661325062925	0.881320718163751	0.28388447362219	3.10450482521515	0.00190597818848908	0.00617303121945477
ENSMUSG00000039191.12	Rbpj	1269.05544167507	0.304477577339317	0.0980796341576883	3.10439144634034	0.00190670881317468	0.00617443143365186
ENSMUSG00000031696.9	Vps35	4665.47033472839	-0.318265182980675	0.102549614114852	-3.10352394524106	0.00191230759480736	0.00619159313388356
ENSMUSG00000050776.3	Or4f47	22.2370824767911	-1.40645836335282	0.45323663709905	-3.10314358599712	0.00191476716017347	0.00619858702665478
ENSMUSG00000051674.15	Dcun1d4	490.316194184833	-0.412233433017808	0.132870831101081	-3.10251264029652	0.00191885353181251	0.00621037089796891
ENSMUSG00000054161.12	Fam83e	5.72493573671825	3.39798996139242	1.0952464449998	3.10248892101452	0.0019190073077641	0.00621037089796891
ENSMUSG00000013736.16	Trnt1	972.680697340353	0.493087818907288	0.158955252195525	3.10205427059911	0.00192182722138454	0.00621658097443954
ENSMUSG00000032966.14	Fkbp1a	4814.72119643602	-0.29160315524641	0.0940016999542703	-3.10210512563356	0.00192149708897198	0.00621658097443954
ENSMUSG00000045767.9	B230219D22Rik	2704.28241272808	-0.2613743806732	0.0842572662139184	-3.1020989929771	0.0019215368971888	0.00621658097443954
ENSMUSG00000025757.13	Hspa4l	770.615067612915	0.438914139311372	0.141529675585311	3.10121631732847	0.00192727441469511	0.00623301318345212
ENSMUSG00000032589.14	Bsn	31.9912870597955	1.29930619540649	0.418971522148808	3.10118021564486	0.00192750941529915	0.00623301318345212
ENSMUSG00000029070.9	Mxra8	3916.13952654731	-0.445158167532805	0.14355999808733	-3.10085102719218	0.00192965345151627	0.00623897169524138
ENSMUSG00000043535.13	Setx	1903.64006188488	0.364345104981956	0.117535454965489	3.09987403451099	0.00193602960006568	0.00625860950987967
ENSMUSG00000036061.10	Smug1	365.516813835108	0.388439822408789	0.125332018883772	3.09928640636526	0.00193987394931374	0.00627005791331124
ENSMUSG00000022342.6	Kcnv1	2.77323523433644	4.914957325684	1.58594355387901	3.0990745626871	0.0019412615795985	0.00627356337800303
ENSMUSG00000020941.7	Map3k14	342.2862855919	-0.52701362812727	0.170062573421267	-3.09893951105744	0.00194214667795208	0.00627544397235874
ENSMUSG00000038390.11	Gpr162	138.509259357818	-0.585854527589502	0.189067017718859	-3.09866064773214	0.00194397545871954	0.00628037272046757
ENSMUSG00000037996.17	Slc24a2	10.9690661973569	-2.10890693576586	0.680898744894177	-3.09724015733591	0.00195331557276239	0.00630956289647453
ENSMUSG00000037487.7	Ubr5	6996.31407150443	0.261806791411744	0.0845327937432156	3.09710326393602	0.00195421785750588	0.0063114925000022
ENSMUSG00000103243.1	Lce1d	2.8390827090789	4.97542746627808	1.60680714608894	3.09646834617865	0.00195840769984357	0.00632403759423743
ENSMUSG00000020607.7	Lratd1	96.5705217613108	-0.683934632207233	0.22088225303467	-3.09637656629608	0.00195901403994075	0.00632500883056211
ENSMUSG00000025701.12	Alox5	16.7538539965952	-1.64644845727261	0.531765586184086	-3.09619219454838	0.00196023260534008	0.00632795612881072
ENSMUSG00000021770.11	Samd8	1040.67148186109	0.385182651182768	0.124422389013826	3.0957663989233	0.00196304946955894	0.00633606127715585
ENSMUSG00000000884.17	Gnb1l	103.094751405344	0.686264661750872	0.221749966602113	3.09476782462042	0.00196967015113564	0.00635643942288065
ENSMUSG00000106847.1	Peg13	467.474060200968	-0.379391007513801	0.122595077640934	-3.0946675414244	0.00197033617353647	0.00635759757693397
ENSMUSG00000016024.9	Lbp	57.4014194871894	0.998028476490247	0.322525264669485	3.09441952559282	0.0019719842377744	0.00636192358754557
ENSMUSG00000071722.4	Spin4	100.934507840178	0.707600657279865	0.228704659900892	3.09394945247945	0.00197511134429652	0.00637101912351468
ENSMUSG00000041205.8	Map6d1	9.75928885022712	2.12828091963321	0.688197884903998	3.09254208174456	0.00198450094888214	0.00640030930833771
ENSMUSG00000002814.15	Top3a	293.575999770893	0.445824128200052	0.1441775778459	3.09218766788104	0.00198687195353369	0.00640695786979185
ENSMUSG00000033578.7	Tmem35a	83.8770122555811	-0.719754612353973	0.232796924530215	-3.09177027920984	0.00198966758938296	0.00641497343187505
ENSMUSG00000056313.5	Tcim	203.171341283864	0.548713995620238	0.177556236500435	3.09036734746793	0.00199909079728196	0.00644435141145293
ENSMUSG00000021102.4	Glrx5	691.936862618462	-0.42298536260307	0.136910251370066	-3.08950833389202	0.00200488081705558	0.00646200997076197
ENSMUSG00000003033.15	Ap1m1	1141.07888067897	-0.347177379189829	0.112383479667407	-3.08922076640876	0.00200682254752884	0.00646726139051836
ENSMUSG00000021193.10	Pitrm1	2316.88540635858	0.270183679489113	0.087486696651948	3.08828301706254	0.00201316647167645	0.00648669564091388
ENSMUSG00000024118.14	Tedc2	169.544132977653	0.504373300757045	0.163362835858389	3.08744212297014	0.00201887080999951	0.00650406333014474
ENSMUSG00000045160.14	Bola3	273.357111407402	-0.510222431903654	0.165275622942357	-3.08710034075384	0.00202119358037146	0.00651053313415948
ENSMUSG00000114253.1	Gm47798	56.1885976188453	-0.870616492970804	0.282042754824738	-3.08682452599007	0.00202306982011315	0.00651556281414688
ENSMUSG00000025933.15	Tmem14a	95.7719307363226	-0.658171254097461	0.213250593294161	-3.08637478531922	0.00202613262501814	0.00652441182409001
ENSMUSG00000024663.20	Rab3il1	377.943340946745	-0.518990922093998	0.168184060877757	-3.0858508195448	0.00202970628042842	0.00653490283070275
ENSMUSG00000103749.1	Pcdhgb5	74.7079593078809	-0.760633997926141	0.246505741852271	-3.08566442392236	0.00203097896693639	0.00653798345826071
ENSMUSG00000074650.2	Gm10735	8.66606709454503	-2.27691489397922	0.737987768656262	-3.08530166851553	0.00203345791592787	0.00654494563859289
ENSMUSG00000034460.9	Six4	154.475546019378	0.542096552106426	0.175757019491101	3.08435221350504	0.0020399593220894	0.00656485043655606
ENSMUSG00000024502.10	Jakmip2	10.551260205803	-2.01995671774301	0.654929724830379	-3.08423429439877	0.00204076810484166	0.00656541171932195
ENSMUSG00000037148.8	Arhgap10	573.27988692434	0.39796714934543	0.129031369655223	3.08426664313348	0.00204054620228373	0.00656541171932195
ENSMUSG00000090559.1	Gm17137	6.71882775007754	2.83136042254328	0.918098238395168	3.08394058950868	0.00204278384507856	0.00657087533943763
ENSMUSG00000068117.10	Mei1	2.71160601404895	4.89014011567113	1.58629337722378	3.08274634811218	0.00205099893031961	0.00659525040526418
ENSMUSG00000111078.1	Gm35028	2.71160601404895	4.89014011567113	1.58629337722378	3.08274634811218	0.00205099893031961	0.00659525040526418
ENSMUSG00000026502.13	Desi2	1524.28896822156	-0.309593988931303	0.100446817830275	-3.08216821218193	0.00205498675679018	0.00660704735613543
ENSMUSG00000032397.7	Tipin	440.899584956189	0.485555272014363	0.157599580268184	3.08094267248748	0.00206346373293743	0.00663327159622174
ENSMUSG00000024997.7	Prdx3	1290.1213102402	0.306470734323527	0.0994765247578079	3.0808347504065	0.00206421175748766	0.0066346458335772
ENSMUSG00000099997.1	Tubb4b-ps2	50.0109499471989	0.936138734901741	0.303912725562793	3.08028804377368	0.0020680048886066	0.00664580549437477
ENSMUSG00000026926.14	Pmpca	1861.40371416045	0.271313858467512	0.0880996358596765	3.07962519731246	0.00207261239036404	0.00665957837133579
ENSMUSG00000040430.18	Pitpnc1	514.893064897347	0.356942059845808	0.11591366460599	3.07937861389435	0.00207432881430423	0.00666405899849191
ENSMUSG00000078762.10	Haus5	23.6706652040453	1.26225149409036	0.40998765691375	3.07875486689567	0.00207867643019711	0.00667698997961671
ENSMUSG00000022661.14	Cd200	28.7473109147446	-1.21500778924132	0.394691575159977	-3.0783727490227	0.00208134397971673	0.0066845211848187
ENSMUSG00000048191.15	NA	22.085603683196	1.33203705974959	0.432768746335274	3.07794190553131	0.00208435544673735	0.00669315442010805
ENSMUSG00000030084.11	Plxna1	4950.78967772126	-0.398419823928415	0.129478150152948	-3.07712014311121	0.00209011040396264	0.00671059333823835
ENSMUSG00000031309.15	Rps6ka3	2327.2882184376	0.383205513650523	0.124553316516086	3.07663837759817	0.00209349107170209	0.00672040503926204
ENSMUSG00000105504.4	Gbp5	7.27765443249049	2.6495795499565	0.861298414591134	3.0762619610931	0.00209613596872463	0.00672785213469239
ENSMUSG00000077450.13	Rab11b	746.52000709981	-0.365441197993966	0.118833473676283	-3.07523786596925	0.00210334730988148	0.00674995131274988
ENSMUSG00000025059.16	Gk	253.788316589222	-0.480861281482772	0.156400114331523	-3.07455837572782	0.00210814460602277	0.00676429781430248
ENSMUSG00000052631.15	Sh2d6	15.8820944190211	-1.58259349640309	0.514786952860672	-3.07426885551122	0.00211019170624152	0.0067698168207522
ENSMUSG00000051316.8	Taf7	195.227494193775	0.595343449315921	0.193713640807233	3.07331712333235	0.00211693393782631	0.00679039447994215
ENSMUSG00000112714.1	Gm4798	18.5990418455872	1.50366348637763	0.489282274264723	3.07320245483507	0.00211774760092653	0.00679195190448996
ENSMUSG00000045973.18	Slc25a51	1330.14050505125	-0.27377494325563	0.0890903300966686	-3.07300402814275	0.00211915627180226	0.00679541683501704
ENSMUSG00000031731.16	Ap1g1	1591.72554416968	0.30236876627231	0.0984111467226003	3.07250526329727	0.00212270089871633	0.00680572891922697
ENSMUSG00000045693.8	Nlrp4e	2.80835868354366	4.94558524594442	1.60966691674906	3.07242771438248	0.00212325251223943	0.00680644320130772
ENSMUSG00000024165.9	Jpt2	1410.3557981271	0.271336595452527	0.0883151333736911	3.07236806521494	0.00212367689242765	0.00680674945747288
ENSMUSG00000036893.17	Ehmt1	1196.43288501695	0.301419971449541	0.0981369276617708	3.07142253819466	0.00213041433932647	0.00682728694994869
ENSMUSG00000064023.4	Klk8	112.71194560236	0.660300436642878	0.215050263352701	3.07044700317306	0.00213738614921445	0.00684856902516871
ENSMUSG00000061062.5	Hdac1-ps	130.718313890235	0.612055456541406	0.199377475932058	3.0698325058041	0.0021417884810857	0.00686161271784444
ENSMUSG00000040339.10	Eeig2	1374.55692579086	-0.382406935077903	0.124588097859088	-3.06936972029555	0.0021451094178736	0.00687118846186409
ENSMUSG00000021975.9	Ints9	521.148366151079	0.381005318563267	0.124161185385691	3.06863467338624	0.00215039380112275	0.00688704955739438
ENSMUSG00000043190.14	Rfesd	132.529809943721	-0.617307156494565	0.201177467202658	-3.06847066462326	0.00215157451681652	0.00688976499436651
ENSMUSG00000095478.2	Gm9824	346.644803922467	-0.422386943113903	0.137658848189662	-3.06836028826823	0.00215236946195016	0.00689124446912706
ENSMUSG00000037112.16	Sik2	349.481979143505	-0.441023649104031	0.143764007667424	-3.06769167234313	0.00215719068137334	0.00690561242093207
ENSMUSG00000019832.5	Rab32	564.33236997024	-0.372237344462351	0.121357250541308	-3.06728557875204	0.00216012374981327	0.00691393250307483
ENSMUSG00000021194.6	Chga	2.7997410054167	4.90869094213769	1.60086996192151	3.06626463041747	0.0021675138512084	0.00693651348270915
ENSMUSG00000018263.11	Tbx5	257.9440668462	-0.559509570443061	0.182490352281639	-3.06596794541536	0.00216966573816116	0.00694232665237254
ENSMUSG00000094483.2	Purb	2529.92592546496	0.387115027664847	0.126308273553077	3.06484299702009	0.00217784290862196	0.0069674142759762
ENSMUSG00000024253.9	Dync2li1	284.642315291488	-0.445927335991405	0.145507381035776	-3.06463722195485	0.0021793417259494	0.00697113187844639
ENSMUSG00000052407.17	Ccdc171	69.6183125977837	0.874534148532355	0.285441955139122	3.06378979259063	0.00218552417314253	0.00698982769775607
ENSMUSG00000021592.18	Arsk	308.027707612686	-0.455701668393433	0.14876856436758	-3.06315833812497	0.00219014141693911	0.00700351261999424
ENSMUSG00000035437.15	Rabgap1	1742.42124645192	-0.310549214986373	0.101393300647316	-3.06281788839856	0.00219263451980399	0.00701040190383422
ENSMUSG00000017314.12	Mpp2	191.847714080911	-0.551196765298565	0.179985014774069	-3.06245920523144	0.00219526395932611	0.00701754767384388
ENSMUSG00000026309.14	Ilkap	765.71923887499	-0.318313297408074	0.103944140085868	-3.06234961533296	0.00219606791870776	0.00701754767384388
ENSMUSG00000061132.13	Blnk	5.64222040625943	3.37547017168457	1.10225620317179	3.06232812477853	0.00219622560660711	0.00701754767384388
ENSMUSG00000061607.15	Mdc1	899.410748949042	0.30332367232753	0.0990482607201372	3.06238262158461	0.00219582575407577	0.00701754767384388
ENSMUSG00000020882.17	Cacnb1	208.490104327143	0.494788254661986	0.161587437253815	3.06204654935392	0.00219829263782029	0.00702306826828867
ENSMUSG00000028270.12	Gbp2	109.945923832729	-0.624120185946492	0.203841132002703	-3.06179709568241	0.00220012535425737	0.00702783868947119
ENSMUSG00000019878.8	Hsf2	490.646466396365	0.448160262727952	0.146424045716324	3.06070127031047	0.00220819289672248	0.00705182449794768
ENSMUSG00000038542.14	Pcid2	460.356004975342	0.381715615902517	0.124715762418731	3.0606846199674	0.00220831568654026	0.00705182449794768
ENSMUSG00000029167.13	Ppargc1a	11.8281347141208	-1.85553355002642	0.606272604370578	-3.06055978226626	0.00220923651549814	0.00705258893187786
ENSMUSG00000033948.3	Zswim5	4.05400196497591	4.4576813431841	1.45647064232298	3.06060500888255	0.002208902873887	0.00705258893187786
ENSMUSG00000044792.7	Isca1	456.175663493603	-0.382882463773491	0.125121036965965	-3.06009663169306	0.00221265588633468	0.00706241544969029
ENSMUSG00000028631.7	Kcnq4	17.5118183949457	1.60675253456635	0.525218007167605	3.05921067564162	0.00221921028270881	0.00708224385473167
ENSMUSG00000034957.10	Cebpa	58.3707409877229	-0.845130942791549	0.276286720506866	-3.05889092766059	0.0022215801783138	0.00708871406056996
ENSMUSG00000024878.9	Zng1	222.892016018349	0.624205584417548	0.204079849415938	3.05863408956827	0.00222348548030895	0.00709370005501155
ENSMUSG00000037876.17	Jmjd1c	1667.24627111298	0.307824483714646	0.100672336808606	3.05768688274186	0.00223052509650511	0.00711506225497907
ENSMUSG00000026442.14	Nfasc	35.4314595616291	1.10930905291269	0.362820997600083	3.05745549527267	0.00223224786319512	0.0071194604807821
ENSMUSG00000071855.5	Ccdc112	90.8575704770127	-0.756955146346457	0.247586739872289	-3.05733314610028	0.00223315929150565	0.00712127009318678
ENSMUSG00000000731.15	Aire	2.7541586354646	4.90660483862114	1.60552750138334	3.05607025379107	0.00224258703156376	0.00715023243474096
ENSMUSG00000116010.1	Gm36026	2.74672946325617	4.92091879884595	1.61035948407813	3.055789000841	0.00224469159946582	0.00715584035381842
ENSMUSG00000023913.17	Pla2g7	973.312763219026	0.401577288868713	0.131430301683348	3.0554391470258	0.00224731202154007	0.00716309078131475
ENSMUSG00000117628.1	Gm50012	38.9518269174343	-1.00417415016864	0.328669653090984	-3.05526884129657	0.00224858863376722	0.00716605637110819
ENSMUSG00000025880.11	Smad7	715.953390220026	-0.339975329600958	0.111297698407527	-3.05464833923256	0.00225324554181068	0.00717979209820493
ENSMUSG00000025421.15	Hdhd2	98.9254936020438	-0.654891908492909	0.214404855441879	-3.05446398190566	0.00225463085723727	0.00718310052546625
ENSMUSG00000027566.15	Psma7	1920.18040292472	0.323160424080954	0.105809511771884	3.05417177217168	0.0022568282062542	0.00718899462007629
ENSMUSG00000049657.9	Zbtb5	198.922551964708	0.500956737207087	0.164032754113855	3.05400430489251	0.00225808840540852	0.00719190212394998
ENSMUSG00000028653.16	Trit1	292.560306156987	0.52716666371686	0.172622495063626	3.05387002732496	0.00225909931610427	0.00719401488369882
ENSMUSG00000002731.6	Prkra	398.957426639452	-0.386509291970552	0.12657309182711	-3.05364502352916	0.00226079419014387	0.00719830471339609
ENSMUSG00000028174.12	Rpe65	4.03492536610407	4.45179763030338	1.45818645232981	3.05296872234037	0.00226589554365148	0.00721343768964041
ENSMUSG00000050912.15	Tmem123	1883.24562063194	-0.35312922712408	0.115685379604397	-3.05249659318799	0.00226946307180075	0.00722368385717418
ENSMUSG00000003199.16	Mpnd	794.636493139406	-0.394611909806474	0.129280906461437	-3.05236032611037	0.00227049369706346	0.00722558044801616
ENSMUSG00000026142.15	Rhbdd1	795.581821227243	-0.312899885895087	0.102513514493983	-3.05227937447654	0.00227110615946631	0.00722558044801616
ENSMUSG00000110240.1	Gm45486	2.69252941517711	4.88144032912057	1.59927259349307	3.05228786448388	0.00227104191881907	0.00722558044801616
ENSMUSG00000115410.1	2810457G06Rik	2.65505539224645	-4.86767846010402	1.59538107140287	-3.05110706611539	0.00227999257183757	0.00725273801205869
ENSMUSG00000022484.7	Hoxc10	361.453000201018	-0.434351154935865	0.14236314790317	-3.05100836370444	0.00228074221455253	0.00725400785172447
ENSMUSG00000072834.4	Gm12298	2.71903518625738	4.87435222334191	1.59769220219383	3.05087063493759	0.00228178863896689	0.00725622108434103
ENSMUSG00000032503.18	Arpp21	2.86137022570419	4.9351406455398	1.61764716348571	3.05081401985433	0.00228221891197614	0.00725647454055211
ENSMUSG00000022472.16	Desi1	982.540783150846	0.287351177998468	0.094260496325643	3.04847936516006	0.00230002708186474	0.00731197367032995
ENSMUSG00000046846.4	Spesp1	2.67648256484173	4.85729839395028	1.59338611332127	3.04841265612995	0.00230053778716689	0.00731247414873579
ENSMUSG00000097023.8	Mir9-3hg	2.72325344071236	4.91286735859787	1.61169069876282	3.04826934992497	0.00230163524983896	0.00731483925017913
ENSMUSG00000000823.16	Zfp512b	946.340321267699	-0.371864457913754	0.1219961097562	-3.04816652479244	0.00230242299720434	0.00731621946870318
ENSMUSG00000034312.15	Iqsec1	1527.12098841852	-0.348701353020626	0.11442155885264	-3.04751444148482	0.00230742438440998	0.00733098654380693
ENSMUSG00000106379.1	Lhfpl3	5.5974590416883	3.34867011297962	1.09905432866785	3.04686495074223	0.00231241577653488	0.00734571733555794
ENSMUSG00000060935.6	Tmem263	1384.16477983965	-0.390822847213641	0.128297680700894	-3.04621911384964	0.00231738889249631	0.00736038555865908
ENSMUSG00000105962.1	Gm42432	6.13093711553027	3.03105509879924	0.995050756061261	3.04613114490476	0.00231806703423666	0.0073614098713815
ENSMUSG00000024422.14	Dhx16	796.172044367886	0.332892381724879	0.10928718307891	3.04603314264689	0.00231882273556841	0.00736268013553161
ENSMUSG00000050824.12	Sstr5	4.18613674685048	4.51621396858086	1.48276311761269	3.04580948563932	0.00232054821337382	0.00736702875285655
ENSMUSG00000028591.11	Pramel13	8.40420812175453	2.61005401120163	0.856976801322855	3.04565305288624	0.00232175576564985	0.00736973203391906
ENSMUSG00000090958.2	Lrrc32	4028.723929217	-0.418911643068024	0.137564318750573	-3.04520566723105	0.00232521244951406	0.00737957259927807
ENSMUSG00000116802.1	Gm5165	51.5551025358657	0.973110200272757	0.319587693228547	3.04489259408639	0.00232763418258606	0.00738612600725874
ENSMUSG00000028274.17	Rngtt	528.950922037944	0.417009655960277	0.136978410004347	3.04434586404561	0.00233186887535193	0.00739842946825714
ENSMUSG00000010651.4	Acaa1b	32.9896227128524	-1.16983314538183	0.384423851214067	-3.04308159258935	0.00234168831323936	0.00742844542463472
ENSMUSG00000106918.3	Mrpl33	513.496534606773	-0.351158867691816	0.115417583104804	-3.04250754733746	0.00234615933780866	0.00744148822146818
ENSMUSG00000034247.9	Plekhm1	779.793368218148	0.349078197159776	0.114747619321997	3.04213890643096	0.00234903466479679	0.00744946660435557
ENSMUSG00000021668.15	Polk	992.389082032671	-0.382818538067349	0.125897715666377	-3.0407107550847	0.00236020445655535	0.00748374265414204
ENSMUSG00000024081.9	Cebpz	1112.41386184455	0.398736045869759	0.131233907254517	3.03836145864686	0.00237868450788309	0.00754018379698784
ENSMUSG00000028247.2	Coq3	378.238405729711	0.52812162397582	0.173818258643166	3.03835528038517	0.00237873328152716	0.00754018379698784
ENSMUSG00000084957.3	Bbip1	361.856631541009	-0.374272515033836	0.123189398048488	-3.03818770903094	0.00238005650538451	0.00754322302939122
ENSMUSG00000023147.17	Get1	427.382497495652	-0.374560734074793	0.123325950159655	-3.03716074021644	0.00238818067486561	0.00756680965137559
ENSMUSG00000032305.15	Fam219b	355.541238867981	-0.415237839261069	0.136719364391426	-3.03715454726842	0.00238822974310048	0.00756680965137559
ENSMUSG00000076435.3	Acsf2	218.7796880137	-0.523228860388032	0.172290488993543	-3.03689927078703	0.00239025316410422	0.00757206156164575
ENSMUSG00000045730.4	Adrb2	144.871535706451	0.571827067310765	0.188338403806428	3.03616817257558	0.00239605682038334	0.00758928540552635
ENSMUSG00000005958.15	Ephb3	642.914835388048	-0.431107436471144	0.142025626797498	-3.03542005898571	0.0024020089001959	0.00760697402465652
ENSMUSG00000057101.8	Zfp180	560.192790006239	0.35866973998772	0.118173238011235	3.03511815385495	0.00240441472364594	0.00761342823386067
ENSMUSG00000020149.17	Rab1a	5966.67613436929	-0.251723269181031	0.0829428997673231	-3.03489834436922	0.00240616773016549	0.00761781368104855
ENSMUSG00000027983.13	Cyp2u1	41.5510078103614	-0.95235507770726	0.313850835775488	-3.03441944117849	0.00240999109123924	0.00762875142950927
ENSMUSG00000043323.17	Fbrsl1	525.097633954851	0.531685330249865	0.17525006339007	3.03386669291209	0.00241441091295549	0.00764157362190608
ENSMUSG00000062981.5	Mrpl42	536.128491296838	0.34660173251933	0.114258793962025	3.03347970428014	0.00241750972082219	0.00765021154430493
ENSMUSG00000048644.8	Ctxn1	302.310300059102	-0.457485205006583	0.150872782039704	-3.0322580310489	0.00242731615846221	0.00768006988138326
ENSMUSG00000020389.19	Cdkl3	150.370975253125	-0.60073727052321	0.198146933900836	-3.0317767663458	0.00243118928243862	0.00769114885483679
ENSMUSG00000039242.10	B3galnt2	679.104570155201	-0.352974600520226	0.11649224876627	-3.03002649754349	0.00244532284083153	0.0077346787106314
ENSMUSG00000005981.11	Trap1	1721.3076485914	0.285604309614249	0.0942622190363372	3.02989164199658	0.00244641492380117	0.00773695072693053
ENSMUSG00000026889.12	Rbm18	807.250816969498	-0.378630829189994	0.124970118969307	-3.0297708949368	0.00244739313257383	0.0077388619693165
ENSMUSG00000054091.9	Arln	437.288822508588	-0.392594167743451	0.129621637086096	-3.02877032391348	0.0024555128464384	0.00776335121558401
ENSMUSG00000038886.10	Man2a2	1841.29735838572	-0.420865243903431	0.138962965699771	-3.02861443539359	0.00245678011142706	0.00776617158314429
ENSMUSG00000026875.14	Traf1	23.2460451213901	1.28363551866538	0.423873627210398	3.02834485625646	0.00245897301430472	0.00777191669309717
ENSMUSG00000025228.5	Actr1a	2788.04437145987	-0.249554711744132	0.0824387377772469	-3.02715347751247	0.00246868580014516	0.0078002331517638
ENSMUSG00000053838.14	Nudcd3	1592.09291798469	0.279722377203897	0.0924043855172918	3.02715477883409	0.0024686751719197	0.0078002331517638
ENSMUSG00000018405.7	Mrm1	172.808578559949	0.511244579317179	0.168902110172572	3.02686910657792	0.00247100933457445	0.00780638312215454
ENSMUSG00000020627.10	Klhl29	120.029320004474	-0.634666234176193	0.209753364046466	-3.02577380373073	0.00247997752982107	0.00783351974511922
ENSMUSG00000005355.9	Casp14	13.3778344008785	1.78717168522667	0.590768179612439	3.02516578736368	0.00248496873216859	0.00784808785278574
ENSMUSG00000063870.12	Chd4	7740.74183524513	0.223347872164251	0.0738415530589299	3.02469088083787	0.00248887362761103	0.00785922123843185
ENSMUSG00000029279.15	Brdt	40.5775684736721	-0.945583853978789	0.312740922774947	-3.02353732792189	0.00249838205017648	0.00788684002693351
ENSMUSG00000035517.17	Tdrd7	749.650444300963	-0.319004983507687	0.105506517839384	-3.02355712272978	0.00249821860711361	0.00788684002693351
ENSMUSG00000000340.10	Dbt	367.425784250097	0.442433627898393	0.146360275593435	3.02290786283706	0.00250358456296874	0.00790205807698841
ENSMUSG00000024251.10	Thada	555.402990832512	0.34481633361194	0.114088272831365	3.02236439429333	0.00250808428665707	0.0079150536132817
ENSMUSG00000074445.4	Sprr2a3	2.63832936709806	4.83982273693545	1.6016203668793	3.02182891590325	0.00251252508950878	0.00792665094158546
ENSMUSG00000113616.1	Gm45941	2.63832936709806	4.83982273693545	1.6016203668793	3.02182891590325	0.00251252508950878	0.00792665094158546
ENSMUSG00000029389.17	Ddx55	317.881099104101	0.409757877177523	0.135601665803811	3.02177613194193	0.00251296322406196	0.00792682501902752
ENSMUSG00000021629.10	Slc30a5	1386.03022681092	-0.282789397566651	0.0935866552279536	-3.02168505624917	0.00251371936439662	0.00792800199964126
ENSMUSG00000035769.9	Xylb	135.93179203336	0.562540719021617	0.186173577928873	3.02159267324461	0.0025144865710863	0.00792921351842098
ENSMUSG00000039033.11	Tasp1	218.636461653758	-0.459862164375219	0.152228859868464	-3.0208605961614	0.00252057377867834	0.00794719827035231
ENSMUSG00000032601.13	Prkar2a	1702.94357967492	0.339565947690116	0.112483927601387	3.01879526196353	0.00253781972398784	0.00800035492945846
ENSMUSG00000036748.16	Cuedc2	866.104395819102	-0.292492352314612	0.0969276709914883	-3.01763520491787	0.00254755369530338	0.00802981786798913
ENSMUSG00000086163.1	Gm14206	2.59577674568241	4.8226274609671	1.59874740977928	3.01650368999372	0.00255708105577564	0.00805862070242082
ENSMUSG00000110331.1	Nudc-ps1	166.124766819527	0.570473756102895	0.189137035206307	3.01619275929029	0.00255970479488832	0.00806566137150148
ENSMUSG00000022621.16	Rabl2	149.431159496294	0.544280800789018	0.180477690371219	3.01577884595876	0.00256320135665085	0.00807544975362496
ENSMUSG00000027248.13	Pdia3	19490.616052354	-0.3575977935957	0.118581054987976	-3.01564017651859	0.00256437375286228	0.00807599307516635
ENSMUSG00000034343.14	Ube2f	682.071266071997	0.316489973105426	0.104950216586831	3.0156200091648	0.0025645443008391	0.00807599307516635
ENSMUSG00000109864.1	Eid3	47.1942788307221	-0.914282464087926	0.303176162251351	-3.01568057758424	0.00256403212694335	0.00807599307516635
ENSMUSG00000097694.8	G730013B05Rik	2.61485334455424	4.83154733406906	1.60226051499402	3.01545678050183	0.0025659250480489	0.00807911204282995
ENSMUSG00000043964.14	Orai3	437.038149986464	-0.398004000880583	0.132006240171774	-3.01503929179922	0.00256945966816756	0.00808901074850194
ENSMUSG00000061111.8	Mcrip1	730.981489649608	-0.51058502477571	0.169349554427082	-3.01497707805045	0.00256998677474729	0.00808943981911408
ENSMUSG00000025429.9	Pstpip2	112.506565519146	0.623772528145573	0.206989463123549	3.01354725372302	0.00258212825853904	0.00812642128987375
ENSMUSG00000035297.14	Cops4	1428.15535204464	0.287282552488757	0.0953571471363043	3.01270078978048	0.00258934077784129	0.00814788153854316
ENSMUSG00000040374.13	Pex2	609.819395289222	-0.341624786257005	0.113414137154545	-3.01218873438579	0.00259371281830383	0.00816039848397493
ENSMUSG00000089808.3	Gm7241	7.64830504233189	2.48282642182939	0.824295301023335	3.01205941456544	0.002594818046136	0.00816263506640869
ENSMUSG00000049307.6	Fut4	21.7001356400319	1.40562171357594	0.466703306158271	3.01181006225669	0.00259695034361076	0.00816810137705504
ENSMUSG00000032436.17	Cmtm7	619.941796341626	0.444974302989649	0.147747549661323	3.01172035684956	0.00259771783720846	0.00816927400674231
ENSMUSG00000046010.7	Zfp830	209.826907898383	0.49799391747474	0.165356702573751	3.01163430162518	0.00259845429578838	0.00817034869641862
ENSMUSG00000023972.10	Ptk7	5197.64836363481	-0.378485713710038	0.125679167239018	-3.01152308711777	0.00259940634968753	0.00817210085543473
ENSMUSG00000022538.20	Lsg1	923.043858648388	0.303278645375049	0.10073567689113	3.01063788654359	0.00260699550517285	0.00819471525612342
ENSMUSG00000036810.16	Cnep1r1	809.718135516349	-0.308535307534378	0.102498523286779	-3.01014392832891	0.00261123919422091	0.00820571858858797
ENSMUSG00000048489.12	Depp1	7.199339297622	2.63944078455036	0.876850381177764	3.01013815037079	0.00261128887110628	0.00820571858858797
ENSMUSG00000056698.11	Elmod3	215.499363114187	0.446842527328349	0.14845921955565	3.00986714510412	0.00261361985151938	0.00821179679820882
ENSMUSG00000032264.9	Zw10	530.998060976254	0.361696292330823	0.120174599350794	3.00975658986821	0.00261457130943872	0.00821353946487663
ENSMUSG00000000441.17	Raf1	815.909476325906	0.30511142673439	0.101377368306931	3.00966016212446	0.00261540144219356	0.00821490052381858
ENSMUSG00000025515.15	Muc2	18.4865833595727	1.42781908575077	0.47451127644377	3.00903088426385	0.00262082472572827	0.00823068593504013
ENSMUSG00000028333.10	Anp32b	2096.53031019157	0.417766243499977	0.138869674146268	3.00833314449888	0.00262685004990113	0.0082483569755618
ENSMUSG00000031505.11	Naxd	695.801037069105	-0.385041944790425	0.128055585822993	-3.00683443299893	0.00263983499081883	0.00828787266418306
ENSMUSG00000049323.8	Smcr8	1014.12293269455	0.302919908139671	0.100750703801184	3.00662820914319	0.00264162631354512	0.00829223886321966
ENSMUSG00000026987.16	Baz2b	668.21247807238	0.32513781514486	0.108146089925085	3.00646852207131	0.00264301416691882	0.00829533741335143
ENSMUSG00000031967.15	Afg3l1	1022.10188825841	0.286147361314938	0.0951846817396656	3.00623331491052	0.00264505958539912	0.00830049853823171
ENSMUSG00000045053.2	Kcng3	7.72770061767236	2.47972323761144	0.824881498743727	3.00615693452696	0.00264572411888396	0.00830132538074565
ENSMUSG00000043286.12	Pnpla1	5.5214113093736	3.3307343330088	1.1080942181469	3.00582231949452	0.00264863717452905	0.00830920595264879
ENSMUSG00000032060.10	Cryab	3490.39244204407	0.245854862716297	0.0817993567067232	3.00558430548257	0.00265071103537012	0.00831352663113052
ENSMUSG00000043154.15	Ppp2r3a	564.252620781565	-0.426992119636155	0.142066837886236	-3.00557206726935	0.00265081770933192	0.00831352663113052
ENSMUSG00000026341.16	Actr3	4219.64273851833	-0.319558111875862	0.106325223663906	-3.0054779182594	0.00265163848713218	0.00831484094003167
ENSMUSG00000102900.1	Gm37811	5.53821973377328	3.32943891233883	1.10782796978063	3.0053753860341	0.002652532612852	0.00831638481572607
ENSMUSG00000042569.13	Dhrs7b	367.899241539817	0.406308819639089	0.135203003386371	3.00517599063961	0.00265427221674501	0.00832057861796228
ENSMUSG00000051166.10	Eml5	98.2747911963753	0.645984845250548	0.21496796609144	3.00502840956204	0.00265556044359934	0.00832335639340743
ENSMUSG00000032038.7	St3gal4	596.217129462233	-0.331767447530998	0.11040674153358	-3.00495642677846	0.00265618898455183	0.00832406597899143
ENSMUSG00000024400.16	Wdr33	1082.29416411298	0.320611284170775	0.106793727403818	3.00215463927437	0.00268075960006948	0.00839979457490739
ENSMUSG00000055430.4	Nap1l5	20.0323306215319	-1.49653178832704	0.498514226816178	-3.00198411163674	0.00268226174759912	0.00840322928917122
ENSMUSG00000067825.11	Pex26	239.587918268276	0.467490202773759	0.155736364690406	3.00180502930771	0.00268384007991101	0.00840690160624666
ENSMUSG00000045038.14	Prkce	263.879020966883	-0.426161075428845	0.1420224291164	-3.00066037512685	0.0026939484930684	0.00843728852443981
ENSMUSG00000076434.9	Wfdc3	5.41318627631227	-3.38360394091351	1.1278334011563	-3.00009197940451	0.00269898089817851	0.0084517708943112
ENSMUSG00000087547.1	Platr27	5.07413620955553	3.83886847120315	1.27961499752831	3.00001834818931	0.00269963343494884	0.00845253554227893
ENSMUSG00000069835.10	Sat2	74.8047592248314	-0.823605488111239	0.274553481886286	-2.99979982935478	0.00270157084799702	0.00845732229018305
ENSMUSG00000035798.14	Zdhhc17	704.805935427203	-0.384469991930799	0.128201774394598	-2.99894438861215	0.00270916751190665	0.00847982131089609
ENSMUSG00000031647.10	Mfap3l	324.270409426318	-0.485993814950717	0.162092208772306	-2.99825524392355	0.00271530158893592	0.00849773625482077
ENSMUSG00000041733.10	Coq5	301.086665491946	0.421262830278836	0.140516190457408	2.99796648989375	0.00271787555907399	0.00850450584992783
ENSMUSG00000036833.16	Pnpla7	249.425395335334	-0.471867428230495	0.157425997150986	-2.99739202399924	0.00272300301196498	0.00851926229514256
ENSMUSG00000002778.14	Kdelr1	2853.50360707776	-0.311193624827478	0.103838661462132	-2.99689557285909	0.00272744125384564	0.00853056913166376
ENSMUSG00000097910.2	Hdnr	20.8533814413858	-1.32557029183606	0.442311023929751	-2.99691895548729	0.00272723206640116	0.00853056913166376
ENSMUSG00000030695.16	Aldoa	12876.0127189915	0.354085233524498	0.118169125748823	2.9964276309967	0.00273163067428523	0.00854238152697236
ENSMUSG00000067924.4	Rtl8b	119.855520126258	-0.654002407753069	0.218268937173256	-2.99631462095745	0.00273264331890791	0.00854425741058533
ENSMUSG00000029705.17	Cux1	1741.45613580746	0.273606124998333	0.0913470678219605	2.99523708337966	0.00274231600697885	0.00857320631754345
ENSMUSG00000023050.9	Map3k12	440.155345224421	-0.418565046861534	0.139800621874325	-2.99401419857636	0.00275333131251854	0.00860634322528259
ENSMUSG00000001285.12	Myg1	364.177390718178	0.376311031338615	0.12569349711405	2.99387828311566	0.00275455808250351	0.00860759245595116
ENSMUSG00000051232.13	Tmem199	377.907873252148	0.389913457917349	0.130236932510754	2.99387777645295	0.00275456265656411	0.00860759245595116
ENSMUSG00000025544.13	Tm9sf2	4091.60113230368	-0.263513490054062	0.0880253056447973	-2.99361062280659	0.0027569754385966	0.0086138316382658
ENSMUSG00000019470.12	Xab2	661.362968543253	0.393642809882921	0.131500505778029	2.99346993043042	0.00275824686921501	0.00861650346300656
ENSMUSG00000054894.6	Dmac2l	113.280028521605	-0.601822361332142	0.201087246716762	-2.99284201836942	0.00276392781403802	0.00863294730990992
ENSMUSG00000041168.10	Lonp1	2195.89626688448	-0.274011801030417	0.0916113603487464	-2.99102425711514	0.00278043405805495	0.00868319320574524
ENSMUSG00000036992.10	Nxt1	176.150954828949	0.530651777890259	0.177493971170218	2.98968902657185	0.0027926159680273	0.00871992124335452
ENSMUSG00000039834.17	Zfp335	538.978933243744	0.435267138698687	0.1456307105783	2.98884168710184	0.00280037188942822	0.00874282017183632
ENSMUSG00000097352.7	C920009B18Rik	57.7165701585121	-0.79728003935064	0.266776830555884	-2.98856552755854	0.00280290389777418	0.00874940548635617
ENSMUSG00000037070.10	Rbmxl1	255.539454373437	0.46142312675905	0.154446394732191	2.98759402936634	0.00281182784163653	0.00877593855458903
ENSMUSG00000025384.15	Faap100	218.585917346469	0.486347067473301	0.162799640405057	2.98739644794813	0.00281364594800622	0.00878028908152882
ENSMUSG00000031778.13	Cx3cl1	290.052554241203	-0.462472772784296	0.154832390786615	-2.98692521916593	0.00281798643916151	0.00879250848721797
ENSMUSG00000036395.15	Glb1l2	11.6999303957686	1.98376860221406	0.664182881085287	2.98678068753074	0.00281931894570007	0.00879534029495791
ENSMUSG00000022228.14	Zscan26	680.349977444681	-0.348150183567731	0.116572306381274	-2.98655996758812	0.00282135497911501	0.00880036568907498
ENSMUSG00000032459.9	Mrps22	334.078330470517	0.426686344129493	0.142911013488503	2.98567852619573	0.00282949923874099	0.00882443946703327
ENSMUSG00000038248.8	Sobp	31.6633177897542	-1.1201841115409	0.375394212068989	-2.98402073214447	0.00284487494904871	0.00887105552430841
ENSMUSG00000030613.13	Ccdc90b	378.705177611335	-0.471129304492805	0.157913609195283	-2.98346233040741	0.00285007116495073	0.00888592002459936
ENSMUSG00000019913.4	Sim1	29.7587819080241	-1.2600342132909	0.422366395788367	-2.98327287837137	0.00285183608150674	0.00889008359203435
ENSMUSG00000022035.6	Ccdc25	609.934233078956	0.378000970604422	0.126711876726506	2.98315343730798	0.00285294929551662	0.00889221464657408
ENSMUSG00000072966.11	Gprasp2	16.9899460647546	1.55166177473323	0.520442942618227	2.98142533536373	0.0028690999985602	0.00894120759864462
ENSMUSG00000033021.16	Gmppa	901.224560649696	-0.372974387789975	0.125161431796967	-2.97994663719572	0.0028829860140626	0.00898312923454491
ENSMUSG00000024459.18	H2-M5	27.075403427243	1.18759622158828	0.398548482305622	2.97980364827381	0.0028843320283946	0.00898595159559251
ENSMUSG00000049676.14	Catsperg1	13.3573258202875	1.78364783222184	0.598588112758395	2.9797581913254	0.00288476005375681	0.00898595159559251
ENSMUSG00000038042.11	Ptpdc1	519.340038258959	-0.339588768334193	0.113997028853413	-2.97892648387235	0.00289260170360566	0.00900790360831897
ENSMUSG00000057895.11	Zfp105	138.684751693007	0.559424574674236	0.187794525678043	2.97891843574461	0.00289267767933215	0.00900790360831897
ENSMUSG00000001786.14	Fbxo7	338.030249652042	0.417533169116249	0.140171805753945	2.97872433668422	0.00289451056003469	0.00901225542752076
ENSMUSG00000051768.9	Xrcc1	635.743885005831	0.354469868712404	0.119011287761813	2.97845587068877	0.00289704743609777	0.00901879754546363
ENSMUSG00000025534.17	Gusb	1397.34772791467	-0.286449463500197	0.0961761568546112	-2.97838334227911	0.00289773314321542	0.00901957568893473
ENSMUSG00000116714.1	2210020O09Rik	2.55762354793873	4.80462021515664	1.61344074023468	2.97787213087096	0.00290257050528211	0.00903327422776039
ENSMUSG00000030654.9	Arl6ip1	2310.5516590413	0.25020540812529	0.0840294299304294	2.97759259264811	0.0029052187649666	0.00904015682742689
ENSMUSG00000039286.12	Fndc3b	5339.94499101268	-0.227915327835922	0.0765650995180505	-2.97675219219418	0.00291319374911321	0.00906361001245968
ENSMUSG00000037685.15	Atp8a1	69.9599156513833	-0.813862869909211	0.27341387466169	-2.97666996935049	0.00291397507526181	0.00906467840138927
ENSMUSG00000046567.10	Rlig1	121.234961543641	0.663865937870021	0.223160400044353	2.97483755065002	0.00293143741581404	0.00911762931178585
ENSMUSG00000060981.7	H4c8	21.4495662255732	-1.35652043189814	0.456005407893953	-2.97479022927205	0.00293188963511717	0.00911766579887174
ENSMUSG00000026579.8	F5	196.01501191486	-0.555840927912269	0.186900744609107	-2.97398990611183	0.00293954744721283	0.00914010704669645
ENSMUSG00000049891.4	Gm7984	68.0594816375128	0.837724630834216	0.281716065912338	2.97364876270455	0.0029428171886371	0.00914889951751267
ENSMUSG00000000001.4	Gnai3	4167.10195384343	0.335964468210513	0.112988811831219	2.97343128727091	0.00294490334730742	0.00915268290930305
ENSMUSG00000064308.10	2410137M14Rik	6.92564546581857	2.57307934607885	0.865357381626526	2.97342970743774	0.002944918506979	0.00915268290930305
ENSMUSG00000040111.17	Gramd1b	259.96634320849	-0.432616644186591	0.145530629376747	-2.97268448600357	0.00295207740441596	0.00917355505089414
ENSMUSG00000031104.2	Rab33a	8.40135927054117	2.22020350028469	0.746884819034497	2.97261832574769	0.00295271373337165	0.00917415514365954
ENSMUSG00000035177.8	Nlrp2	4.15725396393317	4.44929722662632	1.49695820686978	2.97222541431536	0.00295649533274388	0.0091845260231826
ENSMUSG00000036139.6	Hoxc9	122.776905191571	-0.64648478125916	0.217545508270696	-2.97172203829061	0.00296134656269061	0.00919821616163459
ENSMUSG00000051146.2	Camk2n2	55.4302083785109	-1.02417784440228	0.344652090297649	-2.97162812364718	0.0029622524580997	0.00919964945689507
ENSMUSG00000026737.12	Pip4k2a	495.194950370781	-0.341602434807562	0.11496686304291	-2.97131213087081	0.00296530236380875	0.00920773981825343
ENSMUSG00000034212.14	Ankmy1	8.55022498285977	2.23417845866864	0.751961844673946	2.97113274362663	0.00296703505207999	0.00921138354250399
ENSMUSG00000041995.8	Zbed3	268.935331375061	-0.482395688221401	0.162362737867104	-2.97109850793628	0.00296736583706539	0.00921138354250399
ENSMUSG00000036693.12	Nop14	969.361449056351	0.332480928588468	0.111915535314589	2.97082016052445	0.00297005647685714	0.00921835342846994
ENSMUSG00000038331.15	Satb2	177.301949811746	0.543218645281829	0.182858417243769	2.97070626263631	0.00297115811021672	0.00922039006347466
ENSMUSG00000018340.13	Anxa6	6628.2491813938	0.254314463655964	0.0856245471622884	2.97011163368782	0.00297691548554102	0.00923632999698828
ENSMUSG00000027198.16	Ext2	2449.86736336552	-0.320838361254831	0.108023342981311	-2.97008361711541	0.00297718700129986	0.00923632999698828
ENSMUSG00000019845.8	Tube1	83.739292070899	0.765383427908411	0.257733474562622	2.96967023475425	0.00298119582238366	0.00924738083733243
ENSMUSG00000026791.14	Slc2a8	207.206795294374	-0.490845779051906	0.165306148720008	-2.96931350014869	0.00298465925373236	0.00925673687339019
ENSMUSG00000021203.15	Otub2	160.536598831344	0.536166609508643	0.180600091053859	2.9688058648251	0.00298959406463731	0.00927065281556969
ENSMUSG00000003464.13	Pex19	1138.48627974722	-0.335517089181789	0.113021275303241	-2.96861885765828	0.00299141386910178	0.0092749064824053
ENSMUSG00000100158.1	Gm28119	59.7829795215058	-0.976773443145052	0.329103382519668	-2.96798360340972	0.00299760320621668	0.00929270462265676
ENSMUSG00000044006.8	Cilp2	43.8155162685536	1.11482411657283	0.375727691277649	2.9671066105932	0.00300616702078339	0.00931785731704034
ENSMUSG00000091474.2	2610021A01Rik	197.699530029901	0.711840450697328	0.240018684659957	2.96577098447905	0.00301925226392609	0.00935701491405989
ENSMUSG00000060538.14	Tmem219	150.447253808357	-0.529820297000047	0.178665478473281	-2.96543183119329	0.00302258323876374	0.00936593569748065
ENSMUSG00000037935.16	Smarce1	1213.7271565177	-0.332572085682749	0.112166806055467	-2.96497776283555	0.0030270480936994	0.00937836678513455
ENSMUSG00000034427.17	Myo15b	7.69635559053048	2.50417526380405	0.844746617721965	2.96440993224345	0.00303264003813282	0.00939428556559581
ENSMUSG00000036442.8	Thap11	481.575621506783	0.39655792270366	0.133791526262067	2.96399879561053	0.003036694753719	0.00940543838204841
ENSMUSG00000056293.12	Gsdmc2	2.55322412426676	4.80511576659944	1.62119138583991	2.96394109206914	0.00303726423366048	0.00940579478942822
ENSMUSG00000029311.16	Hsd17b11	563.856379586597	-0.374572662824489	0.126391761949141	-2.96358446981072	0.00304078592334942	0.0094152921207793
ENSMUSG00000038286.11	Bphl	320.019857322948	-0.423623032795692	0.142958259668113	-2.96326377908602	0.00304395596457991	0.00942312133593041
ENSMUSG00000043885.14	Slc36a4	631.78910380148	-0.324929793157461	0.109655103678219	-2.96319808434054	0.00304460573174756	0.00942312133593041
ENSMUSG00000078515.4	Ddi2	1115.47606409048	0.289788812231898	0.0977962121463395	2.96319055587006	0.0030446802016862	0.00942312133593041
ENSMUSG00000040963.15	Asgr2	3.8502188744586	4.36800775795023	1.47432643942466	2.96271411889946	0.00304939638985844	0.00943630675342799
ENSMUSG00000028830.14	AU040320	903.418921277404	0.349986534632136	0.118149715881149	2.96222916849161	0.00305420369294284	0.00944977014054167
ENSMUSG00000021973.9	Micu2	1632.78414548512	-0.306120429043514	0.10334338996826	-2.96216748006362	0.00305481570429523	0.00945025112288252
ENSMUSG00000031767.13	Nudt7	186.928833340209	0.503561010439431	0.170003733224246	2.96205854359211	0.00305589673699292	0.00945218268963187
ENSMUSG00000026822.14	Lcn2	7.57573597212608	3.04586908802057	1.02847939635302	2.96152659821985	0.00306118051790244	0.00946711124160505
ENSMUSG00000062694.7	Cav3	27.4393073729187	-1.13416782072421	0.382983570868401	-2.96140071531667	0.00306243212360919	0.009469567153658
ENSMUSG00000106750.1	Gm43151	7.95434478915652	-2.34789715320985	0.792998072821086	-2.96078544662438	0.00306855622309701	0.00948708667093128
ENSMUSG00000024232.2	Bambi	134.430352625909	-0.532509369304138	0.179885463872896	-2.96026903919485	0.00307370492178937	0.00950158574912159
ENSMUSG00000023010.15	Tmbim6	4531.11414174737	-0.326970924313522	0.110480961208987	-2.95952280587985	0.00308115895455908	0.00952178399528492
ENSMUSG00000034709.8	Ppp1r21	625.811201866571	0.339779505958925	0.11480834122889	2.95953675771272	0.0030810194403365	0.00952178399528492
ENSMUSG00000026548.4	Slamf9	6.6731084548531	2.82180609523179	0.953489962227273	2.95945023756756	0.00308188470923704	0.00952260510471675
ENSMUSG00000024130.16	Abca3	887.469432392589	-0.403893437777478	0.136506465205205	-2.9587861437209	0.00308853354676534	0.00954172475887996
ENSMUSG00000097216.3	4932441J04Rik	36.3391229508601	-0.9919202270725	0.335372009794642	-2.95767147556495	0.0030997228944389	0.00957486407879282
ENSMUSG00000085471.1	Ptprjos1	5.33981206022025	3.2811084712317	1.1100181769534	2.95590517286588	0.00311752923894965	0.00962842997866588
ENSMUSG00000074502.4	Ubtfl1	3.7844488936718	4.35048109177421	1.47183910564215	2.95581295203875	0.00311846148662582	0.00962987234248365
ENSMUSG00000044098.14	Rsbn1	270.59869445836	0.464388413345226	0.15713372215862	2.95537079479633	0.00312293472502393	0.0096422472961322
ENSMUSG00000020107.10	Anapc16	750.745222118002	-0.436873634193333	0.147835550520472	-2.95513246073269	0.00312534834067215	0.00964826029881772
ENSMUSG00000047866.18	Lonp2	1148.71210395929	-0.280123892397552	0.0947938983617594	-2.95508357857087	0.00312584358179664	0.00964835017888586
ENSMUSG00000005378.17	Bud23	494.168864089853	0.377073734536324	0.127633305868615	2.9543521729703	0.0031332622393641	0.00966980693195132
ENSMUSG00000020069.16	Hnrnph3	430.416166213946	-0.416292681036872	0.140964496470201	-2.95317396550892	0.00314524657485743	0.00970534568470093
ENSMUSG00000038388.14	Pals2	730.430962488861	0.54318214022662	0.18394981786126	2.95288218570732	0.00314822091044087	0.00971307566332026
ENSMUSG00000102697.1	Pcdhac2	31.5729360945508	-1.09844669626682	0.372002342196373	-2.95279510817427	0.00314910905524515	0.0097143678590938
ENSMUSG00000110282.1	B930086L07Rik	2.52250009873151	4.7697786004674	1.61559170888511	2.95234159363132	0.00315373835732205	0.00972719866759189
ENSMUSG00000109194.1	Gm44570	2.8509113049593	4.96122644079213	1.68091705123001	2.95149985965206	0.00316234689885691	0.00975229714830737
ENSMUSG00000020609.14	Apob	102.179097411059	0.672302985856036	0.227802688271968	2.95125132611864	0.00316489278174792	0.0097586944271414
ENSMUSG00000020484.19	Xbp1	1644.9298783339	-0.265266071726259	0.0898916618504108	-2.95095302796481	0.00316795090113851	0.00976666900546112
ENSMUSG00000021816.11	Ppp3cb	1650.11509001668	-0.368457064358738	0.124864019969847	-2.95086658628895	0.00316883759475123	0.00976794778462484
ENSMUSG00000022040.8	Ephx2	56.6103753280969	-0.809663155620554	0.27442154012208	-2.95043587052374	0.00317325912464562	0.00978012069997612
ENSMUSG00000060098.11	Prmt7	569.094352371903	0.373040258099434	0.126442465563202	2.95027668463939	0.00317489467634211	0.00978370476486606
ENSMUSG00000039911.13	Spsb1	312.079532253237	-0.457174612294999	0.15496741763728	-2.9501337717653	0.00317636368586854	0.00978677462545293
ENSMUSG00000035031.15	C8a	2.54157669760335	4.77924041092547	1.6203467814511	2.94951702045251	0.00318271041586844	0.00980417993338573
ENSMUSG00000096991.1	Gm26789	14.6528772342632	1.58655577435716	0.537908002409694	2.94949278919404	0.0031829600054279	0.00980417993338573
ENSMUSG00000000827.18	Tpd52l2	1874.47128810502	0.278444386177454	0.0944128045401156	2.94922269848625	0.00318574323223777	0.00981129283798388
ENSMUSG00000111417.1	Gm47430	4.93923034231715	3.79547714120762	1.28710579482361	2.94884628479802	0.00318962579425544	0.00982178880025193
ENSMUSG00000118061.1	Rbfaos	10.9373435621646	1.87756284252936	0.637151819010251	2.9468060617734	0.00321074504144437	0.00988535052995048
ENSMUSG00000112952.1	NA	2.5723007231386	4.81406635952058	1.63377559428529	2.94658971303005	0.00321299201921624	0.0098907974131108
ENSMUSG00000075266.5	Cenpw	81.221703874416	0.702974356244821	0.23858389738235	2.94644510362008	0.00321449471790689	0.00989395184623861
ENSMUSG00000047810.9	Ccdc88b	17.7692084249062	1.6524357892886	0.561031677723327	2.94535202716931	0.00322587407897947	0.00992750038073091
ENSMUSG00000071856.10	Mcc	261.025343031236	-0.423489196586229	0.143816954361008	-2.94464027880322	0.0032333033821567	0.00994888460045512
ENSMUSG00000003423.15	Pih1d1	456.242191846143	-0.46436492395289	0.157736210369949	-2.94393356391526	0.0032406955673235	0.00997014826813749
ENSMUSG00000030878.11	Cdr2	769.898843025057	-0.305676476812708	0.103854375402597	-2.94331823409208	0.0032471444086382	0.0099885038065689
